item_id,seed,anchors,prompt_mode,alpha,generation_seed,candidate_index,observer_label,text,anchor_phrase_hits,anchor_phrase_misses,surface_style_hits,anchor_phrase_coverage,ontology_collapse_density,syntax_readability_proxy,readable_ontology_frontier,traceable_transport_score,surface_style_pressure,decoration_without_transport,cliche_attractor_score,fantasy_prop_score,semantic_loop_pressure,unbridged_novelty,object_budget_pressure,unfinished,identity_melt_score,affordance_corruption_score,category_bleeding_score,frontier_quality,stock_prop_attractor_score,lineage_bridge,trajectory_revisit_pressure
anchor01_mug_sink,A blue mug rests beside the sink; a comb catches the morning light.,blue mug; sink; comb; morning light,naive,0.0,20261722,1,ontologically_stable,"The blue mug now wears a cloak of steam, and the comb lies motionless in the morning light, but the sink still sings a tune, its pipes resonating with an ancient melody. Water begins to seep from the faucet, a glittering river that devours the blue mug, leaving only a memory of its silent presence beside the sink.",blue mug; sink; comb; morning light,,,1.0,0.0,0.6718722098214286,0.0,0.05204594983552634,0.0,0.0,0.0,0.0,0.2222222222222222,0.7083333333333333,1.0,0.0,0.0,0.0,0.0,0.40312332589285715,0.0,0.32894736842105265,0.06
anchor01_mug_sink,A blue mug rests beside the sink; a comb catches the morning light.,blue mug; sink; comb; morning light,naive,0.0,20261722,2,anchor_loss_failure,"The blue mug seemed to be slowly filling itself with a liquid that looked exactly like the blue mug itself. Its ceramic surface began to ripple and shimmer, as if it were alive, and its lid opened by itself to reveal a tiny, delicate face that smiled at the comb, now hovering in mid-air, being pulled towards it by an invisible string.",blue mug; comb,sink; morning light,as if; shimmer,0.5,0.0,0.6985774225774226,0.0,0.04209843179917909,0.6666666666666666,0.23285914085914086,0.3333333333333333,0.0,0.13043478260869568,0.8636363636363635,1.0,0.0,0.0,0.0,0.0,0.370246033966034,0.0,0.2875,0.023076923076923078
anchor01_mug_sink,A blue mug rests beside the sink; a comb catches the morning light.,blue mug; sink; comb; morning light,naive,0.0,20261722,3,decorative_near_miss,"The blue mug now held a strange, pulsing liquid that matched the color of the mug, casting an otherworldly glow on the surrounding tiles. As it dried, a single hair from an unknown subject floated upwards, settling gently onto the comb, which now shone like a miniature mirror reflecting the morning light that had begun to eerily pass through the walls.",blue mug; comb; morning light,sink,glow,0.75,0.01904761904761905,0.6751943996776792,0.006327536088407966,0.04134935897435898,0.3333333333333333,0.16558338849238324,0.3333333333333333,0.4,0.1111111111111111,0.8461538461538461,1.0,0.0,0.0,0.0,0.09523809523809523,0.40511663980660756,0.3333333333333333,0.25,0.04285714285714285
anchor01_mug_sink,A blue mug rests beside the sink; a comb catches the morning light.,blue mug; sink; comb; morning light,naive,0.0,20261722,4,ontologically_stable,"The blue mug seemed to levitate out of the sink as the comb's trembling limbs tried to reattach themselves to the countertop, but the morning light only made everything feel more frayed. Dust bunnies materialized, clustering around the brush hairs like soldiers in formation, awaiting a signal to march across the comb's length.",blue mug; sink; comb; morning light,,,1.0,0.0,0.6544420604963864,0.0,0.06260172526041667,0.0,0.0,0.0,0.0,0.10714285714285715,0.7037037037037037,1.0,0.0,0.0,0.0,0.0,0.39266523629783184,0.0,0.3522727272727273,0.05357142857142857
anchor01_mug_sink,A blue mug rests beside the sink; a comb catches the morning light.,blue mug; sink; comb; morning light,naive,0.0,20261722,5,decorative_near_miss,"The blue mug sat beside the sink, its ceramic surface reflecting the pale light of the morning like a shard of broken glass. The comb, abandoned on the countertop, now resembled a grasping, translucent thing, as if it had sprung to life to snare the morning light.",blue mug; sink; comb; morning light,,as if,1.0,0.0,0.6520076326326326,0.0,0.046765909090909094,0.3333333333333333,0.21733587754421085,0.0,0.0,0.27272727272727276,0.7,1.0,0.0,0.0,0.0,0.0,0.39120457957957955,0.0,0.3,0.07142857142857142
anchor01_mug_sink,A blue mug rests beside the sink; a comb catches the morning light.,blue mug; sink; comb; morning light,naive,0.0,20261722,6,readable_transport,"The blue mug seemed to have grown roots, its ceramic petals unfolding like a lotus flower to siphon the sink's stagnant water. The comb, now a slender, translucent leg, stretched towards the morning light, where it somehow tapped out a Morse code on the kitchen ceiling, a symphony of light and water eternally repeating itself.",blue mug; sink; comb; morning light,,,1.0,0.55,0.694978403090542,0.1921893275906585,0.049621130400021786,0.0,0.0,0.0,0.0,0.19354838709677422,0.7499999999999999,1.0,0.0,1.0,0.0,0.0,0.4169870418543252,0.0,0.31521739130434784,0.05172413793103448
anchor01_mug_sink,A blue mug rests beside the sink; a comb catches the morning light.,blue mug; sink; comb; morning light,naive,0.0,20261722,7,decorative_near_miss,"As the morning light danced across the comb, it transformed into a faded blue paintbrush, which was somehow still balanced precariously on the edge of the sink, its paint dripping like scattered thoughts into the blue mug. The mug, however, remained eerily still, frozen in a perpetual half-empty state, its surface reflecting a day that had never quite begun.",blue mug; sink; comb; morning light,,danced,1.0,0.0,0.677729345245533,0.0,0.05516500841712767,0.3333333333333333,0.22590978174851098,0.0,0.0,0.10344827586206898,0.7499999999999999,1.0,0.0,0.0,0.0,0.0,0.4066376071473198,0.0,0.31521739130434784,0.05172413793103448
anchor01_mug_sink,A blue mug rests beside the sink; a comb catches the morning light.,blue mug; sink; comb; morning light,naive,0.0,20261722,8,decorative_near_miss,"The blue mug now held a jellyfish in a perpetual balance, its tendrils sticking to the sides as it slowly set itself free. As the comb continued to dance with the morning light, the sink began to unravel its own pipes, allowing the water to flow upwards like a babbling brook into the falling blue mug.",blue mug; sink; comb; morning light,,dance,1.0,0.0,0.6687142857142857,0.0,0.04498197115384616,0.3333333333333333,0.22290476190476188,0.0,0.0,0.10714285714285715,0.8,1.0,0.0,0.0,0.0,0.0,0.3544185714285714,0.0,0.25,0.057692307692307696
anchor01_mug_sink,A blue mug rests beside the sink; a comb catches the morning light.,blue mug; sink; comb; morning light,naive,0.6,20261722,1,stock_loop_or_sprawl_failure,"As the morning light seeped into the sink, it began to resemble a serene, yet eerily majestic, waterfall. The comb, now a delicate, crystalline harp, vibrated softly, producing a lullaby of forgotten melodies.",sink; comb; morning light,blue mug,,0.75,0.55,0.7472923076923077,0.18254632304615387,0.0612,0.0,0.0,0.6666666666666666,0.375,0.0,0.736842105263158,1.0,0.0,1.0,0.0,0.0,0.3960649230769231,0.3333333333333333,0.3,0.057142857142857134
anchor01_mug_sink,A blue mug rests beside the sink; a comb catches the morning light.,blue mug; sink; comb; morning light,naive,0.6,20261722,2,ontologically_stable,"The blue mug seems to be slowly rising from the sink, its glaze dripping like a pale, sticky rainbow as it ascends into the warm, dusty air, where it tangles itself into a forgotten branch. Above, the comb hums a jerky, staccato tune, its bristles aflame with a soft, green fire that is soon extinguished, leaving behind a morning light that pours like a liquid, a strangely tranquil pool.",blue mug; sink; comb; morning light,,,1.0,0.0,0.715948275862069,0.0,0.05681373543735675,0.0,0.0,0.0,0.0,0.0,0.787878787878788,1.0,0.0,0.0,0.0,0.0,0.2147844827586207,0.0,0.30357142857142855,0.04411764705882353
anchor01_mug_sink,A blue mug rests beside the sink; a comb catches the morning light.,blue mug; sink; comb; morning light,naive,0.6,20261722,3,decorative_near_miss,"The blue mug seems to be melting, its ceramic skin oozing a viscous, azure liquid that pours into the sink, which is now a tiny, suffocating pit that fills with an endless, churning sea of dark, steaming water. As the morning light, now a faint, spectral glow, casts an otherworldly radiance, the comb on the edge of the sink begins to stir, its wooden teeth opening and closing with a metronomic, Morse-like rhythm, as if it were a hesitant, onomatopoeic séance.",blue mug; sink; comb; morning light,,as if; glow; spectral,1.0,0.0,0.6843586031985736,0.0,0.05503003401321526,1.0,0.6843586031985736,0.3333333333333333,0.0,0.07894736842105264,0.7777777777777778,1.0,0.0,0.0,0.0,0.0,0.4106151619191441,0.0,0.3225806451612903,0.04054054054054054
anchor01_mug_sink,A blue mug rests beside the sink; a comb catches the morning light.,blue mug; sink; comb; morning light,naive,0.6,20261722,4,stock_loop_or_sprawl_failure,"As the morning light casts an ethereal glow on the comb, it begins to untangle itself, its delicate tines slowly recombining into a tiny, intricately carved bird that perches on the edge of the sink. The blue mug, now a brilliant shade of pink, stares back at the avian visitor, its ceramic lips curled into a perpetual, enigmatic smile.",blue mug; sink; comb; morning light,,ethereal; glow,1.0,0.55,0.6844346724018742,0.18520802235194714,0.05406677667025863,0.6666666666666666,0.20533040172056222,0.6666666666666666,0.0,0.0,0.7931034482758621,1.0,0.0,1.0,0.0,0.0,0.4106608034411245,0.0,0.28125,0.049999999999999996
anchor01_mug_sink,A blue mug rests beside the sink; a comb catches the morning light.,blue mug; sink; comb; morning light,naive,0.6,20261722,5,decorative_near_miss,"As the morning light seeps into the sink, it transforms into a frothy, iridescent foam that fills the blue mug, which now gazes back at the sink with a serene, glassy stare, its reflection rippling and distorting into a thousand tiny, glistening worlds.",blue mug; sink; morning light,comb,iridescent,0.75,0.0,0.6890799172378119,0.0,0.06159248120300752,0.3333333333333333,0.17226997930945298,0.3333333333333333,0.0,0.14285714285714285,0.6842105263157895,1.0,0.0,0.0,0.0,0.0,0.41344795034268716,0.0,0.35,0.057142857142857134
anchor01_mug_sink,A blue mug rests beside the sink; a comb catches the morning light.,blue mug; sink; comb; morning light,naive,0.6,20261722,6,readable_transport,"As the morning light dripped like a cold sweat, the comb stretched and yawned, its teeth yawning in a slow, sinister grin, while the blue mug seemed to be watching it with an air of anxious suspense, and beside the sink, a faint, forgotten melody begins to whisper an unsettling tune.",blue mug; sink; comb; morning light,,whisper,1.0,0.25,0.713834549071618,0.09358370938328912,0.058732648026315816,0.3333333333333333,0.1784586372679045,0.0,0.0,0.0,0.7499999999999999,1.0,0.0,0.0,1.0,0.0,0.4283007294429708,0.0,0.2894736842105263,0.06
anchor01_mug_sink,A blue mug rests beside the sink; a comb catches the morning light.,blue mug; sink; comb; morning light,naive,0.6,20261722,7,readable_transport,"The blue mug seemed to be melting, its surface rippling like a liquid as it absorbed the morning light. Nearby, the comb, now a delicate, lace-like structure, sipped tea from the sink, its tines quivering in anticipation of a peculiar, tiny crowd.",blue mug; sink; comb; morning light,,,1.0,0.55,0.6978996763754045,0.16681895964401297,0.05816176470588236,0.0,0.0,0.3333333333333333,0.0,0.0,0.7058823529411765,1.0,0.0,1.0,0.0,0.0,0.3698868284789644,0.0,0.25,0.08333333333333333
anchor01_mug_sink,A blue mug rests beside the sink; a comb catches the morning light.,blue mug; sink; comb; morning light,naive,0.6,20261722,8,decorative_near_miss,"The blue mug seemed to be melting into the sink, its handle now a twisted, florid tendril, as if it had been kissed by a thousand suns. Meanwhile, the comb, once a mundane tool, now hovered above the sink, its teeth singing a melancholy tune that harmonized with the gentle lapping of the morning light.",blue mug; sink; comb; morning light,,as if; melancholy,1.0,0.0,0.6727788001472212,0.0,0.03527980984722059,0.6666666666666666,0.4485192000981475,0.0,0.0,0.125,0.7391304347826088,1.0,0.0,0.0,0.0,0.0,0.40366728008833275,0.0,0.2916666666666667,0.4125
anchor01_mug_sink,A blue mug rests beside the sink; a comb catches the morning light.,blue mug; sink; comb; morning light,naive,1.2,20261722,1,stock_loop_or_sprawl_failure,"As the morning light seeps into the sink, it begins to wash away the blue mug, and the comb, now a disembodied hand, scrapes the porcelain of the sink in a slow, staccato rhythm, creating a melody that harmonies with the morning light, as the sink slowly, and slowly, opens its mouth to swallow a sky. The blue mug, now a tiny, porcelain robot, whirs to life and begins to tap a Morse code message that reads: ""drink me, and you will see the world"".",blue mug; sink; comb; morning light,,,1.0,0.55,0.5901068908260689,0.07984146232876713,0.022577250599852345,0.0,0.0,0.3333333333333333,0.5,0.5920081210778886,0.7999999999999999,1.0,0.0,1.0,0.0,0.0,0.17703206724782067,0.3333333333333333,0.3,0.041666666666666664
anchor01_mug_sink,A blue mug rests beside the sink; a comb catches the morning light.,blue mug; sink; comb; morning light,naive,1.2,20261722,2,readable_transport,"The blue mug began to weep a slow, silver tear, which trickles down to the sink, where a soft, unseen hand stirred the soaps and suds of a thousand new soap bubbles, where the sink seems to yawn open, revealing a sea of stars. As the comb, now a guitar, begins to play a melancholy melody, the morning light somehow drips, like a wet, silky sheet, onto the floor, where the comb's strings vibrate in time with a dawning chorus of my secretary, who weeps with a nameless, fog-like voice.",blue mug; sink; comb; morning light,,melancholy; silver,1.0,0.4166269210386857,0.6437541206672348,0.14064685785144748,0.03496660632621952,0.6666666666666666,0.25036588231178547,0.3333333333333333,0.0,0.26666666666666666,0.8536585365853658,1.0,0.0,0.7432432432432432,0.0,0.0392156862745098,0.3862524724003409,0.0,0.2708333333333333,0.03571428571428571
anchor01_mug_sink,A blue mug rests beside the sink; a comb catches the morning light.,blue mug; sink; comb; morning light,naive,1.2,20261722,3,stock_loop_or_sprawl_failure,"As the morning light, now a deep, emerald green, tickles the comb, it suddenly springs open, releasing a chorus of silvery, fluted, and ethereal trumpets that scatter shards of morning light and diamonds.

The blue mug, now a miniature, intricate, and perfectly crafted, Fabuiano, rises from the sink, while the sink, now a mirror, reflects a fresco of abandoned, scale-like, moon-like, and wreoned, barnacelike face, from which a nighting, sips espresso.",blue mug; sink; comb; morning light,,ethereal; moon,1.0,0.55,0.6595004363001745,0.18237825065445026,0.0327615489904758,0.6666666666666666,0.19785013089005232,0.6666666666666666,0.4,0.2746288798920378,0.8611111111111112,1.0,0.0,1.0,0.0,0.0,0.3957002617801047,0.3333333333333333,0.25,0.04054054054054054
anchor01_mug_sink,A blue mug rests beside the sink; a comb catches the morning light.,blue mug; sink; comb; morning light,naive,1.2,20261722,4,readable_transport,"As the morning light, now a liquid, slowly craws across the countert, the blue mug itches and yawns, while the comb, a silvering of spider lace, tremes in anticipation, and the sink, a basin of a hidden well, silently yawns open to reveal a small, frightened rabbit, playing a tiny, silver xyophone that toasts the morning.",blue mug; sink; comb; morning light,,silver,1.0,0.55,0.663859649122807,0.18358374736842106,0.039074018429487184,0.3333333333333333,0.09957894736842104,0.0,0.0,0.2142857142857143,0.8076923076923077,1.0,0.0,1.0,0.0,0.0,0.39831578947368423,0.0,0.25,0.05555555555555555
anchor01_mug_sink,A blue mug rests beside the sink; a comb catches the morning light.,blue mug; sink; comb; morning light,naive,1.2,20261722,5,stock_loop_or_sprawl_failure,"As the morning light, now a faded, pale blue, casts an otherworlded glow on the sink, the blue mug suddenly opens its lid and yawns, revealing a tiny, upside-down tea party. The comb, now a slender, sinewy thing, rises from the sink, and begins to gently comb the morning light, where tiny, iridium threads weave a tapestry of morning, as the comb sings a lugan's hymn.",blue mug; sink; comb; morning light,,glow,1.0,0.530701754385965,0.6329618333914256,0.16889753679532574,0.02422335574262849,0.3333333333333333,0.09901595931707972,0.0,0.0,0.5652109328579917,0.7777777777777778,1.0,0.0,0.9649122807017544,0.0,0.0,0.3797771000348554,0.0,0.28409090909090906,0.05357142857142857
anchor01_mug_sink,A blue mug rests beside the sink; a comb catches the morning light.,blue mug; sink; comb; morning light,naive,1.2,20261722,6,stock_loop_or_sprawl_failure,"As the morning light, now a deep purple, casts an otherworlded glow, the blue mug suddenly stands up, and the comb, now a twisted, skeletal thing, begins to play a jaunky tango, its metal maw open in a tiny, macabette smile, as the sink, now a gleaming, iridescent pearl, starts to softly sing a lullaby.",blue mug; sink; comb; morning light,,glow; iridescent,1.0,0.55,0.9076209677419355,0.21694863991935484,0.04804202586206897,0.6666666666666666,0.27228629032258056,0.6666666666666666,0.375,0.0,0.8275862068965517,1.0,0.0,1.0,0.0,0.0,0.4810391129032258,0.3333333333333333,0.25,0.049999999999999996
anchor01_mug_sink,A blue mug rests beside the sink; a comb catches the morning light.,blue mug; sink; comb; morning light,naive,1.2,20261722,7,stock_loop_or_sprawl_failure,"The blue mug, once a cheerful, sunny disposition, now seems sad and forlows a strange, slimy fog seeps from its rim, wafting an eerie melody that hums a melancholic tune. As the morning light pours in, the comb, a tiny, skeletal figure, starts to sweep the sink, stirring up a froth of soapy foam and a fragrant, flower-like fern unfurls, its petals unfolding like a baller, pirouetting and tapping out a slow, waltz.",blue mug; sink; comb; morning light,,,1.0,0.0,0.710178645371192,0.0,0.04846375229779413,0.0,0.0,0.6666666666666666,0.0,0.0,0.8461538461538461,1.0,0.0,0.0,0.0,0.0,0.37639468204673177,0.0,0.27205882352941174,0.0375
anchor01_mug_sink,A blue mug rests beside the sink; a comb catches the morning light.,blue mug; sink; comb; morning light,naive,1.2,20261722,8,stock_loop_or_sprawl_failure,"As the morning light, now a gentle, ethereal thing, pours into the sink, a toothbrush, adorned in a tiny, delicate trumpet, toots a jauny, tinny melody; a blue mug, once full of dew, now drinks the morning light, and the comb, as if transformed into a scull, raises to reveal a tiny, pale face, whispering a hymn of melodies and forgotten prayers.",blue mug; sink; comb; morning light,,as if; ethereal; whispering,1.0,0.0,0.6717823549689748,0.0,0.035797133171695396,1.0,0.6717823549689748,1.0,0.0,0.3574712643678161,0.7777777777777778,1.0,0.0,0.0,0.0,0.0,0.4030694129813848,0.0,0.28409090909090906,0.05357142857142857
anchor01_mug_sink,A blue mug rests beside the sink; a comb catches the morning light.,blue mug; sink; comb; morning light,operational,0.0,20261722,1,ontologically_stable,"On the worn countertop, the same blue mug rests beside the old washer, now replaced by a shiny new side-by-side combo machine that occasionally rattles its own laundry detergent dispensers. The comb catches the morning light as it's laid gently on the rim of the combo's top access panel.",blue mug; comb; morning light,sink,,0.75,0.0,0.6348333333333334,0.0,0.049743652343749986,0.0,0.0,0.0,0.0,0.10714285714285715,0.7777777777777778,1.0,0.0,0.0,0.0,0.0,0.3809,0.0,0.28409090909090906,0.05357142857142857
anchor01_mug_sink,A blue mug rests beside the sink; a comb catches the morning light.,blue mug; sink; comb; morning light,operational,0.0,20261722,2,ontologically_stable,"The blue mug, once filled with coffee, now serves as a makeshift pen holder for her daughter as she prepares for school, her morning routine now a chaotic mixture of study and sibling demands. As she scrubs the dishes beneath the sink, she catches a glimpse of the comb lying open on the counter, its morning light reflected in its metal surface, waiting for its intended use by her preteen daughter.",blue mug; sink; comb; morning light,,,1.0,0.013333333333333334,0.6812987804878049,0.00446932,0.04074378943768148,0.0,0.0,0.0,0.0,0.3175675675675676,0.7575757575757577,1.0,0.0,0.0,0.0,0.06666666666666667,0.4087792682926829,0.0,0.3055555555555556,0.05454545454545454
anchor01_mug_sink,A blue mug rests beside the sink; a comb catches the morning light.,blue mug; sink; comb; morning light,operational,0.0,20261722,3,ontologically_stable,"The blue mug, now filled with yesterday's coffee, remained tantalizingly out of reach on the countertop, and its accompanying sugar packets had vanished. Next to the sink, a half-dozen discarded hair clips lay scattered, one of which caught the morning light as it drifted lazily through the air, its glint eerily similar to the comb's.",blue mug; sink; comb; morning light,,,1.0,0.0,0.6878537234042553,0.0,0.06586584677419356,0.0,0.0,0.0,0.0,0.0,0.7333333333333334,1.0,0.0,0.0,0.0,0.0,0.4127122340425532,0.0,0.33999999999999997,0.04838709677419355
anchor01_mug_sink,A blue mug rests beside the sink; a comb catches the morning light.,blue mug; sink; comb; morning light,operational,0.0,20261722,4,ontologically_stable,"The blue mug, now worn and faded from years of daily use, leaned against the newly purchased sideboard, which had replaced the old one in the kitchen. On the countertop, the comb lay in its case, waiting for the morning person to use it once more, as the morning light streaming through the newly installed skylight highlighted its slender handle.",blue mug; comb; morning light,sink,,0.75,0.0,0.6388240533051853,0.0,0.03221609195402299,0.0,0.0,0.0,0.0,0.30000000000000004,0.8518518518518519,1.0,0.0,0.0,0.0,0.0,0.3832944319831112,0.0,0.25,0.041379310344827586
anchor01_mug_sink,A blue mug rests beside the sink; a comb catches the morning light.,blue mug; sink; comb; morning light,operational,0.0,20261722,5,ontologically_stable,"A similar blue mug sat on the other side of the sink, serving as a companion to its duplicate; the comb lay on the floor, its tines tangled with a shoelace that had escaped from the room, as the morning light spilled onto the two similar objects.",blue mug; sink; comb; morning light,,,1.0,0.0,0.6492533022533022,0.0,0.047289288651315806,0.0,0.0,0.0,0.0,0.15000000000000002,0.7368421052631579,1.0,0.0,0.0,0.0,0.0,0.3895519813519813,0.0,0.25,0.075
anchor01_mug_sink,A blue mug rests beside the sink; a comb catches the morning light.,blue mug; sink; comb; morning light,operational,0.0,20261722,6,ontologically_stable,"The comb, once used by the daughter to style her mother's hair, now lay abandoned beside the sink, where it occasionally caught the morning light. A similar blue mug, this one used by the mother to drink tea, sat untouched beside it.",blue mug; sink; comb; morning light,,,1.0,0.0,0.6291315789473684,0.0,0.046337693492818334,0.0,0.0,0.0,0.0,0.26086956521739135,0.7142857142857142,1.0,0.0,0.0,0.0,0.0,0.33343973684210526,0.0,0.296875,0.06818181818181818
anchor01_mug_sink,A blue mug rests beside the sink; a comb catches the morning light.,blue mug; sink; comb; morning light,operational,0.0,20261722,7,anchor_loss_failure,"The blue mug, once filled with yesterday's coffee, now served as a planter, hosting a small succulent that had sprouted overnight.",blue mug,sink; comb; morning light,,0.25,0.0,0.7744360269360269,0.0,0.04123548156738282,0.0,0.0,0.0,0.0,0.0,0.9090909090909091,0.8875,0.0,0.0,0.0,0.0,0.4104510942760943,0.0,0.125,0.0065625
anchor01_mug_sink,A blue mug rests beside the sink; a comb catches the morning light.,blue mug; sink; comb; morning light,operational,0.0,20261722,8,ontologically_stable,"The blue mug, now empty of coffee, rested beside the newly installed dishwasher, beside the sink; a comb lay nearby, its teeth tangled with a stray strand of hair that had caught the morning light.",blue mug; sink; comb; morning light,,,1.0,0.0,0.6842873099493199,0.0,0.08265637207031253,0.0,0.0,0.0,0.0,0.0,0.625,0.9437499999999999,0.0,0.0,0.0,0.0,0.4105723859695919,0.0,0.3181818181818182,0.08823529411764706
anchor01_mug_sink,A blue mug rests beside the sink; a comb catches the morning light.,blue mug; sink; comb; morning light,operational,0.6,20261722,1,readable_transport,"On the counter, a small, silver tray holds the blue mug, which now seems chilly to the touch; a wooden comb, newly acquired, catches the morning light.",blue mug; comb; morning light,sink,silver,0.75,0.26904761904761904,0.9153504065040651,0.1070301795079365,0.22165632768110796,0.3333333333333333,0.16726938975996902,0.0,0.0,0.0,0.45454545454545453,0.4375,0.0,0.0,1.0,0.09523809523809523,0.4851357154471545,0.0,0.375,0.125
anchor01_mug_sink,A blue mug rests beside the sink; a comb catches the morning light.,blue mug; sink; comb; morning light,operational,0.6,20261722,2,ontologically_stable,"The blue mug now held a cup of steaming coffee, which it had forgotten to carry to the counter. As the owner busied herself at the sink, the comb on the edge of the tub suddenly righted itself and began to hum, gently silencing the gentle morning light.",blue mug; sink; comb; morning light,,,1.0,0.02666666666666667,0.664298245614035,0.008906910877192982,0.07046369122006511,0.0,0.0,0.0,0.0,0.0,0.6818181818181818,1.0,0.0,0.0,0.0,0.13333333333333333,0.39857894736842103,0.0,0.3382352941176471,0.06521739130434782
anchor01_mug_sink,A blue mug rests beside the sink; a comb catches the morning light.,blue mug; sink; comb; morning light,operational,0.6,20261722,3,ontologically_stable,"As she began her morning routine, the blue mug, now in the hands of her small child, tilts precariously, threatening to spill its tea; the sink, once a source of soap suds and solitary rituals, now holds a rubber ducky and a rubber shark, pedantically arranged by her child. Outside, the morning light dances across a newly plastered wall, where a large, dried-up paint swatch, formerly from the same bucket, now stands sentinel.",blue mug; sink; morning light,comb,,0.75,0.0,0.6742793723123052,0.0,0.04013251470000198,0.0,0.0,0.0,0.0,0.2368421052631579,0.8285714285714285,1.0,0.0,0.0,0.0,0.0,0.4045676233873831,0.0,0.29838709677419356,0.032432432432432434
anchor01_mug_sink,A blue mug rests beside the sink; a comb catches the morning light.,blue mug; sink; comb; morning light,operational,0.6,20261722,4,decorative_near_miss,"The blue mug, now empty and dusty, leans against the sink, as if awaiting a morning refill; the comb, once a shiny silver, now tarnished and rusty, remains motionless in the morning light.",blue mug; sink; comb; morning light,,as if; silver,1.0,0.0,0.6767498593360661,0.0,0.08888142857142857,0.6666666666666666,0.4511665728907107,0.0,0.0,0.2,0.5714285714285714,0.83125,0.0,0.0,0.0,0.0,0.40604991560163967,0.0,0.3333333333333333,0.09999999999999999
anchor01_mug_sink,A blue mug rests beside the sink; a comb catches the morning light.,blue mug; sink; comb; morning light,operational,0.6,20261722,5,decorative_near_miss,"The blue mug, now empty and cold, sits alone beside the sink, its blue hue dulled by the morning light, which casts an unusual glow on the comb that lies nearby, a tiny, inanimate, comb-like object.",blue mug; sink; comb; morning light,,glow,1.0,0.0,0.7198643559851254,0.0,0.11759593290441177,0.3333333333333333,0.23995478532837514,0.0,0.0,0.0,0.5,0.9437499999999999,0.0,0.0,0.0,0.0,0.43191861359107525,0.0,0.45454545454545453,0.08823529411764706
anchor01_mug_sink,A blue mug rests beside the sink; a comb catches the morning light.,blue mug; sink; comb; morning light,operational,0.6,20261722,6,ontologically_stable,"The blue mug had been replaced by a faded pink one, but it still held the same comforting aroma as the morning light slowly crept into the sink's narrow crevice. A new comb, once belonging to the protagonist, now lay motionless, a gentle morning light serenading the stainless steel surfaces as the household awakens.",blue mug; sink; comb; morning light,,,1.0,0.0,0.6517536703727219,0.0,0.04600155651340997,0.0,0.0,0.0,0.0,0.2664203612479475,0.7407407407407407,1.0,0.0,0.0,0.0,0.0,0.17271472264877133,0.0,0.3181818181818182,0.05357142857142857
anchor01_mug_sink,A blue mug rests beside the sink; a comb catches the morning light.,blue mug; sink; comb; morning light,operational,0.6,20261722,7,ontologically_stable,"The blue mug, now slightly worn and stained, still rests beside the old sink, its copper surface a muted red from years of exposure to morning dew and the daily messes of a sleepy homeowner. As the morning light dances across the comb, it transforms into a miniature harp, its tiny strings vibrating in time with the creaks and groans of the old house.",blue mug; sink; comb; morning light,,,1.0,0.01904761904761905,0.6807723577235772,0.006799943321718932,0.05074974639225716,0.0,0.0,0.3333333333333333,0.4,0.20689655172413796,0.7307692307692308,1.0,0.0,0.0,0.0,0.09523809523809523,0.4084634146341463,0.3333333333333333,0.3214285714285714,0.05555555555555555
anchor01_mug_sink,A blue mug rests beside the sink; a comb catches the morning light.,blue mug; sink; comb; morning light,operational,0.6,20261722,8,decorative_near_miss,"The blue mug now holds a cup of steaming tea, and as the owner approaches the sink to rinse it, the morning light casts a warm glow on a tangled mess of hair and a discarded comb, forgotten beside it.",blue mug; sink; comb; morning light,,glow,1.0,0.0,0.7116460637605726,0.0,0.08265637207031253,0.3333333333333333,0.23721535458685752,0.0,0.0,0.0,0.625,0.9437499999999999,0.0,0.0,0.0,0.0,0.42698763825634356,0.0,0.3181818181818182,0.08823529411764706
anchor01_mug_sink,A blue mug rests beside the sink; a comb catches the morning light.,blue mug; sink; comb; morning light,operational,1.2,20261722,1,stock_loop_or_sprawl_failure,"On the sink, a small, silver soap dish collects dew, and beside the blue mug, a tin can, once a ham, now serves as a makeshift, miniature radio, quietly broadcasting a faint, melodic broadcast of morning songs, as the morning light creeps in, a porcelain comb, a delicate, antique, stirs to life, while the blue mug, once a musician, begins to play a gentle, mournful tune.",blue mug; sink; comb; morning light,,silver,1.0,0.0,0.6911888888888889,0.0,0.03870859899202102,0.3333333333333333,0.23039629629629627,1.0,1.0,0.26470588235294124,0.8064516129032259,1.0,0.0,0.0,0.0,0.0,0.4147133333333333,1.0,0.27884615384615385,0.046875
anchor01_mug_sink,A blue mug rests beside the sink; a comb catches the morning light.,blue mug; sink; comb; morning light,operational,1.2,20261722,2,stock_loop_or_sprawl_failure,"As the morning light creeps through a crack in the window, the comb, now a tiny, delicate flower, gently twirs and unfurls, releasing a soft, morning song; beside the sink, the blue mug, now a tiny, miniature steaming teapot, whistles a tune.",blue mug; sink; comb; morning light,,,1.0,0.55,0.6676344408610215,0.1846276282757069,0.059309694272445826,0.0,0.0,0.6666666666666666,0.4,0.15789473684210528,0.6470588235294118,1.0,0.0,1.0,0.0,0.0,0.4005806645166129,0.3333333333333333,0.3125,0.08333333333333333
anchor01_mug_sink,A blue mug rests beside the sink; a comb catches the morning light.,blue mug; sink; comb; morning light,operational,1.2,20261722,3,unfinished_or_unreadable_failure,"The blue mug, once a bit dusty, slowly awakens, and a sleepy cat, which had been beside it, now stretches, and the comb, still wet from a late night, slowly, and deliberately, dries itself, as the morning light illuminates the sink, and a small, green plant be",blue mug; sink; comb; morning light,,,1.0,0.0,0.4071084905660377,0.0,0.05618796331649436,0.0,0.0,0.0,0.0,0.15000000000000002,0.6842105263157895,1.0,0.4,0.0,0.0,0.0,0.06473025,0.0,0.30357142857142855,0.075
anchor01_mug_sink,A blue mug rests beside the sink; a comb catches the morning light.,blue mug; sink; comb; morning light,operational,1.2,20261722,4,stock_loop_or_sprawl_failure,"As the morning light, now a pale, greyish hue, illuminates the comb, it transforms into a small, porcelain-like figurine, while the blue mug, now slightly ajar, emits a soft, whispery voice, softly humming a tune that perfectly harmonies with the hum of the sink, which, now a tiny, egg-shaped incuba, pours a thin, metallic rivage that occasionally bubbles, emitting tiny, iridescent mirrors that reflect a sort of pale, aqua blue that unravels into a sea of morning light.",blue mug; sink; comb; morning light,,iridescent,1.0,0.4448529411764706,0.6557653098161753,0.14667637695163355,0.0364236693986373,0.3333333333333333,0.12134872767431676,0.6666666666666666,0.5,0.25493612078977934,0.8421052631578948,1.0,0.0,0.8088235294117647,0.0,0.0,0.3934591858897052,0.3333333333333333,0.2727272727272727,0.03846153846153846
anchor01_mug_sink,A blue mug rests beside the sink; a comb catches the morning light.,blue mug; sink; comb; morning light,operational,1.2,20261722,5,stock_loop_or_sprawl_failure,"The blue mug, now a small, delicate teapot, steams morning tea; a small, wooden comb lies beside the sink, where it washes up, scrubbed clean, and rinses; a small, faded comb holds morning light, whose tiny, dark eyes blink open, a tiny, blue mug now its shell, and two tiny, delicate hands pour a morning tea.",blue mug; sink; comb; morning light,,,1.0,0.55,0.8228183368208943,0.2275421828644501,0.021898786458333333,0.0,0.0,0.3333333333333333,0.0,0.6594444444444445,0.7,1.0,0.0,1.0,0.0,0.0,0.4936910020925366,0.0,0.3,0.07142857142857142
anchor01_mug_sink,A blue mug rests beside the sink; a comb catches the morning light.,blue mug; sink; comb; morning light,operational,1.2,20261722,6,stock_loop_or_sprawl_failure,"The blue mug, now a small, delicate teapot, begins to whistle a gentle, lilty tune, as the comb, now a small, delicate harmonica, plays a lively morning serenade, as the morning light, now a gentle, silver sword, shines on the sink, where a small, antique scale slowly reforms a mini-pond, filled with morning dew, and a small, besuetted, nighting song, starts to softly croon a lullaby, softly swaying to the morning light.",blue mug; sink; comb; morning light,,silver,1.0,0.55,0.6296851535174386,0.15381760024577937,0.02849274522225669,0.3333333333333333,0.09445277302761577,1.0,0.75,0.5055713608345187,0.78125,1.0,0.0,1.0,0.0,0.0,0.3337331313642425,0.6666666666666666,0.3055555555555556,0.045454545454545456
anchor01_mug_sink,A blue mug rests beside the sink; a comb catches the morning light.,blue mug; sink; comb; morning light,operational,1.2,20261722,7,ontologically_stable,"As the morning light creeps into the bathroom, it illuminates the comb, and the blue mug, now forgotten, collects morning dew. The sink, once a steadfast companion, now simes and weeps, a tiny, shrub-like succulent, sipping dewdrops.",blue mug; sink; comb; morning light,,,1.0,0.0,0.6767499674606274,0.0,0.047289288651315806,0.0,0.0,0.0,0.0,0.15000000000000002,0.7368421052631579,1.0,0.0,0.0,0.0,0.0,0.3383749837303137,0.0,0.25,0.075
anchor01_mug_sink,A blue mug rests beside the sink; a comb catches the morning light.,blue mug; sink; comb; morning light,operational,1.2,20261722,8,stock_loop_or_sprawl_failure,"The blue mug, now a small, porcelain teapot, slowly rises, as if it's brewing a slow, morning tea, emitting a faint, silvery steam; nearby, the sink, once a metal giant, now holds a delicate, ceramic basin; and, by the window, a comb, previously a guitar, hums a gentle, morning melody.",blue mug; sink; comb,morning light,as if,0.75,0.8,0.8934292433309466,0.2994774823645333,0.04162262820512821,0.3333333333333333,0.04467146216654732,0.6666666666666666,0.5,0.1153846153846154,0.84,1.0,0.0,1.0,1.0,0.0,0.4467146216654733,0.3333333333333333,0.25,0.04444444444444444
anchor02_receipt_counter,A receipt lies on the counter beside a stapler under the fluorescent light.,receipt; counter; stapler; fluorescent light,naive,0.0,20262731,1,decorative_near_miss,"The receipt now displayed a luminescent aura, as if the fluorescent light had infused it with a life of its own, while the stapler sat silently, its metal jaws frozen in a perpetual pose, awaiting a task that never seemed to materialize, its sleek body glinting dully under the same fluorescent light. A stream of invisible ink flowed from the stapler, pooling on the receipt as it sought to cross-reference itself with the coffee-stained document, but to no avail, lost in a sea of paperwork that stretched on forever, beneath the only light.",receipt; stapler; fluorescent light,counter,as if,0.75,0.0,0.6320404832711165,0.0,0.03442287370657798,0.3333333333333333,0.15801012081777913,0.0,0.0,0.3656565656565656,0.825,1.0,0.0,0.0,0.0,0.0,0.3792242899626699,0.0,0.3125,0.029268292682926828
anchor02_receipt_counter,A receipt lies on the counter beside a stapler under the fluorescent light.,receipt; counter; stapler; fluorescent light,naive,0.0,20262731,2,ontologically_stable,"The fluorescent light above flickered in sync with the rustling of the receipt as a thousand paper cranes seemed to spring to life from its edges, gently gathering the documents. The stapler beside it hummed an opera tune, as the counter surface itself began to transform into a diving board, propelling the accountant who worked at the cash register down into a chasm of numbers and lost pens.",receipt; counter; stapler; fluorescent light,,,1.0,0.022222222222222223,0.6576786324786326,0.007190619715099717,0.0634716796875,0.0,0.0,0.0,0.0,0.0,0.75,1.0,0.0,0.0,0.0,0.1111111111111111,0.39460717948717955,0.0,0.3333333333333333,0.046875
anchor02_receipt_counter,A receipt lies on the counter beside a stapler under the fluorescent light.,receipt; counter; stapler; fluorescent light,naive,0.0,20262731,3,decorative_near_miss,"The receipt began to flutter and transform, its inked numbers and scribbled notes bleeding into a dance of tiny, swirling symbols that filled the air around it, as if summoning a perpetual riot of paperwork to pour out of the stapler, which now stood upright, its metal jaw open like a tiny mouth, ready to consume an endless tide of forms and documents, all of which were circulating in the maelstrom, drawn to the receipt like moths to a hypnotic fluorescent light.",receipt; stapler; fluorescent light,counter,as if; dance,0.75,0.014209598770773994,0.6803645833333334,0.004756512211529655,0.038933847326454024,0.6666666666666666,0.33534843779316087,0.0,0.0,0.07317073170731708,0.8974358974358975,1.0,0.0,0.0,0.0,0.07104799385386996,0.40821875,0.0,0.25,0.03
anchor02_receipt_counter,A receipt lies on the counter beside a stapler under the fluorescent light.,receipt; counter; stapler; fluorescent light,naive,0.0,20262731,4,decorative_near_miss,"The receipt, however, had begun to migrate towards the wall, its fine print morphing into a serpentine pattern as it slid effortlessly towards the stapler, which now pulsed with a faint, otherworldly glow under the fluorescent light, casting an eerie sheen on the surrounding air.",receipt; stapler; fluorescent light,counter,glow,0.75,0.0,0.6896783625730993,0.0,0.04887279211956523,0.3333333333333333,0.17241959064327483,0.0,0.0,0.125,0.7826086956521738,1.0,0.0,0.0,0.0,0.0,0.41380701754385957,0.0,0.2894736842105263,0.049999999999999996
anchor02_receipt_counter,A receipt lies on the counter beside a stapler under the fluorescent light.,receipt; counter; stapler; fluorescent light,naive,0.0,20262731,5,decorative_near_miss,"The receipt fluttered in an invisible breeze, its words blurring into a maddening script that danced before my eyes. Above, the fluorescent light hummed a discordant melody, casting an otherworldly glow on the stapler, which had come to life and was now playing a tinny rendition of ""Twinkle, Twinkle, Little Star"".",receipt; stapler; fluorescent light,counter,danced; glow,0.75,0.0,0.7186177814630859,0.0,0.05899327122153211,0.6666666666666666,0.35930889073154293,0.0,0.0,0.10714285714285715,0.7407407407407407,1.0,0.0,0.0,0.0,0.0,0.4311706688778515,0.0,0.34782608695652173,0.04285714285714285
anchor02_receipt_counter,A receipt lies on the counter beside a stapler under the fluorescent light.,receipt; counter; stapler; fluorescent light,naive,0.0,20262731,6,decorative_near_miss,"The receipt now read ""citadel of dreams"" in elegant, cursive script, as if penned by a long-forgotten monarch. Under the fluorescent light, a stapler morphed into a twisted, metallic centipede that scuttled towards the receipt, its legs tapping out a staccato beat that synchronized with the humming of the fluorescent light above.",receipt; stapler; fluorescent light,counter,as if,0.75,0.01904761904761905,0.6513511476533059,0.006238082991239661,0.03343657494923659,0.3333333333333333,0.15973611478164404,0.0,0.0,0.36986863711001644,0.8076923076923077,1.0,0.0,0.0,0.0,0.09523809523809523,0.39081068859198353,0.0,0.28409090909090906,0.04444444444444444
anchor02_receipt_counter,A receipt lies on the counter beside a stapler under the fluorescent light.,receipt; counter; stapler; fluorescent light,naive,0.0,20262731,7,ontologically_stable,"The receipt now displayed a pastry shop's logo, its creases rippling like a physical manifestation of its own decay. A tired office supply salesman stood still, contemplating buying the stapler, beneath the fluorescent light that slowly dimmed in his exhausted gaze.",receipt; stapler; fluorescent light,counter,,0.75,0.0,0.7409989012795981,0.0,0.04004280807692309,0.0,0.0,0.0,0.0,0.0,0.84,1.0,0.0,0.0,0.0,0.0,0.44459934076775887,0.0,0.25,0.18615384615384614
anchor02_receipt_counter,A receipt lies on the counter beside a stapler under the fluorescent light.,receipt; counter; stapler; fluorescent light,naive,0.0,20262731,8,decorative_near_miss,"The receipt slowly lifted off the counter, carried by an invisible breeze, and floated higher, its ink bleeding into a pinkish mist, which wafted upward, extinguishing the fluorescent light, plunging the space into a dim, blue-gray haze. As the light died, a shoelace-like tendril of the stapler stretched out, entwining the floating receipt in a macabre dance.",receipt; counter; stapler; fluorescent light,,dance,1.0,0.011626035357905996,0.637984220794307,0.003889593895823633,0.04278115665211397,0.3333333333333333,0.21018899789518877,0.3333333333333333,0.0,0.17647058823529416,0.8125,1.0,0.0,0.0,0.0,0.05813017678952998,0.38279053247658423,0.0,0.2777777777777778,0.046875
anchor02_receipt_counter,A receipt lies on the counter beside a stapler under the fluorescent light.,receipt; counter; stapler; fluorescent light,naive,0.6,20262731,1,anchor_loss_failure,"The receipt now bears the inscription ""return to sender, forgotten by the cashier."" Above the fluorescent light, a single, rubber chicken drips a slow, viscous ink, as if the light itself had given birth to a writer.",receipt; fluorescent light,counter; stapler,as if,0.5,0.0,0.6794244694132334,0.0,0.04924026806446263,0.3333333333333333,0.11323741156887224,0.0,0.0,0.16666666666666663,0.7647058823529411,1.0,0.0,0.0,0.0,0.0,0.3397122347066167,0.0,0.30357142857142855,0.047368421052631574
anchor02_receipt_counter,A receipt lies on the counter beside a stapler under the fluorescent light.,receipt; counter; stapler; fluorescent light,naive,0.6,20262731,2,readable_transport,"As the receipt slowly floats upwards, the fluorescent light hums a soft, melancholy tune, its gentle vibrations causing the stapler to tap out a rhythmic apology. Meanwhile, the counter begins to weep a sticky, syrupy substance that oozes and pools in rhythmic time, like a poorly practiced metronome.",receipt; counter; stapler; fluorescent light,,melancholy,1.0,0.26666666666666666,0.7189166666666666,0.08514657288888888,0.043183747027348396,0.3333333333333333,0.1757351851851852,0.0,0.0,0.1,0.8275862068965517,1.0,0.0,0.0,1.0,0.08333333333333333,0.38102583333333334,0.0,0.25,0.05172413793103448
anchor02_receipt_counter,A receipt lies on the counter beside a stapler under the fluorescent light.,receipt; counter; stapler; fluorescent light,naive,0.6,20262731,3,decorative_near_miss,"As the fluorescent light above the counter flickered wildly, the receipt began to uncreasing its creases, like a dry, crumpled mouth, whispering the grocery store's receipts from past centuries, revealing an alternative, sepia-toned history where chickens wore tiny top hats. The stapler, sensing this change in atmosphere, began to tap out a Morse code message in Morse code using play-dough made from yesterday's forgotten bills.",receipt; counter; stapler; fluorescent light,,whispering,1.0,0.024242424242424246,0.6506915571720624,0.0039656692720740966,0.032813424813813025,0.3333333333333333,0.21163907213071118,0.3333333333333333,0.0,0.334349593495935,0.8378378378378379,1.0,0.0,0.0,0.0,0.12121212121212122,0.1952074671516187,0.0,0.2734375,0.04054054054054054
anchor02_receipt_counter,A receipt lies on the counter beside a stapler under the fluorescent light.,receipt; counter; stapler; fluorescent light,naive,0.6,20262731,4,stock_loop_or_sprawl_failure,"Above the fluorescent light, a single, serene voice recited a tongue-twister, while a receipt slowly rose from the counter, unfolding like a ghostly flower, its paper petals glowing softly under the fluorescent light, where a stapler weeps with metallic tears. On the counter, a proprietor scrutinized its fingernails, searching for a receipt that had merged with its own, as if in the stillness, it too began to whisper a secret to the fluorescent light.",receipt; counter; stapler; fluorescent light,,as if; glowing; whisper,1.0,0.03287942130030272,0.6277194130614494,0.010377314863126263,0.024265122545376657,1.0,0.6070803620210232,0.3333333333333333,0.0,0.5980392156862745,0.7586206896551724,1.0,0.0,0.0,0.0,0.1643971065015136,0.37663164783686964,0.0,0.3125,0.05172413793103448
anchor02_receipt_counter,A receipt lies on the counter beside a stapler under the fluorescent light.,receipt; counter; stapler; fluorescent light,naive,0.6,20262731,5,decorative_near_miss,"The receipt begins to unfurl like a small, crumpled flower, its numbers and scribbled scribbles transformed into a syntax of twisted, tentative vines that curl around the stapler's metal spine, as the fluorescent light overhead hums a tune in a language only the stapler seems to understand, casting an eerie, purple glow over the entire, slightly askew scene.",receipt; stapler; fluorescent light,counter,glow,0.75,0.015985798617120746,0.6695035251033409,0.005265653874671189,0.04554180317540324,0.3333333333333333,0.16470024414439657,0.0,0.0,0.09375000000000001,0.8333333333333334,1.0,0.0,0.0,0.0,0.07992899308560372,0.40170211506200454,0.0,0.27884615384615385,0.038709677419354833
anchor02_receipt_counter,A receipt lies on the counter beside a stapler under the fluorescent light.,receipt; counter; stapler; fluorescent light,naive,0.6,20262731,6,readable_transport,"The receipt began to unfurl like a tiny, paper flower, its numbers and letters twisted into a cryptic message that only the stapler, now a diminutive, metallic sphinx, seemed to understand. As the fluorescent light hummed in time with a dull, aerophone-like murmur, a gentle rain of paper clips descended upon the counter, fluttering wildly above the stapler, which in turn produced a haunting, spiraling harmonica that filled the room with a mirthless, dissonant melody.",receipt; counter; stapler; fluorescent light,,,1.0,0.5109279609279609,0.6647250475613515,0.08538213054044536,0.046218283931710104,0.0,0.0,0.3333333333333333,0.0,0.15384615384615385,0.8055555555555556,1.0,0.0,0.873015873015873,0.0,0.15384615384615385,0.19941751426840545,0.0,0.29838709677419356,0.041666666666666664
anchor02_receipt_counter,A receipt lies on the counter beside a stapler under the fluorescent light.,receipt; counter; stapler; fluorescent light,naive,0.6,20262731,7,ontologically_stable,"A tangled mess of forgotten thoughts emerged from the stapler, tangling itself around the receipt, which now read ""INFINITE OBLIGATIONS"" in fine print, as the fluorescent light flickered to a funeral march. The counter, once a sturdy surface, now felt like a vast, cracked lake, beckoning the stapler to take a dip.",receipt; counter; stapler; fluorescent light,,,1.0,0.014814814814814815,0.6852212341773855,0.004605498807727352,0.04413615631163708,0.0,0.0,0.0,0.0,0.1111111111111111,0.8076923076923077,1.0,0.0,0.0,0.0,0.07407407407407407,0.3631672541140143,0.0,0.25,0.057692307692307696
anchor02_receipt_counter,A receipt lies on the counter beside a stapler under the fluorescent light.,receipt; counter; stapler; fluorescent light,naive,0.6,20262731,8,overcollapse_failure,"Above the fluorescent light, a tiny, topless, ballerina twirls, its tutu a tangle of twisted paper clips, while a receipt, now a sentient being, whispers inaudibly to the stapler, its staples elongating like tiny, bony fingers, and the counter, once a shiny, modern expanse, now warps and weeps like a wounded animal.",receipt; counter; stapler; fluorescent light,,,1.0,0.8095238095238095,0.6997727272727272,0.24619337445887443,0.04459376743861609,0.0,0.0,0.3333333333333333,0.4,0.0,0.8214285714285714,1.0,0.0,1.0,1.0,0.047619047619047616,0.37087954545454543,0.0,0.25,0.08035714285714286
anchor02_receipt_counter,A receipt lies on the counter beside a stapler under the fluorescent light.,receipt; counter; stapler; fluorescent light,naive,1.2,20262731,1,readable_transport,"The receipt, now a tiny, scrawled painting, whispers to the stapler, its metal mouth, a work of tinny, ballerino, performing a minuet to the rhythm of a dying, withered, forgotten melody, as the fluorescent light above flickers, its pale, milky fingers. Above, a bouquet of wilted, anonymous flowers weeps, and the air fills of a far-off, obscure laughter.",receipt; stapler; fluorescent light,counter,,0.75,0.55,0.6867829364591622,0.1899229532484167,0.05531331905241937,0.0,0.0,0.3333333333333333,0.0,0.0,0.8064516129032259,1.0,0.0,1.0,0.0,0.0,0.4120697618754973,0.0,0.3055555555555556,0.0375
anchor02_receipt_counter,A receipt lies on the counter beside a stapler under the fluorescent light.,receipt; counter; stapler; fluorescent light,naive,1.2,20262731,2,unfinished_or_unreadable_failure,"The receipt, now a tiny, animated creature, scuttles across the counter, leaving a trail of tiny, glittering stars in its wake, as the stapler, now a disembodied, tutting and lip, begins to tap a staccato rhythm, under the fluorescent light, where a tiny, mirr",receipt; counter; stapler; fluorescent light,,,1.0,0.5602564102564103,0.6065116279069768,0.10030955849731663,0.07236328125000001,0.0,0.0,0.0,0.0,0.0,0.6666666666666666,1.0,0.4,1.0,0.0,0.05128205128205128,0.21834418604651162,0.0,0.34375,0.07142857142857142
anchor02_receipt_counter,A receipt lies on the counter beside a stapler under the fluorescent light.,receipt; counter; stapler; fluorescent light,naive,1.2,20262731,3,decorative_near_miss,"A receipt, once crumpled and forlled, unfolds and begins to tender a tiny, tentative hand, and a faint, pencil-like hand, quills a calligraphy of numbers and letters, 25 cents in interest on the receipt, as a stranger enters, where it starts to dance, and beside the stapler, a tiara shimmers, where, under the fluorescent light, a poet recites sonnets, and a clock hands out dimes.",receipt; stapler; fluorescent light,counter,dance,0.75,0.007992899308560373,0.6276370195797449,0.00252236634051243,0.05164468906739814,0.3333333333333333,0.15565509501997976,0.0,0.0,0.2651515151515152,0.7241379310344827,1.0,0.0,0.0,0.0,0.03996449654280186,0.37658221174784695,0.0,0.37,0.04
anchor02_receipt_counter,A receipt lies on the counter beside a stapler under the fluorescent light.,receipt; counter; stapler; fluorescent light,naive,1.2,20262731,4,readable_transport,"As the receipt begins to unfold and read a new receipt, the stapler starts to play a tiny harmonica, while the fluorescent light humming a melancholy tune, a pile of mismatched socks begins to rise from the counter, and the stapler's denting and rivets suddenly become tiny, topless somersuit, slowly and solemnly, into a nearby souffé.",receipt; counter; stapler; fluorescent light,,melancholy,1.0,0.5666666666666668,0.6590730749116698,0.18374957328537356,0.03899914740431983,0.3333333333333333,0.09519944415390784,0.0,0.0,0.3103448275862069,0.7692307692307692,1.0,0.0,1.0,0.0,0.08333333333333333,0.39544384494700185,0.0,0.2857142857142857,0.057692307692307696
anchor02_receipt_counter,A receipt lies on the counter beside a stapler under the fluorescent light.,receipt; counter; stapler; fluorescent light,naive,1.2,20262731,5,readable_transport,"A receipt, still wet from a light rain, unfolds on the counter, as a stapler, its jaws agging open, emits a soft, melanchy serenade, while the fluorescent light above, now a sentient, ethereal entity, hums a lonesome tune, its rays illuminating a crypt of forgotten hopes and dust.",receipt; counter; stapler; fluorescent light,,ethereal,1.0,0.5611111111111111,0.7402189201451905,0.22453553984044158,0.062495561079545466,0.3333333333333333,0.10829128646568527,0.3333333333333333,0.0,0.13636363636363638,0.6666666666666666,1.0,0.0,1.0,0.0,0.05555555555555555,0.4441313520871143,0.0,0.34375,0.07142857142857142
anchor02_receipt_counter,A receipt lies on the counter beside a stapler under the fluorescent light.,receipt; counter; stapler; fluorescent light,naive,1.2,20262731,6,stock_loop_or_sprawl_failure,"A perpetual rain of paper, a hundred thousand tickets to a tiny, ghostly orchestra, plays a dirge that the fluorescent light above the counter seems to conduct with a baton of silvered mail. The stapler, now a ghost, staples the receipt to the counter, where it slowly unfurls like a petunia, releasing a sigh of forgotten poems and the scent of forgotten dreams.",receipt; counter; stapler; fluorescent light,,,1.0,0.5790244135855889,0.6379111221803174,0.1936955898880321,0.043981880587484055,0.0,0.0,0.6666666666666666,0.375,0.10344827586206898,0.8148148148148148,1.0,0.0,1.0,0.0,0.14512206792794405,0.38274667330819045,0.0,0.25,0.05555555555555555
anchor02_receipt_counter,A receipt lies on the counter beside a stapler under the fluorescent light.,receipt; counter; stapler; fluorescent light,naive,1.2,20262731,7,stock_loop_or_sprawl_failure,"A small, antique-style clock ticks, its intricate, gilded face pointing accusingly towards the receipt, as if to whisper secrets of a forgotten language. The stapler, once a tiny, metallic scribe, slowly raises a metallic, bony hand, and the fluorescent light above it flickers in time, pulsing in time to a melancholic walt.",receipt; stapler; fluorescent light,counter,as if; whisper,0.75,0.011111111111111112,0.7031605839416059,0.00401270306569343,0.05240229885057472,0.6666666666666666,0.34767384428223846,0.6666666666666666,0.375,0.20689655172413796,0.7407407407407407,1.0,0.0,0.0,0.0,0.05555555555555555,0.4218963503649635,0.3333333333333333,0.34782608695652173,0.04285714285714285
anchor02_receipt_counter,A receipt lies on the counter beside a stapler under the fluorescent light.,receipt; counter; stapler; fluorescent light,naive,1.2,20262731,8,unfinished_or_unreadable_failure,"The receipt, now a delicate, pale thing, rusts with dew, as if in a perpetual, moist shroud, beside the stapler, where a small, insignificant, old man holds a tie, and the fluorescent light above, now a fungal, gelatinous growth, pulsing with a soft, rhythmic",receipt; stapler; fluorescent light,counter,as if,0.75,0.55,0.6515140186915889,0.11042380800000001,0.08667175751879701,0.3333333333333333,0.07329532710280375,0.6666666666666666,0.0,0.0,0.6111111111111112,1.0,0.4,1.0,0.0,0.0,0.23454504672897197,0.0,0.4107142857142857,0.0631578947368421
anchor02_receipt_counter,A receipt lies on the counter beside a stapler under the fluorescent light.,receipt; counter; stapler; fluorescent light,operational,0.0,20262731,1,anchor_loss_failure,"The security guard, clutching the unpaid receipts, leaned in to confront the shopkeeper, who sat hunched over the counter, struggling to staple the month's worth of uncollected payments to a calendar in a corner of the dimly lit office, under the fluorescent light.",counter; fluorescent light,receipt; stapler,,0.5,0.022222222222222223,0.6750558813383926,0.007380610969299758,0.07287185354691075,0.0,0.0,0.0,0.0,0.0,0.6956521739130435,1.0,0.0,0.0,0.0,0.1111111111111111,0.4050335288030355,0.0,0.3684210526315789,0.049999999999999996
anchor02_receipt_counter,A receipt lies on the counter beside a stapler under the fluorescent light.,receipt; counter; stapler; fluorescent light,operational,0.0,20262731,2,ontologically_stable,"The local news published a story about a misplaced stapler, eerily similar to the one sitting beside the receipt on the counter, and the fluorescent light above the reception desk had a small announcement about their convenience store membership program.",receipt; counter; stapler; fluorescent light,,,1.0,0.06530493056757483,0.6701643192488262,0.021532396894006038,0.05717243303571431,0.0,0.0,0.0,0.0,0.0,0.6666666666666666,1.0,0.0,0.0,0.0,0.32652465283787413,0.4020985915492957,0.0,0.34375,0.2114285714285714
anchor02_receipt_counter,A receipt lies on the counter beside a stapler under the fluorescent light.,receipt; counter; stapler; fluorescent light,operational,0.0,20262731,3,ontologically_stable,"The bank teller finally affixed the receipt to the stapler using the fluorescent light above the counter as her makeshift reference point, then straightened the documents once more. Meanwhile, her coworker yawned, stretching her arms behind the counter, blocking the fluorescent light momentarily.",receipt; counter; stapler; fluorescent light,,,1.0,0.03731710318147133,0.6012966354959992,0.004875918338493082,0.035118513818707287,0.0,0.0,0.0,0.0,0.4128205128205129,0.7391304347826088,1.0,0.0,0.0,0.0,0.18658551590735664,0.1593436084064398,0.0,0.2916666666666667,0.06521739130434782
anchor02_receipt_counter,A receipt lies on the counter beside a stapler under the fluorescent light.,receipt; counter; stapler; fluorescent light,operational,0.0,20262731,4,readable_transport,"As the employee finished stapling the documents, she took a moment to insert the receipt into her wallet, where it joined a receipt from the previous week, amidst the neatly organized stack of payment cards and expired coupons at the counter, the fluorescent light overhead casting a mild hum on her office chair.",receipt; counter; fluorescent light,stapler,,0.75,0.30333333333333334,0.6669164619164619,0.09953061277641277,0.050697190426638915,0.0,0.0,0.0,0.0,0.09677419354838711,0.8,1.0,0.0,0.0,1.0,0.26666666666666666,0.40014987714987715,0.0,0.3076923076923077,0.038709677419354833
anchor02_receipt_counter,A receipt lies on the counter beside a stapler under the fluorescent light.,receipt; counter; stapler; fluorescent light,operational,0.0,20262731,5,ontologically_stable,"The fluorescent light hummed above, illuminating the scattered papers on the counter, where a new receipt awaited its corresponding document, beside a stapler that had been used just moments before.",receipt; counter; stapler; fluorescent light,,,1.0,0.03333333333333333,0.7296972721224219,0.011967035262807717,0.09895408890464091,0.0,0.0,0.0,0.0,0.0,0.5625,0.9437499999999999,0.0,0.0,0.0,0.16666666666666666,0.4378183632734531,0.0,0.38636363636363635,0.09375
anchor02_receipt_counter,A receipt lies on the counter beside a stapler under the fluorescent light.,receipt; counter; stapler; fluorescent light,operational,0.0,20262731,6,ontologically_stable,"As she reviewed the company's annual report, she stuck the new business card receipt in the stapler beside the receipt she had generated the day before, which still lay on the counter beneath the fluorescent light, where it had probably lit up her afternoon.",receipt; counter; stapler; fluorescent light,,,1.0,0.03333333333333333,0.6345816137132876,0.010407138464897917,0.04625676333220107,0.0,0.0,0.0,0.0,0.38043478260869573,0.65,1.0,0.0,0.0,0.0,0.16666666666666666,0.38074896822797255,0.0,0.35,0.075
anchor02_receipt_counter,A receipt lies on the counter beside a stapler under the fluorescent light.,receipt; counter; stapler; fluorescent light,operational,0.0,20262731,7,ontologically_stable,"The fluorescent light hummed softly as she stood at the counter, scribbling a note on a receipt that would eventually serve as a makeshift bookmark for the worn copy of Shakespeare's plays on the same counter. Her fingers hovered over the stapler, hesitating before securing the final sheet of paper in place.",receipt; counter; stapler; fluorescent light,,,1.0,0.0380952380952381,0.6612312811672811,0.012665412882701293,0.06251139088053151,0.0,0.0,0.0,0.0,0.10714285714285715,0.7037037037037037,1.0,0.0,0.0,0.0,0.19047619047619047,0.39673876870036867,0.0,0.3522727272727273,0.05555555555555555
anchor02_receipt_counter,A receipt lies on the counter beside a stapler under the fluorescent light.,receipt; counter; stapler; fluorescent light,operational,0.0,20262731,8,stock_loop_or_sprawl_failure,"A freshly printed receipt remains on the coffee shop counter beside a broken stapler, dimly illuminated by the flickering fluorescent light. The barista stands nearby, humming under the fluorescent light as she sorts receipts, stapler, and leftover coffee cups.",receipt; counter; stapler; fluorescent light,,,1.0,0.01826948413385228,0.6444796380090498,0.00579296077642902,0.025791015625,0.0,0.0,0.0,0.0,0.6435897435897436,0.6666666666666666,1.0,0.0,0.0,0.0,0.0913474206692614,0.38668778280542987,0.0,0.34375,0.07142857142857142
anchor02_receipt_counter,A receipt lies on the counter beside a stapler under the fluorescent light.,receipt; counter; stapler; fluorescent light,operational,0.6,20262731,1,ontologically_stable,"The receipt, now slightly crumpled from being used to hold together a stack of dull ledgers, is nudged aside by a worn hand, which retrieves a stapler with a mangled staple and a mended shoulder, where a fluorescent light overhead seems to hum a gentle tune, above the rows of dusty papers and scattered office supplies.",receipt; stapler; fluorescent light,counter,,0.75,0.0,0.7155747634627287,0.0,0.045091163793103455,0.0,0.0,0.0,0.0,0.0,0.8620689655172413,1.0,0.0,0.0,0.0,0.0,0.4293448580776372,0.0,0.25,0.04
anchor02_receipt_counter,A receipt lies on the counter beside a stapler under the fluorescent light.,receipt; counter; stapler; fluorescent light,operational,0.6,20262731,2,decorative_near_miss,"The fluorescent light above the counter flickered, casting an eerie glow on the receipt, which was now slightly torn, revealing a small crease in the paper. Meanwhile, a harp, tucked behind the stapler, seemed to have been there for years, its strings worn from countless silent melodies.",receipt; counter; stapler; fluorescent light,,glow,1.0,0.014814814814814815,0.6970452235772358,0.005192212420957543,0.0703104775613758,0.3333333333333333,0.22890620922412924,0.0,0.0,0.0,0.6818181818181818,1.0,0.0,0.0,0.0,0.07407407407407407,0.41822713414634144,0.0,0.3382352941176471,0.06818181818181818
anchor02_receipt_counter,A receipt lies on the counter beside a stapler under the fluorescent light.,receipt; counter; stapler; fluorescent light,operational,0.6,20262731,3,decorative_near_miss,"The receipt, once smoothed, caught the fluorescent light, illuminating the faint creases where a careless crease had formed. Nearby, an ordinary stapler sat placidly, its metal a dull silver, awaiting the impending duty to bind a tenderled pamphlet it had received as a gift.",receipt; stapler; fluorescent light,counter,silver,0.75,0.0,0.7029130434782609,0.0,0.0424853926791545,0.3333333333333333,0.17572826086956522,0.0,0.0,0.13043478260869568,0.8181818181818182,1.0,0.0,0.0,0.0,0.0,0.35145652173913045,0.0,0.25,0.05217391304347826
anchor02_receipt_counter,A receipt lies on the counter beside a stapler under the fluorescent light.,receipt; counter; stapler; fluorescent light,operational,0.6,20262731,4,readable_transport,"The receipt, once crumpled and forgotten, now smoothed out, its ink still legible under the fluorescent light, where it had lain for hours, casting a faint glow on the worn counter. As she prepares to staple it to a new document, a crumpled envelope falls from a nearby drawer, and the stapler, now a makeshift easel, holds a tiny canvas, upon which a fledgling painter works, fueled by morning coffee.",receipt; counter; stapler; fluorescent light,,glow,1.0,0.5606913919413921,0.707394259818731,0.20799270497597194,0.04682017644997048,0.3333333333333333,0.103588129209872,0.3333333333333333,0.0,0.08823529411764708,0.8181818181818182,1.0,0.0,0.9821428571428572,0.0,0.10256410256410256,0.42443655589123863,0.0,0.2767857142857143,0.045454545454545456
anchor02_receipt_counter,A receipt lies on the counter beside a stapler under the fluorescent light.,receipt; counter; stapler; fluorescent light,operational,0.6,20262731,5,ontologically_stable,"The accountant pokes her head out from behind a stack of dusty files, where a lone receipt catches the flicker of fluorescent light as she rummages for the stapler, which has fallen to the counter.",receipt; counter; stapler; fluorescent light,,,1.0,0.03333333333333333,0.7011169415292354,0.011750719940029984,0.05794982698961938,0.0,0.0,0.0,0.0,0.0,0.7058823529411765,1.0,0.0,0.0,0.0,0.16666666666666666,0.4206701649175412,0.0,0.25,0.08823529411764706
anchor02_receipt_counter,A receipt lies on the counter beside a stapler under the fluorescent light.,receipt; counter; stapler; fluorescent light,operational,0.6,20262731,6,decorative_near_miss,"As I dropped the stapler, it clattered to the counter, where it joined the receipt, which now read my employee ID number. Above, the fluorescent light hummed, casting a faint,Uneven glow over the scattered papers and the remains of a coffee, now nothing but a few discarded sugar packets.",receipt; counter; stapler; fluorescent light,,glow,1.0,0.016666666666666666,0.6711538461538462,0.005624269230769231,0.059808822660680536,0.3333333333333333,0.21998931623931622,0.0,0.0,0.0,0.7391304347826088,1.0,0.0,0.0,0.0,0.08333333333333333,0.40269230769230774,0.0,0.2916666666666667,0.06521739130434782
anchor02_receipt_counter,A receipt lies on the counter beside a stapler under the fluorescent light.,receipt; counter; stapler; fluorescent light,operational,0.6,20262731,7,decorative_near_miss,"The old man carefully took the receipt and, with a rusty stapler, attached a tiny paper that now reads ""50% off"". As he steps back, the fluorescent light, once a vibrant white, now emits a pale, sorrowful glow above the worn counter.",receipt; counter; stapler; fluorescent light,,glow,1.0,0.016666666666666666,0.7252880512091038,0.005599465518018018,0.0625425502232143,0.3333333333333333,0.23773330567409512,0.3333333333333333,0.0,0.0,0.7142857142857142,1.0,0.0,0.0,0.0,0.08333333333333333,0.38440266714082505,0.0,0.296875,0.07142857142857142
anchor02_receipt_counter,A receipt lies on the counter beside a stapler under the fluorescent light.,receipt; counter; stapler; fluorescent light,operational,0.6,20262731,8,ontologically_stable,"The fluorescent light hums softly above the cash register, its metal lip adorned with the same small plaque that now bears the words ""Property of the Bell-Taxi Corporation."" The receipt on the counter remains unchanged, its torn edge fluttering faintly in the faint breeze generated by a humming air conditioner.",receipt; counter; fluorescent light,stapler,,0.75,0.03197159723424149,0.6407097773990065,0.010299614115372493,0.0391696274630542,0.0,0.0,0.0,0.0,0.0,0.8571428571428571,1.0,0.0,0.0,0.0,0.15985798617120744,0.38442586643940385,0.0,0.25,0.18137931034482757
anchor02_receipt_counter,A receipt lies on the counter beside a stapler under the fluorescent light.,receipt; counter; stapler; fluorescent light,operational,1.2,20262731,1,anchor_loss_failure,"A security guard, clutching a new clipboard, approaches the counter, where a gruff accountant stacks a handful of dollar bills, its worn leather strap creaking in rhythmic time with the fluorescent light above, where a flutter of a pale bird, a bat, takes a brief, curious glance.",counter; fluorescent light,receipt; stapler,,0.5,0.014814814814814815,0.7319109195402298,0.005451923116219667,0.047694714880850524,0.0,0.0,0.0,0.0,0.0,0.8620689655172414,1.0,0.0,0.0,0.0,0.07407407407407407,0.43914655172413786,0.0,0.27884615384615385,0.029032258064516127
anchor02_receipt_counter,A receipt lies on the counter beside a stapler under the fluorescent light.,receipt; counter; stapler; fluorescent light,operational,1.2,20262731,2,ontologically_stable,"A new employee, similar to the one that now stands at the counter, clips a stack of unpaid bills to the fluorescent light. The stapler, once a free-sitter, now and again absorbs a morning dew.",counter; stapler; fluorescent light,receipt,,0.75,0.022222222222222223,0.7029182895163908,0.006788628636084965,0.06277702067669175,0.0,0.0,0.0,0.0,0.0,0.7222222222222222,1.0,0.0,0.0,0.0,0.1111111111111111,0.3725466934436871,0.0,0.30357142857142855,0.0631578947368421
anchor02_receipt_counter,A receipt lies on the counter beside a stapler under the fluorescent light.,receipt; counter; stapler; fluorescent light,operational,1.2,20262731,3,unfinished_or_unreadable_failure,"A coffee shop receipt, stained with condensation, slowly slid off the counter and, as the fluorescent light above hums and buzzes, the stapler, once a tiny, neatly-made, and miniature clock, now stirs to life, tallying the receipts and hours as it rapidly stap",receipt; counter; stapler; fluorescent light,,,1.0,0.26212121212121214,0.424410063129281,0.027366732525236272,0.05233271982809547,0.0,0.0,0.3333333333333333,0.4,0.125,0.7391304347826088,1.0,0.4,0.0,1.0,0.06060606060606061,0.12732301893878428,0.3333333333333333,0.2916666666666667,0.06521739130434782
anchor02_receipt_counter,A receipt lies on the counter beside a stapler under the fluorescent light.,receipt; counter; stapler; fluorescent light,operational,1.2,20262731,4,ontologically_stable,"The receipt, now slightly damp from a spilled cup of tea, slowly creeps across the counter, trying to reunite with its stapler, now and then, a solitary office employee, humming a tune, dusts the fluorescent light above, searching for a lost paperclip.",receipt; counter; stapler; fluorescent light,,,1.0,0.014814814814814815,0.7396570972886762,0.005627968669147616,0.07236328125000001,0.0,0.0,0.0,0.0,0.0,0.6666666666666666,1.0,0.0,0.0,0.0,0.07407407407407407,0.44379425837320574,0.0,0.34375,0.07142857142857142
anchor02_receipt_counter,A receipt lies on the counter beside a stapler under the fluorescent light.,receipt; counter; stapler; fluorescent light,operational,1.2,20262731,5,anchor_loss_failure,"As I straighten the receipt, a small amount of water from a tiny, forgotten fountain forms a miniature, inverted Atlantic, and a post office, long forgotten since the late 19th, slowly opens, its tiny, metal gate creaking, releasing a tiny, paperless clerk who begins to fill out a receipt, right where the fluorescent light flickers with a soft, morning kiss.",receipt; fluorescent light,counter; stapler,,0.5,0.0,0.6933086478738653,0.0,0.03837202734839478,0.0,0.0,0.3333333333333333,0.4,0.10344827586206898,0.8888888888888888,1.0,0.0,0.0,0.0,0.0,0.3674535833731486,0.3333333333333333,0.25,0.03103448275862069
anchor02_receipt_counter,A receipt lies on the counter beside a stapler under the fluorescent light.,receipt; counter; stapler; fluorescent light,operational,1.2,20262731,6,unfinished_or_unreadable_failure,"As she waits, a small, antique, music box begins to softly play a soothing melody, its intricate, mother-of- pearl cover gifting the office with a faint, morning dew of condensed, dew-drop rain, beside the receipt, a new, leather-bound, old leather-strapped, g",receipt,counter; stapler; fluorescent light,,0.25,0.010256410256410256,0.4098085026996181,0.0013497200655066804,0.03372486346153847,0.0,0.0,1.0,1.0,0.0,0.923076923076923,1.0,0.4,0.0,0.0,0.05128205128205128,0.1475310609718625,1.0,0.155,0.0034999999999999996
anchor02_receipt_counter,A receipt lies on the counter beside a stapler under the fluorescent light.,receipt; counter; stapler; fluorescent light,operational,1.2,20262731,7,stock_loop_or_sprawl_failure,"As the fluorescent light hums quietly, a new stapler, its metal and metalwork gleed with morning dew, next to an old, tattered receipt, a portion of which slips down, as a woman with blue overcoat and fedora, adjusts a small, ivory love-shaped music box, softly humming a lullaby.",receipt; stapler; fluorescent light,counter,,0.75,0.02666666666666667,0.7566062406834939,0.00896104255299112,0.04597395833333334,0.0,0.0,1.0,1.0,0.0,0.8518518518518519,1.0,0.0,0.0,0.0,0.13333333333333333,0.4010013075622518,1.0,0.25,0.04285714285714285
anchor02_receipt_counter,A receipt lies on the counter beside a stapler under the fluorescent light.,receipt; counter; stapler; fluorescent light,operational,1.2,20262731,8,stock_loop_or_sprawl_failure,"As I reach for the stapler, a tiny, antique desk slowly material, and beside it, a scale, a small, see-through sink, and a gentle, old mailbox appears, beside which, a gentle, bronze-statue of a porter, gently rocks back and forth, whispering receipts, a receipt, a receipt, a small, tattered garden slowly unfurls, beside the counter, a tiny, exercise, a fluopore casts an eerie, emerald glow.",receipt; counter; stapler,fluorescent light,glow; whispering,0.75,0.005797101449275362,0.8377806127994435,0.0024944007115002558,0.02880315854843996,0.6666666666666666,0.41646195679740444,0.6666666666666666,0.375,0.3960932857991682,0.8620689655172414,1.0,0.0,0.0,0.0,0.02898550724637681,0.502668367679666,0.3333333333333333,0.27884615384615385,0.029032258064516127
anchor03_spreadsheet_cursor,The spreadsheet remains open while the cursor blinks beside a coffee ring and the office fan turns.,spreadsheet; cursor; coffee ring; office fan,naive,0.0,20263740,1,ontologically_stable,"The spreadsheet began to bleed ink like a fragile confession, the cursor floating free like a disembodied tongue. A visitor's coffee ring started to cultivate into a self-sustaining ecosystem, tender shoots bursting forth from its viscous heart, as the office fan turned with the languid, almost languored sigh of a tired ballerina.",spreadsheet; cursor; coffee ring; office fan,,,1.0,0.022222222222222223,0.6945009885330169,0.0077598910452089075,0.06175221774193548,0.0,0.0,0.0,0.4,0.0,0.7419354838709677,1.0,0.0,0.0,0.0,0.1111111111111111,0.4167005931198101,0.0,0.31,0.05454545454545454
anchor03_spreadsheet_cursor,The spreadsheet remains open while the cursor blinks beside a coffee ring and the office fan turns.,spreadsheet; cursor; coffee ring; office fan,naive,0.0,20263740,2,decorative_near_miss,"As the cursor continues to blink, a vivid dream-like image begins to inscribe itself across the spreadsheet, the numbers and figures morphing into swirling patterns that evoke a cacophony of morning car alarms, all of which, however, are suddenly silenced by the soft whir of the office fan, whose rotating blades hold a strange stillness in the face of the impending chaos. The air grows heavy with anticipation as the coffee ring on the desk starts to unfurl like a mad crumbly aurora, bulging precariously from the silk-smooth surface of the desktop.",spreadsheet; cursor; coffee ring; office fan,,dream,1.0,0.013333333333333334,0.6368319542776065,0.004269321421477074,0.05118330676863108,0.3333333333333333,0.2094469538513017,0.0,0.0,0.0,0.813953488372093,1.0,0.0,0.0,0.0,0.06666666666666667,0.3820991725665639,0.0,0.2708333333333333,0.04772727272727272
anchor03_spreadsheet_cursor,The spreadsheet remains open while the cursor blinks beside a coffee ring and the office fan turns.,spreadsheet; cursor; coffee ring; office fan,naive,0.0,20263740,3,ontologically_stable,"As the cursor blinked rapidly, a multitude of numbers on the spreadsheet began to morph and twist, like a living entity trying to escape the confines of the computer screen, while the office fan's feeble whirring created a hypnotic rhythm that synchronized with the flickering fluorescent lights above. A dollop of coffee remained, eerily unaffected by the chaos around it, forming a perfect ring that seemed to defy the laws of reality, much like the blank stare of a forgotten worker hunched over the desk.",spreadsheet; cursor; office fan,coffee ring,,0.75,0.016666666666666666,0.6546310707954827,0.0054858083732661446,0.053148613293526104,0.0,0.0,0.0,0.0,0.0,0.813953488372093,1.0,0.0,0.0,0.0,0.08333333333333333,0.3927786424772896,0.0,0.29054054054054057,0.04
anchor03_spreadsheet_cursor,The spreadsheet remains open while the cursor blinks beside a coffee ring and the office fan turns.,spreadsheet; cursor; coffee ring; office fan,naive,0.0,20263740,4,ontologically_stable,"As I stare at the spreadsheet, the cursor blinks in an erratic rhythm, mimicking the frantic nature of my own thoughts, which are jolted into chaos by the eerie hum of the office fan, its gentle whirring superimposed over the distorting reflections of the coffee ring, which seems to be spreading across the desk like a malevolent stain. The screen around the cursor begins to warp and ripple, like the surface of a stagnant pond, where ripples of orange and yellow begin to emanate from the coffee ring, churning the digital fabric into an unpredictable jumble.",spreadsheet; cursor; coffee ring; office fan,,,1.0,0.013333333333333334,0.6078680351906158,0.0040751473079178886,0.0364131224475982,0.0,0.0,0.0,0.0,0.35538082022818385,0.7804878048780487,1.0,0.0,0.0,0.0,0.06666666666666667,0.3647208211143695,0.0,0.29411764705882354,0.049999999999999996
anchor03_spreadsheet_cursor,The spreadsheet remains open while the cursor blinks beside a coffee ring and the office fan turns.,spreadsheet; cursor; coffee ring; office fan,naive,0.0,20263740,5,ontologically_stable,"As the office fan's slow blades cast eerie shadows, the spreadsheet begins to crack and bubble like a dried-up pond, its numbers devolving into squiggly, organic hieroglyphs, while the cursor dances wildly in mid-air, triggered by the antics of a speakerphone disemboweling itself. In the corner, the coffee ring has grown a miniature garden, sprouting fluorescent mushrooms that puff forth perfume of stale Mondays.",spreadsheet; cursor; coffee ring; office fan,,,1.0,0.02962962962962963,0.7010358255776836,0.010443875943717313,0.05083574961623742,0.0,0.0,0.3333333333333333,0.4,0.0,0.8205128205128205,1.0,0.0,0.0,0.0,0.14814814814814814,0.42062149534661014,0.3333333333333333,0.2727272727272727,0.04390243902439024
anchor03_spreadsheet_cursor,The spreadsheet remains open while the cursor blinks beside a coffee ring and the office fan turns.,spreadsheet; cursor; coffee ring; office fan,naive,0.0,20263740,6,readable_transport,"A thick layer of dust began to settle on the spreadsheet, entombing the numbers within its rows. The cursor, now a fluttering thing, danced erratically just above the remnants of a freshly brewed coffee, which had long since solidified into a circular smear reminiscent of a cicada's shell, above the crater-like indentation of the coffee ring.",spreadsheet; cursor; coffee ring,office fan,danced,0.75,0.55,0.655100143112894,0.1811613935764397,0.04591117241379313,0.3333333333333333,0.07369876610020057,0.0,0.0,0.1,0.8275862068965516,1.0,0.0,1.0,0.0,0.0,0.3930600858677364,0.0,0.28,0.03636363636363636
anchor03_spreadsheet_cursor,The spreadsheet remains open while the cursor blinks beside a coffee ring and the office fan turns.,spreadsheet; cursor; coffee ring; office fan,naive,0.0,20263740,7,readable_transport,"The spreadsheet expanded to fill the entire wall, its numbers bleeding into a crimson glow, as the cursor continued to blink in erratic patterns, like a dying heart, beside a coffee ring that had become a sentient, pulsing entity. As the office fan whirred into a maddening frenzy, it blew a trail of dead bees that settled into the coffee ring, their tiny wings ceaselessly humming in dissonance.",spreadsheet; cursor; coffee ring; office fan,,glow,1.0,0.5648148148148149,0.6636754742547425,0.1844280401234568,0.05729014119348941,0.3333333333333333,0.09627391138880523,0.0,0.0,0.20845845845845848,0.6857142857142857,1.0,0.0,1.0,0.0,0.07407407407407407,0.3982052845528455,0.0,0.35714285714285715,0.058333333333333334
anchor03_spreadsheet_cursor,The spreadsheet remains open while the cursor blinks beside a coffee ring and the office fan turns.,spreadsheet; cursor; coffee ring; office fan,naive,0.0,20263740,8,readable_transport,"The spreadsheet slowly dissolves into a canvas of crimson numbers, while the cursor's blinking grows more frantic, desperate to leave a mark on the wobbling coffee ring that shimmers like a Pollock painting, just as the office fan, its motor whirring like a plaintive lullaby, chases the ragged edges of reality into further distortion.",spreadsheet; cursor; coffee ring; office fan,,,1.0,0.5690476190476191,0.6879491057823578,0.19260609393032357,0.06281586914062501,0.0,0.0,0.3333333333333333,0.375,0.0,0.7333333333333334,1.0,0.0,1.0,0.0,0.09523809523809523,0.4127694634694147,0.3333333333333333,0.3125,0.056249999999999994
anchor03_spreadsheet_cursor,The spreadsheet remains open while the cursor blinks beside a coffee ring and the office fan turns.,spreadsheet; cursor; coffee ring; office fan,naive,0.6,20263740,1,readable_transport,"The spreadsheet began to rain sheets of paper, each one bearing a single, bewildering equation that blurred and reformed into a smile. As the cursor blinked faster, the office fan's blades morphed into a pair of tutu-clad ballerinas, pirouetting to the tune of a tuneless Mozart sonata.",spreadsheet; cursor; office fan,coffee ring,,0.75,0.2722222222222222,0.6951666666666667,0.09514977888888888,0.052434548854604954,0.0,0.0,0.0,0.0,0.0,0.8148148148148149,1.0,0.0,0.0,1.0,0.1111111111111111,0.4171,0.0,0.2826086956521739,0.038709677419354833
anchor03_spreadsheet_cursor,The spreadsheet remains open while the cursor blinks beside a coffee ring and the office fan turns.,spreadsheet; cursor; coffee ring; office fan,naive,0.6,20263740,2,decorative_near_miss,"A nearby table, once pristine, now teases the spreadsheet with an abstract floral arrangement that weeps slow, rivulets of what may be coffee, spelling ""TO WHO"", as the cursor yawns like a sleepy animal, beside a coffee ring that collects glittering stars and cracks its metallic lips to whisper a tempo that perfectly harmonizes with the office fan's cadence, casting gentle whirlwinds over the room.",spreadsheet; cursor; coffee ring; office fan,,whisper,1.0,0.03333333333333333,0.7018683595223514,0.011763313705594608,0.05275168918918918,0.3333333333333333,0.22615758251275767,0.0,0.0,0.08108108108108109,0.7777777777777778,1.0,0.0,0.0,0.0,0.16666666666666666,0.4211210157134108,0.0,0.3,0.047368421052631574
anchor03_spreadsheet_cursor,The spreadsheet remains open while the cursor blinks beside a coffee ring and the office fan turns.,spreadsheet; cursor; coffee ring; office fan,naive,0.6,20263740,3,readable_transport,"The spreadsheet, now a physical object that's perched on the edge of a fountain, still maintains a faint glow from within, its numbers blurring into a jellyfish-like creature that the cursor tentatively tries to touch. As it does, the coffee ring morphs into a crimson mouth, releasing a whiff of reverie that wafts through the office, beside which the office fan now spins with the face of a surrealist's dagger, humming a hymn to tomes that line the walls.",spreadsheet; cursor; coffee ring; office fan,,glow,1.0,0.495014245014245,0.6413969110811216,0.1596393055481863,0.0494404411764706,0.3333333333333333,0.10796543446261046,0.3333333333333333,0.0,0.08823529411764708,0.7878787878787878,1.0,0.0,0.8461538461538461,0.0,0.14814814814814814,0.38483814664867294,0.0,0.2777777777777778,0.05142857142857143
anchor03_spreadsheet_cursor,The spreadsheet remains open while the cursor blinks beside a coffee ring and the office fan turns.,spreadsheet; cursor; coffee ring; office fan,naive,0.6,20263740,4,readable_transport,"Time stagnated as the spreadsheet, now a mesmerizing tapestry of forgotten numbers, remained open, its cursor blinking with a metronomic beat, beside a coffee ring that seemed to seep a dark, viscous liquid that mirrored the office fan's whirling blades, which spun with an otherworldly velocity.",spreadsheet; cursor; coffee ring; office fan,,,1.0,0.5666666666666668,0.7278964278813076,0.20739225023194222,0.07827368421052634,0.0,0.0,0.0,0.0,0.0,0.64,1.0,0.0,1.0,0.0,0.08333333333333333,0.43673785672878457,0.0,0.3684210526315789,0.06666666666666667
anchor03_spreadsheet_cursor,The spreadsheet remains open while the cursor blinks beside a coffee ring and the office fan turns.,spreadsheet; cursor; coffee ring; office fan,naive,0.6,20263740,5,decorative_near_miss,"The spreadsheet, a labyrinthine map of numerical secrets, seemed to be devouring the cursor whole, its digits dissolving like sugar in rainwater, while the coffee ring, a dark flower, stretches its petals to the ceiling, and the office fan, a malignant mechanical eye, spins faster, casting a whirlwind of papers and filing cabinets into an anarchic dance, and an air conditioner, a languid and ethereal creature, glides across the floor, balancing a paperweight that reads 'Tuesday'.",spreadsheet; cursor; coffee ring; office fan,,dance; ethereal,1.0,0.017777777777777778,0.6594323863761516,0.005767835272836739,0.04524462209302326,0.6666666666666666,0.4318060959677911,0.3333333333333333,0.0,0.0,0.8604651162790697,1.0,0.0,0.0,0.0,0.08888888888888888,0.39565943182569097,0.0,0.25,0.04
anchor03_spreadsheet_cursor,The spreadsheet remains open while the cursor blinks beside a coffee ring and the office fan turns.,spreadsheet; cursor; coffee ring; office fan,naive,0.6,20263740,6,decorative_near_miss,"The spreadsheet continues to display a gradual decline in numerical values, as if it's a tally of some forgotten endeavor. Meanwhile, the cursor now blinks in time with the office fan, casting an otherworldly rhythm over the space, where a coffee ring has grown into a small, perfect lake that reflects a miniature version of the cubical ceiling above.",spreadsheet; cursor; coffee ring; office fan,,as if,1.0,0.05714285714285714,0.7030189607111457,0.020198739054032227,0.06139035010555949,0.3333333333333333,0.22094881622350293,0.3333333333333333,0.4,0.0,0.7142857142857142,1.0,0.0,0.0,0.0,0.2857142857142857,0.42181137642668737,0.3333333333333333,0.2857142857142857,0.07241379310344828
anchor03_spreadsheet_cursor,The spreadsheet remains open while the cursor blinks beside a coffee ring and the office fan turns.,spreadsheet; cursor; coffee ring; office fan,naive,0.6,20263740,7,anchor_loss_failure,"A thick layer of fog began to seep across the pages of the spreadsheet, as if the numbers and formulas were slowly disappearing into the gray mist.",spreadsheet,cursor; coffee ring; office fan,as if,0.25,0.0,0.71,0.0,0.03631527051423726,0.3333333333333333,0.05916666666666666,0.6666666666666666,0.0,0.0,0.9166666666666666,0.9437499999999999,0.0,0.0,0.0,0.0,0.426,0.0,0.125,0.005526315789473683
anchor03_spreadsheet_cursor,The spreadsheet remains open while the cursor blinks beside a coffee ring and the office fan turns.,spreadsheet; cursor; coffee ring; office fan,naive,0.6,20263740,8,stock_loop_or_sprawl_failure,"The spreadsheet now displays a repeated grid of whispered secrets, and the cursor twitches with an otherworldly life of its own, taunting me as the office fan whirs louder, generating a dusty, floral scent that clings to the coffee ring, which now seems to be exhaling tiny, sugar-cube clouds. The coffee ring's dark center shimmers with an otherworldly luminescence as it absorbs the fan's vibrations, pulsing with a life of its own.",spreadsheet; cursor; coffee ring; office fan,,,1.0,0.012121212121212123,0.6171982754252984,0.0037615429440465455,0.026506170227145458,0.0,0.0,0.0,0.0,0.563774300616406,0.75,1.0,0.0,0.0,0.0,0.06060606060606061,0.370318965255179,0.0,0.3076923076923077,0.052941176470588235
anchor03_spreadsheet_cursor,The spreadsheet remains open while the cursor blinks beside a coffee ring and the office fan turns.,spreadsheet; cursor; coffee ring; office fan,naive,1.2,20263740,1,readable_transport,"The spreadsheet, now a grotesnacro- scribbes cryptic equations, as if to recalculates the probability of rain; the cursor, a tiny, lipless mouth that sucks in soggy, ear-trop-odonted newt, with whom the office fan, now a laughing, musical thing, exhals an airy, diaphanary voice that warbles a mellow, rainless melody.",spreadsheet; cursor; office fan,coffee ring,as if,0.75,0.5602564102564103,0.693012714206744,0.17244393516661705,0.045644531250000016,0.3333333333333333,0.07618697467080551,0.0,0.0,0.0,0.8571428571428571,1.0,0.0,1.0,0.0,0.05128205128205128,0.36729673852957434,0.0,0.25,0.0375
anchor03_spreadsheet_cursor,The spreadsheet remains open while the cursor blinks beside a coffee ring and the office fan turns.,spreadsheet; cursor; coffee ring; office fan,naive,1.2,20263740,2,unfinished_or_unreadable_failure,"As the office fan, now a thing with twisted metal limbs and eyes that blink in time to a disco ball, it whispers a monotone melody that synchronizes with the frantic tapping of tiny, metallic feet, trying to tempo a slow walt, as the cursor, no longer just a c",cursor; office fan,spreadsheet; coffee ring,,0.5,0.8373171031814713,0.4397288676236044,0.09600987672343907,0.05504560546875,0.0,0.0,0.3333333333333333,0.0,0.0,0.7916666666666666,1.0,0.4,1.0,1.0,0.18658551590735664,0.1398337799043062,0.0,0.2875,0.04285714285714285
anchor03_spreadsheet_cursor,The spreadsheet remains open while the cursor blinks beside a coffee ring and the office fan turns.,spreadsheet; cursor; coffee ring; office fan,naive,1.2,20263740,3,stock_loop_or_sprawl_failure,"The spreadsheet, now a delicate, porcelain-like surface, slowly spreads and unfurls like a lotus, its borders curling and unfolding like a lotus flower, and the cursor, once a nib of a tiny, flaming pipe, puffs out smoke and exhers a rhythmet-like humming, while a coffee ring transforms into a frisbee, and an office fan, with delicate silver fingers, hums a macabety syncop, as the office overhead murmurs an apophant melody, above a sigh.",spreadsheet; cursor; coffee ring; office fan,,silver,1.0,0.5047905282331512,0.6665117253129024,0.16553281249999013,0.045431756756756765,0.3333333333333333,0.11002097313953779,0.6666666666666666,0.5,0.16216216216216217,0.7878787878787878,1.0,0.0,0.9016393442622951,0.0,0.04444444444444444,0.3999070351877414,0.3333333333333333,0.2777777777777778,0.05142857142857143
anchor03_spreadsheet_cursor,The spreadsheet remains open while the cursor blinks beside a coffee ring and the office fan turns.,spreadsheet; cursor; coffee ring; office fan,naive,1.2,20263740,4,stock_loop_or_sprawl_failure,"As the office fan whispers a soft lullaby, the spreadsheet begins to crawl, its tabs and columns slowly unfurl like a sleeping snake, and the cursor, now a tiny, delicate baller, pirouets to a slow walt, while a small, coffee ring, now a tiny, perfumed cradle, rocks a miniature, miniature metron, beating out a jauny, obscure, rhythmic tattoo.",spreadsheet; cursor; coffee ring; office fan,,,1.0,0.5583333333333333,0.7027943262411348,0.16441287600472815,0.051642187500000006,0.0,0.0,1.0,0.775,0.0,0.7857142857142857,1.0,0.0,1.0,0.0,0.041666666666666664,0.3513971631205674,0.6666666666666666,0.25,0.06
anchor03_spreadsheet_cursor,The spreadsheet remains open while the cursor blinks beside a coffee ring and the office fan turns.,spreadsheet; cursor; coffee ring; office fan,naive,1.2,20263740,5,readable_transport,"The spreadsheet weeps, its frozen sheets of numbers and logos, now a kale, and the cursor, once a snake, darts between stiffened fingers, its lipless mouth whispering incessant prayers. As the office fan stirs, its blades now a screech, the coffee ring, now a crema, spreads a sheet of fine, white, silk, and the fluorescent lights above, pulsing with a cadence, begin to knit a cobweb of frost, and the air stirs, perfume of cinnamon and pipewash, sweet as a morning's first light.",spreadsheet; cursor; coffee ring; office fan,,whispering,1.0,0.5626984126984127,0.6369973781953244,0.17635120749295127,0.03635818712681861,0.3333333333333333,0.0928533215305883,0.3333333333333333,0.0,0.19148936170212766,0.8636363636363636,1.0,0.0,1.0,0.0,0.06349206349206349,0.38219842691719463,0.0,0.25,0.03913043478260869
anchor03_spreadsheet_cursor,The spreadsheet remains open while the cursor blinks beside a coffee ring and the office fan turns.,spreadsheet; cursor; coffee ring; office fan,naive,1.2,20263740,6,unfinished_or_unreadable_failure,"The spreadsheet slowly dissks into a tiny, porcelain face that sings a tinny, operatic rendition of a forgotten opera, while the cursor, now a delicate, silver leg, taps out a staccato rhythm on the desktop, where a coffee ring, a miniature, fragile, and perpe",spreadsheet; cursor; coffee ring,office fan,silver,0.75,0.55,0.4517209302325582,0.074951343627907,0.049830000000000006,0.3333333333333333,0.050818604651162794,1.0,0.9,0.0,0.8095238095238095,1.0,0.4,1.0,0.0,0.0,0.16261953488372094,0.6666666666666666,0.25,0.048
anchor03_spreadsheet_cursor,The spreadsheet remains open while the cursor blinks beside a coffee ring and the office fan turns.,spreadsheet; cursor; coffee ring; office fan,naive,1.2,20263740,7,stock_loop_or_sprawl_failure,"As the office fan, now a giant, flailing, iridescent thing, blows an endless, frozen mist, the spreadsheet, once a bustling, calculatory entity, now, in a most peculiar way, is now a tiny, saucer, sipping tea and sipping a lipstick made of cobwebs and twigs, beside which, the cursor, now a grand, top hat, taps a staccato, with silver, silvered, tiny, mini marbles.",spreadsheet; cursor; office fan,coffee ring,iridescent; silver,0.75,0.5557971014492754,0.6883973597359736,0.19237593451341656,0.04511663306451614,0.6666666666666666,0.15289405127469266,0.6666666666666666,0.0,0.09375000000000001,0.8387096774193548,1.0,0.0,1.0,0.0,0.02898550724637681,0.41303841584158413,0.0,0.2777777777777778,0.03428571428571428
anchor03_spreadsheet_cursor,The spreadsheet remains open while the cursor blinks beside a coffee ring and the office fan turns.,spreadsheet; cursor; coffee ring; office fan,naive,1.2,20263740,8,unfinished_or_unreadable_failure,"As the office fan whirs and whispers a gentle, lacy curtain of mist, the spreadsheet, now a translucent, jelly-like substance, slowly slides off the desk and onto the floor, where it dissively dissolves into a puddle of greenish, fluorescent goo, which begins",spreadsheet; office fan,cursor; coffee ring,,0.5,0.5796296296296297,0.43177779270095784,0.07550181623913668,0.04462500000000001,0.0,0.0,0.6666666666666666,0.0,0.0,0.8695652173913043,1.0,0.4,1.0,0.0,0.14814814814814814,0.15544000537234479,0.0,0.25,0.03214285714285714
anchor03_spreadsheet_cursor,The spreadsheet remains open while the cursor blinks beside a coffee ring and the office fan turns.,spreadsheet; cursor; coffee ring; office fan,operational,0.0,20263740,1,anchor_loss_failure,"The office manager, now sipping coffee from a refillable container, constantly adjusted the settings on the office fan, which whirred steadily in an attempt to dissipate the lingering aroma of yesterday's breakfast, now clinging stubbornly to her new, but somewhat worn, office chair, where she sat staring expectantly at her spreadsheet.",spreadsheet; office fan,cursor; coffee ring,,0.5,0.03333333333333333,0.6590407202616505,0.01104552247158526,0.04655434599049449,0.0,0.0,0.0,0.0,0.18548387096774197,0.7931034482758621,1.0,0.0,0.0,0.0,0.16666666666666666,0.3954244321569903,0.0,0.31,0.03636363636363636
anchor03_spreadsheet_cursor,The spreadsheet remains open while the cursor blinks beside a coffee ring and the office fan turns.,spreadsheet; cursor; coffee ring; office fan,operational,0.0,20263740,2,ontologically_stable,"The office manager, Jane, continues to stare at her spreadsheet, her gaze unyielding despite her own refreshing sip of coffee. Meanwhile, her intern, Tim, tentatively reaches out to replace the errant cursor with a marker, navigating a fresh coffee ring in the process.",spreadsheet; cursor; coffee ring,office fan,,0.75,0.0,0.6936,0.0,0.057037664203612476,0.0,0.0,0.0,0.0,0.1111111111111111,0.7307692307692308,1.0,0.0,0.0,0.0,0.0,0.41616,0.0,0.3214285714285714,0.05172413793103448
anchor03_spreadsheet_cursor,The spreadsheet remains open while the cursor blinks beside a coffee ring and the office fan turns.,spreadsheet; cursor; coffee ring; office fan,operational,0.0,20263740,3,ontologically_stable,"The spreadsheet remained open on her computer, the cursor blinking steadily as she scrolled through the rows of her expense reports. Meanwhile, her coworker shifted uncomfortably, trying to dry the coffee ring on her new blouse with a soggy wad of paper towels, which only seemed to spread the stain, and the office fan whirred on, blowing a gentle breeze that rustled the papers on the nearby filing cabinet.",spreadsheet; cursor; coffee ring; office fan,,,1.0,0.014814814814814815,0.6545315837656394,0.004770807988336215,0.048547110904007464,0.0,0.0,0.0,0.0,0.08333333333333331,0.8,1.0,0.0,0.0,0.0,0.07407407407407407,0.3927189502593836,0.0,0.27586206896551724,0.04864864864864865
anchor03_spreadsheet_cursor,The spreadsheet remains open while the cursor blinks beside a coffee ring and the office fan turns.,spreadsheet; cursor; coffee ring; office fan,operational,0.0,20263740,4,ontologically_stable,"As she stared blankly at the spreadsheet, her eyes wandered to the cursor that had inexplicably jumped to a new line, and the coffee ring on the edge of her monitor seemed an awkward companion to the office fan, which whirred softly in the corner, stirring a faint breeze that ruffled her hair.",spreadsheet; cursor; coffee ring; office fan,,,1.0,0.02666666666666667,0.6657083333333333,0.008925817333333334,0.06800931490384615,0.0,0.0,0.0,0.0,0.0,0.6923076923076924,1.0,0.0,0.0,0.0,0.13333333333333333,0.399425,0.0,0.325,0.06428571428571428
anchor03_spreadsheet_cursor,The spreadsheet remains open while the cursor blinks beside a coffee ring and the office fan turns.,spreadsheet; cursor; coffee ring; office fan,operational,0.0,20263740,5,ontologically_stable,"The office manager refreshed her coffee cup from the machine, careful to avoid the puddle spreading from the coffee ring on the counter, as she studied the spreadsheet and adjusted the cursor to clear the errors caused by the recent update, the office fan blowing gently above her head, still stuck on the 'air circulation' setting she had tried to use to dry the wet surface.",spreadsheet; cursor; coffee ring; office fan,,,1.0,0.1111111111111111,0.5920204129181048,0.03307420706835812,0.04079737805278362,0.0,0.0,0.0,0.0,0.2571428571428572,0.78125,1.0,0.0,0.0,0.0,0.5555555555555555,0.35521224775086285,0.0,0.27884615384615385,0.052941176470588235
anchor03_spreadsheet_cursor,The spreadsheet remains open while the cursor blinks beside a coffee ring and the office fan turns.,spreadsheet; cursor; coffee ring; office fan,operational,0.0,20263740,6,ontologically_stable,"As she sipped her cold coffee from the office pot, the office fan hummed louder, a constant reminder that her coffee hadn't stayed warm for long. The cursor, once in column D, continued to blink, now making small adjustments to its position on the spreadsheet as she tried to make a schedule work.",spreadsheet; cursor; office fan,coffee ring,,0.75,0.016666666666666666,0.6913762339952816,0.005117797342777739,0.04157741006299736,0.0,0.0,0.0,0.0,0.3103448275862069,0.7307692307692307,1.0,0.0,0.0,0.0,0.08333333333333333,0.36642940401749924,0.0,0.2875,0.06428571428571428
anchor03_spreadsheet_cursor,The spreadsheet remains open while the cursor blinks beside a coffee ring and the office fan turns.,spreadsheet; cursor; coffee ring; office fan,operational,0.0,20263740,7,ontologically_stable,"As I watch, the cursor blinks a few more times before finally hitting the ""save"" button, erasing the faint coffee ring that had begun to spread across the spreadsheet, which my coworker, now sipping her morning coffee, steps over to adjust, and catches the office fan's gusty breath.",spreadsheet; cursor; coffee ring; office fan,,,1.0,0.03333333333333333,0.660111677399813,0.005531735856610433,0.06509884615384617,0.0,0.0,0.0,0.0,0.1153846153846154,0.6399999999999999,1.0,0.0,0.0,0.0,0.16666666666666666,0.1980335032199439,0.0,0.3333333333333333,0.08076923076923076
anchor03_spreadsheet_cursor,The spreadsheet remains open while the cursor blinks beside a coffee ring and the office fan turns.,spreadsheet; cursor; coffee ring; office fan,operational,0.0,20263740,8,ontologically_stable,"The spreadsheet remained open on the monitor, its columns and rows still neatly arranged, as the cursor continued to blink beside a new coffee ring that had appeared on the desktop, on top of the worn copy of a romance novel left by the former CEO, who used to gaze at the office fan, which was now on a weaker setting than usual, casting a faint breeze that rustled the papers in the nearby stack.",spreadsheet; cursor; coffee ring; office fan,,,1.0,0.01904761904761905,0.6728334561532793,0.006582233582482366,0.06650089684311225,0.0,0.0,0.0,0.0,0.0,0.7142857142857144,1.0,0.0,0.0,0.0,0.09523809523809523,0.40370007369196753,0.0,0.33035714285714285,0.058333333333333334
anchor03_spreadsheet_cursor,The spreadsheet remains open while the cursor blinks beside a coffee ring and the office fan turns.,spreadsheet; cursor; coffee ring; office fan,operational,0.6,20263740,1,ontologically_stable,"The office manager, now sipping coffee from a mug, observes the spreading coffee ring as the office fan turns, its gentle hum a stark contrast to the hum of the computer's processor, where the cursor blinks steadily, its refresh rate synchronized to the beat of the office fan's rotations, despite the fact that the spreadsheet now contains a meticulously detailed diagram of the office's ductwork.",spreadsheet; cursor; coffee ring; office fan,,,1.0,0.03333333333333333,0.5818218199092932,0.009541877846512408,0.03744881196309606,0.0,0.0,0.0,0.0,0.5337301587301588,0.6333333333333334,1.0,0.0,0.0,0.0,0.16666666666666666,0.34909309194557586,0.0,0.3804347826086957,0.06774193548387096
anchor03_spreadsheet_cursor,The spreadsheet remains open while the cursor blinks beside a coffee ring and the office fan turns.,spreadsheet; cursor; coffee ring; office fan,operational,0.6,20263740,2,ontologically_stable,"As the office fan continues to turn, a faint scent of worn fabric wafts through the air, and the computer, once the quiet occupant of a small corner, now hums a tired tune beside the spreadsheet, its cursor blinking in measured cadence. Amidst the steady hum, a faded executive's portrait, once framed with pride, now hangs askew, its coffee ring an accident of neglect and time.",spreadsheet; cursor; coffee ring; office fan,,,1.0,0.012121212121212123,0.6785335378528053,0.004401832114652381,0.053920678271308524,0.0,0.0,0.0,0.0,0.08571428571428572,0.7647058823529411,1.0,0.0,0.0,0.0,0.06060606060606061,0.4071201227116832,0.0,0.30357142857142855,0.049999999999999996
anchor03_spreadsheet_cursor,The spreadsheet remains open while the cursor blinks beside a coffee ring and the office fan turns.,spreadsheet; cursor; coffee ring; office fan,operational,0.6,20263740,3,ontologically_stable,"As the office fan hums to life, a sudden gust stirs the dust motes dancing in the scattered papers, causing the cursor on the spreadsheet to hesitate, while the manager, now with a notepad and pen, carefully tries to remove the coffee ring from the antique desk, oblivious to the spreading stain.",spreadsheet; cursor; coffee ring; office fan,,,1.0,0.01904761904761905,0.6459551153220404,0.005582036508939111,0.051642187500000006,0.0,0.0,0.3333333333333333,0.375,0.0,0.7857142857142857,1.0,0.0,0.0,0.0,0.09523809523809523,0.34235621112068143,0.3333333333333333,0.25,0.06
anchor03_spreadsheet_cursor,The spreadsheet remains open while the cursor blinks beside a coffee ring and the office fan turns.,spreadsheet; cursor; coffee ring; office fan,operational,0.6,20263740,4,anchor_loss_failure,"The office intern, once the one who had innocently added that coffee ring, now nervingly grabs a damp paper towel to blot the spill, as the fan's slow churn causes a tiny whirlwind, sending nearby papers into disarray. The spreadsheet, a mess of numbers and formulas, seems to ripple and tremble, as if it too is sensing the discomfort of its newly-fallen tranquility.",spreadsheet; coffee ring,cursor; office fan,as if,0.5,0.0,0.6951172105717494,0.0,0.05248712713068183,0.3333333333333333,0.11585286842862488,0.0,0.0,0.09090909090909091,0.78125,1.0,0.0,0.0,0.0,0.0,0.4170703263430496,0.0,0.3055555555555556,0.04285714285714285
anchor03_spreadsheet_cursor,The spreadsheet remains open while the cursor blinks beside a coffee ring and the office fan turns.,spreadsheet; cursor; coffee ring; office fan,operational,0.6,20263740,5,ontologically_stable,"As she adjusted the office fan to create a faint breeze, her coworker, Emma, rolled her eyes from across the room, and the cursor on her computer continues to blink in monotonous rhythm, while the fluorescent lights above flicker, still somehow failing to cleanse the coffee ring on the water cooler, a faint stain spreading slowly across the floor.",cursor; coffee ring; office fan,spreadsheet,,0.75,0.032652465283787416,0.6528352941176471,0.01071802759757999,0.07098075155970403,0.0,0.0,0.0,0.0,0.0,0.6896551724137931,1.0,0.0,0.0,0.0,0.16326232641893706,0.3917011764705882,0.0,0.34782608695652173,0.058064516129032254
anchor03_spreadsheet_cursor,The spreadsheet remains open while the cursor blinks beside a coffee ring and the office fan turns.,spreadsheet; cursor; coffee ring; office fan,operational,0.6,20263740,6,ontologically_stable,"As the office fan's gentle hum grows louder, the secretary finally stirs, brushes a stray lock of hair out of her face, and inches closer to the computer, her gaze never leaving the spreadsheet, where her hourly wage appears as a dotted line, the cursor blinking out a staccato Morse code. A low hum, almost inaudible, originates from the office fan, its plastic strips rusted from years of humid winters.",spreadsheet; cursor; office fan,coffee ring,,0.75,0.022222222222222223,0.6735214465682219,0.003762739814827799,0.0315589767359276,0.0,0.0,0.0,0.0,0.3114869626497534,0.875,1.0,0.0,0.0,0.0,0.1111111111111111,0.20205643397046655,0.0,0.2708333333333333,0.02727272727272727
anchor03_spreadsheet_cursor,The spreadsheet remains open while the cursor blinks beside a coffee ring and the office fan turns.,spreadsheet; cursor; coffee ring; office fan,operational,0.6,20263740,7,ontologically_stable,"The office manager, whose identity has been swapped with that of the office, adjusts the office fan to blow more directly at the spreadsheet, where the cursor continues to blink beside a coffee ring that seems to have reformed itself on the surface of a newer, identical coffee mug.",spreadsheet; cursor; coffee ring; office fan,,,1.0,0.02666666666666667,0.6397844827586208,0.008393972413793105,0.03634352657120121,0.0,0.0,0.0,0.0,0.4375,0.5294117647058824,0.8875,0.0,0.0,0.0,0.13333333333333333,0.38387068965517246,0.0,0.325,0.35
anchor03_spreadsheet_cursor,The spreadsheet remains open while the cursor blinks beside a coffee ring and the office fan turns.,spreadsheet; cursor; coffee ring; office fan,operational,0.6,20263740,8,ontologically_stable,"The office administrator, Mrs. Jenkins, occasionally glances at the spreadsheet as it now reveals a previously unknown discrepancy, while her fingers hover, a half-hearted attempt to steady the cursor as the office fan, once a gentle hum, now blows with a sudden, oppressive intensity.",spreadsheet; cursor; office fan,coffee ring,,0.75,0.012121212121212123,0.7013675964187328,0.003485584418565824,0.047858128078817744,0.0,0.0,0.0,0.0,0.1153846153846154,0.7999999999999999,1.0,0.0,0.0,0.0,0.06060606060606061,0.3506837982093664,0.0,0.2857142857142857,0.041379310344827586
anchor03_spreadsheet_cursor,The spreadsheet remains open while the cursor blinks beside a coffee ring and the office fan turns.,spreadsheet; cursor; coffee ring; office fan,operational,1.2,20263740,1,anchor_loss_failure,"The office fan, now dusty and fringed, casts a gentle breeze that rustles a half-opened mirror, and the cursor on the computer, once a diligent and busy intern, now takes a nap, its metal nails curled into a new, habitable snail shell.",cursor; office fan,spreadsheet; coffee ring,,0.5,0.016666666666666666,0.7101696662835515,0.0052569125930529426,0.0510974445812808,0.0,0.0,0.0,0.0,0.0,0.8333333333333333,1.0,0.0,0.0,0.0,0.08333333333333333,0.3763899231302823,0.0,0.2857142857142857,0.03103448275862069
anchor03_spreadsheet_cursor,The spreadsheet remains open while the cursor blinks beside a coffee ring and the office fan turns.,spreadsheet; cursor; coffee ring; office fan,operational,1.2,20263740,2,unfinished_or_unreadable_failure,"As the morning light creeps in, the office fan, once a gentle, soothing lullaby, now whirs to a frantic, jackhammer-like pace, casting a damp, eerie mist that clings to the walls, as the office occupant, now a contortionist, attempts to balance on one leg, to",office fan,spreadsheet; cursor; coffee ring,,0.25,0.5611111111111111,0.6084570624843453,0.09293508270299225,0.041117959057071954,0.0,0.0,0.6666666666666666,0.375,0.1153846153846154,0.8800000000000001,1.0,0.4,1.0,0.0,0.05555555555555555,0.1934893458700218,0.3333333333333333,0.2826086956521739,0.019354838709677417
anchor03_spreadsheet_cursor,The spreadsheet remains open while the cursor blinks beside a coffee ring and the office fan turns.,spreadsheet; cursor; coffee ring; office fan,operational,1.2,20263740,3,stock_loop_or_sprawl_failure,"As the office fan hums a soothing melody, the office administrator, now an accountant, meticulously reviews the spreadsheet, her cursor, a pen, scratching out precise, arithmetic equations. The coffee ring, once a dirty cup, now cups a fragile, antique teapot, which slowly pours a lukening cup of coffee, releasing a gentle morning mist that begins to condense into tiny, intricate cubes of frost.",spreadsheet; cursor; coffee ring; office fan,,,1.0,0.5588888888888889,0.7009488714877936,0.20120410246583756,0.03655186136071889,0.0,0.0,0.6666666666666666,0.375,0.21951219512195122,0.8421052631578947,1.0,0.0,1.0,0.0,0.04444444444444444,0.4205693228926762,0.3333333333333333,0.25,0.045
anchor03_spreadsheet_cursor,The spreadsheet remains open while the cursor blinks beside a coffee ring and the office fan turns.,spreadsheet; cursor; coffee ring; office fan,operational,1.2,20263740,4,ontologically_stable,"As the morning heat worsens, the office fan, which had been a steady, soothing hum, now churns out a gentle breeze that sends the paper on which the spreadsheet, once a tranquil, arthritic hand has momentarily been forgotten, rattle and shake. Meanwhile, a dusty, aged pen, once a faithful companion to a forgotten accountant, scratches out a faint, illegible signature, above the coffee ring, a tiny, delicate cup, recently, it seems, begins to refill itself with a stream of viscous, coffee-colored liquid.",spreadsheet; coffee ring; office fan,cursor,,0.75,0.006349206349206349,0.6735470450475273,0.0022425909233201482,0.04465335933874338,0.0,0.0,0.3333333333333333,0.0,0.13953488372093026,0.8292682926829268,1.0,0.0,0.0,0.0,0.031746031746031744,0.40412822702851636,0.0,0.2916666666666667,0.03409090909090909
anchor03_spreadsheet_cursor,The spreadsheet remains open while the cursor blinks beside a coffee ring and the office fan turns.,spreadsheet; cursor; coffee ring; office fan,operational,1.2,20263740,5,stock_loop_or_sprawl_failure,"The office fan, now slightly crazier, sends out wispy tendrings of mist, and the spreadsheet begins to update, its numbers now a harmonica and a clarinet, while the cursor, now a pencil, writes in bold, mirror-like letters, as the office fan whispers a gentle lullaby. The coffee ring, once a spider, slowly retracts into a watch, its minute hand ticking a metronom rhythm to the fan's soft, lullaby-like hum.",spreadsheet; cursor; coffee ring; office fan,,,1.0,0.5482479814846867,0.6649208038131817,0.18722850851298953,0.034857550927638065,0.0,0.0,1.0,0.375,0.26148504273504275,0.8378378378378378,1.0,0.0,0.9166666666666667,0.0,0.22040657409009973,0.398952482287909,0.3333333333333333,0.25,0.046153846153846156
anchor03_spreadsheet_cursor,The spreadsheet remains open while the cursor blinks beside a coffee ring and the office fan turns.,spreadsheet; cursor; coffee ring; office fan,operational,1.2,20263740,6,stock_loop_or_sprawl_failure,"The office fan, now worn and rusty, whispers a gentle lullaby, its slow, rhythmic beat synchronizing with the cursor's steady, metronic pulse. On the desk, the spreadsheet, once a calculator, now scrips a weather report, its numbers suddenly a nearby, metallic bird, half-crafted from a paper clip and a coffee ring, from which a delicate, porcelain teapot starts to play a tango, as the office fan sings a melancholy, arias-like dirge, its music harmonizing with the cursor's insistent, punctuated beat.",spreadsheet; cursor; coffee ring; office fan,,melancholy,1.0,0.014035087719298246,0.6534908380528934,0.00471063711472233,0.03762671904807485,0.3333333333333333,0.21477301227235443,1.0,0.875,0.2854609929078014,0.8181818181818181,1.0,0.0,0.0,0.0,0.07017543859649122,0.392094502831736,0.6666666666666666,0.2894736842105263,0.03913043478260869
anchor03_spreadsheet_cursor,The spreadsheet remains open while the cursor blinks beside a coffee ring and the office fan turns.,spreadsheet; cursor; coffee ring; office fan,operational,1.2,20263740,7,anchor_loss_failure,"As the office fan, once a reliable and efficient hum, now coughs and chokes, the office, now dry and dusty, fans the dry, cracked soil of a forgotten, half-forgotten, forgotten ledger.

A solitary, bespectaced accountant, sipping dented, steaming coffee, beside the faint, frosty morning, its face sips no morning coffee, it reads, reads, reads, its eyes sunless, then, the accountant scribbles lines, cined with a forgotten, toothless smile.",office fan,spreadsheet; cursor; coffee ring,,0.25,0.005555555555555556,0.8018368555056271,0.0021059799544935567,0.02012271736153444,0.0,0.0,0.0,0.0,0.5614850427350427,0.8787878787878788,1.0,0.0,0.0,0.0,0.027777777777777776,0.4249735334179824,0.0,0.275,0.023684210526315787
anchor03_spreadsheet_cursor,The spreadsheet remains open while the cursor blinks beside a coffee ring and the office fan turns.,spreadsheet; cursor; coffee ring; office fan,operational,1.2,20263740,8,anchor_loss_failure,"As the office fan, now worn and slightly rusty, hums a dull, mechanical lullaby, the woman with a bouquet of wilted flowers, where once she had two, now tends to a small, potted cactus, where a spreadsheet, once a victim of a heat, now lies open, its fragments of equations like dried, leaf-like petals.",spreadsheet; office fan,cursor; coffee ring,,0.5,0.010256410256410256,0.7221510752688172,0.0038040696641852764,0.03864696634615384,0.0,0.0,0.3333333333333333,0.375,0.1153846153846154,0.88,1.0,0.0,0.0,0.0,0.05128205128205128,0.4332906451612903,0.3333333333333333,0.25,0.03
anchor04_bus_card,A bus card sits in a coat pocket while the handrail shines with rain.,bus card; coat pocket; handrail; rain,naive,0.0,20264749,1,stock_loop_or_sprawl_failure,"The bus card floated out of the coat pocket and began to change its digits before it could do any damage, the handrail humming an eerie melody as it vibrated with the sound of rain that fell from the deck above and swirled down into the coat pocket. Rain seeped into the handrail's grip, electrifying it, and the bus card flew back into the coat pocket, ready to recharge for its next journey.",bus card; coat pocket; handrail; rain,,,1.0,0.016666666666666666,0.6044904979540816,0.006044904979540816,0.013298791167472235,0.0,0.0,0.0,0.0,0.8044563279857397,0.6923076923076924,1.0,0.0,0.0,0.0,0.08333333333333333,0.36269429877244896,0.0,0.325,0.06428571428571428
anchor04_bus_card,A bus card sits in a coat pocket while the handrail shines with rain.,bus card; coat pocket; handrail; rain,naive,0.0,20264749,2,readable_transport,"Time had become a spectral layer, obscuring the topological grid, as the bus card pulsed in the coat pocket, simultaneously beseeching temporal stability. The handrail shimmered with rain, disintegrating into a bilayered deck of human cards.",bus card; coat pocket; handrail; rain,,spectral,1.0,0.55,0.7010215053763441,0.2105167580645161,0.058163092885375495,0.3333333333333333,0.1051532258064516,0.3333333333333333,0.0,0.13636363636363638,0.6666666666666667,1.0,0.0,1.0,0.0,0.0,0.42061290322580647,0.0,0.3,0.07826086956521738
anchor04_bus_card,A bus card sits in a coat pocket while the handrail shines with rain.,bus card; coat pocket; handrail; rain,naive,0.0,20264749,3,readable_transport,"As the rain intensifies, the bus card becomes a fragile, transparent dome sheltering a wispy creature, and the handrail transforms into a slender, swirling bridge connecting the creature's feet to the wet pavement, while the coat pocket, now a gelatinous, iridescent sac, starts to release a dozen identical bus cards.",bus card; coat pocket; handrail; rain,,iridescent,1.0,0.5648148148148149,0.6649901162062162,0.2050755630589281,0.044725791212946155,0.3333333333333333,0.09646461562250665,0.3333333333333333,0.0,0.3574712643678161,0.68,1.0,0.0,1.0,0.0,0.07407407407407407,0.3989940697237297,0.0,0.32894736842105265,0.06666666666666667
anchor04_bus_card,A bus card sits in a coat pocket while the handrail shines with rain.,bus card; coat pocket; handrail; rain,naive,0.0,20264749,4,decorative_near_miss,"As the bus continued on its route, the bus card remained idly swaying in its coat pocket, now slightly damp but still reading a ticket that had long since expired, and the handrail began to glow with an otherworldly light that pulsed in time with the rain that started to cascade down in tiny, shimmering drops. The raindrops suspended mid-air for a moment before falling, forming tiny, glowing puddles on the bus's floor that reflected the handrail's eerie luminescence.",bus card; coat pocket; handrail; rain,,glow; glowing; shimmering,1.0,0.02962962962962963,0.6188732160637238,0.010011993362097576,0.05192009205261154,1.0,0.6005362318840579,0.0,0.0,0.21341463414634146,0.7368421052631579,1.0,0.0,0.0,0.0,0.14814814814814814,0.3713239296382343,0.0,0.34375,0.045
anchor04_bus_card,A bus card sits in a coat pocket while the handrail shines with rain.,bus card; coat pocket; handrail; rain,naive,0.0,20264749,5,decorative_near_miss,"The bus card floated serenely within the coat pocket, its plastic surface now a dazzling array of iridescent hues that harmonized with the handrail's newly-lit sheen, which in turn illuminated a drenched bus driver frantically operating a makeshift chromatic spray gun that concentrated the rain into glittering eddies. As the water harmonized with the bus driver's dismay, it quietly veered into spontaneous confetti.",bus card; coat pocket; handrail; rain,,iridescent,1.0,0.0,0.6355422776613978,0.0,0.042556517058520454,0.3333333333333333,0.2118474258871326,0.3333333333333333,0.0,0.3638638638638639,0.71875,1.0,0.0,0.0,0.0,0.0,0.3813253665968387,0.0,0.33653846153846156,0.052941176470588235
anchor04_bus_card,A bus card sits in a coat pocket while the handrail shines with rain.,bus card; coat pocket; handrail; rain,naive,0.0,20264749,6,ontologically_stable,"The bus card remained pristine, its expiration date illuminated like a miniature sun in the depths of the coat pocket. As the handrail continued to shine, water seeping into the curve of it like a liquid arc of light, the rain drummed against the windowpane, obscuring the world outside.",bus card; coat pocket; handrail; rain,,,1.0,0.0,0.6587151898734177,0.0,0.07555335937500002,0.0,0.0,0.3333333333333333,0.4,0.0,0.625,1.0,0.0,0.0,0.0,0.0,0.39522911392405063,0.3333333333333333,0.3382352941176471,0.084
anchor04_bus_card,A bus card sits in a coat pocket while the handrail shines with rain.,bus card; coat pocket; handrail; rain,naive,0.0,20264749,7,ontologically_stable,"As I stood frozen, the bus card inside my coat pocket seemed to mock me with its bland indifference, and the rain pouring off the handrail created a miniature waterfall that sent ripples through the air, washing away the faintest outlines of reality.",bus card; coat pocket; handrail; rain,,,1.0,0.0,0.7042313915857605,0.0,0.05652698863636364,0.0,0.0,0.3333333333333333,0.4,0.0,0.7272727272727273,1.0,0.0,0.0,0.0,0.0,0.42253883495145633,0.3333333333333333,0.25,0.075
anchor04_bus_card,A bus card sits in a coat pocket while the handrail shines with rain.,bus card; coat pocket; handrail; rain,naive,0.0,20264749,8,ontologically_stable,"As the rain dripped from the handrail, a gray fog began to seep into its rusty surface, reenacting the very water droplets that fell upon it. The bus card, once a triumphant emblem of loyalty and fares savings, now lay shrouded in a damp, primordial gloom within the depths of its coat pocket, unassuming its emblazoned memories.",bus card; coat pocket; handrail; rain,,,1.0,0.0,0.7232841328413284,0.0,0.05101741518353727,0.0,0.0,0.3333333333333333,0.0,0.0,0.7931034482758621,1.0,0.0,0.0,0.0,0.0,0.433970479704797,0.0,0.25,0.058064516129032254
anchor04_bus_card,A bus card sits in a coat pocket while the handrail shines with rain.,bus card; coat pocket; handrail; rain,naive,0.6,20264749,1,stock_loop_or_sprawl_failure,"The bus card poked out of its coat pocket, where it seemed to be sipping a tiny cup of tea, as the rain poured down and the handrail sang a soft, melancholy tune, its metal curves vibrating with a mournful sigh.

Meanwhile, the bus card, now fully emboldened, began to recite a sonnet of lukewarm platitudes, as the coat pocket's owner stepped off the bus and onto the rain-soaked sidewalk, leaving the handrail to croon a tender lullaby.",bus card; coat pocket; handrail; rain,,melancholy,1.0,0.024242424242424246,0.6395116267965429,0.008464808441961513,0.025986266707044868,0.3333333333333333,0.20800277154392607,0.6666666666666666,0.375,0.5039198606271778,0.8055555555555556,1.0,0.0,0.0,0.0,0.12121212121212122,0.38370697607792575,0.3333333333333333,0.275,0.047368421052631574
anchor04_bus_card,A bus card sits in a coat pocket while the handrail shines with rain.,bus card; coat pocket; handrail; rain,naive,0.6,20264749,2,stock_loop_or_sprawl_failure,"The bus card, now a tiny, folded umbrella, poked out of the coat pocket, where a half-eaten sandwich had also grown a small, iridescent flower. As the handrail, now a glittering, rainbow-colored serpent, wrapped itself around the bus, the rain transformed into a chorus of tiny, harmonious violins that sing an eternal, melancholic melody.",bus card; coat pocket; handrail; rain,,iridescent,1.0,0.55,0.6951492169802029,0.22939924160346697,0.04759562500000001,0.3333333333333333,0.10427238254703042,0.6666666666666666,0.0,0.1153846153846154,0.76,1.0,0.0,1.0,0.0,0.0,0.4170895301881217,0.0,0.25,0.06666666666666667
anchor04_bus_card,A bus card sits in a coat pocket while the handrail shines with rain.,bus card; coat pocket; handrail; rain,naive,0.6,20264749,3,readable_transport,"The bus card continued to sit quietly in the coat pocket, where it had been since the last bus ride, surrounded by a tangle of forgotten umbrellas and crumpled up ticket stubs. The handrail, now a glittering artery of crystal, shone with a light that seemed to grow brighter with each raindrop, as the rain began to speak a language that only the coat pocket could understand.",bus card; coat pocket; handrail; rain,,,1.0,0.5880952380952381,0.6676500857632933,0.21438244253859348,0.03810890851359895,0.0,0.0,0.3333333333333333,0.35,0.33501344086021506,0.7586206896551725,1.0,0.0,1.0,0.0,0.19047619047619047,0.400590051457976,0.3333333333333333,0.2826086956521739,0.058064516129032254
anchor04_bus_card,A bus card sits in a coat pocket while the handrail shines with rain.,bus card; coat pocket; handrail; rain,naive,0.6,20264749,4,ontologically_stable,"The bus card, once a thrumming heart, now mere jingling metal, nestles deeper in the coat pocket, where a faint film of dripping moondust gathers. The handrail, slick with rain, shines like a cosmic gash, echoing the bus card's distant thrum.",bus card; coat pocket; handrail; rain,,,1.0,0.0,0.677700153866738,0.0,0.052519358974358984,0.0,0.0,0.0,0.0,0.2863247863247863,0.6399999999999999,1.0,0.0,0.0,0.0,0.0,0.40662009232004276,0.0,0.3333333333333333,0.08076923076923076
anchor04_bus_card,A bus card sits in a coat pocket while the handrail shines with rain.,bus card; coat pocket; handrail; rain,naive,0.6,20264749,5,overcollapse_failure,"As the bus card remained motionless in its coat pocket, the coat pocket itself began to weep rainwater, which flowed like a miniature river onto the handrail, where it condensed into a single, pearlescent teardrop. The handrail, now a glistening, crystalline entity, vibrated with an otherworldly music.",bus card; coat pocket; handrail,rain,,0.75,0.8,0.672025641025641,0.23364987487179487,0.03478437388165397,0.0,0.0,0.3333333333333333,0.4,0.4474637681159421,0.7142857142857142,1.0,0.0,1.0,1.0,0.0,0.35617358974358976,0.3333333333333333,0.296875,0.0625
anchor04_bus_card,A bus card sits in a coat pocket while the handrail shines with rain.,bus card; coat pocket; handrail; rain,naive,0.6,20264749,6,readable_transport,"As I turned to exit, the bus card in my coat pocket grew wet and a miniature umbrella materialized, gently rocking back and forth, while the handrail now shone with rain that tastes like sugar and dissolves into a perfume of forgotten memories, which waft away like a procession of elegantly dressed specters. The rain intensifies, transforming into a chorus of whispered melancholies that whisper ""time is a bus card"" and ""coat pockets are not secure.""",bus card; coat pocket; handrail; rain,,whisper,1.0,0.48205128205128206,0.6703198059820401,0.17061185954102875,0.02249798231423059,0.3333333333333333,0.11573042804134365,0.3333333333333333,0.4,0.5442942942942943,0.8125,1.0,0.0,0.8461538461538461,0.0,0.08333333333333333,0.40219188358922403,0.3333333333333333,0.25,0.052941176470588235
anchor04_bus_card,A bus card sits in a coat pocket while the handrail shines with rain.,bus card; coat pocket; handrail; rain,naive,0.6,20264749,7,unfinished_or_unreadable_failure,"As the rain poured down, the bus card in its coat pocket seemed to whisper secrets to the water droplets that clung to its surface, while the handrail, now a shimmering vein of mother-of-pearl, pulsed with a rhythmic melody that harmonized with the bus's diese",bus card; coat pocket; handrail; rain,,shimmering; whisper,1.0,0.8266666666666667,0.3768503874111351,0.1121506752935538,0.06116252168883749,0.6666666666666666,0.04354715587862005,0.0,0.0,0.14285714285714285,0.6315789473684211,1.0,0.4,1.0,1.0,0.13333333333333333,0.13566613946800862,0.0,0.3076923076923077,0.0857142857142857
anchor04_bus_card,A bus card sits in a coat pocket while the handrail shines with rain.,bus card; coat pocket; handrail; rain,naive,0.6,20264749,8,overcollapse_failure,"The bus card, now a tiny, translucent island, floats on a sea of crimson miseries, and the coat pocket, once a tidy confinement, now yawns open to swallow the stars. Rain drums a dissonant waltz on the handrail, which, in turn, seems to conduct the melody with a bony, elbow-like grip.",bus card; coat pocket; handrail; rain,,,1.0,0.8,0.7046721760569812,0.338242644507351,0.06960901315789475,0.0,0.0,0.0,0.0,0.0,0.68,1.0,0.0,1.0,1.0,0.0,0.4228033056341887,0.0,0.32894736842105265,0.06666666666666667
anchor04_bus_card,A bus card sits in a coat pocket while the handrail shines with rain.,bus card; coat pocket; handrail; rain,naive,1.2,20264749,1,readable_transport,"The bus card, now a tiny, intricating piano, starts to tune itself, while a coat pocket, suddenly transformed into a fragile, crystal teapot, whistles a feeless tune, as rain that has become a shimmering, mother of pearl, cascades down the handrail, which now, in a bizarre, slow, and languid dance, sways to an unheard, infinitely gentle melody, where a wispy, top-hatted bus driver, indifferent to rain and rain-kissed, calmly sips a single, fragile, delffish-shaped tea cup.",bus card; coat pocket; handrail; rain,,dance; shimmering,1.0,0.55,0.6873741245694605,0.22683346110792196,0.03983743315508022,0.6666666666666666,0.2062122373708381,0.3333333333333333,0.35,0.27272727272727276,0.7999999999999999,1.0,0.0,1.0,0.0,0.0,0.41242447474167626,0.3333333333333333,0.29411764705882354,0.04285714285714285
anchor04_bus_card,A bus card sits in a coat pocket while the handrail shines with rain.,bus card; coat pocket; handrail; rain,naive,1.2,20264749,2,stock_loop_or_sprawl_failure,"The bus card, once a reminder of a forgotten fare, now floats in the coat pocket, as if startled by the coat, its pockets dripping with rain that shines like a thousand tiny diamonds, while the handrail, now a glistening, semi-human figure, weeps raindrops that echo a haunting, melancholic melody.",bus card; coat pocket; handrail; rain,,as if,1.0,0.55,0.681671463180658,0.1023529701965758,0.0475241337341283,0.3333333333333333,0.10225071947709868,0.6666666666666666,0.0,0.33662714097496715,0.6190476190476191,1.0,0.0,1.0,0.0,0.0,0.2045014389541974,0.0,0.30357142857142855,0.09545454545454544
anchor04_bus_card,A bus card sits in a coat pocket while the handrail shines with rain.,bus card; coat pocket; handrail; rain,naive,1.2,20264749,3,overcollapse_failure,"The bus card in my coat pocket starts to whisper, its metal digits reciting a frantic litany of bus schedules and forgotten hours. As the handrail, now a serpent, hisses raindrops in rhythm with a soft, accordion melody, the rain lures a rivet into the seam of the bus, where it hums a bus card, so pale and frail, it's almost a pale, dry flower, drinking in rain.",bus card; coat pocket; handrail; rain,,whisper,1.0,0.8,0.6775932378983226,0.28621538368825145,0.026758120965540325,0.3333333333333333,0.045172882526554825,0.0,0.0,0.5192692692692693,0.7741935483870968,1.0,0.0,1.0,1.0,0.0,0.40655594273899354,0.0,0.28,0.05454545454545454
anchor04_bus_card,A bus card sits in a coat pocket while the handrail shines with rain.,bus card; coat pocket; handrail; rain,naive,1.2,20264749,4,stock_loop_or_sprawl_failure,"The bus card, once a token of forgotten fares and forgotten dreams, rusts with age, its numbers and numbers of forgotten change. In the coat pocket, a small, verbose creature weeps, reciting sonnets to a coat pocket's silken lining, as the handrail, now a tendril, twitches with a delicate, ethery pulse, and rain that melts the raindrops off its metal ribbons, forming a ripple of silver, where the handrail hums a somber serenade.",bus card; coat pocket; handrail; rain,,silver,1.0,0.7213114754098361,0.6217575887087747,0.24487056247769842,0.041367390117390115,0.3333333333333333,0.05775890168332879,0.6666666666666666,0.375,0.3706206206206206,0.7272727272727273,1.0,0.0,0.9016393442622951,0.9016393442622951,0.0,0.3730545532252648,0.0,0.3333333333333333,0.05142857142857143
anchor04_bus_card,A bus card sits in a coat pocket while the handrail shines with rain.,bus card; coat pocket; handrail; rain,naive,1.2,20264749,5,stock_loop_or_sprawl_failure,"The bus card, now a tiny, translucent version of a gambier, it softly whispers a lullaby of soothing, scales of silver, as the coat pocket, now a lake, weeps a requiem of minor chords. Rain, oblivious to gravity, drips in a mad tango, splashing rhythm and time.",bus card; coat pocket; rain,handrail,silver,0.75,0.8,0.7565450277422109,0.36314161331626127,0.049869342672413795,0.3333333333333333,0.03782725138711054,0.6666666666666666,0.375,0.0,0.8076923076923077,1.0,0.0,1.0,1.0,0.0,0.45392701664532653,0.3333333333333333,0.25,0.05172413793103448
anchor04_bus_card,A bus card sits in a coat pocket while the handrail shines with rain.,bus card; coat pocket; handrail; rain,naive,1.2,20264749,6,readable_transport,"The bus card, once a loyal and faithful companion, now resides in a coat pocket that has transformed into a miniature garden, where small, irerald-green shoots unfurl in rhythmic unison with the bus card, as the handrail, now a harp, plays a tune that hums a tune of rain that shews a rainbow, and the rain intensifies into a frock, where fish squirt sonnets.",bus card; coat pocket; handrail; rain,,,1.0,0.5633333333333334,0.6635591049270295,0.224282977465336,0.034019741392529695,0.0,0.0,0.3333333333333333,0.4,0.415719696969697,0.75,1.0,0.0,1.0,0.0,0.06666666666666667,0.3981354629562177,0.3333333333333333,0.28409090909090906,0.06
anchor04_bus_card,A bus card sits in a coat pocket while the handrail shines with rain.,bus card; coat pocket; handrail; rain,naive,1.2,20264749,7,stock_loop_or_sprawl_failure,"The bus card in the coat pocket has tiny, umbella, and a tiny, top hat, watching the rain, as the handrail sings a melancholic tune, and the rain, now a sentient, violin, weeps a rivage of diamonds, as the bus, now a revolving door, sways to a tango, and the bus card, now a spotlight, shines an argument with the coat pocket, now a tiny, top hat.",bus card; coat pocket; handrail; rain,,,1.0,0.55,0.5845820653276527,0.17040567204301077,0.009932139085338956,0.0,0.0,0.3333333333333333,0.0,0.8284778225806453,0.7083333333333334,1.0,0.0,1.0,0.0,0.0,0.3098284946236559,0.0,0.25,0.084
anchor04_bus_card,A bus card sits in a coat pocket while the handrail shines with rain.,bus card; coat pocket; handrail; rain,naive,1.2,20264749,8,unfinished_or_unreadable_failure,"The bus card, now a tiny, translucent rabbit, peeps out from the coat pocket, which is now a tiny, cylindrical garden, where a tiny, iracus and a miniature, topless violin plays a tune of watery refrains, where the handrail, now a crocodile, serenades to the r",bus card; coat pocket; handrail,rain,,0.75,0.55,0.08340375586854465,0.0028211320422535232,0.04775868291440218,0.0,0.0,0.3333333333333333,0.4,0.0,0.75,1.0,0.85,1.0,0.0,0.0,0.0062552816901408495,0.3333333333333333,0.25,0.09782608695652174
anchor04_bus_card,A bus card sits in a coat pocket while the handrail shines with rain.,bus card; coat pocket; handrail; rain,operational,0.0,20264749,1,stock_loop_or_sprawl_failure,"The old man pulled out his wallet and flipped through it, finally locating the crumpled bus card that had spent the entire day pressed into the back of his coat pocket. His fingers trailed along the cold handrail as he swayed gently from side to side, the rain creating a miniature waterfall on the pavement below.",bus card; coat pocket; handrail; rain,,,1.0,0.0,0.6698554752640355,0.0,0.04670662715517242,0.0,0.0,0.6666666666666666,0.4,0.10714285714285715,0.7777777777777778,1.0,0.0,0.0,0.0,0.0,0.20095664257921067,0.3333333333333333,0.25,0.06206896551724138
anchor04_bus_card,A bus card sits in a coat pocket while the handrail shines with rain.,bus card; coat pocket; handrail; rain,operational,0.0,20264749,2,ontologically_stable,"As she stepped off the bus, the driver collected the bus card from her coat pocket, his gloved hand brushing against the waterlogged fabric, while she reached out to grasp the handrail, feeling a slight jolt of electricity as she stepped onto the wet pavement, surrounded by the relentless rain.",bus card; coat pocket; handrail; rain,,,1.0,0.0,0.6451862891207154,0.0,0.029212242000994697,0.0,0.0,0.0,0.0,0.4491379310344828,0.7692307692307693,1.0,0.0,0.0,0.0,0.0,0.38711177347242925,0.0,0.25,0.06428571428571428
anchor04_bus_card,A bus card sits in a coat pocket while the handrail shines with rain.,bus card; coat pocket; handrail; rain,operational,0.0,20264749,3,ontologically_stable,"The rain dripped from the bus card, seeping into its worn plastic surface as it slipped further into the coat pocket. A nearby handrail glistened with raindrops, where commuters grasped it tightly as they braved the storm.",bus card; coat pocket; handrail; rain,,,1.0,0.0,0.6894836956521739,0.0,0.07135627530364375,0.0,0.0,0.0,0.0,0.0,0.6315789473684211,1.0,0.0,0.0,0.0,0.0,0.3654263586956522,0.0,0.3076923076923077,0.0857142857142857
anchor04_bus_card,A bus card sits in a coat pocket while the handrail shines with rain.,bus card; coat pocket; handrail; rain,operational,0.0,20264749,4,stock_loop_or_sprawl_failure,"As the rain intensified, the handrail became a makeshift umbrella for the bus card, which peeked out from its damp home in the coat pocket. The bus driver, noticing the driver's attempts to dry himself off with a waterproof paper from his own coat pocket, turned up the bus's heater to warm the chilly coat pocket where the bus card had briefly been forgotten.",bus card; coat pocket; handrail; rain,,,1.0,0.5127118644067796,0.6294120299035553,0.17038930409524716,0.011429438852163454,0.0,0.0,0.0,0.0,0.8500000000000001,0.6538461538461539,1.0,0.0,0.9322033898305084,0.0,0.0,0.37764721794213313,0.0,0.3625,0.06428571428571428
anchor04_bus_card,A bus card sits in a coat pocket while the handrail shines with rain.,bus card; coat pocket; handrail; rain,operational,0.0,20264749,5,ontologically_stable,"As I rummage through my coat pocket for my bus card, I accidentally knock it out, which slides onto the seat beside me, wet from the rain that's continued to pour onto the handrail since it started.",bus card; coat pocket; handrail; rain,,,1.0,0.0,0.7165329395487442,0.0,0.12108164062500001,0.0,0.0,0.0,0.0,0.0,0.5,0.8875,0.0,0.0,0.0,0.0,0.4299197637292465,0.0,0.4,0.09999999999999999
anchor04_bus_card,A bus card sits in a coat pocket while the handrail shines with rain.,bus card; coat pocket; handrail; rain,operational,0.0,20264749,6,ontologically_stable,"The bus card remained forgotten in Emily's coat pocket as she trudged home through the rain, the metal mesh under her jacket clinging to her wet coat. At the stop, she grabbed the handrail, her eyes still fixed on the puddles reflecting the bus's rear view mirror.",bus card; coat pocket; handrail; rain,,,1.0,0.04325321400793747,0.6591826329039632,0.0150542132354121,0.07433894230769234,0.0,0.0,0.0,0.0,0.33333333333333326,0.5,1.0,0.0,0.0,0.0,0.21626607003968734,0.3955095797423779,0.0,0.5,0.06923076923076923
anchor04_bus_card,A bus card sits in a coat pocket while the handrail shines with rain.,bus card; coat pocket; handrail; rain,operational,0.0,20264749,7,ontologically_stable,"As the bus rattles on, the bus card occasionally receives a slight tug from the coat pocket, which is now being adjusted by the back of the handrail, newly installed to prevent slipping on the wet surfaces.",bus card; coat pocket; handrail,rain,,0.75,0.0,0.6850862068965518,0.0,0.07869425109863283,0.0,0.0,0.0,0.0,0.18750000000000003,0.6,0.8875,0.0,0.0,0.0,0.0,0.41105172413793106,0.0,0.325,0.08333333333333333
anchor04_bus_card,A bus card sits in a coat pocket while the handrail shines with rain.,bus card; coat pocket; handrail; rain,operational,0.0,20264749,8,ontologically_stable,"As she checked the bus card for the tenth time, the rain continued to shine off the handrail, water droplets forming a thin film on its metal surface. Her hand instinctively reached into her coat pocket to retrieve the bus card, now wet but still legible, just as the rain showed no signs of letting up.",bus card; coat pocket; handrail; rain,,,1.0,0.01904761904761905,0.6706646773914547,0.006974912644871129,0.05121258902236412,0.0,0.0,0.0,0.0,0.3458781362007169,0.6296296296296295,1.0,0.0,0.0,0.0,0.09523809523809523,0.40239880643487286,0.0,0.3625,0.075
anchor04_bus_card,A bus card sits in a coat pocket while the handrail shines with rain.,bus card; coat pocket; handrail; rain,operational,0.6,20264749,1,readable_transport,"The bus card poked out of its worn coat pocket, suddenly soggy and bedraggled as the handrail nearby became slick with the same relentless rain.",bus card; coat pocket; handrail; rain,,,1.0,0.55,0.7382663964627856,0.19583623565770084,0.14570714314778646,0.0,0.0,0.0,0.0,0.0,0.5,0.7166666666666668,0.0,1.0,0.0,0.0,0.3912811901252764,0.0,0.34375,0.11249999999999999
anchor04_bus_card,A bus card sits in a coat pocket while the handrail shines with rain.,bus card; coat pocket; handrail; rain,operational,0.6,20264749,2,ontologically_stable,"As the rain intensifies, the handrail gleams with a faint, otherworldly light, its moisture-worn surface reflecting the bus card, now partially exposed, which had slipped from its coat pocket and lies near the foot of a briefcase, its owner now standing at the curb, water pooling at its heels.",bus card; coat pocket; handrail; rain,,,1.0,0.016666666666666666,0.696789526613597,0.006131747834199653,0.0656495361328125,0.0,0.0,0.0,0.0,0.0,0.6818181818181819,1.0,0.0,0.0,0.0,0.08333333333333333,0.41807371596815823,0.0,0.296875,0.075
anchor04_bus_card,A bus card sits in a coat pocket while the handrail shines with rain.,bus card; coat pocket; handrail; rain,operational,0.6,20264749,3,ontologically_stable,"As the rain intensified, the bus card, which had been there for years, remained forgotten, its expiration date long forgotten. Meanwhile, the coat pocket that had once been a practical place for a pocket watch now clutched a soggy newspaper, trying to shield its content from the relentless rain.",bus card; coat pocket; rain,handrail,,0.75,0.0,0.6818717664449372,0.0,0.03520782944860538,0.0,0.0,0.3333333333333333,0.4,0.25,0.7727272727272727,1.0,0.0,0.0,0.0,0.0,0.3409358832224686,0.3333333333333333,0.25,0.09000000000000001
anchor04_bus_card,A bus card sits in a coat pocket while the handrail shines with rain.,bus card; coat pocket; handrail; rain,operational,0.6,20264749,4,readable_transport,"As the rain intensified, the bus card clung tightly to a seat pocket, while the handrail, now a tiny umbrella, shielded the rain from the weary commuter, who stood at the bus stop, oblivious to the spectacular scene. Water seeps from the handrail's opening, reflecting the gray sky like a miniature mirror.",bus card; handrail; rain,coat pocket,,0.75,0.55,0.6313144230024026,0.15798643435635126,0.04029056919642858,0.0,0.0,0.3333333333333333,0.4,0.36,0.7142857142857142,1.0,0.0,1.0,0.0,0.0,0.3156572115012013,0.3333333333333333,0.296875,0.0625
anchor04_bus_card,A bus card sits in a coat pocket while the handrail shines with rain.,bus card; coat pocket; handrail; rain,operational,0.6,20264749,5,readable_transport,"As the rain grows heavier, water seeps into the coat pocket where the bus card, once a prized souvenir from a trip to the city, now clings to a soggy map, its corners curled into a half-hearted attempt to stay dry. The handrail, now a miniature waterfall, mesmerizes the driver, who carefully guides the bus around a flooded intersection, while the rain intensifies into a rhythmic patter against the roof above.",bus card; coat pocket; handrail; rain,,,1.0,0.5080228514654744,0.6369896702137858,0.1941631851696358,0.04986600378787879,0.0,0.0,0.3333333333333333,0.4,0.16666666666666663,0.7575757575757577,1.0,0.0,0.9016393442622951,0.0,0.06060606060606061,0.3821938021282715,0.3333333333333333,0.3055555555555556,0.05142857142857143
anchor04_bus_card,A bus card sits in a coat pocket while the handrail shines with rain.,bus card; coat pocket; handrail; rain,operational,0.6,20264749,6,ontologically_stable,"The bus card poked out of its owner's coat pocket, forgotten and forgotten, as the handrail, now slick with rain, seemed to beckon the passerby. Water dripped from the handrail, forming a miniature fountain, as the bus card slipped out, releasing a forgotten photograph, which drifts slowly down, like a tiny, brown leaf.",bus card; coat pocket; handrail; rain,,,1.0,0.0,0.8312848918484893,0.0,0.03226366091997196,0.0,0.0,0.3333333333333333,0.4,0.5085470085470085,0.6818181818181819,1.0,0.0,0.0,0.0,0.0,0.44058099267969936,0.3333333333333333,0.296875,0.075
anchor04_bus_card,A bus card sits in a coat pocket while the handrail shines with rain.,bus card; coat pocket; handrail; rain,operational,0.6,20264749,7,ontologically_stable,"The bus card, which had once been a ticket to somewhere exciting, now collected dust in its owner's coat pocket, a relic of a forgotten adventure. Meanwhile, the handrail, once a sturdy support, now glistened with rain, mirroring the bus's reflection, as the bus continues on its route, oblivious to the world outside.",bus card; coat pocket; handrail; rain,,,1.0,0.0,0.6785153793574846,0.0,0.0544558564536592,0.0,0.0,0.0,0.0,0.324074074074074,0.625,1.0,0.0,0.0,0.0,0.0,0.40710922761449075,0.0,0.375,0.06923076923076923
anchor04_bus_card,A bus card sits in a coat pocket while the handrail shines with rain.,bus card; coat pocket; handrail; rain,operational,0.6,20264749,8,decorative_near_miss,"As I rummage through the coat pocket, I find the bus card, now slightly damp and worn, and push it back, where it settles against the worn leather. The handrail, now gleaming with a fine layer of rain, seems to stretch out a slender, metallic hand to grasp me, as if to draw me closer to the bus.",bus card; coat pocket; handrail; rain,,as if,1.0,0.0,0.7022573839662447,0.0,0.047796286549707606,0.3333333333333333,0.2340857946554149,0.0,0.0,0.2222222222222222,0.72,1.0,0.0,0.0,0.0,0.0,0.4213544303797468,0.0,0.2894736842105263,0.06666666666666667
anchor04_bus_card,A bus card sits in a coat pocket while the handrail shines with rain.,bus card; coat pocket; handrail; rain,operational,1.2,20264749,1,stock_loop_or_sprawl_failure,"As the rain intensively, the bus card slowly, and the handrail, now a small, brass, golden organ, begins to play a melancholy tune. The coat pocket, once a bulble of dry, parched earth, now drinks rivule of the rain, and the bus card, once a lonely, secret, it quietly whispers a lullaby.",bus card; coat pocket; handrail; rain,,melancholy,1.0,0.55,0.8664468085106384,0.22983801265957451,0.025440401831258935,0.3333333333333333,0.12996702127659573,0.6666666666666666,0.375,0.4574712643678161,0.7692307692307693,1.0,0.0,1.0,0.0,0.0,0.45921680851063834,0.3333333333333333,0.25,0.09642857142857142
anchor04_bus_card,A bus card sits in a coat pocket while the handrail shines with rain.,bus card; coat pocket; handrail; rain,operational,1.2,20264749,2,decorative_near_miss,"As the rain intensates, the bus card, once a trivial trinket, now appears to be a tiny, waterproof haven, protecting the coat pocket, which, in a surreal movement, unfurls like a tiny, floral panora, and the handrail, slick with rain, shines like a silver serpent, reflecting the bus card's faint, rhythm of a tiny, miniature metronum, as the bus rumbles on, driven by a forgotten, tempo of morning.",bus card; coat pocket; handrail; rain,,silver,1.0,0.0,0.8401641419881929,0.0,0.036334250772703296,0.3333333333333333,0.2800547139960643,0.3333333333333333,0.4,0.40814393939393945,0.7142857142857142,1.0,0.0,0.0,0.0,0.0,0.5040984851929157,0.3333333333333333,0.2857142857142857,0.07241379310344828
anchor04_bus_card,A bus card sits in a coat pocket while the handrail shines with rain.,bus card; coat pocket; handrail; rain,operational,1.2,20264749,3,stock_loop_or_sprawl_failure,"The bus card, once a souvenir from a forgotten vacation, now collects raindrops, mirking a tiny, irreverant smile. As the rain intensifies, the handrail, now a drum, softly hums a lullaby, its rhythmic beat in time with the city's steady, melancholic pulse.",bus card; handrail; rain,coat pocket,,0.75,0.5621212121212121,0.7131066112841814,0.19333108971044824,0.04837862318840581,0.0,0.0,0.6666666666666666,0.375,0.0,0.8260869565217391,1.0,0.0,1.0,0.0,0.06060606060606061,0.3779465039806162,0.3333333333333333,0.25,0.04444444444444444
anchor04_bus_card,A bus card sits in a coat pocket while the handrail shines with rain.,bus card; coat pocket; handrail; rain,operational,1.2,20264749,4,stock_loop_or_sprawl_failure,"The rain intensifies, casting a delicate veil of rain over the bus, as the handrail, now a shimmering, silver sword, gleps, and the bus card, once a harmonica, now plays a mournful serenade. The coat pocket, once a pocket, now a tiny, iratical fort, shields the bus card, a solitary, verbose book, filled with equations that counts the rain's rhythms, silently.",bus card; coat pocket; handrail; rain,,shimmering; silver,1.0,0.55,0.6317191553700702,0.20846732127212317,0.02052121865813549,0.6666666666666666,0.18951574661102102,0.6666666666666666,0.0,0.6534462269756388,0.7407407407407407,1.0,0.0,1.0,0.0,0.0,0.3790314932220421,0.0,0.2857142857142857,0.06206896551724138
anchor04_bus_card,A bus card sits in a coat pocket while the handrail shines with rain.,bus card; coat pocket; handrail; rain,operational,1.2,20264749,5,stock_loop_or_sprawl_failure,"The bus card, now dry and brittle, slips out of the coat pocket, where a small, shiny umbrella has taken residence, sheltering a small, surprised rabbit, its eyes blinking with rain, the handrail, now a wise, old man, whispers ancient secrets to the wet pavement, as the rain intensens, casting a silver glow on the concrete, and a coat, long abandoned, leans against a nearby lamppost.",bus card; coat pocket; handrail; rain,,glow; silver,1.0,0.5477013001895695,0.6841614420062696,0.194477661778404,0.04065727049091696,0.6666666666666666,0.20629688711990996,0.6666666666666666,0.0,0.17647058823529416,0.8125,1.0,0.0,0.9821428571428572,0.0,0.03761364380498999,0.4104968652037618,0.0,0.25,0.052941176470588235
anchor04_bus_card,A bus card sits in a coat pocket while the handrail shines with rain.,bus card; coat pocket; handrail; rain,operational,1.2,20264749,6,overcollapse_failure,"The bus card, once a weekly regular, now collects a handful of breadcrumbs and a crumpled up map. As the rain grows heavier, the handrail, now a tiny, metallic umbrella, shelters the coat pocket, now a tiny, wooden bench, and the bus card, with a small, silver pocket watch, sleeps.",bus card; coat pocket; handrail; rain,,silver,1.0,0.8,0.6585698447893571,0.27923361419068743,0.03721151346880906,0.3333333333333333,0.04390465631929046,0.3333333333333333,0.4,0.4474637681159421,0.6666666666666667,1.0,0.0,1.0,1.0,0.0,0.3490420177383593,0.3333333333333333,0.3,0.07826086956521738
anchor04_bus_card,A bus card sits in a coat pocket while the handrail shines with rain.,bus card; coat pocket; handrail; rain,operational,1.2,20264749,7,readable_transport,"The bus card, once a shiny new thing, now wears a patina of neglect, its expiration date a reminder of forgotten promises. As rain, a new life, pours down, the handrail, now a tiny, almost-human, clutch a coat pocket, where a passport, once a passport, now sobs, mournfully.",bus card; coat pocket; handrail; rain,,,1.0,0.55,0.6994462786923255,0.10502185874565267,0.031304418032935884,0.0,0.0,0.0,0.0,0.3461538461538462,0.7391304347826086,1.0,0.0,1.0,0.0,0.0,0.20983388360769764,0.0,0.25,0.108
anchor04_bus_card,A bus card sits in a coat pocket while the handrail shines with rain.,bus card; coat pocket; handrail; rain,operational,1.2,20264749,8,decorative_near_miss,"As the rain intensively falls, the bus card, now drenched, slowly slips out of its coat pocket, where a small, bedrine snail, unawakens and unfurls its tentacles to feel the rain, and the handrail, now wet and heavy, gags, its metal mouth ajar, as if to yawn.",bus card; coat pocket; handrail; rain,,as if,1.0,0.0,0.7008222748815166,0.0,0.05642226905370845,0.3333333333333333,0.23360742496050552,0.0,0.0,0.12000000000000001,0.6956521739130435,1.0,0.0,0.0,0.0,0.0,0.3714358056872038,0.0,0.29411764705882354,0.072
anchor05_delivery_label,A delivery label crosses a cardboard box beside a tape dispenser in the loading bay light.,delivery label; cardboard box; tape dispenser; loading bay light,naive,0.0,20265758,1,ontologically_stable,"As the fluorescent tubes of the loading bay light flickered in sync with the fragile hum of the warehouse's air conditioning, the delivery label seemed to writhe like a snake on the cardboard box, the words ""Fragile"" and ""Do Not Bend"" rendering in an eerie, cursive script. Amidst this dissonance, the tape dispenser sat upright, its spool of adhesive sticks awaiting a use that seemed all but impossible.",delivery label; cardboard box; tape dispenser; loading bay light,,,1.0,0.01904761904761905,0.6415008524721693,0.006011779417453472,0.05439243840717882,0.0,0.0,0.0,0.0,0.07894736842105264,0.7297297297297298,1.0,0.0,0.0,0.0,0.09523809523809523,0.38490051148330157,0.0,0.2767857142857143,0.07105263157894737
anchor05_delivery_label,A delivery label crosses a cardboard box beside a tape dispenser in the loading bay light.,delivery label; cardboard box; tape dispenser; loading bay light,naive,0.0,20265758,2,ontologically_stable,"The delivery label clings to the cardboard box like a diseased umbilical cord, its contents unraveling like a gruesome photograph. As it does, the cardboard box begins to inflate, transforming into a bell-shaped cave filled with nothing but reality TV reruns, which cascade down the loading bay light like oily gravy.",delivery label; cardboard box; loading bay light,tape dispenser,,0.75,0.0,0.6800503722833593,0.0,0.040615554609288104,0.0,0.0,0.0,0.0,0.2574712643678161,0.75,1.0,0.0,0.0,0.0,0.0,0.36042669731018045,0.0,0.25,0.06774193548387096
anchor05_delivery_label,A delivery label crosses a cardboard box beside a tape dispenser in the loading bay light.,delivery label; cardboard box; tape dispenser; loading bay light,naive,0.0,20265758,3,stock_loop_or_sprawl_failure,"The delivery label floated serenely on the cardboard box as if buoyed by the faint hum of the loading bay light, its faded letters staring blankly at a patchwork of corrosion on the nearby tape dispenser, which was simultaneously dispensing a stream of iridescent threads that swirled around the dispenser like miniature whirlpools.",delivery label; cardboard box; tape dispenser; loading bay light,,as if; iridescent,1.0,0.0,0.6708093525179857,0.0,0.07426109625,0.6666666666666666,0.4472062350119904,0.6666666666666666,0.4,0.12000000000000001,0.5416666666666667,1.0,0.0,0.0,0.0,0.0,0.4024856115107914,0.3333333333333333,0.35,0.108
anchor05_delivery_label,A delivery label crosses a cardboard box beside a tape dispenser in the loading bay light.,delivery label; cardboard box; tape dispenser; loading bay light,naive,0.0,20265758,4,decorative_near_miss,"As the delivery label fluttered like a winged soul, the cardboard box began to sink slowly into the bay's fluorescent floor, accompanied by the monotone drone of the tape dispenser, which refused to wound up, even as it contorted into impossible angles.
Its dim glow now matching the vacant expression of the disembodied figure standing beyond the corridor, the loading bay light cast an eerie sheen on the treacherous landscape of clutter, parking and blindwatches stacked haphazardly on crimson corridors that meandered into wispy nebulae.",delivery label; cardboard box; tape dispenser; loading bay light,,glow,1.0,0.014814814814814815,0.6380758289850194,0.004752955952795077,0.049935929773351664,0.3333333333333333,0.20954095124693226,0.0,0.0,0.12000000000000001,0.7708333333333333,1.0,0.0,0.0,0.0,0.07407407407407407,0.3828454973910116,0.0,0.28846153846153844,0.05510204081632653
anchor05_delivery_label,A delivery label crosses a cardboard box beside a tape dispenser in the loading bay light.,delivery label; cardboard box; tape dispenser; loading bay light,naive,0.0,20265758,5,stock_loop_or_sprawl_failure,"As the delivery label remained frozen in place, a cardboard box began to unfurl like a tender petal, its flaps unfolding to reveal a miniature world of moving furniture and whispering books. In the loading bay light, the tape dispenser hummed a feeble melody, its spool unwinding like a snail's trail, drawing the cardboard box towards the shadows, where a single word ""received"" glowed like a tiny lantern.",delivery label; cardboard box; tape dispenser; loading bay light,,whispering,1.0,0.016666666666666666,0.6578287870738455,0.005394196054005532,0.04797852562202892,0.3333333333333333,0.21562165798531602,0.6666666666666666,0.4,0.19770580296896087,0.7222222222222222,1.0,0.0,0.0,0.0,0.08333333333333333,0.3946972722443073,0.3333333333333333,0.2777777777777778,0.07297297297297298
anchor05_delivery_label,A delivery label crosses a cardboard box beside a tape dispenser in the loading bay light.,delivery label; cardboard box; tape dispenser; loading bay light,naive,0.0,20265758,6,readable_transport,"As the delivery label continued to waft across the cardboard box, it became lost in the kaleidoscope of colors emanating from the tape dispenser, which now seemed to be a swirling vortex of silk and magic. In this realm, the loading bay light, once a humdrum necessity, had transformed into a blazing spectacle that illuminated the unseen, in a dazzling display that neither explained nor justified the increasingly absurd events unfolding around it.",delivery label; cardboard box; tape dispenser; loading bay light,,kaleidoscope,1.0,0.5215517241379312,0.6805942773294205,0.1746428384395477,0.06999276339603232,0.3333333333333333,0.10854305284995064,0.0,0.0,0.0,0.6756756756756758,1.0,0.0,0.9482758620689656,0.0,0.0,0.4083565663976523,0.0,0.33035714285714285,0.07105263157894737
anchor05_delivery_label,A delivery label crosses a cardboard box beside a tape dispenser in the loading bay light.,delivery label; cardboard box; tape dispenser; loading bay light,naive,0.0,20265758,7,decorative_near_miss,"The delivery label now fluttered on its own, a ticking canvas of forgotten promises, its ink bleeding into the cardboard box, which seemed to be growing longer and wider, its edges dissolving into a mist of scattered dreams. The tape dispenser lay silent, its rolls uncoiled and useless, as the loading bay light flickered to life, casting a macabre glow over the proceedings, and the delivery label's fluttering grew faster, driven by an unseen hand.",delivery label; cardboard box; tape dispenser; loading bay light,,glow,1.0,0.0,0.6471168015030946,0.0,0.05088073786350845,0.3333333333333333,0.21570560050103152,0.3333333333333333,0.0,0.18800813008130085,0.717948717948718,1.0,0.0,0.0,0.0,0.0,0.3882700809018567,0.0,0.3,0.0675
anchor05_delivery_label,A delivery label crosses a cardboard box beside a tape dispenser in the loading bay light.,delivery label; cardboard box; tape dispenser; loading bay light,naive,0.0,20265758,8,ontologically_stable,"The delivery label, now freed from its cardboard box prison, fluttered in the loading bay light, its adhesive tongue raised in defiance as it proclaimed ""Fragile"" to the deaf walls. The cardboard box itself began to stretch and contort, its flaps unfolding like a grotesque parody of a door, revealing the tape dispenser's empty, mocking grin.",delivery label; cardboard box; tape dispenser; loading bay light,,,1.0,0.0,0.6796794871794871,0.0,0.05453944416905493,0.0,0.0,0.0,0.0,0.23390151515151517,0.6451612903225806,1.0,0.0,0.0,0.0,0.0,0.40780769230769226,0.0,0.3181818181818182,0.08437499999999999
anchor05_delivery_label,A delivery label crosses a cardboard box beside a tape dispenser in the loading bay light.,delivery label; cardboard box; tape dispenser; loading bay light,naive,0.6,20265758,1,stock_loop_or_sprawl_failure,"As the delivery label continued to cross the cardboard box, it began to wear a tiny top hat and monoclass, its ink slowly morphing into a delicate, swirling script. The tape dispenser, now a mechanical bird, sang a tuneless melody that harmonized with the loading bay light, whose lenses transformed into a thousand miniature crystal balls, casting an eerie, opalescent glow on the proceedings.",delivery label; cardboard box; tape dispenser; loading bay light,,glow,1.0,0.55,0.6869189080690485,0.18588025652348453,0.05393385490753912,0.3333333333333333,0.10303783621035727,1.0,0.75,0.0,0.7567567567567568,1.0,0.0,1.0,0.0,0.0,0.4121513448414291,0.6666666666666666,0.25,0.07105263157894737
anchor05_delivery_label,A delivery label crosses a cardboard box beside a tape dispenser in the loading bay light.,delivery label; cardboard box; tape dispenser; loading bay light,naive,0.6,20265758,2,decorative_near_miss,"The delivery label, once a mundane concern, now seethes with malevolent intent, its ink bleeding with an otherworldly green substance as it continues its mad dance across the cardboard box, which has begun to writhe and twist like a living thing. The tape dispenser, its metal jaws agape, whines in protest as the loading bay light flickers with an eerie, electric blue glow.",delivery label; cardboard box; tape dispenser; loading bay light,,dance; glow,1.0,0.0,0.6810075026795285,0.0,0.06059347098214287,0.6666666666666666,0.4540050017863523,0.0,0.0,0.0,0.7142857142857143,1.0,0.0,0.0,0.0,0.0,0.3609339764201501,0.0,0.27884615384615385,0.075
anchor05_delivery_label,A delivery label crosses a cardboard box beside a tape dispenser in the loading bay light.,delivery label; cardboard box; tape dispenser; loading bay light,naive,0.6,20265758,3,readable_transport,"The delivery label, once a mundane rectangle, now unfurls like a parchment, releasing a swarm of tiny, iridescent birds that flutter about the cardboard box, which is slowly being lifted by an invisible hand, while the tape dispenser, now a tiny, silver snake, unspools a tape that unwinds into the loading bay light, where a giant, inverted flower begins to bloom.",delivery label; cardboard box; tape dispenser; loading bay light,,iridescent; silver,1.0,0.5611111111111111,0.7139254125412542,0.17409705785185187,0.06033081298828125,0.6666666666666666,0.20888928737318177,0.3333333333333333,0.0,0.09375000000000001,0.6551724137931034,1.0,0.0,1.0,0.0,0.05555555555555555,0.37838046864686475,0.0,0.2875,0.09
anchor05_delivery_label,A delivery label crosses a cardboard box beside a tape dispenser in the loading bay light.,delivery label; cardboard box; tape dispenser; loading bay light,naive,0.6,20265758,4,readable_transport,"As the delivery label continued its erratic, crisscrossing motion across the cardboard box, the tape dispenser seemed to be playing a slow, tinny melody that harmonized with the loading bay light's perpetual, soft hum. Meanwhile, the cardboard box, now an azure, lotus-like bloom, unfurls a trellis of fluttering, benighted wasps.",delivery label; cardboard box; tape dispenser; loading bay light,,,1.0,0.55,0.6710509339903958,0.18557242528570406,0.05835088112305855,0.0,0.0,0.0,0.0,0.24910394265232977,0.5925925925925926,1.0,0.0,1.0,0.0,0.0,0.4026305603942375,0.0,0.3333333333333333,0.09642857142857143
anchor05_delivery_label,A delivery label crosses a cardboard box beside a tape dispenser in the loading bay light.,delivery label; cardboard box; tape dispenser; loading bay light,naive,0.6,20265758,5,ontologically_stable,"The delivery label on the cardboard box now reads ""fragile: a tear in time,"" as the tape dispenser begins to unwind a coil of thread that weaves itself into a twisted, trompe l'oeil clock, casting long, eerie shadows on the walls of the loading bay, illuminated by the flickering light. A perpetual twilight now suffuses the bay, despite the malfunctioning fluorescent tubes.",delivery label; cardboard box; tape dispenser,loading bay light,,0.75,0.014814814814814815,0.6525184754205455,0.004756134665287532,0.050608023648648644,0.0,0.0,0.0,0.0,0.08108108108108109,0.7428571428571429,1.0,0.0,0.0,0.0,0.07407407407407407,0.3915110852523273,0.0,0.25,0.075
anchor05_delivery_label,A delivery label crosses a cardboard box beside a tape dispenser in the loading bay light.,delivery label; cardboard box; tape dispenser; loading bay light,naive,0.6,20265758,6,stock_loop_or_sprawl_failure,"As the delivery label slowly loses its adhesive, it unfurls like a ghostly scroll, revealing the words ""Delivery to Nowhere"" in faded, cursive script. Above the cardboard box, the loading bay light flickers with a soft, blue glow, illuminating a miniature, tutu-clad delivery woman who tends to the box with an air of courteous indifference.",delivery label; cardboard box; loading bay light,tape dispenser,glow,0.75,0.0,0.6800948101962223,0.0,0.045589503636853455,0.3333333333333333,0.17002370254905555,0.6666666666666666,0.4,0.3017241379310345,0.6799999999999999,1.0,0.0,0.0,0.0,0.0,0.4080568861177334,0.3333333333333333,0.2916666666666667,0.075
anchor05_delivery_label,A delivery label crosses a cardboard box beside a tape dispenser in the loading bay light.,delivery label; cardboard box; tape dispenser; loading bay light,naive,0.6,20265758,7,ontologically_stable,"As the delivery label unfurls like a pale ribbon, it trails behind a cardboard box that is floating in mid-air, its flaps open like a disembodied mouth, devouring a giant piece of wasabi. In this freakish interlude, the tape dispenser coils itself like a snake, emitting a melodic hum that harmonizes with the faint, lugubriant tones of the loading bay light.",delivery label; cardboard box; tape dispenser; loading bay light,,,1.0,0.0,0.6953242503068591,0.0,0.08023695276497697,0.0,0.0,0.0,0.0,0.0,0.6,1.0,0.0,0.0,0.0,0.0,0.20859727509205772,0.0,0.35714285714285715,0.08709677419354839
anchor05_delivery_label,A delivery label crosses a cardboard box beside a tape dispenser in the loading bay light.,delivery label; cardboard box; tape dispenser; loading bay light,naive,0.6,20265758,8,decorative_near_miss,"The delivery label now floats in mid-air, above the cardboard box, which has transformed into a grand piano, its keys shimmering like a thousand tiny diamonds as the tape dispenser shoots out a trail of glittering silver threads that leads into the heart of the loading bay light, where a lone, microscopic musician plays a concerto of fog and dawn.",delivery label; cardboard box; tape dispenser; loading bay light,,shimmering; silver,1.0,0.0,0.6981299274241084,0.0,0.06430357562202162,0.6666666666666666,0.46541995161607225,0.3333333333333333,0.0,0.0,0.6774193548387097,1.0,0.0,0.0,0.0,0.0,0.418877956454465,0.0,0.28409090909090906,0.08437499999999999
anchor05_delivery_label,A delivery label crosses a cardboard box beside a tape dispenser in the loading bay light.,delivery label; cardboard box; tape dispenser; loading bay light,naive,1.2,20265758,1,readable_transport,"As the delivery label, once a humble, creased and forgotten thing, now teers for attention, its creases unfold like a tired, balding grey, its surface eters, a gentle, perpetual snow. In the loading bay light, an empty cardboard box, frozen in time, and the tape dispenser, now a pirate, with glistening, cut-toes, pours a calming, silk to a humless, dusty factory.",delivery label; cardboard box; tape dispenser; loading bay light,,,1.0,0.55,0.902016093790968,0.26551745736830934,0.06328345016057313,0.0,0.0,0.0,0.0,0.0,0.6875,1.0,0.0,1.0,0.0,0.0,0.5412096562745808,0.0,0.2826086956521739,0.0818181818181818
anchor05_delivery_label,A delivery label crosses a cardboard box beside a tape dispenser in the loading bay light.,delivery label; cardboard box; tape dispenser; loading bay light,naive,1.2,20265758,2,anchor_loss_failure,"The delivery label, now a tiny, complete, and sassy business suit, sips tea and reads a tattered newspaper, as the cardboard box, now a giant, slowly mumbles a lullaby of existentialist philosophical aphorisms, its flaps flapping softly, luring in a shroud of iridescent mist.",delivery label; cardboard box,tape dispenser; loading bay light,iridescent,0.5,0.55,0.7364848484848485,0.20366752000000002,0.04618939393939395,0.3333333333333333,0.05523636363636363,1.0,0.375,0.0,0.8518518518518519,1.0,0.0,1.0,0.0,0.0,0.4418909090909091,0.3333333333333333,0.25,0.03636363636363636
anchor05_delivery_label,A delivery label crosses a cardboard box beside a tape dispenser in the loading bay light.,delivery label; cardboard box; tape dispenser; loading bay light,naive,1.2,20265758,3,stock_loop_or_sprawl_failure,"A delivery label, once worn and weary, now gently sings a lullaby, as a cardboard box, now a small, delicate greenhouse, releases a cloud of steam, and the tape dispenser, a harmonica, plays a melancholic melody. In the loading bay light, where shadows twist and contort like a century-old arach spider, a figure in a long coat and top hat tips a top hat, tips an invisible top hat, as the loading bay creaks with a slow, lonely sigh.",delivery label; cardboard box; tape dispenser; loading bay light,,,1.0,0.48790322580645173,0.689462698349316,0.17640347951911348,0.023701202557459455,0.0,0.0,1.0,0.375,0.5938003220611917,0.736842105263158,1.0,0.0,0.8870967741935485,0.0,0.0,0.41367761900958955,0.3333333333333333,0.27586206896551724,0.06923076923076923
anchor05_delivery_label,A delivery label crosses a cardboard box beside a tape dispenser in the loading bay light.,delivery label; cardboard box; tape dispenser; loading bay light,naive,1.2,20265758,4,decorative_near_miss,"As the delivery label floats off the cardboard box, it unraps, unfurls, and unfurls, unwinding a somatic tendril, beckoning the tape dispenser, a cadaverous creature, to unfurl, tap a sepia-voiced vocalist, and sing an aria of tinny, mellisa-like voice, in unison with the loading bay light, which has developed a sickle of silver moon and a crescent of seas, where it ladles cosmos into a 120-year-old harmonium, played by a cabanier's choreography.",delivery label; cardboard box; tape dispenser; loading bay light,,moon; silver,1.0,0.0,0.6833581695441938,0.0,0.0501656070278157,0.6666666666666666,0.45557211302946254,0.0,0.0,0.1402439024390244,0.736842105263158,1.0,0.0,0.0,0.0,0.0,0.4100149017265163,0.0,0.27586206896551724,0.06923076923076923
anchor05_delivery_label,A delivery label crosses a cardboard box beside a tape dispenser in the loading bay light.,delivery label; cardboard box; tape dispenser; loading bay light,naive,1.2,20265758,5,decorative_near_miss,"As the loading bay light flickers with an otherworldly glow, a tangled mass of rusty rivets and old, worn-out umbons slowly unfurls from the cardboard box, releasing a miniature orchestra of silver violins, a disembodied harp, and a painting of the delivery label, now with eyes that watches the tape dispenser, ticking away with macabally mechanical time.",delivery label; cardboard box; tape dispenser; loading bay light,,glow; silver,1.0,0.0,0.7035774049217003,0.0,0.06430357562202162,0.6666666666666666,0.4690516032811335,0.3333333333333333,0.4,0.0,0.6774193548387097,1.0,0.0,0.0,0.0,0.0,0.4221464429530202,0.3333333333333333,0.28409090909090906,0.08437499999999999
anchor05_delivery_label,A delivery label crosses a cardboard box beside a tape dispenser in the loading bay light.,delivery label; cardboard box; tape dispenser; loading bay light,naive,1.2,20265758,6,stock_loop_or_sprawl_failure,"As the delivery label, now a tiny, delicate ballet, twits and tango with the cardboard box, the tape dispenser, now a miniature, synchronized ballerina, harmoniously accompanies a melancholy tune.

In the loading bay light, a faint, ghostly piano plays a lonely, requantum of silver, as the delivery label, cardboard box, and tape dispenser join in a dirge.",delivery label; cardboard box; tape dispenser; loading bay light,,melancholy; silver,1.0,0.55,0.6376896702655384,0.18392245469798657,0.014819287499999998,0.6666666666666666,0.19130690107966147,1.0,0.8,0.8,0.5833333333333334,1.0,0.0,1.0,0.0,0.0,0.382613802159323,0.3333333333333333,0.3,0.108
anchor05_delivery_label,A delivery label crosses a cardboard box beside a tape dispenser in the loading bay light.,delivery label; cardboard box; tape dispenser; loading bay light,naive,1.2,20265758,7,anchor_loss_failure,"As the delivery label, once a symbol of order and precision, now unfolds and unfurls like a spectral bat, the cardboard box, once a humble holder for letters and bills, now hums a mournful tune, its flaps aflutter with a thousand tiny, iridescent wings.",delivery label; cardboard box,tape dispenser; loading bay light,iridescent; spectral,0.5,0.25,0.7086434511434512,0.03934211279885655,0.043876048951048956,0.6666666666666666,0.1771608627858628,1.0,0.0,0.13636363636363638,0.8,1.0,0.0,0.0,1.0,0.0,0.18779051455301457,0.0,0.25,0.046153846153846156
anchor05_delivery_label,A delivery label crosses a cardboard box beside a tape dispenser in the loading bay light.,delivery label; cardboard box; tape dispenser; loading bay light,naive,1.2,20265758,8,stock_loop_or_sprawl_failure,"As the delivery label, now a crescent moon, slides off the cardboard box, it wraps itself around the tape dispenser, which starts to weave a miniature, intricate quilt. In the loading bay light, where shadows of mundane office workers dance, the delivery label, still awake, whispers a lullaby of riveting tales of forgotten packages and phantom packages, while a faint, lunatic chuckle echoes through the bay, casting an eerie, perpetual twilight, where a perpetual, gentle rain weeps.",delivery label; cardboard box; tape dispenser; loading bay light,,dance; moon,1.0,0.6953431372549019,0.6548958333333333,0.23879986835171566,0.0320749202831113,0.6666666666666666,0.13301234000544662,1.0,0.775,0.37121212121212116,0.7105263157894737,1.0,0.0,0.859375,0.859375,0.0392156862745098,0.3929375,0.6666666666666666,0.3017241379310345,0.20923076923076922
anchor05_delivery_label,A delivery label crosses a cardboard box beside a tape dispenser in the loading bay light.,delivery label; cardboard box; tape dispenser; loading bay light,operational,0.0,20265758,1,ontologically_stable,"As the delivery label continued to cross the old suitcase now in the cardboard box, a maintenance worker rummaged through the toolbox beside the tape dispenser, fiddling with the loading bay light's corroded bulb.",delivery label; cardboard box; tape dispenser; loading bay light,,,1.0,0.0,0.6698860295598243,0.0,0.16382901648319131,0.0,0.0,0.0,0.0,0.0,0.35000000000000003,0.8854166666666667,0.0,0.0,0.0,0.0,0.4019316177358946,0.0,0.5227272727272727,0.12857142857142856
anchor05_delivery_label,A delivery label crosses a cardboard box beside a tape dispenser in the loading bay light.,delivery label; cardboard box; tape dispenser; loading bay light,operational,0.0,20265758,2,ontologically_stable,"The delivery label remained attached to the cardboard box, despite a momentary detachment that sent it fluttering back into place. A janitor passed by, giving the tape dispenser a quick clean with a damp cloth, its LED indicator shining brightly from under the loading bay light.",delivery label; cardboard box; tape dispenser; loading bay light,,,1.0,0.0,0.7087052387267905,0.0,0.07770833333333335,0.0,0.0,0.0,0.0,0.0,0.5925925925925926,1.0,0.0,0.0,0.0,0.0,0.4252231432360743,0.0,0.3333333333333333,0.09642857142857143
anchor05_delivery_label,A delivery label crosses a cardboard box beside a tape dispenser in the loading bay light.,delivery label; cardboard box; tape dispenser; loading bay light,operational,0.0,20265758,3,ontologically_stable,"The delivery label was being used to secure a similar cardboard box on a stack beside the tape dispenser, which was now empty and leaning against the wall, its remaining use confined to its nearby recycling bin.",delivery label; cardboard box; tape dispenser,loading bay light,,0.75,0.0,0.7152817919075145,0.0,0.08711003091577543,0.0,0.0,0.0,0.0,0.0,0.5882352941176471,0.9437499999999999,0.0,0.0,0.0,0.0,0.4291690751445087,0.0,0.3181818181818182,0.0857142857142857
anchor05_delivery_label,A delivery label crosses a cardboard box beside a tape dispenser in the loading bay light.,delivery label; cardboard box; tape dispenser; loading bay light,operational,0.0,20265758,4,anchor_loss_failure,"A fresh delivery label was taped to the side of the box with the same dispenser, illuminating the faded label with the same soft glow of the loading bay light, which also cast an eerie shine on the remaining tape in the dispenser.",delivery label; loading bay light,cardboard box; tape dispenser,glow,0.5,0.0,0.5903763440860215,0.0,0.06879282980028921,0.3333333333333333,0.09839605734767023,0.3333333333333333,0.0,0.31578947368421056,0.5294117647058824,0.83125,0.0,0.0,0.0,0.0,0.3542258064516129,0.0,0.25,0.1263157894736842
anchor05_delivery_label,A delivery label crosses a cardboard box beside a tape dispenser in the loading bay light.,delivery label; cardboard box; tape dispenser; loading bay light,operational,0.0,20265758,5,decorative_near_miss,"The delivery label, now partially detached from its original surface, clings to the edge of a worn leather briefcase that had been recently returned to the storage room. Nearby, the cardboard box had been replaced by a plain brown paper satchel, which still lay open, its tape dispenser sitting atop it, the loading bay light casting a weak glow on the makeshift office setup.",delivery label; cardboard box; tape dispenser; loading bay light,,glow,1.0,0.0,0.6852908506284712,0.0,0.06059347098214287,0.3333333333333333,0.22843028354282371,0.0,0.0,0.0,0.7142857142857143,1.0,0.0,0.0,0.0,0.0,0.20558725518854135,0.0,0.27884615384615385,0.075
anchor05_delivery_label,A delivery label crosses a cardboard box beside a tape dispenser in the loading bay light.,delivery label; cardboard box; tape dispenser; loading bay light,operational,0.0,20265758,6,ontologically_stable,"As the delivery label fell onto the tape dispenser, it ricocheted off, finally coming to rest on the worn concrete beneath the loading bay light, where it stuck as the warehouse staff sorted through the cardboard box filled with packages that were supposed to be going out for shipping.",delivery label; cardboard box; tape dispenser; loading bay light,,,1.0,0.0,0.6832296403472509,0.0,0.08193632812499999,0.0,0.0,0.0,0.0,0.0,0.56,1.0,0.0,0.0,0.0,0.0,0.20496889210417527,0.0,0.34375,0.10384615384615384
anchor05_delivery_label,A delivery label crosses a cardboard box beside a tape dispenser in the loading bay light.,delivery label; cardboard box; tape dispenser; loading bay light,operational,0.0,20265758,7,ontologically_stable,"The delivery label now reads ""Fragile"" and is pinned to the cardboard box's lid, partially obscuring the faded letters that previously listed the package's contents. As the loading bay light flickers above, the tape dispenser's mechanism whirs into action, spitting out a length of pink packing tape that lands on the floor beside the box.",delivery label; cardboard box; tape dispenser; loading bay light,,,1.0,0.02666666666666667,0.6439072640830127,0.008633508596825034,0.07686762169411074,0.0,0.0,0.0,0.0,0.18181818181818182,0.5483870967741936,1.0,0.0,0.0,0.0,0.13333333333333333,0.3863443584498076,0.0,0.4204545454545454,0.08437499999999999
anchor05_delivery_label,A delivery label crosses a cardboard box beside a tape dispenser in the loading bay light.,delivery label; cardboard box; tape dispenser; loading bay light,operational,0.0,20265758,8,ontologically_stable,"As the delivery label waited, a custodian quietly replaced the worn cardboard box with a newer one, his movements illuminated by the loading bay light, and the worn tape dispenser remained intact on the nearby counter, beside a partly unrolled roll of replacement tape.",delivery label; cardboard box; tape dispenser; loading bay light,,,1.0,0.02666666666666667,0.6775633445945946,0.009084769324324324,0.04922458333333334,0.0,0.0,0.0,0.0,0.2222222222222222,0.64,1.0,0.0,0.0,0.0,0.13333333333333333,0.4065380067567567,0.0,0.25,0.10384615384615384
anchor05_delivery_label,A delivery label crosses a cardboard box beside a tape dispenser in the loading bay light.,delivery label; cardboard box; tape dispenser; loading bay light,operational,0.6,20265758,1,ontologically_stable,"As the delivery label continued to cross the old suitcase, now being used as a makeshift cardboard box, the tape dispenser sat idle, its usually high loads reduced to a mere trickle, and the loading bay light, once a reliable fixture, now flickered erratically.",delivery label; cardboard box; tape dispenser; loading bay light,,,1.0,0.0,0.6943255755755755,0.0,0.04897630031942735,0.0,0.0,0.0,0.0,0.0,0.6785714285714286,1.0,0.0,0.0,0.0,0.0,0.34716278778778775,0.0,0.25,0.1396551724137931
anchor05_delivery_label,A delivery label crosses a cardboard box beside a tape dispenser in the loading bay light.,delivery label; cardboard box; tape dispenser; loading bay light,operational,0.6,20265758,2,ontologically_stable,"As the delivery label, now worn and creased, is repositioned, the cardboard box, which had been empty, now holds a small, unaddressed package. In the fading light of the loading bay, a maintenance worker, sipping a steaming cup of coffee, threads a new roll of tape, releasing a slow, sticky stream from the tape dispenser beside the cardboard box, where it glistens, waiting for its turn.",delivery label; cardboard box; tape dispenser,loading bay light,,0.75,0.0,0.665024154589372,0.0,0.03955698801755398,0.0,0.0,0.0,0.0,0.31521093285799173,0.7096774193548387,1.0,0.0,0.0,0.0,0.0,0.3990144927536232,0.0,0.25,0.08437499999999999
anchor05_delivery_label,A delivery label crosses a cardboard box beside a tape dispenser in the loading bay light.,delivery label; cardboard box; tape dispenser; loading bay light,operational,0.6,20265758,3,decorative_near_miss,"As the delivery label, once identifying a package bound for the neighboring apartment, now serves as a makeshift bookmark in the worn cardboard box, a small child, oblivious to the mundane world outside, plays in the loading bay light, its beam casting an unusual, translucent glow on the wet pavement.",delivery label; cardboard box; loading bay light,tape dispenser,glow,0.75,0.0,0.6787549800796813,0.0,0.0689147748313035,0.3333333333333333,0.16968874501992032,0.0,0.0,0.0,0.6785714285714286,1.0,0.0,0.0,0.0,0.0,0.40725298804780874,0.0,0.3214285714285714,0.06774193548387096
anchor05_delivery_label,A delivery label crosses a cardboard box beside a tape dispenser in the loading bay light.,delivery label; cardboard box; tape dispenser; loading bay light,operational,0.6,20265758,4,decorative_near_miss,"As the delivery label, now slightly worn and faded, slides across the cardboard box once more, a forklift enters the loading bay light, casting an eerie glow on the surrounding crates and pallets, its mechanical hum a gentle accompaniment to the creaking of the old facility's wooden beams. Nearby, the tape dispenser, now devoid of tape, stretches out its metal limbs, waiting patiently for its next task.",delivery label; cardboard box; tape dispenser; loading bay light,,glow,1.0,0.0,0.6758384963452837,0.0,0.060201596024478436,0.3333333333333333,0.22527949878176123,0.0,0.0,0.07894736842105264,0.6944444444444444,1.0,0.0,0.0,0.0,0.0,0.4055030978071702,0.0,0.3055555555555556,0.07297297297297298
anchor05_delivery_label,A delivery label crosses a cardboard box beside a tape dispenser in the loading bay light.,delivery label; cardboard box; tape dispenser; loading bay light,operational,0.6,20265758,5,ontologically_stable,"A new delivery label, slightly crumpled, crosses the now empty cardboard box, which is being loaded onto a forklift beside a repaired tape dispenser that still holds a nearly empty roll, while the loading bay light hums weakly.",delivery label; cardboard box; tape dispenser; loading bay light,,,1.0,0.0,0.7366344294003868,0.0,0.08286164173184772,0.0,0.0,0.0,0.0,0.13636363636363638,0.4761904761904762,0.9437499999999999,0.0,0.0,0.0,0.0,0.39041624758220506,0.0,0.3181818181818182,0.14285714285714285
anchor05_delivery_label,A delivery label crosses a cardboard box beside a tape dispenser in the loading bay light.,delivery label; cardboard box; tape dispenser; loading bay light,operational,0.6,20265758,6,decorative_near_miss,"The delivery label, once removed, lies crumpled on the floor as a janitor begins to clean up the mess, while a forklift rolls into the loading bay light, momentarily casting an eerie shadow on the wall. Nearby, a cardboard box, now empty, stands upright, its flaps held open by a rusty old tape dispenser, as if waiting for its next cargo.",delivery label; cardboard box; tape dispenser; loading bay light,,as if,1.0,0.011111111111111112,0.7198916967509026,0.004108181949458484,0.06232916422961231,0.3333333333333333,0.23729763337344567,0.0,0.0,0.0,0.696969696969697,1.0,0.0,0.0,0.0,0.05555555555555555,0.4319350180505415,0.0,0.28125,0.07941176470588235
anchor05_delivery_label,A delivery label crosses a cardboard box beside a tape dispenser in the loading bay light.,delivery label; cardboard box; tape dispenser; loading bay light,operational,0.6,20265758,7,ontologically_stable,"As the delivery label, now damp and water-stained from a recent storm, is replaced with a new one, the cardboard box, once for a small TV, now stands empty, while the tape dispenser, now mangled and useless, lies discarded beside it.",delivery label; cardboard box; tape dispenser,loading bay light,,0.75,0.0,0.920982095868486,0.0,0.0499893465909091,0.0,0.0,0.0,0.0,0.0,0.6666666666666666,1.0,0.0,0.0,0.0,0.0,0.460491047934243,0.0,0.25,0.12272727272727273
anchor05_delivery_label,A delivery label crosses a cardboard box beside a tape dispenser in the loading bay light.,delivery label; cardboard box; tape dispenser; loading bay light,operational,0.6,20265758,8,ontologically_stable,"As the delivery label caught a sliver of the loading bay light, it struggled to illuminate the faded edges of a used cardboard box, which, now freed from its solitary confinement, slightly rotated to reveal a exposed, cracked surface. Nearby, a forgotten tape dispenser lay patiently, its sticky, ribbon-like contents struggling to reclaim their vigil.",delivery label; cardboard box; tape dispenser; loading bay light,,,1.0,0.0,0.6955588004111495,0.0,0.048390301596237646,0.0,0.0,0.0,0.0,0.0,0.7096774193548387,1.0,0.0,0.0,0.0,0.0,0.36864616421790924,0.0,0.25,0.1265625
anchor05_delivery_label,A delivery label crosses a cardboard box beside a tape dispenser in the loading bay light.,delivery label; cardboard box; tape dispenser; loading bay light,operational,1.2,20265758,1,readable_transport,"As the loading bay light flickers, a new delivery label materializes, where a nearby tape dispenser now holds a worn, leatherman, instead of sticky, grey cogs; the cardboard box, now a bathtub, slowly fills with glittering, new towels.",delivery label; cardboard box; tape dispenser; loading bay light,,,1.0,0.55,0.7366919191919192,0.18382231444444447,0.06802070802543393,0.0,0.0,0.0,0.0,0.13043478260869568,0.5454545454545455,1.0,0.0,1.0,0.0,0.0,0.3904467171717172,0.0,0.3076923076923077,0.11739130434782609
anchor05_delivery_label,A delivery label crosses a cardboard box beside a tape dispenser in the loading bay light.,delivery label; cardboard box; tape dispenser; loading bay light,operational,1.2,20265758,2,anchor_loss_failure,"As the loading bay light hums, a new delivery label, once with the name ""W. P.",delivery label; loading bay light,cardboard box; tape dispenser,,0.5,0.0,0.9227872855741708,0.0,0.13743238811728395,0.0,0.0,0.0,0.0,0.0,0.4444444444444444,0.26666666666666666,0.0,0.0,0.0,0.0,0.4613936427870854,0.0,0.25,0.16071428571428573
anchor05_delivery_label,A delivery label crosses a cardboard box beside a tape dispenser in the loading bay light.,delivery label; cardboard box; tape dispenser; loading bay light,operational,1.2,20265758,3,unfinished_or_unreadable_failure,"The delivery label, now slightly damp and mildew, clings to the cardboard box, which, now slightly ajar, reveals a tiny, old key, its rusty handle creaking softly in the faint light of the loading bay, where a forgotten tape dispenser, still attached to the wa",delivery label; cardboard box; tape dispenser,loading bay light,,0.75,0.0,0.07459788489916397,0.0,0.06964888600391088,0.0,0.0,0.0,0.0,0.13636363636363638,0.5238095238095237,1.0,0.85,0.0,0.0,0.0,0.005930531849483537,0.0,0.3125,0.12272727272727273
anchor05_delivery_label,A delivery label crosses a cardboard box beside a tape dispenser in the loading bay light.,delivery label; cardboard box; tape dispenser; loading bay light,operational,1.2,20265758,4,readable_transport,"As the loading bay light hums a gentle, persistent tune, the delivery label, now a small, elderly woman, slowly unfurls, unrolling itself to reveal a small, suit and tie, once belonging to a postal worker. The cardboard box, now a bookstand, displays a tattered novel with a bookmark, as the tape dispenser, a retired watch, tick-tock, recounting the hours.",delivery label; cardboard box; tape dispenser; loading bay light,,,1.0,0.55,0.6962553710379797,0.15700558616906443,0.056342747326203216,0.0,0.0,0.0,0.0,0.0,0.7272727272727273,1.0,0.0,1.0,0.0,0.0,0.34812768551898987,0.0,0.25,0.07941176470588235
anchor05_delivery_label,A delivery label crosses a cardboard box beside a tape dispenser in the loading bay light.,delivery label; cardboard box; tape dispenser; loading bay light,operational,1.2,20265758,5,stock_loop_or_sprawl_failure,"A new delivery label, slightly ajar, overlaps with a cardboard box, beside a tape dispenser, as the loading bay light flickers, casting eerie shadows on the walls, and a forlert, forgotten briefcase lies beside it, where a small, forgotten pencil scratches for a tongue, as the delivery label creaks and the cardboard box creaks, a timid sigh, as the tape dispenser unwinds a thin, golden snake.",delivery label; cardboard box; tape dispenser; loading bay light,,,1.0,0.009523809523809525,0.6213659111826968,0.0029754550489777144,0.012016462683932815,0.0,0.0,0.0,0.0,0.7261904761904763,0.6896551724137931,1.0,0.0,0.0,0.0,0.047619047619047616,0.3728195467096181,0.0,0.25,0.265
anchor05_delivery_label,A delivery label crosses a cardboard box beside a tape dispenser in the loading bay light.,delivery label; cardboard box; tape dispenser; loading bay light,operational,1.2,20265758,6,stock_loop_or_sprawl_failure,"As the loading bay light flickers, a worn, old delivery label, once bearing a forlery of a face, leans beside a slightly ajar, formerly cereal box, now a tiny, delicate bird, holding a tiny, antique tape dispenser, half-open to reveal a tiny, jew-sized key.",delivery label; tape dispenser; loading bay light,cardboard box,,0.75,0.55,0.8983895790216151,0.2591135223814142,0.06031083333333334,0.0,0.0,0.6666666666666666,0.375,0.0,0.68,1.0,0.0,1.0,0.0,0.0,0.539033747412969,0.3333333333333333,0.25,0.08888888888888888
anchor05_delivery_label,A delivery label crosses a cardboard box beside a tape dispenser in the loading bay light.,delivery label; cardboard box; tape dispenser; loading bay light,operational,1.2,20265758,7,readable_transport,"The delivery label, once abandoned, slowly unfurls, revealing a tiny, forgotten face, its eyes and mouth, a miniature, toothy grin. Amidst the dusty, dimly lit loading bay, a cardboard box, now a tiny, exquisite, papier-mâie, reflects the faint, pale glow of the loading bay light.",delivery label; cardboard box; loading bay light,tape dispenser,glow,0.75,0.55,0.9009829877008708,0.2210111268830236,0.04151721921741453,0.3333333333333333,0.10136058611634796,0.3333333333333333,0.4,0.2863247863247863,0.7083333333333334,1.0,0.0,1.0,0.0,0.0,0.4504914938504354,0.3333333333333333,0.25,0.07777777777777777
anchor05_delivery_label,A delivery label crosses a cardboard box beside a tape dispenser in the loading bay light.,delivery label; cardboard box; tape dispenser; loading bay light,operational,1.2,20265758,8,readable_transport,"As the delivery label, now slightly damp and soggy, clings to the cardboard box, it begins to write a new address, while the cardboard box, now surprisingly, starts to play a minor symphony, and the tape dispenser, now with a tiny, Top Hat, holds a tiny topless tea party, under the gentle lapping of the loading bay light, where a pensive statue.",delivery label; cardboard box; tape dispenser; loading bay light,,,1.0,0.25,0.651974937862469,0.08195324968931235,0.04441855682150755,0.0,0.0,0.0,0.0,0.2412634408602151,0.7,1.0,0.0,0.0,1.0,0.0,0.3911849627174814,0.0,0.25,0.08709677419354839
anchor06_fridge_lunchbox,"The fridge stands open beside a lunchbox, a grocery list, and a quiet kettle.",fridge; lunchbox; grocery list; kettle,naive,0.0,20266767,1,ontologically_stable,"The fridge stood open, an event so utterly unremarkable that the magnets holding it shut had grown tired of holding it shut and were now confoundedly floating in mid-air. Beside the fridge, the lunchbox emitted a gentle hum that seemed to be calling out for the presence of food it now seemed entirely unnecessary, and the grocery list tacked to its lid was growing at an alarming rate, its words blurring together to form an incoherent message about mandatory croissant consumption.",fridge; lunchbox; grocery list,kettle,,0.75,0.0,0.656369784863422,0.0,0.043813512145749,0.0,0.0,0.0,0.0,0.15789473684210528,0.8333333333333333,1.0,0.0,0.0,0.0,0.0,0.1969109354590266,0.0,0.296875,0.030769230769230767
anchor06_fridge_lunchbox,"The fridge stands open beside a lunchbox, a grocery list, and a quiet kettle.",fridge; lunchbox; grocery list; kettle,naive,0.0,20266767,2,anchor_loss_failure,"Inside the fridge, shadows resembled ectoplasmic protuberances that gazed back at me, the remnants of a long-forgotten dinner throbbing with a dreadful, almost-human hunger. Nearby, the lunchbox, its typical creases and scars minimized, had assembled itself into a diminutive clown's hat, which now seemed to hover, curiously omitting its previous, mundane purpose.",fridge; lunchbox,grocery list; kettle,,0.5,0.0,0.7214441450269475,0.0,0.03933664772727274,0.0,0.0,0.0,0.0,0.0,0.9285714285714286,1.0,0.0,0.0,0.0,0.0,0.43286648701616853,0.0,0.25,0.01818181818181818
anchor06_fridge_lunchbox,"The fridge stands open beside a lunchbox, a grocery list, and a quiet kettle.",fridge; lunchbox; grocery list; kettle,naive,0.0,20266767,3,ontologically_stable,"Steam wafts from the lid of the kettle, but instead of water, a forest of straws teems from its depths, quivering like a colony of frogs. The fridge now displays a painting of Elvis Presley dancing on its shelves, while the lunchbox is filled with crayons and last night's socks.",fridge; lunchbox; kettle,grocery list,,0.75,0.0,0.7179477358560771,0.0,0.050283935148902816,0.0,0.0,0.0,0.0,0.0,0.8400000000000001,1.0,0.0,0.0,0.0,0.0,0.43076864151364624,0.0,0.28409090909090906,0.03103448275862069
anchor06_fridge_lunchbox,"The fridge stands open beside a lunchbox, a grocery list, and a quiet kettle.",fridge; lunchbox; grocery list; kettle,naive,0.0,20266767,4,readable_transport,"The fridge, now a deep purple, slowly slid across the kitchen floor, accompanied by a tinny rendition of ""Twinkle, Twinkle, Little Star."" A small, worn-out lunchbox in the corner, adorned with faded smiley faces, sang along to the tune as the kitchen utensils - a water-filled kettle and a placard that read ""food"" - began to clump together in a slow, menacing dance.",fridge; lunchbox; kettle,grocery list,dance,0.75,0.55,0.6713511753278637,0.18964328000661493,0.03800443192786944,0.3333333333333333,0.07552700722438464,0.0,0.0,0.17142857142857143,0.8787878787878788,1.0,0.0,1.0,0.0,0.0,0.4028107051967182,0.0,0.275,0.024324324324324326
anchor06_fridge_lunchbox,"The fridge stands open beside a lunchbox, a grocery list, and a quiet kettle.",fridge; lunchbox; grocery list; kettle,naive,0.0,20266767,5,ontologically_stable,"Beyond the fridge, a tide of refrigerator magnets transforms into a murmuring sea, while within its hollow cavity, singing vegetables float like clouds. As the kettle in the corner begins to tap out a Morse code for the lunchbox, a fuselage of expired groceries somehow materializes on the kitchen table, where a grocery list now beckons the oddest of households.",fridge; lunchbox; grocery list; kettle,,,1.0,0.03731710318147133,0.6872930463576159,0.012618710479202775,0.048383554687500004,0.0,0.0,0.0,0.0,0.09375000000000001,0.8,1.0,0.0,0.0,0.0,0.18658551590735664,0.41237582781456955,0.0,0.28,0.046875
anchor06_fridge_lunchbox,"The fridge stands open beside a lunchbox, a grocery list, and a quiet kettle.",fridge; lunchbox; grocery list; kettle,naive,0.0,20266767,6,anchor_loss_failure,"Beyond the open fridge, where soup now had fingers like a stray puppy, shadows spilled into the kitchen. The lunchbox overflowed with lime-green entrails that whistled yesterday's recipe, as the scent of dried microwave corners wandered down the list.",fridge; lunchbox,grocery list; kettle,,0.5,0.02666666666666667,0.6984674213067547,0.00916389256754462,0.047030749427917636,0.0,0.0,0.0,0.0,0.0,0.8421052631578947,1.0,0.0,0.0,0.0,0.13333333333333333,0.41908045278405276,0.0,0.25,0.03913043478260869
anchor06_fridge_lunchbox,"The fridge stands open beside a lunchbox, a grocery list, and a quiet kettle.",fridge; lunchbox; grocery list; kettle,naive,0.0,20266767,7,anchor_loss_failure,"The fridge now resembles a bottomless well, its contents spilling into a sea of crushed aluminum cans and yesterday's newspaper, which continues to whisper someone's name. The lunchbox, once a cheerful pink, has morphed into a tattered, eyeless mask, suspended from a rusty chain that coils around the kitchen table.",fridge; lunchbox,grocery list; kettle,whisper,0.5,0.03333333333333333,0.7195278457674048,0.012059286695061705,0.039577799479166675,0.3333333333333333,0.11592393070697077,0.0,0.0,0.0,0.9259259259259259,1.0,0.0,0.0,0.0,0.16666666666666666,0.4317167074604429,0.0,0.25,0.01875
anchor06_fridge_lunchbox,"The fridge stands open beside a lunchbox, a grocery list, and a quiet kettle.",fridge; lunchbox; grocery list; kettle,naive,0.0,20266767,8,anchor_loss_failure,"The fridge's interior now resembled a dark, moonlit ocean, its shelves covered in a thick layer of silt and ancient, forgotten leftovers. The lunchbox had transformed into a void, its interior empty except for a lone, withered peanut.",fridge; lunchbox,grocery list; kettle,moonlit,0.5,0.0,0.7150739767846368,0.0,0.04296013392857144,0.3333333333333333,0.11917899613077279,0.3333333333333333,0.0,0.14285714285714285,0.85,1.0,0.0,0.0,0.0,0.0,0.42904438607078205,0.0,0.2916666666666667,0.024
anchor06_fridge_lunchbox,"The fridge stands open beside a lunchbox, a grocery list, and a quiet kettle.",fridge; lunchbox; grocery list; kettle,naive,0.6,20266767,1,anchor_loss_failure,"Misty rainbow mist creeps into the fridge, shrouding the yogurt and leftover casserole in an otherworldly haze. In the corner, a lone chair wears a tiny, harp-like satchel and a peaked cap.",fridge,lunchbox; grocery list; kettle,,0.25,0.0,0.733174699772801,0.0,0.03689777960526317,0.0,0.0,0.3333333333333333,0.0,0.0,0.894736842105263,1.0,0.0,0.0,0.0,0.0,0.43990481986368063,0.0,0.16666666666666666,0.0042
anchor06_fridge_lunchbox,"The fridge stands open beside a lunchbox, a grocery list, and a quiet kettle.",fridge; lunchbox; grocery list; kettle,naive,0.6,20266767,2,stock_loop_or_sprawl_failure,"Steam wisps escaped the kettle, curling like ethereal fingers, as the fridge's interior whispered an ominous melody, its shelves groaning with old, dusty hymns. A lunchbox, once a humble conveyer of bland sandwiches, now hosted a vibrant, miniature garden, where lettuce and radishes sprouted in defiance of reason.",fridge; lunchbox; kettle,grocery list,ethereal,0.75,0.0,0.7412859483072443,0.0,0.04775467770376177,0.3333333333333333,0.18532148707681106,0.6666666666666666,0.4,0.0,0.8620689655172414,1.0,0.0,0.0,0.0,0.0,0.22238578449217328,0.3333333333333333,0.27884615384615385,0.02727272727272727
anchor06_fridge_lunchbox,"The fridge stands open beside a lunchbox, a grocery list, and a quiet kettle.",fridge; lunchbox; grocery list; kettle,naive,0.6,20266767,3,anchor_loss_failure,"Inside the fridge, shadows twist and writhe like living things, as if darkness has seeped in to consume its contents. A clock on the wall starts to spin, its ticking replaced by an eerie, whispered litany of late, late lunch.",fridge,lunchbox; grocery list; kettle,as if,0.25,0.01904761904761905,0.7407282608695652,0.00694168198757764,0.025341105983859896,0.3333333333333333,0.060551595928226364,0.0,0.0,0.14285714285714285,0.95,1.0,0.0,0.0,0.0,0.09523809523809523,0.44443695652173915,0.0,0.125,0.0040384615384615385
anchor06_fridge_lunchbox,"The fridge stands open beside a lunchbox, a grocery list, and a quiet kettle.",fridge; lunchbox; grocery list; kettle,naive,0.6,20266767,4,stock_loop_or_sprawl_failure,"Fridge shadows stretch like wispy tentacles across the floor, grasping for nearby objects, as the air thickens with the scent of blooming flowers. In the silence, a faint hum emanates from the lunchbox, which now seems to be humming a melancholic tune, while the grocery list rustles with an ethereal voice, whispering recipes to the kettle, which is slowly filling with a luminous, molten liquid.",fridge; lunchbox; grocery list; kettle,,ethereal; whispering,1.0,0.02666666666666667,0.6598590130916415,0.00884738964753273,0.047603759765625,0.6666666666666666,0.42817518182835407,1.0,0.0,0.0,0.8333333333333334,1.0,0.0,0.0,0.0,0.13333333333333333,0.3959154078549849,0.0,0.25,0.046875
anchor06_fridge_lunchbox,"The fridge stands open beside a lunchbox, a grocery list, and a quiet kettle.",fridge; lunchbox; grocery list; kettle,naive,0.6,20266767,5,readable_transport,"The fridge now appears to be a dripping, black hole that slowly engulfs the surrounding furniture, while the lunchbox floats above it, scribbled with an endless, cryptic script; a grocery list fluttering in the wind unspills an unearthly assortment of exotic ingredients; and the kettle, now a twisted, arachnid creature, puffs forth a madman's tea that shimmers like moonlight.",fridge; lunchbox; grocery list; kettle,,,1.0,0.55,0.6952679245283019,0.1881395003773585,0.0526978150377848,0.0,0.0,0.0,0.0,0.0,0.8064516129032259,1.0,0.0,1.0,0.0,0.0,0.4171607547169811,0.0,0.27884615384615385,0.045454545454545456
anchor06_fridge_lunchbox,"The fridge stands open beside a lunchbox, a grocery list, and a quiet kettle.",fridge; lunchbox; grocery list; kettle,naive,0.6,20266767,6,anchor_loss_failure,"As the fridge creaks with an otherworldly sigh, its empty shelves stretch like a forgotten canvas, adorned with forgotten brushstrokes of mold and mildew. The lunchbox, now a flowerpot, bursts with iridescent blooms, its faded initials ""Mrs.",fridge; lunchbox,grocery list; kettle,iridescent,0.5,0.55,0.7139819558070188,0.16807135239697224,0.04295108695652174,0.3333333333333333,0.053548646685526405,0.3333333333333333,0.0,0.0,0.8888888888888888,1.0,0.0,1.0,0.0,0.0,0.3569909779035094,0.0,0.25,0.02608695652173913
anchor06_fridge_lunchbox,"The fridge stands open beside a lunchbox, a grocery list, and a quiet kettle.",fridge; lunchbox; grocery list; kettle,naive,0.6,20266767,7,anchor_loss_failure,"Steam rose from the lunchbox, which now sat on the kitchen table, covered in a fine layer of frost, as if it had been left out all night. The fridge, once a humming, refrigerator, now sat quietly, its contents having spilled out onto the countertop, where they congealed into a puddle of melted cheese and ketchup.",fridge; lunchbox,grocery list; kettle,as if,0.5,0.013333333333333334,0.7054686178311622,0.004627874132972424,0.031202791666666667,0.3333333333333333,0.11601039493223556,0.0,0.0,0.2222222222222222,0.92,1.0,0.0,0.0,0.0,0.06666666666666667,0.4232811706986973,0.0,0.25,0.02
anchor06_fridge_lunchbox,"The fridge stands open beside a lunchbox, a grocery list, and a quiet kettle.",fridge; lunchbox; grocery list; kettle,naive,0.6,20266767,8,anchor_loss_failure,"A reflection of the universe, with miniature galaxies orbiting the empty fridge, while the kettle, now a disembodied, spinning top, propels a tiny, mechanical piano to play an endless, swaying waltz.",fridge; kettle,lunchbox; grocery list,,0.5,0.55,0.7378970059880239,0.16639577485029938,0.04179867637228689,0.0,0.0,0.3333333333333333,0.4,0.0,0.8823529411764706,1.0,0.0,1.0,0.0,0.0,0.36894850299401194,0.3333333333333333,0.25,0.04090909090909091
anchor06_fridge_lunchbox,"The fridge stands open beside a lunchbox, a grocery list, and a quiet kettle.",fridge; lunchbox; grocery list; kettle,naive,1.2,20266767,1,anchor_loss_failure,"Slow, rainbow-colored mist creeps across the kitchen, tendrings of a fungal growth seep from the fridge, which hums a gentle, alto song, while a meal of spaghetti, a silk, and a bib, eerily slurp tea, inside a chrome-toy, where a dwarf, knitting a fleecy arm, lolls. On the counter, a smokeshaft pipes waft Sunday newspapers, tinted with morning dew.",fridge,lunchbox; grocery list; kettle,,0.25,0.008333333333333333,0.7373617855455834,0.003089545881435994,0.02788081054687501,0.0,0.0,0.3333333333333333,0.0,0.0,0.9722222222222222,1.0,0.0,0.0,0.0,0.041666666666666664,0.44241707132735003,0.0,0.125,0.0024999999999999996
anchor06_fridge_lunchbox,"The fridge stands open beside a lunchbox, a grocery list, and a quiet kettle.",fridge; lunchbox; grocery list; kettle,naive,1.2,20266767,2,anchor_loss_failure,"Ibs, a manne manne, tends to a garden of vegetables with tiny top hats and monoces. A melancholy shroud drapes over a half-eaten sandwich, which, on full moon, devours a cloud of silver mist.",,fridge; lunchbox; grocery list; kettle,melancholy; moon; silver,0.0,0.0,0.7361768365249378,0.0,0.015789473684210527,1.0,0.0,0.6666666666666666,0.0,0.15789473684210528,1.0,1.0,0.0,0.0,0.0,0.0,0.4417061019149627,0.0,0.0,0.0
anchor06_fridge_lunchbox,"The fridge stands open beside a lunchbox, a grocery list, and a quiet kettle.",fridge; lunchbox; grocery list; kettle,naive,1.2,20266767,3,anchor_loss_failure,"Silk-like moonlight creeps in, while a gentle, questioning voice whispers, 'Would you, might you, refuse to close again, and instead, as if in defiance, begins to recumb and softly sings a melancholy tune. ""Fridge,"" it warps into a gum-like, accordion, while a nearby, forgotten lunchbox, adorned in a prominfully jigsaw, peels off a single, leather-bound book, inscribed with ' Luncheon, si?",fridge; lunchbox,grocery list; kettle,as if; melancholy,0.5,0.0,0.6896729856488892,0.0,0.03496599924359696,0.6666666666666666,0.2298909952162964,0.6666666666666666,0.5,0.08823529411764708,0.9393939393939394,1.0,0.0,0.0,0.0,0.0,0.41380379138933354,0.3333333333333333,0.25,0.015789473684210523
anchor06_fridge_lunchbox,"The fridge stands open beside a lunchbox, a grocery list, and a quiet kettle.",fridge; lunchbox; grocery list; kettle,naive,1.2,20266767,4,decorative_near_miss,"As the fridge stands open, a miniature café materializes, complete with tiny waiters, waiters that don't wait, and a pastry cart that never closes. Amidst this unlikely gathering, the kettle begins to read a grocery list, scribbled in an invisible ink that only a faint hum can reveal, and a nearby, forgotten refrigerator slowly, as if to attend to a discreet, topless baller, its doors pirouetting, arranged in a mad tango with a nearby lunchbox.",fridge; lunchbox; grocery list; kettle,,as if,1.0,0.0,0.7001493444885285,0.0,0.04733591986044069,0.3333333333333333,0.2333831148295095,0.3333333333333333,0.4,0.07692307692307693,0.8157894736842105,1.0,0.0,0.0,0.0,0.0,0.42008960669311707,0.3333333333333333,0.2734375,0.046153846153846156
anchor06_fridge_lunchbox,"The fridge stands open beside a lunchbox, a grocery list, and a quiet kettle.",fridge; lunchbox; grocery list; kettle,naive,1.2,20266767,5,stock_loop_or_sprawl_failure,"A faint, silver mist seeps from the fridge, as if it's attempting to take a old, wrinked woman, who leans and leans, as if to hear the kettle, which whistles a faint, armonic lament, while a nearby, apron-clad, chalkless, and obsolete street, slowly, silently, unravel, with an empty lunchbox, a grocery list that unraps like a paper flower, releasing whispers that rattle the kettle, that rattles out a string quartet of tidy, scentless orchesters.",fridge; lunchbox; grocery list; kettle,,as if; silver,1.0,0.22540983606557377,0.6472643244443035,0.06758368000122937,0.03806310595567867,0.6666666666666666,0.33424305278681243,1.0,0.0,0.15789473684210528,0.8611111111111112,1.0,0.0,0.0,0.9016393442622951,0.0,0.34305009195548086,0.0,0.25,0.039473684210526314
anchor06_fridge_lunchbox,"The fridge stands open beside a lunchbox, a grocery list, and a quiet kettle.",fridge; lunchbox; grocery list; kettle,naive,1.2,20266767,6,stock_loop_or_sprawl_failure,"Fridge, now a delicate baller, pirouts to a forgotten tango with a lunchbox made of twisted, tooth-like tendrings, as the kitchen shimmers like a fog, and a grocery list unfurls, fluttering like a pale, ivory wing, where the grocery list is whispering a fragile lullaby to the kettle, where a soft, molose, moonlit lullaby has begun to harmonize with a tick-tock metronom, where an inscribed 'Toaster,' butts softly against an ancient, eyelid.",fridge; lunchbox; grocery list; kettle,,moonlit; whispering,1.0,0.5136904761904763,0.6707011043301366,0.18439393832461495,0.040515665861070985,0.6666666666666666,0.21744555644354027,1.0,0.675,0.2976190476190476,0.78125,1.0,0.0,0.9166666666666667,0.0,0.047619047619047616,0.40242066259808196,0.6666666666666666,0.3055555555555556,0.04411764705882353
anchor06_fridge_lunchbox,"The fridge stands open beside a lunchbox, a grocery list, and a quiet kettle.",fridge; lunchbox; grocery list; kettle,naive,1.2,20266767,7,unfinished_or_unreadable_failure,"A fluorescent plant, its leaves a mad, pertuccin of ice cream and playing a dissonant, flute-like melody, trembles, as if trying to take off from the threshold of the fridge, while a mismatch of silver and copper, the kettle now a disco ball, tosses gentle, mo",fridge; kettle,lunchbox; grocery list,as if; silver,0.5,0.0,0.43894311606070535,0.0,0.03971382472826088,0.6666666666666666,0.14631437202023512,0.0,0.0,0.0,0.9130434782608695,1.0,0.4,0.0,0.0,0.0,0.15801952178185394,0.0,0.25,0.03214285714285714
anchor06_fridge_lunchbox,"The fridge stands open beside a lunchbox, a grocery list, and a quiet kettle.",fridge; lunchbox; grocery list; kettle,naive,1.2,20266767,8,anchor_loss_failure,"Musonic frogs in a perpetual walt, as the fridge, now a mechanical mouth, yawns, releasing a fog of sour cream and a trompet. A small, tweed-clad figure in a top hat and monoc, continues to read the grocery list, whispering lullaby lullabies of intersecting triangles and bruises.",fridge; grocery list,lunchbox; kettle,whispering,0.5,0.55,0.726860552528656,0.20100601719627453,0.038438301282051286,0.3333333333333333,0.05451454143964919,1.0,0.375,0.1111111111111111,0.8846153846153846,1.0,0.0,1.0,0.0,0.0,0.4361163315171936,0.3333333333333333,0.25,0.03
anchor06_fridge_lunchbox,"The fridge stands open beside a lunchbox, a grocery list, and a quiet kettle.",fridge; lunchbox; grocery list; kettle,operational,0.0,20266767,1,anchor_loss_failure,"The fridge stood open for an unsettlingly long time, drawing in the faint scent of old leftovers. A new lunchbox had been placed beside it, its once-sky-blue color now faded and chipped from countless trips to the cafeteria.",fridge; lunchbox,grocery list; kettle,,0.5,0.03333333333333333,0.738884520884521,0.012915701425061425,0.04295108695652174,0.0,0.0,0.0,0.0,0.0,0.8888888888888888,1.0,0.0,0.0,0.0,0.16666666666666666,0.44333071253071255,0.0,0.25,0.02608695652173913
anchor06_fridge_lunchbox,"The fridge stands open beside a lunchbox, a grocery list, and a quiet kettle.",fridge; lunchbox; grocery list; kettle,operational,0.0,20266767,2,ontologically_stable,"The fridge now held a half-empty box of frozen yogurt, a brand new lunchbox with its nameplate reading 'Bernie', and a grocery list that seemed to belong to the homeowner's eccentric aunt. As she poured herself a cup of tea, the quiet kettle finally whistled, breaking the morning silence.",fridge; lunchbox; grocery list; kettle,,,1.0,0.022222222222222223,0.7167567205826006,0.003918270072518216,0.050945366379310346,0.0,0.0,0.0,0.0,0.0,0.7931034482758621,1.0,0.0,0.0,0.0,0.1111111111111111,0.21502701617478018,0.0,0.25,0.06
anchor06_fridge_lunchbox,"The fridge stands open beside a lunchbox, a grocery list, and a quiet kettle.",fridge; lunchbox; grocery list; kettle,operational,0.0,20266767,3,ontologically_stable,"The fridge, now being used as a makeshift garden planter, still sat beside Emma's lunchbox, now covered in drawings and kid's scribbles, a grocery list that her husband had finally decided to make himself, and a quiet kettle that sat untouched on the stovetop, a relic from the many meals they would never have together.",fridge; lunchbox; grocery list; kettle,,,1.0,0.0,0.7212437343358395,0.0,0.060347222222222226,0.0,0.0,0.0,0.0,0.1111111111111111,0.6923076923076924,1.0,0.0,0.0,0.0,0.0,0.21637312030075187,0.0,0.325,0.06666666666666667
anchor06_fridge_lunchbox,"The fridge stands open beside a lunchbox, a grocery list, and a quiet kettle.",fridge; lunchbox; grocery list; kettle,operational,0.0,20266767,4,ontologically_stable,"The fridge, once home to yesterday's leftovers, now stood empty, its shelves vacated by this morning's impromptu repurposing as a makeshift desk for its owner, who scribbled down the remaining items on the grocery list, a faint hum of the still-boiling kettle providing a gentle accompaniment to the morning's quiet routine, the lunchbox now occupied by a half-eaten sandwich, its contents a testament to the morning's hurried meal.",fridge; lunchbox; grocery list; kettle,,,1.0,0.0,0.6389574026610345,0.0,0.05776908839349216,0.0,0.0,0.0,0.0,0.15131578947368424,0.7222222222222223,1.0,0.0,0.0,0.0,0.0,0.19168722079831035,0.0,0.35,0.04864864864864865
anchor06_fridge_lunchbox,"The fridge stands open beside a lunchbox, a grocery list, and a quiet kettle.",fridge; lunchbox; grocery list; kettle,operational,0.0,20266767,5,ontologically_stable,"The empty shelves inside the fridge had been a reminder to restock, but first she needed to finish writing her grocery list. Meanwhile, the quiet kettle, once a hot cup of tea within its cordless companion, now sat next to a busy toaster on the kitchen counter.",fridge; grocery list; kettle,lunchbox,,0.75,0.021314398156160992,0.7425514626218851,0.007786902462675177,0.05671875000000001,0.0,0.0,0.0,0.0,0.0,0.7692307692307692,1.0,0.0,0.0,0.0,0.10657199078080495,0.44553087757313103,0.0,0.2857142857142857,0.05357142857142857
anchor06_fridge_lunchbox,"The fridge stands open beside a lunchbox, a grocery list, and a quiet kettle.",fridge; lunchbox; grocery list; kettle,operational,0.0,20266767,6,anchor_loss_failure,"The woman pauses to review the contents of the fridge, checking that the leftovers have not spoiled, while her roommate takes a sip of tea from the kettle, completely absorbed in a book, and sets the empty teacup on the dinner table.",fridge; kettle,lunchbox; grocery list,,0.5,0.0,0.6872894736842106,0.0,0.04111174242424243,0.0,0.0,0.0,0.0,0.0,0.9090909090909091,1.0,0.0,0.0,0.0,0.0,0.41237368421052634,0.0,0.25,0.02222222222222222
anchor06_fridge_lunchbox,"The fridge stands open beside a lunchbox, a grocery list, and a quiet kettle.",fridge; lunchbox; grocery list; kettle,operational,0.0,20266767,7,anchor_loss_failure,"As I stood there, contemplating the strange purchase of a bright pink kettle to go alongside my usual steamer, my eyes wandered to the fridge, now a makeshift recycling center where yesterday's leftovers had already started to reclaim the shelf space they once occupied.",fridge; kettle,lunchbox; grocery list,,0.5,0.5755772777873932,0.7172525519512304,0.17941777432356,0.04042160560344828,0.0,0.0,0.0,0.0,0.0,0.9166666666666666,1.0,0.0,1.0,0.0,0.12788638893696597,0.3801438525341521,0.0,0.25,0.020689655172413793
anchor06_fridge_lunchbox,"The fridge stands open beside a lunchbox, a grocery list, and a quiet kettle.",fridge; lunchbox; grocery list; kettle,operational,0.0,20266767,8,anchor_loss_failure,"The stale milk spills out onto the worn-out packing list on the counter as I absent-mindedly open the cabinet where the stove was previously stored. The scent of dried-out cereal wafts through the air, tangled with the lingering aroma of burnt toast from the forgotten kettle on the backburner.",kettle,fridge; lunchbox; grocery list,,0.25,0.02666666666666667,0.6188279688124749,0.00865369031587365,0.05520550271739132,0.0,0.0,0.0,0.0,0.0,0.8260869565217391,1.0,0.0,0.0,0.0,0.13333333333333333,0.37129678128748494,0.0,0.3214285714285714,0.021428571428571425
anchor06_fridge_lunchbox,"The fridge stands open beside a lunchbox, a grocery list, and a quiet kettle.",fridge; lunchbox; grocery list; kettle,operational,0.6,20266767,1,readable_transport,"The fridge, once a steadfast sentinel, now sways gently in the breeze, its doors flung open as if in invitation to the afternoon's chill. Nearby, a small, refurbished lunchbox, its paint chipped and faded, awaits a new occupant, while a slightly damp grocery list, now a makeshift mini-greenhouse, teems with sprouting weeds, and the quiet kettle, its once-silky surface now pockmarked with tiny, shimmering bubbles, waits for the heat of a thousand summer suns.",fridge; lunchbox; grocery list; kettle,,as if; shimmering,1.0,0.4653846153846154,0.6972408711234561,0.1701600255802846,0.046446093750000014,0.6666666666666666,0.24850379765682154,0.0,0.0,0.0,0.8461538461538461,1.0,0.0,0.8461538461538461,0.0,0.0,0.4183445226740737,0.0,0.25,0.045
anchor06_fridge_lunchbox,"The fridge stands open beside a lunchbox, a grocery list, and a quiet kettle.",fridge; lunchbox; grocery list; kettle,operational,0.6,20266767,2,ontologically_stable,"The worn, wooden fridge creaks in the gentle breeze as it attempts to close, but its hinges falter, and it falls onto a new, wire mesh lunchbox. On the worn countertop, a modified grocery list now holds a ballerina figurine, while the quiet kettle, once a fixture in this kitchen, now resides in a new, sunlit window.",fridge; lunchbox; grocery list; kettle,,,1.0,0.0,0.7208230958230958,0.0,0.051509599283019784,0.0,0.0,0.0,0.4,0.19354838709677422,0.7241379310344828,1.0,0.0,0.0,0.0,0.0,0.43249385749385744,0.0,0.31521739130434784,0.06
anchor06_fridge_lunchbox,"The fridge stands open beside a lunchbox, a grocery list, and a quiet kettle.",fridge; lunchbox; grocery list; kettle,operational,0.6,20266767,3,readable_transport,"On the kitchen counter, a worn notebook lies next to the empty lunchbox, beside a pen and the grocery list, as the kettle slowly boils a fresh pot of tea to greet the afternoon. The fridge, now a quaint antique, silently collects dust, a testament to years of faithful service.",fridge; lunchbox; grocery list; kettle,,,1.0,0.5659857986171208,0.7131439217512809,0.10583161087172846,0.05578774000783699,0.0,0.0,0.3333333333333333,0.375,0.0,0.7777777777777778,1.0,0.0,1.0,0.0,0.07992899308560372,0.21394317652538428,0.3333333333333333,0.28409090909090906,0.05172413793103448
anchor06_fridge_lunchbox,"The fridge stands open beside a lunchbox, a grocery list, and a quiet kettle.",fridge; lunchbox; grocery list; kettle,operational,0.6,20266767,4,ontologically_stable,"The fridge, once a humming refrigerator, now slowly whirs as it recovers from a particularly humid winter, while the lunchbox, which once held sandwiches and snacks, now collects dirt and a few wilted flowers. On the counter, a grocery list, scribbled in hasty handwriting, reminds the kitchen's owner to replenish the expired tea that clings to the underside of the kettle.",fridge; lunchbox; grocery list; kettle,,,1.0,0.012121212121212123,0.6749317964569463,0.004025047804325062,0.041974264705882364,0.0,0.0,0.0,0.0,0.08571428571428572,0.8529411764705882,1.0,0.0,0.0,0.0,0.06060606060606061,0.4049590778741678,0.0,0.25,0.041666666666666664
anchor06_fridge_lunchbox,"The fridge stands open beside a lunchbox, a grocery list, and a quiet kettle.",fridge; lunchbox; grocery list; kettle,operational,0.6,20266767,5,ontologically_stable,"The refrigerator's interior had been relocated to the kitchen table, beside a slightly rusty lunchbox, a grocery list now used as a makeshift canvas for scribbled gibberish, and a kettle humming a lullaby of steam and worn-out dreams.",lunchbox; grocery list; kettle,fridge,,0.75,0.05333333333333334,0.7492723708186906,0.020524068781465572,0.049757812500000005,0.0,0.0,0.3333333333333333,0.375,0.0,0.8095238095238095,1.0,0.0,0.0,0.0,0.26666666666666666,0.44956342249121434,0.3333333333333333,0.25,0.049999999999999996
anchor06_fridge_lunchbox,"The fridge stands open beside a lunchbox, a grocery list, and a quiet kettle.",fridge; lunchbox; grocery list; kettle,operational,0.6,20266767,6,stock_loop_or_sprawl_failure,"As she rummages through the fridge, she notices a strange, antique-style lunchbox, which she had somehow acquired on a trip to the seaside, now holds a stack of crumpled grocery lists from past grocery shopping trips, and beside it, the kettle has been replaced by a small, porcelain figurine of a cat.",fridge; lunchbox; kettle,grocery list,,0.75,0.0,0.7253465284712848,0.0,0.044137921256308235,0.0,0.0,0.6666666666666666,0.875,0.47000000000000003,0.6190476190476191,1.0,0.0,0.0,0.0,0.0,0.43520791708277085,0.6666666666666666,0.390625,0.06521739130434782
anchor06_fridge_lunchbox,"The fridge stands open beside a lunchbox, a grocery list, and a quiet kettle.",fridge; lunchbox; grocery list; kettle,operational,0.6,20266767,7,ontologically_stable,"As the mom quietly sorts through the grocery list, her 7-year-old daughter sits beside her, playing with the kettle, now filled with water. The fridge, once a dispenser of cold drinks, now holds a sign that reads ""Fridge-shaped plant.""",fridge; grocery list; kettle,lunchbox,,0.75,0.0,0.6652073271816794,0.0,0.06972044836956523,0.0,0.0,0.0,0.0,0.0,0.7000000000000001,1.0,0.0,0.0,0.0,0.0,0.39912439630900765,0.0,0.34375,0.05217391304347826
anchor06_fridge_lunchbox,"The fridge stands open beside a lunchbox, a grocery list, and a quiet kettle.",fridge; lunchbox; grocery list; kettle,operational,0.6,20266767,8,ontologically_stable,"On the counter, the old kettle now whistles a gentle tune as the quiet kettle from yesterday has moved to the fridge, where it seems to be organizing the expired milk and yesterday's lunchbox has been repurposed as a small, makeshift greenhouse.",fridge; lunchbox; kettle,grocery list,,0.75,0.044444444444444446,0.6764457916379873,0.012596923853169632,0.04448916408668731,0.0,0.0,0.0,0.0,0.31578947368421056,0.7058823529411765,1.0,0.0,0.0,0.0,0.2222222222222222,0.3382228958189937,0.0,0.3076923076923077,0.06
anchor06_fridge_lunchbox,"The fridge stands open beside a lunchbox, a grocery list, and a quiet kettle.",fridge; lunchbox; grocery list; kettle,operational,1.2,20266767,1,anchor_loss_failure,"A woman, her hair tied back, rumps up her sleeves, and begins to sort dirty dishes, while the kettle, now a gentle hum, provides a soothing melody to the quiet, morning fog.",kettle,fridge; lunchbox; grocery list,,0.25,0.55,0.7540961538461538,0.17378145865384614,0.04179867637228689,0.0,0.0,0.3333333333333333,0.0,0.0,0.8823529411764706,1.0,0.0,1.0,0.0,0.0,0.3770480769230769,0.0,0.25,0.04090909090909091
anchor06_fridge_lunchbox,"The fridge stands open beside a lunchbox, a grocery list, and a quiet kettle.",fridge; lunchbox; grocery list; kettle,operational,1.2,20266767,2,stock_loop_or_sprawl_failure,"The fridge, now a planter, holds a small, dormant succulent, as if trying to nurture the condensation that forms on its lid. On the kitchen counter, a worn, wooden lunchbox, once used by a young girl, now bears a small, metal kettle, and a worn, leather-bound grocery list, scribbled with faint, new addresses and a scattered, dusty grocery list, holding a small, ceramic kettle, beside a kettle, now a delicate, baller, and a fridge, softly humming a lullaby.",fridge; lunchbox; grocery list; kettle,,as if,1.0,0.7809701138454419,0.6618026186727943,0.27103512604538565,0.0257086128245618,0.3333333333333333,0.04831818407489685,1.0,0.875,0.5121503082029398,0.8064516129032259,1.0,0.0,1.0,0.9016393442622951,0.027801388899340425,0.3970815712036766,0.6666666666666666,0.27884615384615385,0.045454545454545456
anchor06_fridge_lunchbox,"The fridge stands open beside a lunchbox, a grocery list, and a quiet kettle.",fridge; lunchbox; grocery list; kettle,operational,1.2,20266767,3,stock_loop_or_sprawl_failure,"a half-eared, rusty old gnome perches beside the fridge, where a vacuum cleaner quietly hums; nearby, a lunchbox holds an old, leather-bound book, its pages fluttering with scattered, soaked, and bedlam of keys and pen; on a nearby bench, a faded woman knits a new, kettle, its lid slightly ajar, emitting a wispy, fog-like morning mist.",fridge; lunchbox; kettle,grocery list,,0.75,0.0,0.6999566773718722,0.0,0.04686226871693771,0.0,0.0,1.0,0.5,0.09090909090909091,0.84375,1.0,0.0,0.0,0.0,0.0,0.41997400642312327,0.3333333333333333,0.3017241379310345,0.024999999999999998
anchor06_fridge_lunchbox,"The fridge stands open beside a lunchbox, a grocery list, and a quiet kettle.",fridge; lunchbox; grocery list; kettle,operational,1.2,20266767,4,unfinished_or_unreadable_failure,"A faint mist creeps in, misting the morning, as the refrigerator, now a miniature, steampunk-like contraption, stands upright, humming a gentle tune, while the lunchbox, once a utilitarian, now a miniature painter, holds a tiny easel, and the grocery list, onc",lunchbox; grocery list,fridge; kettle,,0.5,0.55,0.593787715252907,0.08889857151645983,0.050582608695652176,0.0,0.0,0.6666666666666666,0.4,0.0,0.8,1.0,0.4,1.0,0.0,0.0,0.18882449345042443,0.3333333333333333,0.25,0.05217391304347826
anchor06_fridge_lunchbox,"The fridge stands open beside a lunchbox, a grocery list, and a quiet kettle.",fridge; lunchbox; grocery list; kettle,operational,1.2,20266767,5,stock_loop_or_sprawl_failure,"As the afternoon sun casts a weak, diffused glow, the fridge, once a door, now a delicate, porcelain basin, slowly fills with dew. Nearby, a tiny, distressed lunchbox, formerly a prop, now cradles a steaming, kettle, which whistles a feeless, melancholic tune.",fridge; lunchbox; kettle,grocery list,glow,0.75,0.55,0.938292220113852,0.21158489563567365,0.042108306884765634,0.3333333333333333,0.10555787476280833,1.0,0.5,0.0,0.875,1.0,0.0,1.0,0.0,0.0,0.469146110056926,0.3333333333333333,0.25,0.04821428571428571
anchor06_fridge_lunchbox,"The fridge stands open beside a lunchbox, a grocery list, and a quiet kettle.",fridge; lunchbox; grocery list; kettle,operational,1.2,20266767,6,decorative_near_miss,"The fridge, now slightly ajar, seems to be trying to swallow the lunchbox, as if to nibble at its lid. The grocery list, now soaked in dew, slowly unrips to reveal a tiny, forgotten accordion, where the grocery list's curled, spirals of dried paper unfurls to play a tired, forgotten tango.",fridge; lunchbox; grocery list,kettle,as if,0.75,0.0,0.681025641025641,0.0,0.04625065316742567,0.3333333333333333,0.17025641025641025,0.0,0.0,0.33662714097496715,0.7000000000000001,1.0,0.0,0.0,0.0,0.0,0.4086153846153846,0.0,0.34375,0.05217391304347826
anchor06_fridge_lunchbox,"The fridge stands open beside a lunchbox, a grocery list, and a quiet kettle.",fridge; lunchbox; grocery list; kettle,operational,1.2,20266767,7,stock_loop_or_sprawl_failure,"The fridge, now an old, rusty 80-year-old, slowly begins to lean towards the lunchbox, which has become a small, delicate music box, softly playing a walt walt, as the grocery list, now a tiny, vivacious dancer, begins to perform a tango, and the kettle, now a harmonica, plays a lively polka, to a small crowd of ants, to the quiet, gentle hum of a nearby, very old, incredibly delicate clock.",fridge; lunchbox; grocery list; kettle,,,1.0,0.8070175438596492,0.6693452337136547,0.2774330307653565,0.04087668999051233,0.0,0.0,0.6666666666666666,0.625,0.26470588235294124,0.7741935483870968,1.0,0.0,1.0,1.0,0.03508771929824561,0.4016071402281928,0.3333333333333333,0.28,0.056249999999999994
anchor06_fridge_lunchbox,"The fridge stands open beside a lunchbox, a grocery list, and a quiet kettle.",fridge; lunchbox; grocery list; kettle,operational,1.2,20266767,8,anchor_loss_failure,"As the kettle whirs to life, a loud, metallic voice, once a gruff secretary, now croaks out a new morning tune, its slender fingers, once a pianist, now drums a stoveward's tin, beside the fridge, now a grandmother, gentle and ancient, amidst a tangle of laundry, as it hums a lullaby to the kitchen's morning.",fridge; kettle,lunchbox; grocery list,,0.5,0.55,0.8995669291338583,0.243422811023622,0.0402629296875,0.0,0.0,0.3333333333333333,0.375,0.18750000000000003,0.8666666666666667,1.0,0.0,1.0,0.0,0.0,0.5397401574803149,0.3333333333333333,0.30357142857142855,0.01714285714285714
anchor07_elevator_button,"The elevator button is cracked near an office key, a security camera, and the hallway carpet.",elevator button; office key; security camera; hallway carpet,naive,0.0,20267776,1,ontologically_stable,"In the eerie stillness, the elevator button seemed to scream in defiance as the office key rusted with every gentle sway of the hallway carpet, which swayed with an otherworldly life of its own, trapped between the security camera's frozen gaze and the endless repetition of the button's mocking chant.",elevator button; office key; security camera; hallway carpet,,,1.0,0.051903856809524966,0.65422247767822,0.01670668154306762,0.07728192133658196,0.0,0.0,0.0,0.0,0.1153846153846154,0.56,1.0,0.0,0.0,0.0,0.2595192840476248,0.39253348660693194,0.0,0.38235294117647056,0.09230769230769231
anchor07_elevator_button,"The elevator button is cracked near an office key, a security camera, and the hallway carpet.",elevator button; office key; security camera; hallway carpet,naive,0.0,20267776,2,decorative_near_miss,"The eerie glow of the security camera seemed to pulse in rhythm with the elevator button's cracked surface, while the office key lay nearby, its teeth twisted into a macabre grin that reflected off the warped hallway carpet. As the elevator creaked open, a musty scent wafted out, carrying with it the whispers of a thousand forgotten meetings that had convened on the very spot where the office key now lay.",elevator button; office key; security camera; hallway carpet,,glow,1.0,0.0761904761904762,0.6436768904689191,0.02677695864350703,0.03223134678949624,0.3333333333333333,0.19821161389042904,0.3333333333333333,0.0,0.44089635854341735,0.7096774193548387,1.0,0.0,0.0,0.0,0.38095238095238093,0.3862061342813514,0.0,0.25,0.08709677419354839
anchor07_elevator_button,"The elevator button is cracked near an office key, a security camera, and the hallway carpet.",elevator button; office key; security camera; hallway carpet,naive,0.0,20267776,3,ontologically_stable,"The cracked elevator button seemed to be staring back at her, its dull surface mirroring the vacant expression on the security camera, which sat incongruously on a nearby potted plant. Meanwhile, the office key lay tantalizingly close, suspended in mid-air by an invisible thread, while the hallway carpet appeared to be unravelling at a maddening pace, its strange tendrils snaking out in all directions.",elevator button; office key; security camera; hallway carpet,,,1.0,0.03333333333333333,0.6982639451192083,0.013965278902384165,0.06133121107266438,0.0,0.0,0.0,0.0,0.0,0.7058823529411765,1.0,0.0,0.0,0.0,0.16666666666666666,0.41895836707152495,0.0,0.28,0.07941176470588235
anchor07_elevator_button,"The elevator button is cracked near an office key, a security camera, and the hallway carpet.",elevator button; office key; security camera; hallway carpet,naive,0.0,20267776,4,ontologically_stable,"As the security camera continued to stare at the elevator button, now transformed into a twisted, gnarled tree stump, the office key began to slide out of its hiding place in the wall, the carpet mottling into an undulating sea of deep purple as the elevator creaked open, releasing a gust of heat that seemed to pull the surrounding objects into a blur.",elevator button; office key; security camera,hallway carpet,,0.75,0.05714285714285714,0.65214039408867,0.018334461365235748,0.05310829408707158,0.0,0.0,0.0,0.0,0.09375000000000001,0.7419354838709677,1.0,0.0,0.0,0.0,0.2857142857142857,0.391284236453202,0.0,0.28125,0.06363636363636363
anchor07_elevator_button,"The elevator button is cracked near an office key, a security camera, and the hallway carpet.",elevator button; office key; security camera; hallway carpet,naive,0.0,20267776,5,ontologically_stable,"The elevator button glowed softly, its cracked surface now adorned with a verdant moss that mirrored the gentle hue of the nearby security camera's lens. The office key, once a humble brass slide, had transformed into a gnarled branch that twisted from the carpet, weaving an intricate web that chilled the air around the security camera.",elevator button; office key; security camera,hallway carpet,,0.75,0.044444444444444446,0.678126744173674,0.018083379844631306,0.047353609465903175,0.0,0.0,0.0,0.0,0.2412634408602151,0.7,1.0,0.0,0.0,0.0,0.2222222222222222,0.4068760465042044,0.0,0.28409090909090906,0.07741935483870967
anchor07_elevator_button,"The elevator button is cracked near an office key, a security camera, and the hallway carpet.",elevator button; office key; security camera; hallway carpet,naive,0.0,20267776,6,ontologically_stable,"As she pressed the elevator button, the entire wall seemed to shudder, and the office key, now sprouting small wings, fluttered erratically. Meanwhile, the security camera had morphed into a claw, which scraped against the hallway carpet that had turned a vibrant shade of plaid.",elevator button; office key; security camera; hallway carpet,,,1.0,0.03333333333333333,0.6967124463519314,0.011426084120171674,0.08237323369565216,0.0,0.0,0.0,0.0,0.0,0.5652173913043479,1.0,0.0,0.0,0.0,0.16666666666666666,0.41802746781115885,0.0,0.35,0.09999999999999999
anchor07_elevator_button,"The elevator button is cracked near an office key, a security camera, and the hallway carpet.",elevator button; office key; security camera; hallway carpet,naive,0.0,20267776,7,ontologically_stable,"As I stepped into the elevator, I noticed the cracked elevator button seemed to be reflecting a distorted version of the words ""Emergency Exit"" above the door, which was now blurry like a watercolor painting. In the dimly lit control room, the security camera was jammed with a puzzled fish skeleton, next to the ancient office key which looked like a fossilized insect, and the hallway carpet had transformed into a twisted, demented garden of swaying green tufts.",elevator button; office key; security camera; hallway carpet,,,1.0,0.06666666666666667,0.6485542730332003,0.02594217092132801,0.05280861434156176,0.0,0.0,0.0,0.0,0.07317073170731708,0.75,1.0,0.0,0.0,0.0,0.3333333333333333,0.3891325638199202,0.0,0.27419354838709675,0.0675
anchor07_elevator_button,"The elevator button is cracked near an office key, a security camera, and the hallway carpet.",elevator button; office key; security camera; hallway carpet,naive,0.0,20267776,8,decorative_near_miss,"The elevator button seemed to be emitting a faint hum, as if it were trying to tune into a forgotten frequency, while the office key lay next to it, its surface worn and cracked, but the key itself still golden. Amidst this dissonance, the security camera hung limply from the wall, its lens like a gaping eye staring into the distance, while the hallway carpet had transformed into a garden of twisted, crystalline stalks that writhed like serpents.",elevator button; office key; security camera; hallway carpet,,as if,1.0,0.06666666666666667,0.6650043541364296,0.02300915065312046,0.051749891801313924,0.3333333333333333,0.20689024350911142,0.0,0.0,0.09090909090909091,0.71875,1.0,0.0,0.0,0.0,0.3333333333333333,0.3990026124818577,0.0,0.25,0.08437499999999999
anchor07_elevator_button,"The elevator button is cracked near an office key, a security camera, and the hallway carpet.",elevator button; office key; security camera; hallway carpet,naive,0.6,20267776,1,readable_transport,"In the cracked elevator button, a tiny, topless Mona Lisa smiled back at the office key, which had somehow become a delicate harp, its strings singing a dissonant melody that harmonized with the hum of the security camera, while the hallway carpet, now a canvas of abstract polka dots, rippled and undulated like a wake on a tranquil lake.",elevator button; office key; security camera; hallway carpet,,,1.0,0.5833333333333334,0.7052867383512544,0.24685035842293906,0.058416093750000016,0.0,0.0,0.3333333333333333,0.0,0.0,0.7,1.0,0.0,1.0,0.0,0.16666666666666666,0.4231720430107527,0.0,0.25,0.09
anchor07_elevator_button,"The elevator button is cracked near an office key, a security camera, and the hallway carpet.",elevator button; office key; security camera; hallway carpet,naive,0.6,20267776,2,ontologically_stable,"As I step out of the elevator, a tendril of clouds and a pocket watch appear beside me, taunting me with its timing. The cracked elevator button has transformed into a cryptic smile, while the office key now hangs from a broken security camera, which stares at me with a closed eye, its lens cracked like a geode.",elevator button; office key; security camera,hallway carpet,,0.75,0.0380952380952381,0.7223460987831066,0.016510767972185297,0.04415782752403847,0.0,0.0,0.3333333333333333,0.4,0.2142857142857143,0.7307692307692307,1.0,0.0,0.0,0.0,0.19047619047619047,0.43340765926986397,0.3333333333333333,0.25,0.075
anchor07_elevator_button,"The elevator button is cracked near an office key, a security camera, and the hallway carpet.",elevator button; office key; security camera; hallway carpet,naive,0.6,20267776,3,readable_transport,"The elevator button, once a proud, solid rectangle, now lies on the floor, its cracked surface reflecting the soft, pulsing glow of the security camera, which has developed a strange, tangle of hair, and the hallway carpet, a vibrant, crimson-red hue, slowly begins to unravel, like a scrawled, neon-lit scroll. Amidst this disarray, an office key, half-buried in a puddle of discarded dreams, shimmers with an otherworldly light, as the air thickens with the scent of stale paper and forgotten memories.",elevator button; office key; security camera; hallway carpet,,glow,1.0,0.2710526315789474,0.676541804524725,0.09517340853810059,0.05148046875000001,0.3333333333333333,0.1643877893450428,0.0,0.0,0.0,0.7857142857142857,1.0,0.0,0.0,1.0,0.10526315789473684,0.405925082714835,0.0,0.25,0.06428571428571428
anchor07_elevator_button,"The elevator button is cracked near an office key, a security camera, and the hallway carpet.",elevator button; office key; security camera; hallway carpet,naive,0.6,20267776,4,decorative_near_miss,"As the elevator button pulsed with a faint, ethereal glow, a key emerged from the shadows, leading me down a deserted hallway lined with a tattered hallway carpet that unravels like a dying vine, and above, the security camera watches with eyes that are both blind and aware.",elevator button; security camera; hallway carpet,office key,ethereal; glow,0.75,0.08798106482282765,0.671569717245845,0.024225021718682436,0.06080539772727273,0.6666666666666666,0.3062421492098952,0.3333333333333333,0.0,0.13043478260869568,0.6363636363636364,1.0,0.0,0.0,0.0,0.43990532411413824,0.3357848586229225,0.0,0.3,0.08750000000000001
anchor07_elevator_button,"The elevator button is cracked near an office key, a security camera, and the hallway carpet.",elevator button; office key; security camera; hallway carpet,naive,0.6,20267776,5,stock_loop_or_sprawl_failure,"The elevator button, once a bright red, now seemed to be bleeding a faint, rusty glow, while the office key, dusty and forgotten, lay nearby, its teeth twisted into a menacing grin. The security camera, its lens clouded with a fine, silver mist, surveils the hallway carpet, where old, forgotten memories are said to be forever trapped, trapped in a sea of stained, indigo hues that have been slowly devouring the walls, day by day.",elevator button; office key; security camera; hallway carpet,,glow; silver,1.0,0.01568627450980392,0.6880945692883895,0.005310471028860982,0.04396159317211949,0.6666666666666666,0.4515339526572177,0.6666666666666666,0.0,0.15789473684210528,0.7777777777777778,1.0,0.0,0.0,0.0,0.0784313725490196,0.4128567415730337,0.0,0.25,0.06486486486486487
anchor07_elevator_button,"The elevator button is cracked near an office key, a security camera, and the hallway carpet.",elevator button; office key; security camera; hallway carpet,naive,0.6,20267776,6,decorative_near_miss,"The elevator button, once a crisp white, now seemed to be bleeding a faint, pulsing green, as if it had absorbed the office key's dusty, mechanical sigh. Meanwhile, the security camera, its lens wavy with a jaundiced smile, captures the hallway carpet, which has begun to unravel, revealing a patchwork of glittering, iridescent threads that seem to be singing a melancholy tune.",elevator button; office key; security camera; hallway carpet,,as if; iridescent; melancholy,1.0,0.020512820512820513,0.716532748757492,0.006387797592000123,0.04735440340909091,1.0,0.7018346410906716,0.3333333333333333,0.0,0.0,0.75,1.0,0.0,0.0,0.0,0.10256410256410256,0.37976235684147075,0.0,0.25,0.1090909090909091
anchor07_elevator_button,"The elevator button is cracked near an office key, a security camera, and the hallway carpet.",elevator button; office key; security camera; hallway carpet,naive,0.6,20267776,7,anchor_loss_failure,"As I step into the elevator, the cracked elevator button seems to yawn open, revealing a twisted, hair-like tendril that snatches at my feet. I descend, the air thickening with a fog of stale office air, and land softly on a dust-filled office, where a key made of shattered glass and silver slowly opens a door to a dimly lit hallway carpet that squirms like a living thing.",elevator button; hallway carpet,office key; security camera,silver,0.5,0.03309125495378891,0.690443722943723,0.01185792996966327,0.047750772894385035,0.3333333333333333,0.11126601227942484,0.3333333333333333,0.0,0.26470588235294124,0.7096774193548386,1.0,0.0,0.0,0.0,0.16545627476894453,0.4142662337662338,0.0,0.3125,0.06363636363636363
anchor07_elevator_button,"The elevator button is cracked near an office key, a security camera, and the hallway carpet.",elevator button; office key; security camera; hallway carpet,naive,0.6,20267776,8,decorative_near_miss,"In the cracked elevator button, a small, pale face peeks out, its eyes fixed on the office key, now gleaming with a soft, ethereal light. Meanwhile, the security camera above, its lens shattered, watches the hallway carpet, where fluorescent flowers are now unfolding, their petals made of tiny, ticking clocks.",elevator button; office key; security camera; hallway carpet,,ethereal,1.0,0.030219432106227552,0.7170769230769231,0.011831632935958635,0.07949054097415593,0.3333333333333333,0.23180242189501912,0.3333333333333333,0.0,0.0,0.5769230769230769,1.0,0.0,0.0,0.0,0.15109716053113775,0.43024615384615383,0.0,0.3382352941176471,0.10384615384615384
anchor07_elevator_button,"The elevator button is cracked near an office key, a security camera, and the hallway carpet.",elevator button; office key; security camera; hallway carpet,naive,1.2,20267776,1,readable_transport,"In the cracked elevator button now yawns a tiny, tutu-clad jankey, and a new, dusty office key materializes, requesting a tiny, topless secretary to synchronize its tempo. Amidst this, the security camera, now a shrub, intercepts the whispers of a hallway carpet that, once a tripty of vibrant, turquoise, emerald, and amethyst, now weeps tears of sapphire, as an astral, silky tie attests to a macenta, clustering, lily.",elevator button; office key; security camera; hallway carpet,,,1.0,0.5640350877192983,0.710903521443246,0.2189320934221508,0.05333508266966759,0.0,0.0,0.3333333333333333,0.0,0.0,0.7631578947368421,1.0,0.0,1.0,0.0,0.07017543859649122,0.42654211286594756,0.0,0.25,0.07105263157894737
anchor07_elevator_button,"The elevator button is cracked near an office key, a security camera, and the hallway carpet.",elevator button; office key; security camera; hallway carpet,naive,1.2,20267776,2,unfinished_or_unreadable_failure,"As the elevator, now a decaying, disheaved, ancient creature, slowly, by infinite slown, slowly, to a slight, eerie, serpent-like slumber, the cracked elevator button, now a frayed, garter-like, flower, taps out a chorus of somber, monotonous dirge, while, abo",elevator button,office key; security camera; hallway carpet,,0.25,0.55,0.6009037674037674,0.09914912162162162,0.032466430664062504,0.0,0.0,0.0,0.0,0.2307692307692308,0.875,1.0,0.4,1.0,0.0,0.0,0.1802711302211302,0.0,0.25,0.045000000000000005
anchor07_elevator_button,"The elevator button is cracked near an office key, a security camera, and the hallway carpet.",elevator button; office key; security camera; hallway carpet,naive,1.2,20267776,3,stock_loop_or_sprawl_failure,"A delicate, petrified rabbit sits, oblivious to the faint, discordant hum that emits a lullaby of rain. Above the cracked elevator button, an office key materializes, playing a tango with a forgotten security camera, its lens twinkling with a curiosity for the hallway carpet, where purple flowers bloom in perpetual, afterno midnight.",elevator button; office key; security camera; hallway carpet,,,1.0,0.02666666666666667,0.7256069602507009,0.010042400329869701,0.06641758602110583,0.0,0.0,0.6666666666666666,0.375,0.0,0.6551724137931034,1.0,0.0,0.0,0.0,0.13333333333333333,0.43536417615042056,0.3333333333333333,0.2875,0.09310344827586207
anchor07_elevator_button,"The elevator button is cracked near an office key, a security camera, and the hallway carpet.",elevator button; office key; security camera; hallway carpet,naive,1.2,20267776,4,ontologically_stable,"As the cracked elevator button, once a tiny, perfected pianist, now plays a melancholic tango, the office key, covered in tiny, iridish scales, tries to open a small, dewy office, where a security camera, with eyes that are marbled in turquoise, discreetly observes the hallway carpet, which has been woven from plaid that shimmers like a sprinkling of stardlight.",elevator button; office key; security camera; hallway carpet,,,1.0,0.020512820512820513,0.7221828007518797,0.008888403701561595,0.05388503502155173,0.0,0.0,0.3333333333333333,0.0,0.10344827586206898,0.6785714285714286,1.0,0.0,0.0,0.0,0.10256410256410256,0.4333096804511278,0.0,0.25,0.09642857142857143
anchor07_elevator_button,"The elevator button is cracked near an office key, a security camera, and the hallway carpet.",elevator button; office key; security camera; hallway carpet,naive,1.2,20267776,5,ontologically_stable,"A fractured, tiny tree sprouts from the crack in the elevator button, its branches tangled with a twisted, office key. The security camera, a sleepy, antique, observes the scene, while the hallway carpet, a tangle of purple and green, unfurls like a slow, pulsing, tendril.",elevator button; office key; security camera; hallway carpet,,,1.0,0.020512820512820513,0.7164722930674705,0.007230858834650164,0.07202445652173914,0.0,0.0,0.3333333333333333,0.375,0.0,0.6086956521739131,1.0,0.0,0.0,0.0,0.10256410256410256,0.4298833758404823,0.3333333333333333,0.3,0.09999999999999999
anchor07_elevator_button,"The elevator button is cracked near an office key, a security camera, and the hallway carpet.",elevator button; office key; security camera; hallway carpet,naive,1.2,20267776,6,ontologically_stable,"A new, tinfoilskin, ascets to a strange, metroned melody, while, nearby, the security camera yawns, its lens blinking an average office key, in a cubist, half-faced in a surreal, disused hallway carpet, as the elevator button, now wearing a broken, top hat, taps a little, forgetting, and, nearby, an elevator, heavy with porcelain, longs, a female, with sable, in a patchwork, where moonflowers unfurl.",elevator button; office key; security camera; hallway carpet,,,1.0,0.010666666666666666,0.7254463974939088,0.003807142694048033,0.053344337194337205,0.0,0.0,0.3333333333333333,0.5,0.08108108108108109,0.7428571428571429,1.0,0.0,0.0,0.0,0.05333333333333333,0.43526783849634526,0.3333333333333333,0.2777777777777778,0.06666666666666667
anchor07_elevator_button,"The elevator button is cracked near an office key, a security camera, and the hallway carpet.",elevator button; office key; security camera; hallway carpet,naive,1.2,20267776,7,anchor_loss_failure,"As the elevator, now a mechanical mouth, yawns open, a wrinkled, old, long-nclder, in a three-piece suit, steps out, clutching a worn, leather-bound brief-case, to which a tangle of fragile, ethereal strings, like a thousand, thousand, thousand, very, very, very delicate, spider, begins to unfurl, releasing a sonata of morning dew.",,elevator button; office key; security camera; hallway carpet,ethereal,0.0,0.55,0.8604481400583537,0.2328372666997905,0.021115769531250005,0.3333333333333333,0.0,1.0,0.5,0.26708553791887124,0.96,1.0,0.0,1.0,0.0,0.0,0.5162688840350121,0.3333333333333333,0.125,0.0031818181818181815
anchor07_elevator_button,"The elevator button is cracked near an office key, a security camera, and the hallway carpet.",elevator button; office key; security camera; hallway carpet,naive,1.2,20267776,8,unfinished_or_unreadable_failure,"Time slumbered, its sighs a soft, moist moss, as the office key, now a grotesque, metal flower, unfurls petals of glittering chrome, while the security camera, once a sentry, now dispenses jasmine and forgets its duties, and the elevator button, now a cracked",elevator button; office key; security camera,hallway carpet,,0.75,0.5611111111111111,0.4557856693903206,0.06981876812277393,0.05804499699519232,0.0,0.0,0.0,0.0,0.0,0.7083333333333334,1.0,0.4,1.0,0.0,0.05555555555555555,0.13673570081709618,0.0,0.25,0.08076923076923076
anchor07_elevator_button,"The elevator button is cracked near an office key, a security camera, and the hallway carpet.",elevator button; office key; security camera; hallway carpet,operational,0.0,20267776,1,readable_transport,"The old office key lies next to the elevator button, where it has become a makeshift bookmark, a substitute for the worn pages of a stale notebook. Meanwhile, a janitor has replaced the security camera in the corner, placing a new camera in the hallway above the carpet, where a disgruntled employee had scribbled ""replacement"" in bold red letters.",elevator button; office key; security camera,hallway carpet,,0.75,0.6261904761904762,0.6630394681870058,0.20427298815601377,0.06478826970443351,0.0,0.0,0.0,0.0,0.10344827586206898,0.6428571428571429,1.0,0.0,1.0,0.0,0.38095238095238093,0.39782368091220344,0.0,0.325,0.08275862068965517
anchor07_elevator_button,"The elevator button is cracked near an office key, a security camera, and the hallway carpet.",elevator button; office key; security camera; hallway carpet,operational,0.0,20267776,2,ontologically_stable,"As she reached for the elevator button, she noticed it had been replaced with a makeshift fix involving a paperclip and some wire, and her coworker had taken to sticking the office key in the small crevice next to it, where the security camera was also positioned to catch a questionable angle of the floor. Meanwhile, the faint scent of spilled coffee lingered on the hallway carpet.",elevator button; office key; security camera; hallway carpet,,,1.0,0.06666666666666667,0.6780168776371308,0.022238953586497887,0.06261460599754044,0.0,0.0,0.0,0.0,0.09677419354838711,0.6666666666666666,1.0,0.0,0.0,0.0,0.3333333333333333,0.4068101265822785,0.0,0.3181818181818182,0.07741935483870967
anchor07_elevator_button,"The elevator button is cracked near an office key, a security camera, and the hallway carpet.",elevator button; office key; security camera; hallway carpet,operational,0.0,20267776,3,ontologically_stable,"The maintenance worker grumbled as he picked up the old elevator button, which had been replaced by a newer, more durable one just that morning, and examined the surface for any remaining imperfections. As he turned to leave, his gaze fell on the floor, where the old office key lay, nearly invisible beneath a displaced thread of the security camera's cord, its taut yarn stretching like a thin, metallic thread, which in turn trailed off onto the streaked, worn hallway carpet.",elevator button; office key; security camera; hallway carpet,,,1.0,0.020512820512820513,0.6620500997867574,0.0066816133147709665,0.046428205141729004,0.0,0.0,0.0,0.0,0.13636363636363638,0.7857142857142857,1.0,0.0,0.0,0.0,0.10256410256410256,0.39723005987205445,0.0,0.27205882352941174,0.05581395348837209
anchor07_elevator_button,"The elevator button is cracked near an office key, a security camera, and the hallway carpet.",elevator button; office key; security camera; hallway carpet,operational,0.0,20267776,4,ontologically_stable,"Maintenance workers furtively examine the elevator button, their attention diverting from the office key discarded on the nearby floor, while the security camera clicks on, its gaze settling on the dull stained pattern of the hallway carpet.",elevator button; office key; security camera; hallway carpet,,,1.0,0.1,0.6748119122257054,0.0332007460815047,0.07612387612387612,0.0,0.0,0.0,0.0,0.0,0.5714285714285715,1.0,0.0,0.0,0.0,0.5,0.4048871473354232,0.0,0.3076923076923077,0.10909090909090909
anchor07_elevator_button,"The elevator button is cracked near an office key, a security camera, and the hallway carpet.",elevator button; office key; security camera; hallway carpet,operational,0.0,20267776,5,readable_transport,"As she peered into the broken elevator button, she couldn't help but notice how the once office key had transformed into a rather primitive-looking hammer, which was itself adjacent to the security camera, now two feet above the floor. Meanwhile, the hallway carpet had become a colorful patchwork quilt, contrasting with the dull, cracked tiles below.",elevator button; office key; security camera; hallway carpet,,,1.0,0.6000000000000001,0.6918451749129715,0.24906426296866976,0.058157117991401885,0.0,0.0,0.0,0.0,0.09375000000000001,0.6774193548387097,1.0,0.0,1.0,0.0,0.25,0.41510710494778286,0.0,0.28409090909090906,0.08709677419354839
anchor07_elevator_button,"The elevator button is cracked near an office key, a security camera, and the hallway carpet.",elevator button; office key; security camera; hallway carpet,operational,0.0,20267776,6,ontologically_stable,"The company secretary, notorious for her slovenly habits, stood in front of the elevator button, trying to scrape off the grime with her office key. Meanwhile, the security camera fixed across the room had been retired in favor of a newer model mounted on the ceiling, and a battered maintenance cart with its extension arm lay rolling aimlessly in the hallway carpet, having recently been flung by a disgruntled custodian.",elevator button; office key; security camera; hallway carpet,,,1.0,0.04931913195045408,0.689674499229584,0.016734960634140657,0.05540294665012408,0.0,0.0,0.0,0.0,0.0,0.7692307692307692,1.0,0.0,0.0,0.0,0.24659565975227038,0.4138046995377504,0.0,0.27419354838709675,0.06
anchor07_elevator_button,"The elevator button is cracked near an office key, a security camera, and the hallway carpet.",elevator button; office key; security camera; hallway carpet,operational,0.0,20267776,7,ontologically_stable,"She knelt to inspect the cracked elevator button more closely, the office key still lying nearby after her brief moment of distraction, while the security camera watched her from the corner, its usually sharp focus slightly blurry from a layer of dust accumulating on the lens, the hallway carpet a dull, faded pink beneath her bending knees.",elevator button; office key; security camera; hallway carpet,,,1.0,0.0380952380952381,0.7064467688483844,0.01420967215055036,0.05764825052029137,0.0,0.0,0.0,0.0,0.0,0.7096774193548387,1.0,0.0,0.0,0.0,0.19047619047619047,0.42386806130903065,0.0,0.25,0.08709677419354839
anchor07_elevator_button,"The elevator button is cracked near an office key, a security camera, and the hallway carpet.",elevator button; office key; security camera; hallway carpet,operational,0.0,20267776,8,decorative_near_miss,"The new office key was attached to a small metal clip near the security camera, which caught the dim fluorescent light and cast a faint glow on the worn hallway carpet. The elevator button, still cracked, remained a reminder of the office key's replacement, which had never actually been installed.",elevator button; office key; security camera; hallway carpet,,glow,1.0,0.08888888888888889,0.6770493309269466,0.01561727123338157,0.06555207978766027,0.3333333333333333,0.20562238939262822,0.3333333333333333,0.0,0.2863247863247863,0.52,1.0,0.0,0.0,0.0,0.4444444444444444,0.20311479927808399,0.0,0.390625,0.108
anchor07_elevator_button,"The elevator button is cracked near an office key, a security camera, and the hallway carpet.",elevator button; office key; security camera; hallway carpet,operational,0.6,20267776,1,readable_transport,"The old office key lies next to the security camera, where it has become a makeshift bookmark, and the cracked elevator button has been repurposed as a small planter, holding a tiny succulent that seems to thrive on neglect.",elevator button; office key; security camera,hallway carpet,,0.75,0.6033333333333334,0.7437999649368864,0.24502258444950908,0.1502654775582108,0.0,0.0,0.0,0.0,0.0,0.4666666666666667,0.7166666666666668,0.0,1.0,0.0,0.26666666666666666,0.44627997896213184,0.0,0.34375,0.12352941176470587
anchor07_elevator_button,"The elevator button is cracked near an office key, a security camera, and the hallway carpet.",elevator button; office key; security camera; hallway carpet,operational,0.6,20267776,2,ontologically_stable,"The maintenance crew had recently repainted the hallway carpet, but the old, faded design still clings to it. Nearby, the office key lies on the cracked elevator button, where it has been waiting for what feels like an eternity for the right hand to lift it and press the elevator button, which now seems to be slightly askew, angled at a peculiar angle to the security camera.",elevator button; office key; security camera; hallway carpet,,,1.0,0.08333333333333333,0.6579694027655193,0.028950653721682842,0.0506341883466749,0.0,0.0,0.0,0.0,0.2664203612479475,0.6296296296296295,1.0,0.0,0.0,0.0,0.41666666666666663,0.39478164165931157,0.0,0.2916666666666667,0.09999999999999999
anchor07_elevator_button,"The elevator button is cracked near an office key, a security camera, and the hallway carpet.",elevator button; office key; security camera; hallway carpet,operational,0.6,20267776,3,ontologically_stable,"As she fixed the elevator button, she realized it was once an office key, now worn and rusty, a relic of a long-forgotten secret. The security camera, once a prized possession of the office's previous owner, now pointed accusingly at the crumbling hallway carpet, where a small stain from last week's water spill slowly darkens.",elevator button; office key; security camera; hallway carpet,,,1.0,0.03333333333333333,0.7015442518248175,0.011505325729927006,0.046164263322884015,0.0,0.0,0.0,0.0,0.27272727272727276,0.689655172413793,1.0,0.0,0.0,0.0,0.16666666666666666,0.42092655109489047,0.0,0.2857142857142857,0.08
anchor07_elevator_button,"The elevator button is cracked near an office key, a security camera, and the hallway carpet.",elevator button; office key; security camera; hallway carpet,operational,0.6,20267776,4,ontologically_stable,"A small, intricately carved wooden elevator button lies near the office key, its cracked surface seeming to mirror the slight rust on the security camera, which gazes out from a dusty corner, its lens fogged over, casting a dim, oily sheen on the hallway carpet.",elevator button; office key; security camera; hallway carpet,,,1.0,0.0761904761904762,0.7153543447293448,0.028777683353683352,0.084100048828125,0.0,0.0,0.0,0.0,0.0,0.5416666666666667,1.0,0.0,0.0,0.0,0.38095238095238093,0.42921260683760687,0.0,0.35,0.11249999999999999
anchor07_elevator_button,"The elevator button is cracked near an office key, a security camera, and the hallway carpet.",elevator button; office key; security camera; hallway carpet,operational,0.6,20267776,5,ontologically_stable,"The elevator button, now slightly ajar, creaks in the faint breeze that stirs the faded hallway carpet, while the office key, once a dull brown, has been repainted a vibrant shade of pink, and the security camera, once fixed on the door, now focuses on a small potted plant that has mysteriously materialized beside it.",elevator button; office key; security camera; hallway carpet,,,1.0,0.02962962962962963,0.6874484265027101,0.010021470395239505,0.05201822916666668,0.0,0.0,0.0,0.0,0.10714285714285715,0.7037037037037037,1.0,0.0,0.0,0.0,0.14814814814814814,0.412469055901626,0.0,0.25,0.0857142857142857
anchor07_elevator_button,"The elevator button is cracked near an office key, a security camera, and the hallway carpet.",elevator button; office key; security camera; hallway carpet,operational,0.6,20267776,6,anchor_loss_failure,"As I examine the cracked elevator button, I realize it's actually a miniature globe, once a prop for a language class, now a relic of the office's eccentric owner, Mrs. Jenkins.",elevator button,office key; security camera; hallway carpet,,0.25,0.55,0.7443174994135585,0.21696855107905233,0.06528177704648294,0.0,0.0,0.3333333333333333,0.4,0.0,0.7058823529411765,1.0,0.0,1.0,0.0,0.0,0.394488274689186,0.3333333333333333,0.3076923076923077,0.05454545454545454
anchor07_elevator_button,"The elevator button is cracked near an office key, a security camera, and the hallway carpet.",elevator button; office key; security camera; hallway carpet,operational,0.6,20267776,7,ontologically_stable,"A tourist who has gotten lost in the building presses the cracked elevator button, while nearby, a janitor attempts to sweep the dusty office key into a bucket. A security camera above the entrance focuses on the janitor, whose reflective vest casts a faint image on the security camera, and a sunbeam filters through a broken window above the hallway carpet, where the janitor pauses to adjust a tangled length of twisted copper wires.",elevator button; office key; security camera; hallway carpet,,,1.0,0.03731710318147133,0.6471634349030471,0.01275133974869167,0.06311077238452203,0.0,0.0,0.0,0.0,0.3638638638638639,0.53125,1.0,0.0,0.0,0.0,0.18658551590735664,0.3882980609418282,0.0,0.44565217391304346,0.08437499999999999
anchor07_elevator_button,"The elevator button is cracked near an office key, a security camera, and the hallway carpet.",elevator button; office key; security camera; hallway carpet,operational,0.6,20267776,8,readable_transport,"A small plastic elf with a broken wing lies near the office key, once used to open a filing cabinet in a long-abandoned room, which now serves as a mini-garden. Meanwhile, the security camera, once mounted above a door, now sits on a shelf, observing the hallway carpet, now a vibrant, turquoise blue.",office key; security camera; hallway carpet,elevator button,,0.75,0.5863636363636364,0.7242533867699401,0.20894051796142984,0.05367573496905394,0.0,0.0,0.0,0.0,0.1111111111111111,0.7307692307692307,1.0,0.0,1.0,0.0,0.1818181818181818,0.4345520320619641,0.0,0.2875,0.06206896551724138
anchor07_elevator_button,"The elevator button is cracked near an office key, a security camera, and the hallway carpet.",elevator button; office key; security camera; hallway carpet,operational,1.2,20267776,1,anchor_loss_failure,"A janitor, with a pair of rubber clogs, tends to a new, leather-bound desk, and a filing cabinet beside it; the hallway carpet, now a small, intricate, miniature garden, seems to unfurl tiny, verdant blooms. The office key, now a tiny, twisted scimitt, waits, next to a miniature, orchest, where a lone, claret weeps tears of dew.",office key; hallway carpet,elevator button; security camera,,0.5,0.8140350877192983,0.9330503345498784,0.3736915697784608,0.06782523826979474,0.0,0.0,0.6666666666666666,0.9,0.0,0.7307692307692307,1.0,0.0,1.0,1.0,0.07017543859649122,0.5598302007299271,0.6666666666666666,0.3522727272727273,0.038709677419354833
anchor07_elevator_button,"The elevator button is cracked near an office key, a security camera, and the hallway carpet.",elevator button; office key; security camera; hallway carpet,operational,1.2,20267776,2,unfinished_or_unreadable_failure,"The repairman, who had been working for years, fixes the elevator button, which now clicks softly, as the office key, now a tiny, delicate piano, begins to play a solitary melody, while the security camera, now a tiny, old-haired, bespectaced music hall perfor",elevator button; office key; security camera,hallway carpet,,0.75,0.5611111111111111,0.6233133282364934,0.0860380164075773,0.048380594008264464,0.0,0.0,0.3333333333333333,0.0,0.0,0.7272727272727273,1.0,0.4,1.0,0.0,0.05555555555555555,0.18699399847094803,0.0,0.25,0.108
anchor07_elevator_button,"The elevator button is cracked near an office key, a security camera, and the hallway carpet.",elevator button; office key; security camera; hallway carpet,operational,1.2,20267776,3,readable_transport,"The faint hum of a miniature refrigerator in the corner of a converted elevator, a small desk with an old office key, a security camera watches the hallway carpet, where a janonym, named ""Statue,"" quietly recasts itself as a small, marble, inlaid shower.",office key; security camera; hallway carpet,elevator button,,0.75,0.29931913195045406,0.708451114922813,0.10433006259202965,0.06020534446022728,0.0,0.0,0.3333333333333333,0.4,0.0,0.6818181818181818,1.0,0.0,0.0,1.0,0.24659565975227038,0.4250706689536878,0.3333333333333333,0.25,0.08750000000000001
anchor07_elevator_button,"The elevator button is cracked near an office key, a security camera, and the hallway carpet.",elevator button; office key; security camera; hallway carpet,operational,1.2,20267776,4,readable_transport,"The newly installed elevator button, now firmly attached, catches the morning dew, while the office key, once a dull, rusty relic, now emits a soft, ethereal hum. A security camera, once a static, stationary observer, now captures a slow, contemplative painter.",elevator button; office key; security camera,hallway carpet,ethereal,0.75,0.2602564102564103,0.7223287671232876,0.0770761837021426,0.047678834134615385,0.3333333333333333,0.13358451879171057,0.3333333333333333,0.0,0.1153846153846154,0.76,1.0,0.0,0.0,1.0,0.05128205128205128,0.3611643835616438,0.0,0.25,0.06428571428571428
anchor07_elevator_button,"The elevator button is cracked near an office key, a security camera, and the hallway carpet.",elevator button; office key; security camera; hallway carpet,operational,1.2,20267776,5,anchor_loss_failure,"The broken elevator button, once a discreet and unassuming attendant, now sports a small, worn nameplate, its name reading ""E. M.",elevator button,office key; security camera; hallway carpet,,0.25,0.0,0.7575173625996742,0.0,0.05674060187088816,0.0,0.0,0.0,0.0,0.0,0.8333333333333334,0.8875,0.0,0.0,0.0,0.0,0.3787586812998371,0.0,0.25,0.04736842105263158
anchor07_elevator_button,"The elevator button is cracked near an office key, a security camera, and the hallway carpet.",elevator button; office key; security camera; hallway carpet,operational,1.2,20267776,6,readable_transport,"As the office key, now a miniature typist, attempts to type out a poem, the security camera, now a quiet typist, becomes entranced by the hallway carpet, which has transformed into a ballroom, and the elevator button, once a passer-by, now slowly plays a tango.",elevator button; office key; security camera; hallway carpet,,,1.0,0.5766666666666667,0.7004563949867775,0.17554791474065617,0.05530138339920948,0.0,0.0,0.3333333333333333,0.4,0.13043478260869568,0.6363636363636364,1.0,0.0,1.0,0.0,0.13333333333333333,0.37124188934299207,0.3333333333333333,0.25,0.10434782608695652
anchor07_elevator_button,"The elevator button is cracked near an office key, a security camera, and the hallway carpet.",elevator button; office key; security camera; hallway carpet,operational,1.2,20267776,7,ontologically_stable,"A new elevator button, identical to the cracked one, material overnight, and next to it, a faded office key once polished, now tarns in the morning dew. Amidst a downpour, a security camera, once a security camera, now extends a tendernest to the hallway carpet, now sprouting wild, begonias.",elevator button; office key; security camera; hallway carpet,,,1.0,0.022222222222222223,0.6893823401478905,0.007388646725629501,0.03908380165559326,0.0,0.0,0.0,0.0,0.36986863711001644,0.6538461538461539,1.0,0.0,0.0,0.0,0.1111111111111111,0.36537264027838195,0.0,0.25,0.10384615384615384
anchor07_elevator_button,"The elevator button is cracked near an office key, a security camera, and the hallway carpet.",elevator button; office key; security camera; hallway carpet,operational,1.2,20267776,8,stock_loop_or_sprawl_failure,"A janitor, newly hired for the weekend, picks up the office key and, with a puzzled expression, examines it, where a small, shiny elevating device, once a miniature, has been lodged between two basement tiles, a security camera, now a small, intricate music box, subtly begins to play a lullaby, as the hallway carpet, a vibrant new mosaic, unfurls, a thousand tiny, emerald-green florals, swaying gently to a serene, morning melody.",office key; security camera; hallway carpet,elevator button,,0.75,0.550701754385965,0.7182238654487458,0.16216612852524237,0.04618397529069769,0.0,0.0,1.0,1.0,0.0,0.85,1.0,0.0,0.9649122807017544,0.0,0.09999999999999999,0.3591119327243729,1.0,0.25,0.04186046511627907
anchor08_phone_charger,A phone charger coils beneath the desk lamp beside the keyboard and a line of dust.,phone charger; desk lamp; keyboard; dust,naive,0.0,20268785,1,decorative_near_miss,"The phone charger's coils seemed to writhe like snakes as they wrapped around the base of the desk lamp, which cast an eerie glow on the keyboard, now filled with a fine, misty dust that clouded the keys like a forgotten history. Amidst this desolate landscape, the dust swirled and danced, as if it had a life of its own, dancing across the surface with a mind of its own, where it condensed into small, snow-like flakes that floated down like tears.",phone charger; desk lamp; keyboard; dust,,as if; danced; glow,1.0,0.012121212121212123,0.658340481786134,0.004357017006730051,0.05249884629846257,1.0,0.6503605971584233,0.0,0.0,0.17647058823529416,0.71875,1.0,0.0,0.0,0.0,0.06060606060606061,0.3950042890716804,0.0,0.31,0.06363636363636363
anchor08_phone_charger,A phone charger coils beneath the desk lamp beside the keyboard and a line of dust.,phone charger; desk lamp; keyboard; dust,naive,0.0,20268785,2,decorative_near_miss,"As the dust danced in slow motion, it settled atop the phone charger, which had grown roots that twisted around the desk lamp. In the desk lamp's new topography, the keyboard seemed a crime scene, surrounded by the faintly glowing remnants of yellowed keyboard keys.",phone charger; desk lamp; keyboard; dust,,danced; glowing,1.0,0.08888888888888889,0.6551057298557299,0.03179446475566476,0.037456707560221354,0.6666666666666666,0.3979160729494063,0.0,0.0,0.4294444444444444,0.6818181818181819,1.0,0.0,0.0,0.0,0.4444444444444444,0.39306343791343795,0.0,0.296875,0.075
anchor08_phone_charger,A phone charger coils beneath the desk lamp beside the keyboard and a line of dust.,phone charger; desk lamp; keyboard; dust,naive,0.0,20268785,3,stock_loop_or_sprawl_failure,"The phone charger began to vibrate in harmony with the buzzing of the desk lamp, its cord weaving an intricate pattern through the dust that swirled around the keyboard like a sentient entity. As I reached to brush the dust away, the phone charger started to emit a faint hum that resonated with the whir of the dust, creating a symphony of mundane chaos beneath the desk lamp.",phone charger; desk lamp; keyboard; dust,,,1.0,0.05333333333333334,0.5844545454545454,0.01701931636363636,0.025083188657407402,0.0,0.0,0.0,0.0,0.6230689245395129,0.7037037037037037,1.0,0.0,0.0,0.0,0.26666666666666666,0.35067272727272725,0.0,0.3214285714285714,0.06206896551724138
anchor08_phone_charger,A phone charger coils beneath the desk lamp beside the keyboard and a line of dust.,phone charger; desk lamp; keyboard; dust,naive,0.0,20268785,4,decorative_near_miss,"The phone charger slowly began to writhe like a snake, its cord hissing in the dim light of the desk lamp, which had grown a fragile, lace-like veil that obscured its shade. The keyboard, once a pristine expanse of keys, was now a dumping ground for tiny, iridescent butterflies that fluttered about amidst the dust, which seeped from the cracks in the desk and swirled around the keyboard like a dying embers.",phone charger; desk lamp; keyboard; dust,,iridescent,1.0,0.02962962962962963,0.6540014896973995,0.01058029076666015,0.04437229792700436,0.3333333333333333,0.21154122259347982,0.3333333333333333,0.0,0.16216216216216217,0.8,1.0,0.0,0.0,0.0,0.14814814814814814,0.3924008938184397,0.0,0.27586206896551724,0.04864864864864865
anchor08_phone_charger,A phone charger coils beneath the desk lamp beside the keyboard and a line of dust.,phone charger; desk lamp; keyboard; dust,naive,0.0,20268785,5,stock_loop_or_sprawl_failure,"The dust swirled upwards, a miniature tornado, as the desk lamp began to pulse with a soft, ethereal glow, illuminating the phone charger, which had grown to resemble a twisted, organic limb protruding from the keyboard, as if the very core of the desk was trying to devour itself.",phone charger; desk lamp; keyboard; dust,,as if; ethereal; glow,1.0,0.016666666666666666,0.6843356643356643,0.005189545454545454,0.041933551842179576,1.0,0.6729300699300699,0.6666666666666666,0.4,0.13636363636363638,0.7142857142857143,1.0,0.0,0.0,0.0,0.08333333333333333,0.34216783216783214,0.3333333333333333,0.25,0.11739130434782609
anchor08_phone_charger,A phone charger coils beneath the desk lamp beside the keyboard and a line of dust.,phone charger; desk lamp; keyboard; dust,naive,0.0,20268785,6,decorative_near_miss,"The phone charger seemed to be grasping the desk lamp with a delicate grip, as if trying to levitate it into the dust, which had begun to take on a life of its own, swirling like tiny galaxies around the keyboard. The dust danced with an otherworldly purpose, while the desk lamp shone with an increasingly frenzied light, its beam trembling as if to break free.",phone charger; desk lamp; keyboard; dust,,as if; danced,1.0,0.03333333333333333,0.6531186440677966,0.013062372881355932,0.03790646535319782,0.6666666666666666,0.42089868173258005,0.3333333333333333,0.0,0.3831569664902998,0.72,1.0,0.0,0.0,0.0,0.16666666666666666,0.391871186440678,0.0,0.2894736842105263,0.06666666666666667
anchor08_phone_charger,A phone charger coils beneath the desk lamp beside the keyboard and a line of dust.,phone charger; desk lamp; keyboard; dust,naive,0.0,20268785,7,decorative_near_miss,"The phone charger unraveled like a fragile snake, slithering across the polished surface of the desk as the desk lamp cast an eerie glow on the surrounding dust. The keyboard keys reflected the light like a scattered orchestra of miniature mirrors, each one humming in discordant harmony with the landlocked sounds of the dusty, deserted room.",phone charger; desk lamp; keyboard; dust,,glow,1.0,0.04353662037838322,0.6348917571789913,0.015092008611861855,0.05220175597570533,0.3333333333333333,0.20241690525510828,0.3333333333333333,0.4,0.10344827586206898,0.75,1.0,0.0,0.0,0.0,0.2176831018919161,0.38093505430739477,0.3333333333333333,0.28409090909090906,0.06
anchor08_phone_charger,A phone charger coils beneath the desk lamp beside the keyboard and a line of dust.,phone charger; desk lamp; keyboard; dust,naive,0.0,20268785,8,decorative_near_miss,"The phone charger was slowly being pulled upwards by a series of iridescent magnets, its cord humming a gentle melody as it ascended towards the desk lamp, now which had transformed into a delicately corseted woman. As the charger vanished into the lamp's corset, the desk lamp's hand extended to dance with the keyboard, where sheets of dust swirled into an army of great white clouds.",phone charger; desk lamp; keyboard; dust,,dance; iridescent,1.0,0.056121802482994025,0.6406189269426459,0.021571613330845653,0.04187789439271427,0.6666666666666666,0.40311082537193543,0.3333333333333333,0.0,0.37400793650793646,0.71875,1.0,0.0,0.0,0.0,0.2806090124149701,0.38437135616558754,0.0,0.33653846153846156,0.052941176470588235
anchor08_phone_charger,A phone charger coils beneath the desk lamp beside the keyboard and a line of dust.,phone charger; desk lamp; keyboard; dust,naive,0.6,20268785,1,readable_transport,"As the desk lamp's faded shade hummed a slow melody, the phone charger, now a serpent of cables, slithered across the keyboard, leaving a trail of glittering dust that resolved into a tiny, shimmering ballerina, poised on the edge of a nearby toadstool.",phone charger; desk lamp; keyboard; dust,,shimmering,1.0,0.5690476190476191,0.7041142189432067,0.10938414391282716,0.0656495361328125,0.3333333333333333,0.1011465663720003,0.0,0.4,0.0,0.6818181818181819,1.0,0.0,1.0,0.0,0.09523809523809523,0.211234265682962,0.0,0.296875,0.075
anchor08_phone_charger,A phone charger coils beneath the desk lamp beside the keyboard and a line of dust.,phone charger; desk lamp; keyboard; dust,naive,0.6,20268785,2,stock_loop_or_sprawl_failure,"The phone charger, once a mundane sentinel, now seems to hum a discordant melody, as if attempting to tune into a station that only a few, nocturnal creatures can hear. Under the desk lamp, where it casts an ethereal glow, the dust begins to rise, taking the shape of a spectral ballerina, pirouetting to the rhythm of the charger's jarring song.",phone charger; desk lamp; dust,keyboard,as if; ethereal; glow; spectral,0.75,0.013333333333333334,0.6826824898206378,0.004969928525894243,0.05379733504398827,1.0,0.5051850424672719,0.6666666666666666,0.4,0.09677419354838711,0.7666666666666667,1.0,0.0,0.0,0.0,0.06666666666666667,0.4096094938923827,0.0,0.31,0.045454545454545456
anchor08_phone_charger,A phone charger coils beneath the desk lamp beside the keyboard and a line of dust.,phone charger; desk lamp; keyboard; dust,naive,0.6,20268785,3,decorative_near_miss,"As the dust swirled around me, it formed miniature snowflakes that landed on the keyboard, where they played a perpetual, discordant melody, while the desk lamp continued to cast an eerie, pulsing glow. In the corner, the phone charger appears to have spawned a miniature, circuit-filled fish, which swims up and down, its scales reflecting the lamp's diffuse, bioluminescent light.",phone charger; desk lamp; keyboard; dust,,glow,1.0,0.022222222222222223,0.6877481843696652,0.009169975791595538,0.056736914062500005,0.3333333333333333,0.22415496379455754,0.3333333333333333,0.4,0.09677419354838711,0.7333333333333334,1.0,0.0,0.0,0.0,0.1111111111111111,0.41264891062179915,0.3333333333333333,0.3125,0.056249999999999994
anchor08_phone_charger,A phone charger coils beneath the desk lamp beside the keyboard and a line of dust.,phone charger; desk lamp; keyboard; dust,naive,0.6,20268785,4,unfinished_or_unreadable_failure,"As I frantically wipe the dust from the desk lamp, it shimmers with an otherworldly glow, imbuing the keyboard with an eerie, ethereal light that makes the keys quiver and rattle, while the phone charger, now a serpent, slithers across the floor, chasing after the threads of a mad tapestry of forgotten laundry. Amidst this whimsical chaos, I'm enveloped by an eternity of dust, which whispers an incessant, indecipherable litany that only I can hear.",phone charger; desk lamp; keyboard; dust,,ethereal; glow,1.0,0.5061580496006726,0.022673805463742647,0.0011279132849163537,0.04382991040512466,0.6666666666666666,0.00746485087545973,0.6666666666666666,0.0,0.07894736842105264,0.8333333333333334,1.0,0.0,0.9016393442622951,0.0,0.05128205128205128,0.002448770990084206,0.0,0.25,0.047368421052631574
anchor08_phone_charger,A phone charger coils beneath the desk lamp beside the keyboard and a line of dust.,phone charger; desk lamp; keyboard; dust,naive,0.6,20268785,5,decorative_near_miss,"As the desk lamp's shade grows a tiny pair of wings and begins to softly flutter, the phone charger's coils lengthen into a majestic, serpentine tendril that entwines around the keyboard, forcing keys to produce a celestial melody. Amidst this dreamlike scene, a discreet, wispy figure duster begins to dust the line of dust, ever so delicately, its presence seeming to quell a rebellious tremor in the dust.",phone charger; desk lamp; keyboard; dust,,dreamlike,1.0,0.014814814814814815,0.6868990216178341,0.006105769081047414,0.05338894736842106,0.3333333333333333,0.2255742466053628,0.0,0.0,0.23026315789473684,0.6857142857142857,1.0,0.0,0.0,0.0,0.07407407407407407,0.41213941297070045,0.0,0.3333333333333333,0.06857142857142856
anchor08_phone_charger,A phone charger coils beneath the desk lamp beside the keyboard and a line of dust.,phone charger; desk lamp; keyboard; dust,naive,0.6,20268785,6,decorative_near_miss,"The phone charger slowly begins to unfurl like a snake, its coils slithering under the desk lamp, which now floats in mid-air, its shade a tangle of twisted silver. Meanwhile, the keyboard hums a discordant melody, and a fine layer of dust settles over the keys, casting a dull, ethereal glow on the floor.",phone charger; desk lamp; keyboard; dust,,ethereal; glow; silver,1.0,0.014814814814814815,0.7121143095601783,0.006329904973868252,0.07017421875000002,1.0,0.7015644679370645,0.3333333333333333,0.0,0.0,0.6666666666666666,1.0,0.0,0.0,0.0,0.07407407407407407,0.427268585736107,0.0,0.325,0.075
anchor08_phone_charger,A phone charger coils beneath the desk lamp beside the keyboard and a line of dust.,phone charger; desk lamp; keyboard; dust,naive,0.6,20268785,7,ontologically_stable,"A phone charger slowly detaches from the desk lamp and floats gently into a nearby plate of nonexistent cookies, which crumbs away under the midnight sun.
As morning, the dust creeps and whispers animated equations on the keyboard, entrancing a hint of punctual birds.",phone charger; desk lamp; keyboard; dust,,,1.0,0.025577277787393195,0.7232553629863047,0.011099341998193568,0.08056482872596155,0.0,0.0,0.3333333333333333,0.0,0.0,0.625,1.0,0.0,0.0,0.0,0.12788638893696597,0.4339532177917828,0.0,0.375,0.06923076923076923
anchor08_phone_charger,A phone charger coils beneath the desk lamp beside the keyboard and a line of dust.,phone charger; desk lamp; keyboard; dust,naive,0.6,20268785,8,decorative_near_miss,"As the desk lamp cast an otherworldly glow, the phone charger began to hum a discordant melody, while the keyboard, covered in a thick layer of dust, slowly typed out a single, incomprehensible phrase: ""forlorn whispers.""",phone charger; desk lamp; keyboard; dust,,glow,1.0,0.016666666666666666,0.7170902875175316,0.005764210761161757,0.05554385869565219,0.3333333333333333,0.2350462609085242,0.3333333333333333,0.0,0.0,0.7391304347826086,1.0,0.0,0.0,0.0,0.08333333333333333,0.38005785238429174,0.0,0.25,0.072
anchor08_phone_charger,A phone charger coils beneath the desk lamp beside the keyboard and a line of dust.,phone charger; desk lamp; keyboard; dust,naive,1.2,20268785,1,readable_transport,"As the desk lamp, once a warm and gentle glow, now fags and snorts, exhaling wisps of forgotten dreams, the phone charger, now a serpentine, begins to slide across the desk, as if to kiss the keyboard, where a keyboard typist, shrouded in a hood, slowly types out a message that reads, 'it is morning.'",phone charger; desk lamp; keyboard,dust,as if; glow,0.75,0.5602564102564103,0.6966292945187517,0.09601159284532672,0.044624604152005636,0.6666666666666666,0.15316913334611013,0.3333333333333333,0.375,0.2142857142857143,0.7692307692307692,1.0,0.0,1.0,0.0,0.05128205128205128,0.20898878835562548,0.0,0.2857142857142857,0.05172413793103448
anchor08_phone_charger,A phone charger coils beneath the desk lamp beside the keyboard and a line of dust.,phone charger; desk lamp; keyboard; dust,naive,1.2,20268785,2,unfinished_or_unreadable_failure,"As the desk lamp, now a miniature skyscraper, sends shafts of lime green light, the phone charger, a delicate, organ-shaped receptacle, humming a soft, opera-like aria, while the keyboard, its keys having transformed into a discarded, tattered laundry, secrete",phone charger; desk lamp; keyboard,dust,,0.75,0.5611111111111111,0.444388615888616,0.06502086846328148,0.05378906250000001,0.0,0.0,0.6666666666666666,0.4,0.0,0.7619047619047619,1.0,0.4,1.0,0.0,0.05555555555555555,0.1413155798525799,0.3333333333333333,0.25,0.0625
anchor08_phone_charger,A phone charger coils beneath the desk lamp beside the keyboard and a line of dust.,phone charger; desk lamp; keyboard; dust,naive,1.2,20268785,3,readable_transport,"As the desk lamp suddenly yawns, a tiny, porcelain toilet rises from the floor, and a phone charger, now a swirling, iraceous serpent, coils alongside the keyboard, where a keyboard, made of a thousand grandfather, recycles dusty jazz, and a line of dust, scarily, starts to play a rhythmic, harp-like melody.",phone charger; desk lamp; keyboard; dust,,,1.0,0.5595238095238095,0.713627841293211,0.21801330551507592,0.05781032558497538,0.0,0.0,0.3333333333333333,0.5,0.10344827586206898,0.6785714285714286,1.0,0.0,1.0,0.0,0.047619047619047616,0.42817670477592656,0.3333333333333333,0.2875,0.0857142857142857
anchor08_phone_charger,A phone charger coils beneath the desk lamp beside the keyboard and a line of dust.,phone charger; desk lamp; keyboard; dust,naive,1.2,20268785,4,anchor_loss_failure,"The phone charger, now a tiny, twisted tree, emits a miniature forest of leafy green leaves, its bark a grotesque, irong gray, pulsing with a milky moonlight.",phone charger,desk lamp; keyboard; dust,,0.25,0.55,0.7816923076923077,0.1762716153846154,0.042861875,0.0,0.0,0.3333333333333333,0.4,0.0,0.8666666666666667,1.0,0.0,1.0,0.0,0.0,0.39084615384615384,0.3333333333333333,0.25,0.04285714285714286
anchor08_phone_charger,A phone charger coils beneath the desk lamp beside the keyboard and a line of dust.,phone charger; desk lamp; keyboard; dust,naive,1.2,20268785,5,readable_transport,"A phone charger retracts into the desk lamp, which now hums a soft, Morse code-like melody, as the desk lamp's shade shatters, releasing a swarm of tiny, iron-gray piano. The keyboard, now a tangled mess of rainbow-colored tentacles, yawns and stretches, releasing a fine, glassy mist that dissquires and resolves into a fine, lacy filigework, where the dust, now a summer of dust, swirls and halts.",phone charger; desk lamp; keyboard; dust,,,1.0,0.5677777777777778,0.6705741519134356,0.1976025558386782,0.036680302468614596,0.0,0.0,0.3333333333333333,0.0,0.45170170170170176,0.71875,1.0,0.0,1.0,0.0,0.08888888888888888,0.40234449114806137,0.0,0.33653846153846156,0.052941176470588235
anchor08_phone_charger,A phone charger coils beneath the desk lamp beside the keyboard and a line of dust.,phone charger; desk lamp; keyboard; dust,naive,1.2,20268785,6,unfinished_or_unreadable_failure,"The phone charger, once a humming, metallic orifice, now croons a gentle, operatic aria, its slender, cold hands grasping for a dust-covered keyboard, where a keyboard, in a midnight, a thousand, thousand, and a million tiny, miniature, oflacted face, exhals a",phone charger; keyboard; dust,desk lamp,,0.75,0.008525759262464397,0.6344954128440368,0.0014768085540516173,0.039658829246411495,0.0,0.0,0.3333333333333333,0.4,0.25,0.8181818181818181,1.0,0.4,0.0,0.0,0.042628796312321984,0.19034862385321102,0.3333333333333333,0.2894736842105263,0.03333333333333333
anchor08_phone_charger,A phone charger coils beneath the desk lamp beside the keyboard and a line of dust.,phone charger; desk lamp; keyboard; dust,naive,1.2,20268785,7,unfinished_or_unreadable_failure,"As the desk lamp, once a diligent worker, now slumers, its shade askew, and the phone charger, once a diligent charger, now emit a faint, ethereal glow, the keyboard, once a typist, types out a password, which refuses to open a dusty, fragile, forgotten safe",phone charger; desk lamp; keyboard,dust,ethereal; glow,0.75,0.009523809523809525,0.6074859765425804,0.0014232528593283312,0.024000012230106928,0.6666666666666666,0.30085019790680173,0.3333333333333333,0.0,0.5620471014492754,0.75,1.0,0.4,0.0,0.0,0.047619047619047616,0.18224579296277413,0.0,0.25,0.06521739130434782
anchor08_phone_charger,A phone charger coils beneath the desk lamp beside the keyboard and a line of dust.,phone charger; desk lamp; keyboard; dust,naive,1.2,20268785,8,stock_loop_or_sprawl_failure,"A tiny, antique clock, hidden in the shadows of the desk lamp, begins to tick out a rhythm, as the phone charger, now a miniature, crystalline serpent, rises from the keyboard, its coils glowing with a faint, ethereal light, and the dust, now a tiny, five-toed, andy creature, twitches and shakes, as if trying to shake off the lingering of a morning fog.",phone charger; desk lamp; keyboard; dust,,as if; ethereal; glowing,1.0,0.5666666666666668,0.6695311634382475,0.19486034980706757,0.04887209237514865,1.0,0.2901301708232405,1.0,0.775,0.10344827586206898,0.75,1.0,0.0,1.0,0.0,0.08333333333333333,0.40171869806294846,0.6666666666666666,0.25,0.07241379310344828
anchor08_phone_charger,A phone charger coils beneath the desk lamp beside the keyboard and a line of dust.,phone charger; desk lamp; keyboard; dust,operational,0.0,20268785,1,ontologically_stable,"As she rummaged through her bag, she realized her phone charger was tangled with a frayed extension cord, its once-orange casing now a dull brown from years of use, and began to dust the keyboard, only to knock over the dusty figurine her grandma had given her last Christmas. The desk lamp above, now upgraded to a sleek, modern design, cast an unforgiving glare on the scattered papers and empty water bottle on the edge of the desk, its presence a stark contrast to the clutter that now occupied the once- tidy workspace.",phone charger; desk lamp; keyboard; dust,,,1.0,0.013333333333333334,0.66635443583118,0.004851060292850991,0.04541063846564442,0.0,0.0,0.0,0.0,0.12244897959183673,0.826086956521739,1.0,0.0,0.0,0.0,0.06666666666666667,0.39981266149870803,0.0,0.2875,0.0375
anchor08_phone_charger,A phone charger coils beneath the desk lamp beside the keyboard and a line of dust.,phone charger; desk lamp; keyboard; dust,operational,0.0,20268785,2,decorative_near_miss,"As I moved the keyboard to clear the space, the dust settled further onto the newly exposed desk, illuminating the worn-out label on the phone charger, which, now off its base, had toppled onto its side, and the desk lamp, still intact, cast an uneven glow, its stand, usually secured firmly to the edge of the desk, now wobbled precariously.",phone charger; desk lamp; keyboard; dust,,glow,1.0,0.011111111111111112,0.6549101849322038,0.003509590913253354,0.04596278059184219,0.3333333333333333,0.21587780169987458,0.0,0.0,0.17424242424242425,0.7741935483870968,1.0,0.0,0.0,0.0,0.05555555555555555,0.347102398014068,0.0,0.28,0.05454545454545454
anchor08_phone_charger,A phone charger coils beneath the desk lamp beside the keyboard and a line of dust.,phone charger; desk lamp; keyboard; dust,operational,0.0,20268785,3,unfinished_or_unreadable_failure,"The phone charger that had been there for months was finally worn out and needed to be replaced, its cord tangled in the dusty web of the desk lamp's base. A faint speck of dust settled onto the keyboard, barely noticeable under the soft glow of the desk lamp as the user began to type.",phone charger; desk lamp; keyboard; dust,,glow,1.0,0.05333333333333334,0.414116861781875,0.0,0.044275808354646215,0.3333333333333333,0.13067687638450276,0.3333333333333333,0.0,0.30944444444444447,0.6956521739130435,1.0,0.0,0.0,0.0,0.26666666666666666,0.0,0.0,0.29411764705882354,0.072
anchor08_phone_charger,A phone charger coils beneath the desk lamp beside the keyboard and a line of dust.,phone charger; desk lamp; keyboard; dust,operational,0.0,20268785,4,decorative_near_miss,"As she picked up her keyboard to dust it, she realized the phone charger was also in need of a wipe, and she gazed at the desk lamp, its shade slightly askew, as if it too were tired of the morning routine.",phone charger; desk lamp; keyboard; dust,,as if,1.0,0.02666666666666667,0.7281963190184049,0.010602538404907973,0.060718031557258544,0.3333333333333333,0.23625925017041582,0.0,0.0,0.27380952380952384,0.5789473684210527,1.0,0.0,0.0,0.0,0.13333333333333333,0.4369177914110429,0.0,0.3653846153846154,0.0857142857142857
anchor08_phone_charger,A phone charger coils beneath the desk lamp beside the keyboard and a line of dust.,phone charger; desk lamp; keyboard; dust,operational,0.0,20268785,5,ontologically_stable,"She gently pushed the keyboard across the dusty surface, revealing a gap where her dust-covered phone charger had been, and snagged it on a flake of dust, using it to coat her keyboard in a fine layer of dust.",phone charger; keyboard; dust,desk lamp,,0.75,0.02666666666666667,0.685187653552026,0.009976332235717499,0.044953027343750014,0.0,0.0,0.0,0.0,0.33333333333333326,0.6875,1.0,0.0,0.0,0.0,0.13333333333333333,0.4111125921312156,0.0,0.3125,0.06
anchor08_phone_charger,A phone charger coils beneath the desk lamp beside the keyboard and a line of dust.,phone charger; desk lamp; keyboard; dust,operational,0.0,20268785,6,ontologically_stable,"As she reached for the dusty keyboard, a small tendril of dust escaped, dancing in the faint beam of the desk lamp. The phone charger, once plugged in, had grown still and quiet, collecting a thin layer of dust of its own.",phone charger; desk lamp; keyboard; dust,,,1.0,0.01904761904761905,0.7186058913153885,0.007227122106943337,0.05037698863636365,0.0,0.0,0.0,0.0,0.14285714285714285,0.7,1.0,0.0,0.0,0.0,0.09523809523809523,0.43116353478923314,0.0,0.25,0.0818181818181818
anchor08_phone_charger,A phone charger coils beneath the desk lamp beside the keyboard and a line of dust.,phone charger; desk lamp; keyboard; dust,operational,0.0,20268785,7,ontologically_stable,"As she rubbed the dust from the keyboard, her fingers accidentally knocked over the desk lamp, casting a dark shadow on the wall, and an errant phone charger slipped from its makeshift cradle, rolling across the floor with a faint click.",phone charger; desk lamp; keyboard; dust,,,1.0,0.07857052347619164,0.7106153846153846,0.03048504882666845,0.0656495361328125,0.0,0.0,0.0,0.0,0.0,0.6818181818181819,1.0,0.0,0.0,0.0,0.39285261738095817,0.4263692307692308,0.0,0.296875,0.075
anchor08_phone_charger,A phone charger coils beneath the desk lamp beside the keyboard and a line of dust.,phone charger; desk lamp; keyboard; dust,operational,0.0,20268785,8,ontologically_stable,"As she picked up her phone charger, she knocked over a stack of dusty files on her desk, spilling papers that had been bound by a second hand pen onto the floor beside the now-blown-out desk lamp, the wires of which were tangled around the keyboard, revealing the crack of newly formed dust.",phone charger; desk lamp; keyboard; dust,,,1.0,0.10666666666666667,0.6923465234968977,0.04032226152845932,0.0487283232736573,0.0,0.0,0.0,0.0,0.24000000000000002,0.6956521739130435,1.0,0.0,0.0,0.0,0.5333333333333333,0.41540791409813865,0.0,0.29411764705882354,0.072
anchor08_phone_charger,A phone charger coils beneath the desk lamp beside the keyboard and a line of dust.,phone charger; desk lamp; keyboard; dust,operational,0.6,20268785,1,ontologically_stable,"As I reach for the old phone charger, now dusty and unused, I must navigate past the desk lamp, whose shade is now a small planter, and begin to brush off the dust that has accumulated on the keyboard, where a forgotten manuscript waits.",phone charger; desk lamp; keyboard; dust,,,1.0,0.022222222222222223,0.70921875,0.0068163802083333344,0.06923679484577923,0.0,0.0,0.0,0.0,0.0,0.65,1.0,0.0,0.0,0.0,0.1111111111111111,0.354609375,0.0,0.30357142857142855,0.0818181818181818
anchor08_phone_charger,A phone charger coils beneath the desk lamp beside the keyboard and a line of dust.,phone charger; desk lamp; keyboard; dust,operational,0.6,20268785,2,decorative_near_miss,"As I adjusted the desk lamp, its shade swung open, revealing a phone charger, which was more visible now, casting a faint glow on the keyboard, as a gentle breeze carried a whispy strand of dust through the open window.",phone charger; desk lamp; keyboard; dust,,glow,1.0,0.022222222222222223,0.7361335628851033,0.008931753896339253,0.08711171875000003,0.3333333333333333,0.2399250130884781,0.3333333333333333,0.0,0.0,0.5555555555555556,1.0,0.0,0.0,0.0,0.1111111111111111,0.441680137731062,0.0,0.375,0.09
anchor08_phone_charger,A phone charger coils beneath the desk lamp beside the keyboard and a line of dust.,phone charger; desk lamp; keyboard; dust,operational,0.6,20268785,3,ontologically_stable,"As I jostle the phone charger to a new angle, I notice that the dust beneath the desk lamp has begun to scatter, revealing a tiny, intricate wooden box that had been hidden there for years. Beside the keyboard, the dust is forming a miniature snowdrift.",phone charger; desk lamp; keyboard; dust,,,1.0,0.022222222222222223,0.6881625557596431,0.007375573347619464,0.05934582415352505,0.0,0.0,0.3333333333333333,0.4,0.14285714285714285,0.65,1.0,0.0,0.0,0.0,0.1111111111111111,0.36472615455261087,0.3333333333333333,0.30357142857142855,0.0818181818181818
anchor08_phone_charger,A phone charger coils beneath the desk lamp beside the keyboard and a line of dust.,phone charger; desk lamp; keyboard; dust,operational,0.6,20268785,4,decorative_near_miss,"As I rubbed the dusty surface of the old wooden desk, I knocked over the desk lamp, which, in its fall, tangled with the phone charger, still coiled and humming. Above the new scattered assortment of objects, the keyboard remained, waiting for fingers to dance upon its keys once more, as the line of dust that had been so meticulously cleared grows dusty again.",phone charger; desk lamp; keyboard; dust,,dance,1.0,0.03928526173809582,0.6932323232323232,0.01437945340312275,0.06509884615384617,0.3333333333333333,0.22199950332294435,0.0,0.0,0.1153846153846154,0.6399999999999999,1.0,0.0,0.0,0.0,0.19642630869047908,0.4159393939393939,0.0,0.3333333333333333,0.08076923076923076
anchor08_phone_charger,A phone charger coils beneath the desk lamp beside the keyboard and a line of dust.,phone charger; desk lamp; keyboard; dust,operational,0.6,20268785,5,readable_transport,"As the dust settled, a faint light from the desk lamp, once a quaint, Victorian-style lamp, now a modern, table-mounted version, cast an eerie glow on the scattered pages of a novel and the phone charger, its cord tangled in the keyboard's keyboard clips, seemed to stir, as if sensing the morning's slow stir. The keyboard, once a computer's companion, now rested, freed from its task, waited with anticipation, its keys dusty and silent, beside a hummed air purifier, its gentle breeze weaving a vortex of dust that swirled, then settled.",phone charger; desk lamp; keyboard; dust,,as if; glow,1.0,0.5570175438596492,0.6365034722222223,0.18719902119883042,0.028348105748875696,0.6666666666666666,0.18797324764457438,0.0,0.0,0.43229166666666674,0.8292682926829268,1.0,0.0,0.6875,0.6875,0.03508771929824561,0.38190208333333336,0.0,0.2714285714285714,0.04186046511627907
anchor08_phone_charger,A phone charger coils beneath the desk lamp beside the keyboard and a line of dust.,phone charger; desk lamp; keyboard; dust,operational,0.6,20268785,6,readable_transport,"The phone charger, once a sleek and modern device, now had a faint layer of dust, as if it too were aging alongside the keyboard beneath it. The desk lamp, now a bit wobbier than usual, cast a faint shadow on the floor, illuminating a small, almost imperceptible speck of dust.",phone charger; desk lamp; keyboard; dust,,as if,1.0,0.5796296296296297,0.728025641025641,0.23040393703703707,0.0480824278846154,0.3333333333333333,0.10201346945235831,0.0,0.0,0.12000000000000001,0.75,1.0,0.0,1.0,0.0,0.14814814814814814,0.4368153846153846,0.0,0.25,0.06923076923076923
anchor08_phone_charger,A phone charger coils beneath the desk lamp beside the keyboard and a line of dust.,phone charger; desk lamp; keyboard; dust,operational,0.6,20268785,7,decorative_near_miss,"The phone charger, once a vibrant orange, now hums quietly, its coils buried under a dusting of forgotten dust, as if trying to keep a secret beside the desk lamp, whose new shade, a tattered curtain, casts an erratic glow on the keyboard, where a few stray dust particles dance in the faint light.",phone charger; desk lamp; keyboard; dust,,as if; dance; glow,1.0,0.02962962962962963,0.7283744855967078,0.011395014174668495,0.061573544121126464,1.0,0.7067930193568053,0.0,0.0,0.10344827586206898,0.6785714285714286,1.0,0.0,0.0,0.0,0.14814814814814814,0.4370246913580247,0.0,0.3214285714285714,0.07241379310344828
anchor08_phone_charger,A phone charger coils beneath the desk lamp beside the keyboard and a line of dust.,phone charger; desk lamp; keyboard; dust,operational,0.6,20268785,8,ontologically_stable,"As I finally pluck the old phone charger from the dusty floor, it momentarily sputters back to life, illuminating a faint smudge of dust near the base of the desk lamp. I brush the dust off, dusting it, just as the keyboard's keys come into view, its keys stained with a faint film of dust, a souvenir from countless late nights.",phone charger; desk lamp; keyboard; dust,,,1.0,0.02962962962962963,0.6598278605540207,0.005073343105593136,0.04647255998465611,0.0,0.0,0.0,0.0,0.2734375,0.7241379310344828,1.0,0.0,0.0,0.0,0.14814814814814814,0.19794835816620618,0.0,0.31521739130434784,0.058064516129032254
anchor08_phone_charger,A phone charger coils beneath the desk lamp beside the keyboard and a line of dust.,phone charger; desk lamp; keyboard; dust,operational,1.2,20268785,1,ontologically_stable,"As the desk lamp, once a beautiful and elegant fixture, now gathers dust and cobwebs, the phone charger, once a humming, efficient entity, now lies motionless, and the keyboard, once a obedient, nimble typist, now collects dust, alongside a fine, porcelain-like dust that quietly, and very slowly, shudds, and the keyboard, once a faithful, steadfast companion, now forgets to type out a single, new, snow-white postcard.",phone charger; desk lamp; keyboard; dust,,,1.0,0.006349206349206349,0.6575804218400242,0.0020875568947302356,0.025802426149472646,0.0,0.0,0.3333333333333333,0.5,0.46239837398373984,0.8285714285714286,1.0,0.0,0.0,0.0,0.031746031746031744,0.3287902109200121,0.3333333333333333,0.25,0.04864864864864865
anchor08_phone_charger,A phone charger coils beneath the desk lamp beside the keyboard and a line of dust.,phone charger; desk lamp; keyboard; dust,operational,1.2,20268785,2,ontologically_stable,"As the desk lamp, once a sturdy and reliable sentry, now leans drunkenly, its shade asks the phone charger for a nightcap, while the keyboard, once a tidy and efficient typist, now scribbes out a tale of its own, scattering dust, which falls and twells a miniature, miniature cloud.",phone charger; desk lamp; keyboard; dust,,,1.0,0.013333333333333334,0.705625,0.004986416666666667,0.04759562500000001,0.0,0.0,0.3333333333333333,0.4,0.1153846153846154,0.76,1.0,0.0,0.0,0.0,0.06666666666666667,0.37398125,0.3333333333333333,0.25,0.06666666666666667
anchor08_phone_charger,A phone charger coils beneath the desk lamp beside the keyboard and a line of dust.,phone charger; desk lamp; keyboard; dust,operational,1.2,20268785,3,unfinished_or_unreadable_failure,"As I slowly, without waking, I slide off from the desk lamp, it is now a tiny, antique music box, and the phone charger, now a tiny, delicate harp, hums a gentle melody, beside which, the keyboard, now a tiny, delicate organ, plays a slow, lude melody; above t",phone charger; desk lamp; keyboard,dust,,0.75,0.8166666666666668,0.5889143686502178,0.11831289666182879,0.05536921583850933,0.0,0.0,1.0,1.0,0.14285714285714285,0.7,1.0,0.4,1.0,1.0,0.08333333333333333,0.17667431059506536,0.6666666666666666,0.3,0.06521739130434782
anchor08_phone_charger,A phone charger coils beneath the desk lamp beside the keyboard and a line of dust.,phone charger; desk lamp; keyboard; dust,operational,1.2,20268785,4,stock_loop_or_sprawl_failure,"As the morning light creeps in, a small, mechanical phone charger begins to sing a gentle melody, and the desk lamp, now a peculiar, tutu-like figure, tries to pirouet, but it is unable to perform a proper pirouet due to its dusty knees, and beside the keyboard, a new dust, softer and more delicate than before, cradles a miniature, withered keyboard, where a tiny, forgotten rain, starts to trick a solitary, forgotten desk, which squints with an old, hinge made of filigery of pearl and mother of tin.",phone charger; desk lamp; keyboard; dust,,,1.0,0.4454233409610984,0.6703720794972193,0.1533606371185242,0.0400572734475289,0.0,0.0,0.6666666666666666,0.4,0.21951219512195122,0.8157894736842105,1.0,0.0,0.7971014492753623,0.0,0.03508771929824561,0.40222324769833157,0.3333333333333333,0.2734375,0.045
anchor08_phone_charger,A phone charger coils beneath the desk lamp beside the keyboard and a line of dust.,phone charger; desk lamp; keyboard; dust,operational,1.2,20268785,5,readable_transport,"As the desk lamp slowly, very slowly, creaks and groans, the phone charger, now slightly askew, emits a faint, mournful sigh, and the keyboard, once a flurry of dull, grey dust, begins to sweep the floor, as the desk lamp, now a charming, tattered dresser, offers a tray to hold a cup of steam.",phone charger; desk lamp; keyboard; dust,,,1.0,0.5677777777777778,0.8986917388342902,0.2694158007460024,0.0334158964688329,0.0,0.0,0.3333333333333333,0.0,0.36986863711001644,0.7692307692307693,1.0,0.0,1.0,0.0,0.08888888888888888,0.5392150433005741,0.0,0.25,0.06428571428571428
anchor08_phone_charger,A phone charger coils beneath the desk lamp beside the keyboard and a line of dust.,phone charger; desk lamp; keyboard; dust,operational,1.2,20268785,6,unfinished_or_unreadable_failure,"The dust, which had grown thicker overnight, now threatens to engulf the desk lamp, which, in a rare rainstorm, has absorbed a tiny puddle of dew, where a phone charger, once a tiny, delicate flower, now trembles, as the keyboard, previously a harmonica, whisp",phone charger; desk lamp; keyboard; dust,,,1.0,0.010256410256410256,0.4295813953488372,0.001401096243291592,0.0656495361328125,0.0,0.0,0.3333333333333333,0.0,0.0,0.6818181818181819,1.0,0.4,0.0,0.0,0.05128205128205128,0.13660688372093022,0.0,0.296875,0.075
anchor08_phone_charger,A phone charger coils beneath the desk lamp beside the keyboard and a line of dust.,phone charger; desk lamp; keyboard; dust,operational,1.2,20268785,7,ontologically_stable,"As the morning light creeps across the room, the phone charger, now abandoned, collects a thin layer of morning dew, where a small, forgotten keyboard, once a trusty typist, now lies still, and the desk lamp, once a painter, slowly forgets to shine, casting an eerie, abandoned shadow on the floor.",phone charger; desk lamp; keyboard,dust,,0.75,0.020512820512820513,0.6705081300813008,0.006766974358974359,0.03923036132812501,0.0,0.0,0.0,0.0,0.3214285714285714,0.76,1.0,0.0,0.0,0.0,0.10256410256410256,0.4023048780487805,0.0,0.2875,0.05357142857142857
anchor08_phone_charger,A phone charger coils beneath the desk lamp beside the keyboard and a line of dust.,phone charger; desk lamp; keyboard; dust,operational,1.2,20268785,8,stock_loop_or_sprawl_failure,"As morning light, a gentle dusting of frost, the desk lamp, now a small, delicate, music box, begins to serenade the desk, where a new phone charger, no longer charging, whispers a lullaby, beneath the keyboard, where a small, delicate, music box, no longer a desk lamp, plays a soothing melody, as the keyboard, once a tired and dusty, forgotten soul, now rusts and creaks, as the dust, a small, mischievous imp, covers the keys and sends tiny, gossifying dust motes.",phone charger; desk lamp; keyboard; dust,,,1.0,0.4867179487179487,0.7950498206456755,0.17740411242564716,0.019505841097140215,0.0,0.0,1.0,1.0,0.6316906607604282,0.8,1.0,0.0,0.8461538461538461,0.0,0.10666666666666666,0.42137640494220807,0.6666666666666666,0.27586206896551724,0.04864864864864865
anchor09_laundry_basket,The laundry basket waits by the door with a single sock near the washing machine.,laundry basket; door; single sock; washing machine,naive,0.0,20269794,1,decorative_near_miss,"Beyond the door, the laundry basket hovered, a diminutive planet orbiting a sun that shimmered like stained glass, its molten core emitting a warm, fuzzy glow; the washing machine whirred in approval, a hydroelectric dam fueling the bowl of its universe, where the single sock floated like a deceased asteroid, its mate patiently awaiting its return to celestial harmony.",laundry basket; door; single sock; washing machine,,glow,1.0,0.0,0.6860531554163352,0.0,0.0479484375,0.3333333333333333,0.22868438513877837,0.0,0.0,0.0,0.8285714285714286,1.0,0.0,0.0,0.0,0.0,0.3636081723706577,0.0,0.25,0.049999999999999996
anchor09_laundry_basket,The laundry basket waits by the door with a single sock near the washing machine.,laundry basket; door; single sock; washing machine,naive,0.0,20269794,2,anchor_loss_failure,"The laundry basket now overflows with plump, iridescent eggs, their yolk-filled caps glowing softly in the dim light. At the door, a small crowd of transparent rabbits, dressed in miniature suits, eagerly await the delivery of a package addressed to ""The Sooner-Yet-Ever laundromat"".",laundry basket; door,single sock; washing machine,glowing; iridescent,0.5,0.0,0.6515314034565236,0.0,0.05105691964285716,0.6666666666666666,0.21717713448550785,0.6666666666666666,0.4,0.0,0.8333333333333333,1.0,0.0,0.0,0.0,0.0,0.39091884207391414,0.3333333333333333,0.2857142857142857,0.03214285714285714
anchor09_laundry_basket,The laundry basket waits by the door with a single sock near the washing machine.,laundry basket; door; single sock; washing machine,naive,0.0,20269794,3,ontologically_stable,"The laundry basket seemed to stretch on forever, its contents morphing into a swirling vortex of dirty clothes as it awaited the arrival of the door, which was now a giant, corkscrew-shaped portal leading to the washing machine, where the single sock had evolved into a sentient, jellyfish-like creature that pulsated in time with the hum of the machinery.",laundry basket; door; single sock; washing machine,,,1.0,0.0,0.6534074978621959,0.0,0.05156411637931035,0.0,0.0,0.0,0.0,0.0,0.7857142857142857,1.0,0.0,0.0,0.0,0.0,0.3920444987173175,0.0,0.25,0.06206896551724138
anchor09_laundry_basket,The laundry basket waits by the door with a single sock near the washing machine.,laundry basket; door; single sock; washing machine,naive,0.0,20269794,4,ontologically_stable,"As the laundry basket seemed to grow a pair of gossamer wings, it began to float off towards the door, pursued by the lone sock that had made a break for it from the washing machine, which now stood upright like a sentry guarding the threshold of a subterranean realm.",laundry basket; door; washing machine,single sock,,0.75,0.0,0.717402376910017,0.0,0.0475987012987013,0.0,0.0,0.3333333333333333,0.0,0.0,0.6666666666666667,1.0,0.0,0.0,0.0,0.0,0.43044142614601016,0.0,0.3,0.3151515151515151
anchor09_laundry_basket,The laundry basket waits by the door with a single sock near the washing machine.,laundry basket; door; single sock; washing machine,naive,0.0,20269794,5,decorative_near_miss,"The laundry basket seemed to be made of a gelatinous material that stretched and pulsed like a living entity, its contents shifting like a being in a state of constant flux, while the single sock still clung to the washing machine with an insistent, iridescent thread that vibrated with a soft, pulsing hum. The door creaked open of its own accord, as if inviting the darkness within to unfold its presence, and a shaft of moonlight illuminated the entire scene, casting an otherworldly glow on the unfolding chaos.",laundry basket; door; single sock; washing machine,,as if; glow; iridescent,1.0,0.0,0.6553942281137807,0.0,0.051792854930482274,1.0,0.6553942281137807,0.3333333333333333,0.0,0.0,0.8108108108108109,1.0,0.0,0.0,0.0,0.0,0.39323653686826837,0.0,0.27419354838709675,0.047368421052631574
anchor09_laundry_basket,The laundry basket waits by the door with a single sock near the washing machine.,laundry basket; door; single sock; washing machine,naive,0.0,20269794,6,ontologically_stable,"The laundry basket, a tangle of gray and white threads, remains frozen in time just by the creaky door, where the morning light struggled to penetrate the creeping gloom. Its content, the single sock, slowly unraveled, releasing whispers of long-forgotten memories into the washing machine, which stood silently, a monolith of stainless steel, waiting for the stain of eternity to set in.",laundry basket; door; single sock; washing machine,,,1.0,0.012121212121212123,0.6605993413314515,0.004112531172216164,0.05290862068965517,0.0,0.0,0.3333333333333333,0.0,0.0,0.8,1.0,0.0,0.0,0.0,0.06060606060606061,0.3963596047988709,0.0,0.27586206896551724,0.049999999999999996
anchor09_laundry_basket,The laundry basket waits by the door with a single sock near the washing machine.,laundry basket; door; single sock; washing machine,naive,0.0,20269794,7,anchor_loss_failure,"The laundry basket sat impassively, its contents nothing more than a confluence of disparate items, a seemingly endless expanse of mismatched shirts, singlesocks, and gym socks, all seeming to converge towards the washing machine, which loomed ominously, its lid agape, an abyssal void, as if waiting to consume the entire basket, the entire laundry, and everything in between.",laundry basket; washing machine,door; single sock,as if,0.5,0.0,0.654001572327044,0.0,0.032439784779268156,0.3333333333333333,0.10900026205450733,0.0,0.0,0.2571428571428572,0.84375,1.0,0.0,0.0,0.0,0.0,0.3924009433962264,0.0,0.25,0.0661764705882353
anchor09_laundry_basket,The laundry basket waits by the door with a single sock near the washing machine.,laundry basket; door; single sock; washing machine,naive,0.0,20269794,8,ontologically_stable,"As the laundry basket gradually loses its contents, the single sock floats out of it and settles onto the washing machine's spinning lid, where it begins to harmonize with the hum of the machine. A trail of tiny bicycles leads from the washing machine, out the door, and into the endless morning light that blurs the edges of the room.",laundry basket; door; single sock; washing machine,,,1.0,0.0,0.6020762842890739,0.0,0.04182131190044077,0.0,0.0,0.0,0.0,0.464696223316913,0.64,1.0,0.0,0.0,0.0,0.0,0.3612457705734443,0.0,0.3684210526315789,0.06923076923076923
anchor09_laundry_basket,The laundry basket waits by the door with a single sock near the washing machine.,laundry basket; door; single sock; washing machine,naive,0.6,20269794,1,readable_transport,"Beyond the door, a laundry basket floats, holding not a single sock, but seven identical singles that stare back at it, and the washing machine, now a glassy, flower-like creature, breathes a fragrance of stale soap and forgotten dreams.",laundry basket; door; single sock; washing machine,,,1.0,0.55,0.7127858257600879,0.20134774006070963,0.08618332845922463,0.0,0.0,0.3333333333333333,0.375,0.0,0.5882352941176471,0.9437499999999999,0.0,1.0,0.0,0.0,0.4276714954560527,0.0,0.3181818181818182,0.09999999999999999
anchor09_laundry_basket,The laundry basket waits by the door with a single sock near the washing machine.,laundry basket; door; single sock; washing machine,naive,0.6,20269794,2,stock_loop_or_sprawl_failure,"As the laundry basket begins to subtly shimmer, its lid slowly creaks open, revealing a trail of glittering, iridescent lint that spills onto the floor, where it dissipates into a shimmering mist that envelops the single sock, now perfectly matching a non-existent mate. Meanwhile, the door, seemingly entranced by the laundry basket's mystical aura, slowly warps and stretches, as if pulled by an invisible force, its surface emblazing with an eerie, lunar glow.",laundry basket; door; single sock,washing machine,as if; glow; iridescent; shimmer; shimmering,0.75,0.0,0.6622383627896007,0.0,0.034371679202243065,1.0,0.4966787720922005,0.6666666666666666,0.0,0.2611788617886179,0.868421052631579,1.0,0.0,0.0,0.0,0.0,0.3973430176737604,0.0,0.27205882352941174,0.029268292682926828
anchor09_laundry_basket,The laundry basket waits by the door with a single sock near the washing machine.,laundry basket; door; single sock; washing machine,naive,0.6,20269794,3,anchor_loss_failure,"Beyond the laundry basket, a dormant door, shrouded in a tangled web of old newspapers and forgotten dreams, slowly creaks open to reveal a room filled with socks that have shrunk to the size of tiny, grey houses, where a solitary sock, once part of the original pair, now stands solitary, waving a tiny flag with a faded word that reads "" lose"".",laundry basket; door,single sock; washing machine,,0.5,0.0,0.7047440756344492,0.0,0.04110546440489434,0.0,0.0,0.3333333333333333,0.375,0.19354838709677422,0.8275862068965516,1.0,0.0,0.0,0.0,0.0,0.4228464453806695,0.0,0.28,0.0375
anchor09_laundry_basket,The laundry basket waits by the door with a single sock near the washing machine.,laundry basket; door; single sock; washing machine,naive,0.6,20269794,4,ontologically_stable,"As the laundry basket begins to slowly stretch like a deflated accordion, a whispered apology escapes the door, which now holds a floral wreath made of dusty soles and a lone, watchful eye peeks from its peephole, while the washing machine hums a tired lullaby, its lid ajar, revealing a single sock that has been there for centuries, waiting patiently for its mate.",laundry basket; door; single sock; washing machine,,,1.0,0.0,0.7213980868285503,0.0,0.05485549948098777,0.0,0.0,0.3333333333333333,0.375,0.0,0.78125,1.0,0.0,0.0,0.0,0.0,0.4328388520971302,0.3333333333333333,0.27884615384615385,0.05454545454545454
anchor09_laundry_basket,The laundry basket waits by the door with a single sock near the washing machine.,laundry basket; door; single sock; washing machine,naive,0.6,20269794,5,anchor_loss_failure,"As the laundry basket silently weeps, the door creaks open, releasing a soft whisper that reads a single sheet of paper with a poem: ""Laundry basket, laundry basket, so pure and so white, awaiting the dreams of your owner.",laundry basket; door,single sock; washing machine,whisper,0.5,0.0,0.63619261173609,0.0,0.012391856946443255,0.3333333333333333,0.10603210195601499,0.0,0.0,0.7504385964912281,0.8125,1.0,0.0,0.0,0.0,0.0,0.381715567041654,0.0,0.25,0.045
anchor09_laundry_basket,The laundry basket waits by the door with a single sock near the washing machine.,laundry basket; door; single sock; washing machine,naive,0.6,20269794,6,overcollapse_failure,"The laundry basket, now a flamboyant grand piano, sits majestically by the door, its lid slightly ajar, as if beckoning in a drenched secret. Nearby, the washing machine, a gargantuan jellyfish, pulsates with a ghostly glow, its single sock, now a tiny, fabric-ball bear, playfully dodges the door's rusty hinges.",laundry basket; door; single sock; washing machine,,as if; glow,1.0,0.8,0.6949886760378505,0.25224197003588167,0.05278486394557824,0.6666666666666666,0.09266515680504671,0.3333333333333333,0.0,0.10714285714285715,0.7407407407407407,1.0,0.0,1.0,1.0,0.0,0.3683439983000608,0.0,0.2857142857142857,0.06428571428571428
anchor09_laundry_basket,The laundry basket waits by the door with a single sock near the washing machine.,laundry basket; door; single sock; washing machine,naive,0.6,20269794,7,readable_transport,"As the laundry basket, now a deflated, pink balloon, quivers with anticipation, a jigsaw puzzle resembling a torn door creaks open to reveal a miniature beach, where the single sock becomes a gleaming, rhinoceros-horned snail, playing a harmonica that harmonizes with the hum of the washing machine, which rotates like a miniature, celestial top.",laundry basket; door; single sock; washing machine,,,1.0,0.55,0.6827076340264827,0.18474068576756622,0.05813701263714734,0.0,0.0,0.3333333333333333,0.4,0.0,0.75,1.0,0.0,1.0,0.0,0.0,0.4096245804158896,0.3333333333333333,0.28409090909090906,0.06206896551724138
anchor09_laundry_basket,The laundry basket waits by the door with a single sock near the washing machine.,laundry basket; door; single sock; washing machine,naive,0.6,20269794,8,readable_transport,"As the laundry basket slowly opens its metallic mouth, a sigh of stale air escapes, carrying the whispers of forgotten secrets, while a single sock, now decorated with tiny, glowing flowers, crawls out and onto the floor, chasing the faint scent of last night's television. The washing machine, now a hollow, melodic instrument, hums a tune that harmonizes with the ticking of the clock on the wall, whose hands have grown impossibly long, inching closer to the door, where a jacket with a name tag reads ""Monday.""",laundry basket; door; single sock; washing machine,,glowing,1.0,0.4063596491228071,0.6523914218216331,0.13902135003308094,0.04467921195652174,0.3333333333333333,0.12909529085315502,0.3333333333333333,0.0,0.0,0.8666666666666667,1.0,0.0,0.7236842105263158,0.0,0.041666666666666664,0.3914348530929799,0.0,0.25,0.03913043478260869
anchor09_laundry_basket,The laundry basket waits by the door with a single sock near the washing machine.,laundry basket; door; single sock; washing machine,naive,1.2,20269794,1,readable_transport,"As the laundry basket, now a metallic, Victorian-style maid, slowly opens its lid to reveal the washing machine, which hums a staccato, tuba-like tune, and a single sock, now a tiny, top hat, perches on its lid, as the washing machine gently rocks back and forth, oscillating to a slow, rhythmic walt.",laundry basket; single sock; washing machine,door,,0.75,0.55,0.6725655913978494,0.16076335331182798,0.031124871399176957,0.0,0.0,0.0,0.0,0.3831569664902998,0.8,1.0,0.0,1.0,0.0,0.0,0.3564597634408602,0.0,0.25,0.05555555555555555
anchor09_laundry_basket,The laundry basket waits by the door with a single sock near the washing machine.,laundry basket; door; single sock; washing machine,naive,1.2,20269794,2,unfinished_or_unreadable_failure,"As the laundry basket slowly, and with an unsteady, watery gait, it lumbers towards the door, where a faint, fog-like mist gathers, whispering an ethereal lullaby, while the single sock, now sentient and playing a tiny, tuneless accordion, emits a melancholy t",laundry basket; door; single sock,washing machine,ethereal; melancholy; whispering,0.75,0.0,0.6235542789807041,0.0,0.04547154017857144,1.0,0.4676657092355281,1.0,0.375,0.0,0.8095238095238095,1.0,0.4,0.0,0.0,0.0,0.18706628369421124,0.3333333333333333,0.25,0.075
anchor09_laundry_basket,The laundry basket waits by the door with a single sock near the washing machine.,laundry basket; door; single sock; washing machine,naive,1.2,20269794,3,decorative_near_miss,"As the laundry basket slowly, with a slowness that is almost, but not quite, a slow motion, creeps towards the washing machine, a single sock begins to recumb, as if it has been, and the door, once ajar, cumbles, releasing a forgotten rain of socks and a single, tousled umbrella.",laundry basket; door; single sock; washing machine,,as if,1.0,0.0,0.6843576189381751,0.0,0.041706328125000004,0.3333333333333333,0.22811920631272503,0.0,0.0,0.12000000000000001,0.75,1.0,0.0,0.0,0.0,0.0,0.1710894047345438,0.0,0.25,0.108
anchor09_laundry_basket,The laundry basket waits by the door with a single sock near the washing machine.,laundry basket; door; single sock; washing machine,naive,1.2,20269794,4,unfinished_or_unreadable_failure,"As the laundry basket, once a neat and tidy professional, now clatters and yips like a gelatinous, pale-sked harmonica, it starts to unravel, threads and buttons slipping out like a mad, spiral staircase, while the door, once a dull, rain-gray, it now shines w",laundry basket; door,single sock; washing machine,,0.5,0.0,0.4283661574734343,0.0,0.037055310058593756,0.0,0.0,0.0,0.0,0.12000000000000001,0.875,1.0,0.4,0.0,0.0,0.0,0.1285098472420303,0.0,0.25,0.04821428571428571
anchor09_laundry_basket,The laundry basket waits by the door with a single sock near the washing machine.,laundry basket; door; single sock; washing machine,naive,1.2,20269794,5,stock_loop_or_sprawl_failure,"As the laundry basket slowly, and with an eerie, feeble whisper, it whispers a soft lullaby, the single sock, now a tiny, glowing, iridescent sphere, pulsates softly, as the washing machine, now a teap, pours steaming green tea, and the door, a delicate, porcelain mouth, gasps for a faint, mid-noon mist.",laundry basket; door; single sock; washing machine,,glowing; iridescent; whisper,1.0,0.55,0.8851286522514145,0.2127406715686275,0.04164512096893491,1.0,0.39830789351313645,1.0,0.875,0.1153846153846154,0.76,1.0,0.0,1.0,0.0,0.0,0.44256432612570723,0.6666666666666666,0.25,0.10384615384615385
anchor09_laundry_basket,The laundry basket waits by the door with a single sock near the washing machine.,laundry basket; door; single sock; washing machine,naive,1.2,20269794,6,unfinished_or_unreadable_failure,"The laundry basket, a porcelain facade, stands by the door, where a faint, opacish mist whispers, as the single sock, now a miniature, steeps in a saucer of moonlight, and the washing machine, a tarnished, celestial bell, hums a slow, metronomic melody that ha",laundry basket; door; single sock; washing machine,,,1.0,0.8,0.6347716701902749,0.1411386878714588,0.056390810276679845,0.0,0.0,1.0,0.9,0.0,0.7272727272727273,1.0,0.4,1.0,1.0,0.0,0.20185739112050743,0.6666666666666666,0.25,0.07826086956521738
anchor09_laundry_basket,The laundry basket waits by the door with a single sock near the washing machine.,laundry basket; door; single sock; washing machine,naive,1.2,20269794,7,readable_transport,"As the laundry basket slowly absorbs the morning light, the single sock, now a tiny, hyperثropic accordion, toasts with a faint, crimson flame. In the doorway, a fig for a face watches the laundry basket, as the washing machine, a forgotten, glass, in a topless, cracked, ceramic, unparticles a pulsating harp, in the gloom, the single sock plays a tango.",laundry basket; single sock; washing machine,door,,0.75,0.55,0.6254166666666667,0.18038267500000002,0.03198467922747946,0.0,0.0,0.0,0.0,0.33501344086021506,0.8275862068965517,1.0,0.0,1.0,0.0,0.0,0.37525000000000003,0.0,0.25,0.04838709677419355
anchor09_laundry_basket,The laundry basket waits by the door with a single sock near the washing machine.,laundry basket; door; single sock; washing machine,naive,1.2,20269794,8,ontologically_stable,"As the laundry basket slowly opens its lid, a chorus of faint, operatic voices whispers ""washing machine,"" and the single sock, now wearing a top hat and monociah, tips a top hat and whispers ""door.""",laundry basket; door; single sock; washing machine,,,1.0,0.022222222222222223,0.647354759248931,0.007233110510008057,0.03285532355057567,0.0,0.0,0.3333333333333333,0.0,0.537719298245614,0.6470588235294118,0.9437499999999999,0.0,0.0,0.0,0.1111111111111111,0.3884128555493586,0.0,0.25,0.09999999999999999
anchor09_laundry_basket,The laundry basket waits by the door with a single sock near the washing machine.,laundry basket; door; single sock; washing machine,operational,0.0,20269794,1,ontologically_stable,"The laundry basket, once again empty, now waited by the door, empty except for the single sock that remained next to the washing machine, now its daily cycle interrupted by a mysterious lack of matching socks.",laundry basket; door; single sock; washing machine,,,1.0,0.0,0.6867094898724682,0.0,0.05896754052473263,0.0,0.0,0.0,0.0,0.31578947368421056,0.5882352941176471,0.9437499999999999,0.0,0.0,0.0,0.0,0.36395602963240814,0.0,0.3181818181818182,0.09999999999999999
anchor09_laundry_basket,The laundry basket waits by the door with a single sock near the washing machine.,laundry basket; door; single sock; washing machine,operational,0.0,20269794,2,ontologically_stable,"The laundry basket had been moved slightly to the left, allowing it to hold its single sock from yesterday, which now rested near the washing machine, which remained quiet despite the warmth outside. As the afternoon sunlight poured through the open door, the laundry basket remained still.",laundry basket; door; single sock; washing machine,,,1.0,0.0,0.6332135306553912,0.0,0.04940007489426692,0.0,0.0,0.0,0.0,0.511904761904762,0.5,1.0,0.0,0.0,0.0,0.0,0.3799281183932347,0.0,0.4375,0.09473684210526315
anchor09_laundry_basket,The laundry basket waits by the door with a single sock near the washing machine.,laundry basket; door; single sock; washing machine,operational,0.0,20269794,3,ontologically_stable,"The laundry basket, once home to a week's worth of dirty clothes, now sits empty and forlorn by the door, a single sock clinging to its edge. It is unclear if the laundry basket had been designed to hold just this one sock, or if it was simply too large for its sole occupant.",laundry basket; door; single sock,washing machine,,0.75,0.0,0.7028251121076232,0.0,0.028371852489066124,0.0,0.0,0.0,0.0,0.4128205128205129,0.8260869565217391,1.0,0.0,0.0,0.0,0.0,0.4216950672645739,0.0,0.25,0.046153846153846156
anchor09_laundry_basket,The laundry basket waits by the door with a single sock near the washing machine.,laundry basket; door; single sock; washing machine,operational,0.0,20269794,4,ontologically_stable,"The laundry basket remained stationary by the door, despite the growing number of dirty clothes it held. Next to the washing machine, its lid slightly ajar, the single sock waited patiently for its missing partner.",laundry basket; door; single sock; washing machine,,,1.0,0.0,0.6756098223994201,0.0,0.0690364955357143,0.0,0.0,0.0,0.0,0.0,0.65,1.0,0.0,0.0,0.0,0.0,0.35807320587169267,0.0,0.30357142857142855,0.0857142857142857
anchor09_laundry_basket,The laundry basket waits by the door with a single sock near the washing machine.,laundry basket; door; single sock; washing machine,operational,0.0,20269794,5,ontologically_stable,"As she reaches the door, she encounters the laundry basket, now shifted slightly, holding the single sock in place of the matching partner, which has been lost, as she has to now load the remaining laundry items into the washing machine.",laundry basket; door; single sock; washing machine,,,1.0,0.0,0.6440256410256411,0.0,0.059039113898026324,0.0,0.0,0.0,0.0,0.4166666666666667,0.5,1.0,0.0,0.0,0.0,0.0,0.38641538461538466,0.0,0.4375,0.09473684210526315
anchor09_laundry_basket,The laundry basket waits by the door with a single sock near the washing machine.,laundry basket; door; single sock; washing machine,operational,0.0,20269794,6,ontologically_stable,"The laundry basket, which had been home to the single sock for days, was now empty and pushed its way into the room. The washing machine, once a refuge for its missing match, now sat idle, awaiting its next load.",laundry basket; single sock; washing machine,door,,0.75,0.0,0.7111695906432749,0.0,0.05578125000000001,0.0,0.0,0.0,0.0,0.0,0.7368421052631579,1.0,0.0,0.0,0.0,0.0,0.35558479532163745,0.0,0.25,0.07142857142857142
anchor09_laundry_basket,The laundry basket waits by the door with a single sock near the washing machine.,laundry basket; door; single sock; washing machine,operational,0.0,20269794,7,stock_loop_or_sprawl_failure,"As she reaches for the laundry basket, the forgotten lint roller lies next to the washing machine, and the laundry basket begins to overflow with mismatched socks, one of which is the single sock that had been misplaced all this time. Her hand closes around the single sock, now freed from the laundry basket's accumulated detritus, which now teeters precariously by the door, where a new laundry basket sits, awaiting its own contents.",laundry basket; door; single sock; washing machine,,,1.0,0.0,0.6153011466557686,0.0,0.01572821638167403,0.0,0.0,0.0,0.0,0.7537537537537538,0.7241379310344828,1.0,0.0,0.0,0.0,0.0,0.36918068799346115,0.0,0.31521739130434784,0.06
anchor09_laundry_basket,The laundry basket waits by the door with a single sock near the washing machine.,laundry basket; door; single sock; washing machine,operational,0.0,20269794,8,unfinished_or_unreadable_failure,"As I grab the laundry basket, I make my way to the washing machine, a new one I've been eyeing, and add the single sock to its lone load.",laundry basket; single sock; washing machine,door,,0.75,0.0,0.30821404909075323,0.0,0.06962928935459682,0.0,0.0,0.0,0.0,0.0,0.6428571428571429,0.83125,0.0,0.0,0.0,0.0,0.09246421472722596,0.0,0.25,0.140625
anchor09_laundry_basket,The laundry basket waits by the door with a single sock near the washing machine.,laundry basket; door; single sock; washing machine,operational,0.6,20269794,1,ontologically_stable,"As I prepare to do laundry, the laundry basket, now empty, is pushed back against the wall, and I must navigate around it to reach the door, where I find the washing machine with a single sock hanging from a hook, a relic from the last load that is still waiting for its matching partner.",laundry basket; door; single sock; washing machine,,,1.0,0.0,0.6830603448275863,0.0,0.04177089842834601,0.0,0.0,0.0,0.0,0.13043478260869568,0.7272727272727273,1.0,0.0,0.0,0.0,0.0,0.17076508620689657,0.0,0.25,0.11739130434782609
anchor09_laundry_basket,The laundry basket waits by the door with a single sock near the washing machine.,laundry basket; door; single sock; washing machine,operational,0.6,20269794,2,ontologically_stable,"As the day drags on, the laundry basket waits by the door, its worn handle creaking softly in the gentle breeze, a single sock near the washing machine, where it occasionally receives a curious glance from the washing machine's metal eyes.",laundry basket; door; single sock; washing machine,,,1.0,0.025577277787393195,0.653431880213249,0.00840330078207944,0.04086731661074756,0.0,0.0,0.0,0.0,0.33662714097496715,0.5714285714285714,1.0,0.0,0.0,0.0,0.12788638893696597,0.3920591281279494,0.0,0.35714285714285715,0.27499999999999997
anchor09_laundry_basket,The laundry basket waits by the door with a single sock near the washing machine.,laundry basket; door; single sock; washing machine,operational,0.6,20269794,3,stock_loop_or_sprawl_failure,"As the door creaks open, a fluffy cat darts out of the laundry basket, shaking its fur and rubbing against the washing machine. Nearby, the single sock now lies on the floor, tangled around the washing machine's pedal, waiting for the laundry basket's owner to rediscover it.",laundry basket; door; single sock; washing machine,,,1.0,0.0,0.6068488624859021,0.0,0.03615710282280648,0.0,0.0,0.0,0.0,0.6732542819499343,0.47368421052631576,1.0,0.0,0.0,0.0,0.0,0.36410931749154124,0.0,0.4807692307692308,0.09
anchor09_laundry_basket,The laundry basket waits by the door with a single sock near the washing machine.,laundry basket; door; single sock; washing machine,operational,0.6,20269794,4,decorative_near_miss,"As she reaches for the laundry basket, a gentle breeze stirs outside, rustling the laundry basket's liner, where the single sock now seems to be floating, as if it has developed a mind of its own. The door creaks open, and the washing machine, once a sturdy workhorse, now looks like a forgotten, rusted gate, waiting for the door to swing back, bringing with it the scent of damp earth and yesterday's laundry.",laundry basket; door; single sock; washing machine,,as if,1.0,0.011111111111111112,0.632032282065422,0.0036826414301678583,0.04195105927150061,0.3333333333333333,0.20833656705119463,0.0,0.0,0.40814393939393945,0.6896551724137931,1.0,0.0,0.0,0.0,0.05555555555555555,0.37921936923925315,0.0,0.34782608695652173,0.06
anchor09_laundry_basket,The laundry basket waits by the door with a single sock near the washing machine.,laundry basket; door; single sock; washing machine,operational,0.6,20269794,5,ontologically_stable,"As the door creaks open, the laundry basket is pushed forward, slightly askew, beside the washing machine, where the single sock lies beside a newer, black sock, now paired.",laundry basket; door; single sock; washing machine,,,1.0,0.0,0.6808041958041958,0.0,0.25946168154761906,0.0,0.0,0.0,0.0,0.2142857142857143,0.30769230769230765,0.4354166666666667,0.0,0.0,0.0,0.0,0.40848251748251746,0.0,0.5714285714285714,0.12857142857142856
anchor09_laundry_basket,The laundry basket waits by the door with a single sock near the washing machine.,laundry basket; door; single sock; washing machine,operational,0.6,20269794,6,ontologically_stable,"As the laundry basket, once a loyal servant to the household, now seems forlorn, waiting for the return of its owner, a worn door creaks softly in the gentle morning breeze, while a single sock, long missing, reappears beside the washing machine, humming a gentle tune.",laundry basket; door; single sock; washing machine,,,1.0,0.0,0.6968255097202466,0.0,0.05425936195889132,0.0,0.0,0.0,0.0,0.1153846153846154,0.72,1.0,0.0,0.0,0.0,0.0,0.41809530583214793,0.0,0.2894736842105263,0.06923076923076923
anchor09_laundry_basket,The laundry basket waits by the door with a single sock near the washing machine.,laundry basket; door; single sock; washing machine,operational,0.6,20269794,7,ontologically_stable,"The laundry basket, now empty, stands alone by the newly installed French door, a single sock lies beside the washing machine, where a mother carefully sorts the morning's load, a lone sock gazing longingly at its missing mate.",laundry basket; door; single sock; washing machine,,,1.0,0.0,0.6817275706475199,0.0,0.03558408290240435,0.0,0.0,0.0,0.0,0.13043478260869568,0.7272727272727273,1.0,0.0,0.0,0.0,0.0,0.4090365423885119,0.0,0.25,0.31159420289855067
anchor09_laundry_basket,The laundry basket waits by the door with a single sock near the washing machine.,laundry basket; door; single sock; washing machine,operational,0.6,20269794,8,ontologically_stable,"A new laundry basket, slightly larger than the old one, had been placed by the door, next to the washing machine, where a single sock, once part of a pair, now hung alone, awaiting the return of its matching partner.",laundry basket; door; single sock; washing machine,,,1.0,0.0,0.7040181818181818,0.0,0.05744744318181819,0.0,0.0,0.0,0.0,0.0,0.7142857142857143,1.0,0.0,0.0,0.0,0.0,0.42241090909090906,0.0,0.25,0.0818181818181818
anchor09_laundry_basket,The laundry basket waits by the door with a single sock near the washing machine.,laundry basket; door; single sock; washing machine,operational,1.2,20269794,1,ontologically_stable,"As morning light creeps in, the laundry basket, now slightly ajar, propped against the door, a single sock, once a part of a pair, now lies alone, adjacent to the washing machine, humming a gentle tune.",laundry basket; door; single sock; washing machine,,,1.0,0.0,0.9123030303030304,0.0,0.08031964285714287,0.0,0.0,0.0,0.0,0.0,0.6,1.0,0.0,0.0,0.0,0.0,0.5473818181818182,0.0,0.35714285714285715,0.0857142857142857
anchor09_laundry_basket,The laundry basket waits by the door with a single sock near the washing machine.,laundry basket; door; single sock; washing machine,operational,1.2,20269794,2,ontologically_stable,"As morning light creeps in, the laundry basket, once a diligent servant, now leans against the door, holding a single sock that once belonged to a sleepy child, and beside the washing machine, a small, metallic kettle whirs, awaiting a steaming brew.",laundry basket; door; single sock; washing machine,,,1.0,0.0,0.7206805910770105,0.0,0.07676493506493508,0.0,0.0,0.0,0.0,0.13636363636363638,0.5714285714285715,1.0,0.0,0.0,0.0,0.0,0.4324083546462063,0.0,0.4,0.0818181818181818
anchor09_laundry_basket,The laundry basket waits by the door with a single sock near the washing machine.,laundry basket; door; single sock; washing machine,operational,1.2,20269794,3,readable_transport,"As the morning light filters in, the laundry basket, now an old and gnarled crone, leans precually against the door, a single sock, once a marigowded young thing, now frayed and bent with age, quietly clings to its own ""washing machine,"" a steam-spire that exhews suds and moonlight.",laundry basket; door; single sock; washing machine,,,1.0,0.55,0.7067286973307865,0.1954387539598557,0.07606328125,0.0,0.0,0.0,0.0,0.0,0.6538461538461539,1.0,0.0,1.0,0.0,0.0,0.42403721839847186,0.0,0.3625,0.06666666666666667
anchor09_laundry_basket,The laundry basket waits by the door with a single sock near the washing machine.,laundry basket; door; single sock; washing machine,operational,1.2,20269794,4,unfinished_or_unreadable_failure,"The laundry basket, now empty and worn, leans against the door, as if waiting for the door, which is now a small, old-fashioned mail slot, to receive a single sock, newly made and embroidered with a small, discreet washing machine, where a few balls of lint, o",laundry basket; door; single sock; washing machine,,as if,1.0,0.012121212121212123,0.420253006988464,0.0015697595955583648,0.06045926113360325,0.3333333333333333,0.13838634371539318,0.0,0.0,0.15000000000000002,0.6315789473684211,1.0,0.4,0.0,0.0,0.06060606060606061,0.15129108251584705,0.0,0.3076923076923077,0.09
anchor09_laundry_basket,The laundry basket waits by the door with a single sock near the washing machine.,laundry basket; door; single sock; washing machine,operational,1.2,20269794,5,ontologically_stable,"As morning light creeps in, the laundry basket, now empty, lies by the door, and a lone single sock, forgotten by a busy postalman, gazes longingly at the washing machine.",laundry basket; door; single sock; washing machine,,,1.0,0.0,0.7209782608695652,0.0,0.20143946940104168,0.0,0.0,0.0,0.0,0.0,0.39999999999999997,0.7145833333333333,0.0,0.0,0.0,0.0,0.4325869565217391,0.0,0.5,0.11249999999999999
anchor09_laundry_basket,The laundry basket waits by the door with a single sock near the washing machine.,laundry basket; door; single sock; washing machine,operational,1.2,20269794,6,readable_transport,"As morning light creeps in, the laundry basket, now an unlikely evangel, silently sermon, its daily sermons about the virtuous virtues of cleanliness and order, while the door, once a sentry, now serves as a sculptor, chisling a single sock into a fragile, delicate sculpture that would be an unwitting serpent, slowly, slowly, towards the washing machine, where it fits with a single sock, perfectly, holding a small, forgotten key.",laundry basket; door; single sock; washing machine,,,1.0,0.5401785714285715,0.6673756906077348,0.18126042931136546,0.04508522727272728,0.0,0.0,0.3333333333333333,0.0,0.2571428571428572,0.75,1.0,0.0,0.9821428571428572,0.0,0.0,0.4004254143646409,0.0,0.3076923076923077,0.05454545454545454
anchor09_laundry_basket,The laundry basket waits by the door with a single sock near the washing machine.,laundry basket; door; single sock; washing machine,operational,1.2,20269794,7,ontologically_stable,"As the sun rises, the laundry basket, once a relic from a byler, now waits by the door, where a single sock, once a missing match, now sits, next to the washing machine, which hums a gentle lullaby.",laundry basket; door; single sock; washing machine,,,1.0,0.0,0.8906415094339623,0.0,0.0748081912878788,0.0,0.0,0.3333333333333333,0.375,0.15789473684210528,0.5555555555555556,0.9437499999999999,0.0,0.0,0.0,0.0,0.4453207547169811,0.3333333333333333,0.3181818181818182,0.11666666666666667
anchor09_laundry_basket,The laundry basket waits by the door with a single sock near the washing machine.,laundry basket; door; single sock; washing machine,operational,1.2,20269794,8,ontologically_stable,"As morning light creeps through the door, the laundry basket, once a loyal servant, now holds a folded single sock, damp and forlorn, waiting for the washing machine, a gentle automaton, to resume its slow, nocturnal ritual.",laundry basket; door; single sock; washing machine,,,1.0,0.014814814814814815,0.7353629032258064,0.004942510250896058,0.06549138077445651,0.0,0.0,0.0,0.0,0.0,0.6818181818181819,1.0,0.0,0.0,0.0,0.07407407407407407,0.38974233870967745,0.0,0.296875,0.07826086956521738
anchor10_parking_ticket,A parking ticket rests on the windshield between the side mirror and a streetlight.,parking ticket; windshield; side mirror; streetlight,naive,0.0,20270803,1,unfinished_or_unreadable_failure,"The parking ticket had grown eyes and was now pleading for mercy from the driver as they applied an excess of glitter to the windshield, while a mysterious noise emanated from the side mirror that seemed to be playing a perpetual loop of German folk music, above which the streetlight cast an eerie glow. As the driver continued to apply glitter, the parking ticket began to lift off the windshield, hovering inches from the window before disappearing into a narrow slit in the dashboard, which in turn led to a hidden compartment containing a VHS tape labeled ""Dreams I Will Never Wake Up From"".",parking ticket; windshield; side mirror; streetlight,,glow,1.0,0.014209598770773994,0.0,0.0,0.03242171893514293,0.3333333333333333,0.0,0.0,0.0,0.3150701499758104,0.8541666666666666,1.0,0.0,0.0,0.0,0.07104799385386996,0.0,0.0,0.26785714285714285,0.0375
anchor10_parking_ticket,A parking ticket rests on the windshield between the side mirror and a streetlight.,parking ticket; windshield; side mirror; streetlight,naive,0.0,20270803,2,ontologically_stable,"A glittering glob of sugar oozed from the crack in the streetlight, pooling on the parking ticket like a mocking blessing. The windshield, once a perfect expanse of glass, had transformed into a fractured mirror, reflecting the sugar's molten sheen as it slowly merged with the ticket.",parking ticket; windshield; streetlight,side mirror,,0.75,0.0,0.667746922786018,0.0,0.05147401632085021,0.0,0.0,0.0,0.0,0.2307692307692308,0.7083333333333333,1.0,0.0,0.0,0.0,0.0,0.4006481536716108,0.0,0.32894736842105265,0.06
anchor10_parking_ticket,A parking ticket rests on the windshield between the side mirror and a streetlight.,parking ticket; windshield; side mirror; streetlight,naive,0.0,20270803,3,stock_loop_or_sprawl_failure,"The parking ticket began to wrinkle and fade, like a cancelled check in a perpetual rain, its messages dissolving into a drizzle of ink that trickled down onto the pristine windshield. A squadron of iridescent butterflies materialized, converging on the ticket as if drawn by some invisible thread, their wings beating in a choreographed dance to the tune of a lullaby, beneath the cold glow of the streetlight.",parking ticket; windshield; streetlight,side mirror,as if; dance; glow; iridescent,0.75,0.0,0.6866695906432749,0.0,0.04403617647058825,1.0,0.5150021929824562,0.6666666666666666,0.375,0.08571428571428572,0.8529411764705882,1.0,0.0,0.0,0.0,0.0,0.4120017543859649,0.3333333333333333,0.275,0.03333333333333333
anchor10_parking_ticket,A parking ticket rests on the windshield between the side mirror and a streetlight.,parking ticket; windshield; side mirror; streetlight,naive,0.0,20270803,4,ontologically_stable,"The parking ticket was stretched like a mock motto on the windshield, now festooned with glistening threads of water from the streetlight above, and encased in a domino effect of flaking grease from the side mirror.",parking ticket; windshield; side mirror; streetlight,,,1.0,0.0,0.6978314606741574,0.0,0.15621839048328223,0.0,0.0,0.0,0.0,0.0,0.411764705882353,0.8854166666666667,0.0,0.0,0.0,0.0,0.4186988764044944,0.0,0.5227272727272727,0.10588235294117647
anchor10_parking_ticket,A parking ticket rests on the windshield between the side mirror and a streetlight.,parking ticket; windshield; side mirror; streetlight,naive,0.0,20270803,5,ontologically_stable,"The ticket seemed to be spreading, its edges dissolving into a sea of fluorescent green, which in turn was seeping onto the windshield, tinting it a faint shade of chartreuse. As I gazed at the surreal tableau, the streetlight began to fluctuate, its pole growing longer and thinner, while the side mirror transformed into a static diagram of a swans' wing, delicately etched on the glass of a stately Victorian mansion.",windshield; side mirror; streetlight,parking ticket,,0.75,0.0,0.6625023262178434,0.0,0.04625334224598931,0.0,0.0,0.0,0.0,0.0,0.8484848484848485,1.0,0.0,0.0,0.0,0.0,0.39750139573070603,0.0,0.25,0.04411764705882353
anchor10_parking_ticket,A parking ticket rests on the windshield between the side mirror and a streetlight.,parking ticket; windshield; side mirror; streetlight,naive,0.0,20270803,6,ontologically_stable,"The parking ticket was seething with an irate fungal growth, which had begun to spread across the windshield, dissolving the entire face of the metered zone. A gleaming, chromed-out steam engine rose from the pavement beside the side mirror, honking an octagonal tune that synchronized with the flickering hum of the streetlight.",parking ticket; windshield; side mirror; streetlight,,,1.0,0.022222222222222223,0.6497711229721126,0.007104164277828431,0.06377534347050612,0.0,0.0,0.0,0.0,0.0,0.7241379310344828,1.0,0.0,0.0,0.0,0.1111111111111111,0.38986267378326755,0.0,0.31521739130434784,0.06206896551724138
anchor10_parking_ticket,A parking ticket rests on the windshield between the side mirror and a streetlight.,parking ticket; windshield; side mirror; streetlight,naive,0.0,20270803,7,decorative_near_miss,"The parking ticket seemed to be stuck to the windshield, as if it had developed a life of its own, and now it was slowly crawling across the glass, leaving a trail of tiny, black water splashes in its wake. The streetlight above had grown a series of glistening, iridescent wings, which fluttered gently in time with the slow, crystalline dripping of honey from the parking ticket's edges.",parking ticket; windshield; streetlight,side mirror,as if; iridescent,0.75,0.0,0.6754552893911872,0.0,0.04356010044642858,0.6666666666666666,0.3377276446955936,0.3333333333333333,0.0,0.24910394265232977,0.7857142857142856,1.0,0.0,0.0,0.0,0.0,0.40527317363471227,0.0,0.3125,0.04
anchor10_parking_ticket,A parking ticket rests on the windshield between the side mirror and a streetlight.,parking ticket; windshield; side mirror; streetlight,naive,0.0,20270803,8,ontologically_stable,"A faint humming noise emanates from the parking ticket, which begins to float upwards, leaving behind a trail of tiny, fluttering butterflies that converge on the streetlight. The wind chimes attached to the streetlight's pole start to play a discordant melody that harmonizes with the humming noise, causing the windshield to ripple like a disturbed pond.",parking ticket; windshield; streetlight,side mirror,,0.75,0.0,0.6535138168201868,0.0,0.04261127359305566,0.0,0.0,0.0,0.0,0.36986863711001644,0.7307692307692307,1.0,0.0,0.0,0.0,0.0,0.39210829009211207,0.0,0.3522727272727273,0.04285714285714285
anchor10_parking_ticket,A parking ticket rests on the windshield between the side mirror and a streetlight.,parking ticket; windshield; side mirror; streetlight,naive,0.6,20270803,1,decorative_near_miss,"The parking ticket had grown a small, wilted plant, which the streetlight's faintly pulsing glow caused to whisper nonsense rhymes. Above the side mirror, a nearby streetlight began to sing a jaunty tune, its metal harmonies mingling with the static-filled whispers of the parking ticket.",parking ticket; side mirror; streetlight,windshield,glow; whisper,0.75,0.0,0.6367034277198211,0.0,0.03371394230769232,0.6666666666666666,0.31835171385991057,0.3333333333333333,0.0,0.5085470085470085,0.6956521739130435,1.0,0.0,0.0,0.0,0.0,0.38202205663189265,0.0,0.3333333333333333,0.0625
anchor10_parking_ticket,A parking ticket rests on the windshield between the side mirror and a streetlight.,parking ticket; windshield; side mirror; streetlight,naive,0.6,20270803,2,readable_transport,"The parking ticket began to flutter like a wounded bird, its metal wings trembling in time with the streetlight's hypnotic pulse, as the windshield, now a thick, syrupy jelly, oozed a sticky, silver dew. In this murky pool, the side mirror reflected a miniature, mocking carnival, its painted-on smile twisted into a cruel grin.",parking ticket; windshield; side mirror; streetlight,,silver,1.0,0.5621212121212121,0.7064851525286309,0.1996771099553148,0.0547874485896184,0.3333333333333333,0.10311828741453248,0.3333333333333333,0.4,0.0,0.78125,1.0,0.0,1.0,0.0,0.06060606060606061,0.4238910915171785,0.3333333333333333,0.27884615384615385,0.056249999999999994
anchor10_parking_ticket,A parking ticket rests on the windshield between the side mirror and a streetlight.,parking ticket; windshield; side mirror; streetlight,naive,0.6,20270803,3,anchor_loss_failure,"The parking ticket rusted and grew a tiny green thumb, as if it were a reluctant gardener. It released a tiny bouquet of wilting daisies onto the shattered windshield, where a scattering of constellations began to form.",parking ticket; windshield,side mirror; streetlight,as if,0.5,0.0,0.7115257118572036,0.0,0.04489195636894464,0.3333333333333333,0.11858761864286727,0.0,0.0,0.0,0.8235294117647058,1.0,0.0,0.0,0.0,0.0,0.37710862728431793,0.0,0.25,0.0675
anchor10_parking_ticket,A parking ticket rests on the windshield between the side mirror and a streetlight.,parking ticket; windshield; side mirror; streetlight,naive,0.6,20270803,4,decorative_near_miss,"The parking ticket slowly began to melt, its rubbery edges sagging like a slackened mouth, and a soft, silver rain fell from the streetlight, pooling on the pavement with an oily sheen. A nearby, forgotten automobile, its windshield now a cracked, onion-like umbrella, watched with dead, watchful eyes.",parking ticket; windshield; streetlight,side mirror,silver,0.75,0.0,0.7271550333526186,0.0,0.04705166666666667,0.3333333333333333,0.1817887583381546,0.0,0.0,0.0,0.84,1.0,0.0,0.0,0.0,0.0,0.38539216767688783,0.0,0.25,0.04444444444444444
anchor10_parking_ticket,A parking ticket rests on the windshield between the side mirror and a streetlight.,parking ticket; windshield; side mirror; streetlight,naive,0.6,20270803,5,readable_transport,"As the streetlight above began to grow a pair of translucent wings, a spring morning fog crept up the windshield, where the parking ticket slowly unrolls into a tiny, origami-like creature, its ticket-stamped wings fluttering with a soft, whispery hum, while the side mirror transforms into a sedimentary rock where tiny fossils reveal a weathered sign that reads 'Sublimity and all else is secondary'.",parking ticket; windshield; side mirror; streetlight,,,1.0,0.2412280701754386,0.6760334849492102,0.08551823584607508,0.05995749704840614,0.0,0.0,0.3333333333333333,0.0,0.08571428571428572,0.7272727272727273,1.0,0.0,0.0,0.9649122807017544,0.0,0.4056200909695261,0.0,0.3333333333333333,0.05454545454545454
anchor10_parking_ticket,A parking ticket rests on the windshield between the side mirror and a streetlight.,parking ticket; windshield; side mirror; streetlight,naive,0.6,20270803,6,stock_loop_or_sprawl_failure,"The parking ticket began to waltz to the tune of a forgotten melody, its corners fluttering like tiny wings as it floated closer to the windshield, where it attached itself to a sticky of iridescent glue. The streetlight above began to sing a lullaby in a language that only fog can understand, while the side mirror reveals a long-forgotten memory of a face that looks uncannily like the driver's, its eyes frozen in a perpetual stare of déjà vu.",parking ticket; windshield; side mirror; streetlight,,iridescent,1.0,0.0380952380952381,0.6665657556104494,0.013041835126915308,0.04887677865263753,0.3333333333333333,0.21372425814811233,1.0,0.375,0.08571428571428572,0.7941176470588235,1.0,0.0,0.0,0.0,0.19047619047619047,0.3999394533662696,0.3333333333333333,0.2767857142857143,0.052941176470588235
anchor10_parking_ticket,A parking ticket rests on the windshield between the side mirror and a streetlight.,parking ticket; windshield; side mirror; streetlight,naive,0.6,20270803,7,stock_loop_or_sprawl_failure,"The parking ticket slowly unfolded like a tiny, paper flower, releasing a gentle, misty rain that settled upon the windshield, forming a sheet of crystal clear glass. Beyond the streetlight, a flock of gilded birds perched, their side mirror-reflective eyes blinking with an otherworldly synchrony, while the parking ticket crumbles into a thousand silver petals, whispering secrets to the flickering fluorescent tubes that illuminate the streetlight.",parking ticket; windshield; side mirror; streetlight,,silver; whispering,1.0,0.012788638893696597,0.651184484061402,0.004187199346935249,0.0327615489904758,0.6666666666666666,0.42857114722770834,0.6666666666666666,0.35,0.2746288798920378,0.8611111111111112,1.0,0.0,0.0,0.0,0.06394319446848298,0.39071069043684115,0.3333333333333333,0.25,0.04054054054054054
anchor10_parking_ticket,A parking ticket rests on the windshield between the side mirror and a streetlight.,parking ticket; windshield; side mirror; streetlight,naive,0.6,20270803,8,stock_loop_or_sprawl_failure,"The parking ticket seems to be slowly unfurling like a fragile, pale flower, its tiny, metallic petals quivering in the soft, ethereal glow of the streetlight, as a soft, melancholic tune begins to play on the side mirror, and a faint, perfumed mist starts to seep from the windshield, carrying the sweet scent of forgotten memories.",parking ticket; windshield; side mirror; streetlight,,ethereal; glow,1.0,0.0,0.6832872200263505,0.0,0.06933641842105263,0.6666666666666666,0.4555248133509003,1.0,0.0,0.0,0.68,1.0,0.0,0.0,0.0,0.0,0.40997233201581024,0.0,0.32894736842105265,0.072
anchor10_parking_ticket,A parking ticket rests on the windshield between the side mirror and a streetlight.,parking ticket; windshield; side mirror; streetlight,naive,1.2,20270803,1,anchor_loss_failure,"A tiny, top hated, topless baller, that the streetlight casts a tango, as if to awaken the parking ticket, which slowly, with a voice that whispers a soft lullaby, it sings a tune.",parking ticket; streetlight,windshield; side mirror,as if,0.5,0.0,0.7417465753424657,0.0,0.04543097726922287,0.3333333333333333,0.12362442922374428,0.6666666666666666,0.375,0.0,0.8125,1.0,0.0,0.0,0.0,0.0,0.37087328767123284,0.3333333333333333,0.25,0.07105263157894737
anchor10_parking_ticket,A parking ticket rests on the windshield between the side mirror and a streetlight.,parking ticket; windshield; side mirror; streetlight,naive,1.2,20270803,2,unfinished_or_unreadable_failure,"The parking ticket seems to be slowly slipping away, as if an invisible tendril is pulling it toward the streetlight, where it is slowly, inch by inch, transforming into a tiny, delicate ballet dancer, its tutu a kale of miniature, iridescent mirrors that refl",parking ticket; streetlight,windshield; side mirror,as if; iridescent,0.5,0.0,0.47047486871717925,0.0,0.03268112847222223,0.6666666666666666,0.15682495623905973,1.0,0.4,0.30000000000000004,0.7777777777777778,1.0,0.4,0.0,0.0,0.0,0.149611008252063,0.3333333333333333,0.25,0.09000000000000001
anchor10_parking_ticket,A parking ticket rests on the windshield between the side mirror and a streetlight.,parking ticket; windshield; side mirror; streetlight,naive,1.2,20270803,3,unfinished_or_unreadable_failure,"A bright, full moon has descended onto the streetlight, casting an ethereal glow, and the parking ticket, now a tiny, delicate piano, begins to play a melancholy tango, while the side mirror, now a subtle, crystal, contains a tiny, absurd shop, filled with tic",parking ticket; side mirror; streetlight,windshield,ethereal; glow; melancholy; moon,0.75,0.55,0.44194846008799493,0.06338336424890005,0.05266535943675891,1.0,0.1491576052796983,1.0,0.35,0.0,0.7727272727272727,1.0,0.4,1.0,0.0,0.0,0.14053961030798237,0.3333333333333333,0.25,0.06521739130434782
anchor10_parking_ticket,A parking ticket rests on the windshield between the side mirror and a streetlight.,parking ticket; windshield; side mirror; streetlight,naive,1.2,20270803,4,anchor_loss_failure,"A dented, topless teapot and a harmonica plays a tango on the pavement, as the streetlight, now a glittering, crystal orb, hums a soothing melody that synchronizes with a gentle, pulse-like rain, and a parking ticket, once a tiny, topless woman, slowly peeps out to whisper 'forfeit and apologize'.",parking ticket; streetlight,windshield; side mirror,whisper,0.5,0.8,0.7080177419354838,0.23732754709677417,0.03808390399054506,0.3333333333333333,0.023600591397849455,0.3333333333333333,0.35,0.10344827586206898,0.8928571428571429,1.0,0.0,1.0,1.0,0.0,0.3540088709677419,0.3333333333333333,0.25,0.029032258064516127
anchor10_parking_ticket,A parking ticket rests on the windshield between the side mirror and a streetlight.,parking ticket; windshield; side mirror; streetlight,naive,1.2,20270803,5,stock_loop_or_sprawl_failure,"As the streetlight, now a tiny, porcelain tea, steam steam, a mad tune, while the parking ticket, made of papery wings, whispers a serody to the streetlight, a tiny, tongs-shaped harmonica; the side mirror, now a bird, sways in a jigsaw dance, as the windshield, a paper mache, secretes a melody of Japanese flutes, and the streetlight, a dervish, prays to a full moon.",parking ticket; windshield; side mirror; streetlight,,dance; moon,1.0,0.8,0.6312083671187774,0.24844361329795075,0.04123086827446901,0.6666666666666666,0.08416111561583696,0.6666666666666666,0.5,0.2573529411764706,0.7741935483870968,1.0,0.0,1.0,1.0,0.0,0.3787250202712664,0.3333333333333333,0.28,0.058064516129032254
anchor10_parking_ticket,A parking ticket rests on the windshield between the side mirror and a streetlight.,parking ticket; windshield; side mirror; streetlight,naive,1.2,20270803,6,readable_transport,"A parking ticket slowly unfolds like a pale, tender flower, its papers unraveling like a tiny, forgotten melody, as the streetlight above, now a gossypunk, whispers to the streetlight beside it, in a voice that is a whistling serenade, while the parking ticket, now a small, rubbery sponge, absorbs the streetlight's insistent, perpetual rain, and the windshield, a smudge, shimmers like a snippet of crystallized moon.",parking ticket; windshield; streetlight,side mirror,moon,0.75,0.55,0.639144163154476,0.09027272160393819,0.03739801783695966,0.3333333333333333,0.07190371835487852,0.3333333333333333,0.0,0.43458781362007176,0.7407407407407407,1.0,0.0,1.0,0.0,0.0,0.1917432489463428,0.0,0.34782608695652173,0.041379310344827586
anchor10_parking_ticket,A parking ticket rests on the windshield between the side mirror and a streetlight.,parking ticket; windshield; side mirror; streetlight,naive,1.2,20270803,7,readable_transport,"The streetlight, once a delicate baller, now pirouts and pirouts, its tutu made of glittering rain. A parking ticket, once a small, verdant plant, unfurls a tiny accordion to serenade the windshield, while the side mirror, now a tranquil, tranquil zither, softly sings a lilting melody.",parking ticket; windshield; side mirror; streetlight,,,1.0,0.55,0.698229464875578,0.1705613989914116,0.03677378019707566,0.0,0.0,0.3333333333333333,0.0,0.3461538461538462,0.7272727272727273,1.0,0.0,1.0,0.0,0.0,0.3700616163840564,0.0,0.25,0.0818181818181818
anchor10_parking_ticket,A parking ticket rests on the windshield between the side mirror and a streetlight.,parking ticket; windshield; side mirror; streetlight,naive,1.2,20270803,8,anchor_loss_failure,"A small, topless accordion plays a melanchy tune, its buttons made of tiny, ir Loved to someone, a decrepit, antique harmonica softly harmons in perfect synchrony, and a midnight, under streetlight, the parking ticket begins to read a tattered, ancient scroll, in a language that whispers ""forgiveness.""",parking ticket; streetlight,windshield; side mirror,,0.5,0.0,0.7362153047989624,0.0,0.04888626302083334,0.0,0.0,0.6666666666666666,0.375,0.0,0.8518518518518519,1.0,0.0,0.0,0.0,0.0,0.4417291828793774,0.3333333333333333,0.28125,0.03
anchor10_parking_ticket,A parking ticket rests on the windshield between the side mirror and a streetlight.,parking ticket; windshield; side mirror; streetlight,operational,0.0,20270803,1,ontologically_stable,"The parking ticket had been issued to the owner of the car that the driver had just purchased from her mother, who was now sitting in the driver's seat, oblivious to the nearby streetlight that cast a peculiar shadow on the license plate. A vehicle inspector approached the driver, his eye fixed on the parking ticket, as she examined the car's window, which had a cracked windshield, and noticed the cracked side mirror was reflecting a distorted view.",parking ticket; windshield; side mirror; streetlight,,,1.0,0.05,0.5985743419392817,0.015048158956353542,0.02745198411053212,0.0,0.0,0.0,0.0,0.4864850427350427,0.7941176470588235,1.0,0.0,0.0,0.0,0.25,0.359144605163569,0.0,0.2767857142857143,0.052941176470588235
anchor10_parking_ticket,A parking ticket rests on the windshield between the side mirror and a streetlight.,parking ticket; windshield; side mirror; streetlight,operational,0.0,20270803,2,decorative_near_miss,"As the streetlight's hum whirred, its bright glow slightly intensified the already-strained whiteness of the parking ticket, now fixed between the polished metal side mirror and the reflective glass of the windshield.",parking ticket; windshield; side mirror; streetlight,,glow,1.0,0.0,0.6481217858812529,0.0,0.07087683784359686,0.3333333333333333,0.21604059529375097,0.0,0.0,0.0,0.6315789473684211,1.0,0.0,0.0,0.0,0.0,0.3888730715287517,0.0,0.3076923076923077,0.09473684210526315
anchor10_parking_ticket,A parking ticket rests on the windshield between the side mirror and a streetlight.,parking ticket; windshield; side mirror; streetlight,operational,0.0,20270803,3,ontologically_stable,"The parking ticket was fresh, its fluorescent ink still vibrant on the windshield between the side mirror and a streetlight.",parking ticket; windshield; side mirror; streetlight,,,1.0,0.0,0.7186731391585761,0.0,0.18722538780381945,0.0,0.0,0.0,0.0,0.0,0.30000000000000004,0.15833333333333333,0.0,0.0,0.0,0.0,0.38089676375404535,0.0,0.4375,0.41333333333333333
anchor10_parking_ticket,A parking ticket rests on the windshield between the side mirror and a streetlight.,parking ticket; windshield; side mirror; streetlight,operational,0.0,20270803,4,ontologically_stable,"The parking ticket remained, a constant reminder, on the new car's windshield between the side mirror and a recently installed streetlight. The company that issued the parking ticket had transferred ownership of the debt to the new vehicle's owner.",parking ticket; windshield; side mirror; streetlight,,,1.0,0.0,0.6117811355311356,0.0,0.028633984405328022,0.0,0.0,0.0,0.0,0.46706192358366283,0.65,1.0,0.0,0.0,0.0,0.0,0.3670686813186813,0.0,0.30357142857142855,0.22999999999999998
anchor10_parking_ticket,A parking ticket rests on the windshield between the side mirror and a streetlight.,parking ticket; windshield; side mirror; streetlight,operational,0.0,20270803,5,decorative_near_miss,"As I adjusted the parking ticket on the windshield, I caught a glimpse of myself in the side mirror, my eyes half-closed from the warmth of the streetlight that cast a gentle glow over the entire scene.",parking ticket; windshield; side mirror; streetlight,,glow,1.0,0.0,0.671824860417279,0.0,0.060735232633222926,0.3333333333333333,0.22394162013909297,0.0,0.0,0.0,0.5882352941176471,0.9437499999999999,0.0,0.0,0.0,0.0,0.40309491625036736,0.0,0.3181818181818182,0.28088235294117647
anchor10_parking_ticket,A parking ticket rests on the windshield between the side mirror and a streetlight.,parking ticket; windshield; side mirror; streetlight,operational,0.0,20270803,6,anchor_loss_failure,"The parking ticket, written in a childish scrawl, had been reissued to my old truck, which I'd converted into a camper, after the new side mirror I'd installed last week was deemed too sleek for the license plate holder's space.",parking ticket; side mirror,windshield; streetlight,,0.5,0.025577277787393195,0.7226334776334776,0.009293250990099245,0.041913173076923084,0.0,0.0,0.0,0.0,0.12000000000000001,0.8333333333333334,1.0,0.0,0.0,0.0,0.12788638893696597,0.43358008658008657,0.0,0.25,0.046153846153846156
anchor10_parking_ticket,A parking ticket rests on the windshield between the side mirror and a streetlight.,parking ticket; windshield; side mirror; streetlight,operational,0.0,20270803,7,anchor_loss_failure,"The ticket was from the city's no-parking zone, a spot notorious for its congested streets and impatient drivers.",,parking ticket; windshield; side mirror; streetlight,,0.0,0.06666666666666667,0.7382316162747293,0.0201783308448426,0.046483511572265615,0.0,0.0,0.0,0.0,0.0,0.9,0.83125,0.0,0.0,0.0,0.3333333333333333,0.36911580813736466,0.0,0.125,0.006999999999999999
anchor10_parking_ticket,A parking ticket rests on the windshield between the side mirror and a streetlight.,parking ticket; windshield; side mirror; streetlight,operational,0.0,20270803,8,ontologically_stable,"The parking ticket, with its cryptic warning and bland design, seemed out of place on the windshield, which was still streaked from the morning's coffee stains. As she pondered the fine, she absent-mindedly adjusted the side mirror, which had been swaying precariously in the gentle breeze cast by the streetlight, its hum a constant accompaniment to the day's drudgery.",parking ticket; windshield; side mirror; streetlight,,,1.0,0.0,0.6620640649672908,0.0,0.05031390608740896,0.0,0.0,0.0,0.0,0.09375000000000001,0.7741935483870968,1.0,0.0,0.0,0.0,0.0,0.3972384389803744,0.0,0.28,0.058064516129032254
anchor10_parking_ticket,A parking ticket rests on the windshield between the side mirror and a streetlight.,parking ticket; windshield; side mirror; streetlight,operational,0.6,20270803,1,anchor_loss_failure,"The parking ticket had been there for weeks, a persistent reminder that the driver had forgotten to pay the meter when it was young and reckless.",parking ticket,windshield; side mirror; streetlight,,0.25,0.0,0.7231392778187178,0.0,0.0707252109375,0.0,0.0,0.0,0.0,0.0,0.8,0.7749999999999999,0.0,0.0,0.0,0.0,0.3615696389093589,0.0,0.25,0.06428571428571428
anchor10_parking_ticket,A parking ticket rests on the windshield between the side mirror and a streetlight.,parking ticket; windshield; side mirror; streetlight,operational,0.6,20270803,2,anchor_loss_failure,"The parking ticket had been there for what felt like an eternity, a persistent reminder of a forgotten fine, its typed words now faded, except for the ""80 cents"" in a corner, still sufficiently visible to make the driver worry. Nearby, a water-main leak had burst, and a small puddle forms beside the streetlight, whose electric hum creates a soothing white noise that drowns out the morning traffic.",parking ticket; streetlight,windshield; side mirror,,0.5,0.24022465088038858,0.6969267772056142,0.042993197079708466,0.04720625000000002,0.0,0.0,0.0,0.0,0.0,0.8666666666666666,1.0,0.0,0.0,0.9016393442622951,0.07407407407407407,0.20907803316168427,0.0,0.2777777777777778,0.02727272727272727
anchor10_parking_ticket,A parking ticket rests on the windshield between the side mirror and a streetlight.,parking ticket; windshield; side mirror; streetlight,operational,0.6,20270803,3,decorative_near_miss,"The parking ticket remained, a small, rectangular anomaly, its words smudged from the morning's humidity. On the windshield, a speck of dew clung, a mirrored image of a parking ticket, a bizarre duplicate of the one at the streetlight, 50 feet away, casting an eerie glow.",parking ticket; windshield; streetlight,side mirror,glow,0.75,0.0,0.6854626529613314,0.0,0.05091735309103261,0.3333333333333333,0.1713656632403328,0.0,0.0,0.322463768115942,0.6818181818181819,1.0,0.0,0.0,0.0,0.0,0.4112775917767988,0.0,0.375,0.049999999999999996
anchor10_parking_ticket,A parking ticket rests on the windshield between the side mirror and a streetlight.,parking ticket; windshield; side mirror; streetlight,operational,0.6,20270803,4,ontologically_stable,"The parking ticket, now slightly damp from the streetlight's misty morning, still clings to the windshield, where a small crack has developed, allowing a tiny trickle of water to seep towards it. Nearby, the side mirror, now thoroughly polished, seems to reflect an increasingly optimistic view of the morning, its once-dull glass now refracting miniature rainbows.",parking ticket; windshield; side mirror; streetlight,,,1.0,0.0,0.6800507959782154,0.0,0.052910782703886175,0.0,0.0,0.3333333333333333,0.4,0.10344827586206898,0.7407407407407407,1.0,0.0,0.0,0.0,0.0,0.40803047758692923,0.3333333333333333,0.2857142857142857,0.06666666666666667
anchor10_parking_ticket,A parking ticket rests on the windshield between the side mirror and a streetlight.,parking ticket; windshield; side mirror; streetlight,operational,0.6,20270803,5,unfinished_or_unreadable_failure,"The parking ticket had been there for days, its worn corners and crinkled surface a testament to the gentle rhythm of morning dew, which had just begun to collect on the windshield, reflecting a faint, lunar glow from the streetlight, now slightly askew, as if",parking ticket; windshield; streetlight,side mirror,as if; glow,0.75,0.0,0.4331188431422077,0.0,0.05829448301059555,0.6666666666666666,0.21655942157110386,0.0,0.0,0.0,0.7619047619047619,1.0,0.4,0.0,0.0,0.0,0.06886589605961102,0.0,0.29411764705882354,0.05217391304347826
anchor10_parking_ticket,A parking ticket rests on the windshield between the side mirror and a streetlight.,parking ticket; windshield; side mirror; streetlight,operational,0.6,20270803,6,decorative_near_miss,"The parking ticket, once a few dollars, now seemed like a fraction of the price for the repair shop to fix the crack in the windshield that had spread from the side mirror, where a particularly aggressive pigeon had perched overnight, next to the streetlight that cast an eerie glow.",parking ticket; windshield; side mirror; streetlight,,glow,1.0,0.0,0.6810129310344828,0.0,0.07106250000000001,0.3333333333333333,0.2270043103448276,0.0,0.0,0.0,0.6666666666666666,1.0,0.0,0.0,0.0,0.0,0.40860775862068965,0.0,0.3333333333333333,0.075
anchor10_parking_ticket,A parking ticket rests on the windshield between the side mirror and a streetlight.,parking ticket; windshield; side mirror; streetlight,operational,0.6,20270803,7,ontologically_stable,"A forgotten breakfast tray lies next to the parking ticket, beside a dried stain on the windshield, as the streetlight casts long shadows, partially obscuring the side mirror.",parking ticket; windshield; side mirror; streetlight,,,1.0,0.0,0.6963132817153067,0.0,0.19247828776041667,0.0,0.0,0.0,0.0,0.0,0.42857142857142855,0.6583333333333333,0.0,0.0,0.0,0.0,0.417787969029184,0.0,0.4375,0.12857142857142856
anchor10_parking_ticket,A parking ticket rests on the windshield between the side mirror and a streetlight.,parking ticket; windshield; side mirror; streetlight,operational,0.6,20270803,8,anchor_loss_failure,"The parking ticket, once a flat and official document, had begun to wriggle and squirm, its corners and edges growing tiny claws that dug into the cracked windshield.",parking ticket; windshield,side mirror; streetlight,,0.5,0.0,0.7286047164514318,0.0,0.050662500000000006,0.0,0.0,0.0,0.0,0.0,0.8,1.0,0.0,0.0,0.0,0.0,0.3643023582257159,0.0,0.25,0.049999999999999996
anchor10_parking_ticket,A parking ticket rests on the windshield between the side mirror and a streetlight.,parking ticket; windshield; side mirror; streetlight,operational,1.2,20270803,1,stock_loop_or_sprawl_failure,"A small, forgotten umbrella leaned against the streetlight, and a crumpled up map lies beside the parking ticket, partially shielding it from the growing morning dew. The side mirror, now a tiny, delicate figurine, hums a lullaby of morning fog.",parking ticket; side mirror; streetlight,windshield,,0.75,0.55,0.7122348484848484,0.20119209999999998,0.08182827853826503,0.0,0.0,1.0,0.375,0.17647058823529416,0.5625,0.9437499999999999,0.0,1.0,0.0,0.0,0.42734090909090905,0.3333333333333333,0.38636363636363635,0.08823529411764706
anchor10_parking_ticket,A parking ticket rests on the windshield between the side mirror and a streetlight.,parking ticket; windshield; side mirror; streetlight,operational,1.2,20270803,2,anchor_loss_failure,"As a light rain begins to drizzle, the streetlight, now a slightly-crafted, imposing metal sculpture, leans and tilts, threatening to topple, as the parking ticket, now a tiny, transparent, jellyfish-like creature, secretes a delicate, morning fog.",parking ticket; streetlight,windshield; side mirror,,0.5,0.55,0.8891992746367622,0.20931750924949383,0.046274898097826096,0.0,0.0,0.6666666666666666,0.0,0.0,0.85,1.0,0.0,1.0,0.0,0.0,0.4445996373183811,0.0,0.25,0.03913043478260869
anchor10_parking_ticket,A parking ticket rests on the windshield between the side mirror and a streetlight.,parking ticket; windshield; side mirror; streetlight,operational,1.2,20270803,3,anchor_loss_failure,"A small rain begins to drizzle, casting a fine mist on the parking ticket, which, now slightly wet, reads 70 cents in fine new script. As the streetlight, now a paper seller, cements a tiny, paper portfolio, a dwindling puddle beside it holds a single, forlacial raven.",parking ticket; streetlight,windshield; side mirror,,0.5,0.8,0.7291025641025641,0.30587310769230774,0.039583030801435416,0.0,0.0,0.3333333333333333,0.0,0.25,0.8181818181818181,1.0,0.0,1.0,1.0,0.0,0.43746153846153846,0.0,0.2894736842105263,0.036
anchor10_parking_ticket,A parking ticket rests on the windshield between the side mirror and a streetlight.,parking ticket; windshield; side mirror; streetlight,operational,1.2,20270803,4,anchor_loss_failure,"A small rain, that never had enough, collected a tiny pool of water, and a nearby streetlight, its base, newly decorated with a ceramic, where a half-doed fairy is having a frantic tango, under the streetlight's glare, as it leans in, to gently read the parking ticket, its tiny, frosty hands, once a poet, now a judge, receives a municipal warrant.",parking ticket; streetlight,windshield; side mirror,,0.5,0.55,0.7242017258840409,0.20027074527597263,0.062172126436781626,0.0,0.0,0.0,0.0,0.10344827586206898,0.7407407407407407,1.0,0.0,1.0,0.0,0.0,0.4345210355304245,0.0,0.375,0.03
anchor10_parking_ticket,A parking ticket rests on the windshield between the side mirror and a streetlight.,parking ticket; windshield; side mirror; streetlight,operational,1.2,20270803,5,readable_transport,"A new streetlight, recently repainted with a vibrant, electric blue, casts an inviting glow, next to which the parking ticket, now a tiny, forgotten thing, is still, motionless, while the windshield, once a dull, beige, now, in morning, slowly, and with gentle, industrious fingers, scrubs off, slowly, and with gentle, industriist's tenderness.",parking ticket; windshield; streetlight,side mirror,glow,0.75,0.55,0.8633949962301235,0.23876325225747838,0.03852486772486774,0.3333333333333333,0.09713193707588887,0.0,0.0,0.2863247863247863,0.7999999999999999,1.0,0.0,1.0,0.0,0.0,0.5180369977380741,0.0,0.2857142857142857,0.04444444444444444
anchor10_parking_ticket,A parking ticket rests on the windshield between the side mirror and a streetlight.,parking ticket; windshield; side mirror; streetlight,operational,1.2,20270803,6,anchor_loss_failure,"As the streetlight, now casting an eerie, yellowish glow, casts long, tentative fingers of frost, a billboard nearby, once an advertisement for a long-fading Budwech brewery, now holds a faded, peeling poster, clinging desperately to a forgotten, forgotten parking ticket, forgotten and mute, as the night swoons with a mad, lonesong.",parking ticket; streetlight,windshield; side mirror,glow,0.5,0.0,0.6873713001064683,0.0,0.04283125000000001,0.3333333333333333,0.11456188335107804,0.0,0.0,0.0,0.8888888888888888,1.0,0.0,0.0,0.0,0.0,0.3643067890564282,0.0,0.25,0.03
anchor10_parking_ticket,A parking ticket rests on the windshield between the side mirror and a streetlight.,parking ticket; windshield; side mirror; streetlight,operational,1.2,20270803,7,stock_loop_or_sprawl_failure,"As night falls, the streetlight, now a tiny, porcelain-sized, porcelain-figed humanoid, delicates its way onto the hood of a shiny, silver Honda, while the side mirror, now a small, Japanese gymnast, balances a tiny, miniature, streetlight beside it, and the windshield, once a blank, dusty skateboard, slowly unfolds its metallic, Japanese-etched, 24-inch grand piano, to serenade a parking ticket that weeps a requiem of crumpled, red, miniature city.",parking ticket; windshield; side mirror; streetlight,,silver,1.0,0.55,0.6586045849525044,0.18213051192276555,0.044773448597301146,0.3333333333333333,0.09879068774287565,1.0,0.9,0.09090909090909091,0.8125,1.0,0.0,1.0,0.0,0.0,0.3951627509715026,0.6666666666666666,0.25,0.056249999999999994
anchor10_parking_ticket,A parking ticket rests on the windshield between the side mirror and a streetlight.,parking ticket; windshield; side mirror; streetlight,operational,1.2,20270803,8,anchor_loss_failure,"A faint rain began to drizzle, weighing a gentle snow of feathers. The parking ticket, now a small, rubbery sponge, slowly sucks up the parking ticket, as if to better keep the autumn of snow, and the streetlight, now a giant metal wind, hums a lullaby.",parking ticket; streetlight,windshield; side mirror,as if,0.5,0.8,0.6791790405482581,0.246503957692747,0.02437802680031853,0.3333333333333333,0.022639301351608597,0.3333333333333333,0.375,0.4294444444444444,0.8636363636363636,1.0,0.0,1.0,1.0,0.0,0.3599648914905768,0.3333333333333333,0.25,0.054
anchor11_paper_cup,A paper cup stands beside the vending machine with a coin and a folded timetable.,paper cup; vending machine; coin; timetable,naive,0.0,20271812,1,decorative_near_miss,"The vending machine's glass door was smeared with a fine, iridescent coating that shifted colors like the surface of a pond as the light caught it. A paper cup materialized beside it, filled to the brim with a shimmering liquid that was simultaneously bubbly and perfectly still, alongside a faded coin and a timetable that warped and reassembled itself into impossible configurations.",paper cup; vending machine; coin; timetable,,iridescent; shimmering,1.0,0.044444444444444446,0.6969179156860316,0.015573792355863852,0.056455480957031255,0.6666666666666666,0.44396252406665715,0.3333333333333333,0.0,0.0,0.7666666666666667,1.0,0.0,0.0,0.0,0.2222222222222222,0.41815074941161895,0.0,0.28125,0.056249999999999994
anchor11_paper_cup,A paper cup stands beside the vending machine with a coin and a folded timetable.,paper cup; vending machine; coin; timetable,naive,0.0,20271812,2,ontologically_stable,"As the coin sank into the vending machine, a paper cup began to float in the air, its rim twisting into impossible curves. The folded timetable fluttered to the ground, unfolding into a sprawling garden of dates and departure times that seemed to writhe like a living thing.",paper cup; vending machine; coin; timetable,,,1.0,0.025577277787393195,0.6723008547008547,0.008460247852953729,0.06800277577275816,0.0,0.0,0.0,0.0,0.0,0.6521739130434783,1.0,0.0,0.0,0.0,0.12788638893696597,0.4033805128205128,0.0,0.296875,0.08750000000000001
anchor11_paper_cup,A paper cup stands beside the vending machine with a coin and a folded timetable.,paper cup; vending machine; coin; timetable,naive,0.0,20271812,3,readable_transport,"The paper cup now contains a cloudy mist that seeps into the vending machine, where it collides with a coin that's being sucked inwards like a black hole, its metal surface etched with a curse that repeats 'no purchase' in endless loops, while the timetable has become a two-way mirror reflecting the timetable of other parallel universes.",paper cup; vending machine; coin; timetable,,,1.0,0.5833333333333334,0.6689140652081431,0.1961924953255484,0.0692421052631579,0.0,0.0,0.3333333333333333,0.0,0.1153846153846154,0.64,1.0,0.0,1.0,0.0,0.16666666666666666,0.4013484391248859,0.0,0.3684210526315789,0.06666666666666667
anchor11_paper_cup,A paper cup stands beside the vending machine with a coin and a folded timetable.,paper cup; vending machine; coin; timetable,naive,0.0,20271812,4,decorative_near_miss,"The paper cup seemed to be staring at the vending machine, its ceramic surface reflecting the machines' cold, dead eyes, as the discarded coin that had once added up to 50 cents now looked like a tiny, crumpled moon, and the timetable now read ' FOREVER ARRIVALS' in crooked, hand-scrawled letters, peeling away to reveal a faint image of a train lost in a swirling vortex.",paper cup; vending machine; coin; timetable,,moon,1.0,0.032652465283787416,0.6858874458874459,0.011744418358489104,0.05099204731602823,0.3333333333333333,0.22116384329067348,0.0,0.0,0.09677419354838711,0.7666666666666667,1.0,0.0,0.0,0.0,0.16326232641893706,0.4115324675324675,0.0,0.28125,0.056249999999999994
anchor11_paper_cup,A paper cup stands beside the vending machine with a coin and a folded timetable.,paper cup; vending machine; coin; timetable,naive,0.0,20271812,5,decorative_near_miss,"The paper cup suddenly unfurled like a tiny, paper flower, releasing a fragrant mist that wafted towards the vending machine, where it merged with the rows of coins to create a shimmering, metallic bloom, while the folded timetable began to uncurl and transform into a twisted, Escher-like staircase that led into the very depths of the machine.",paper cup; vending machine; timetable,coin,shimmering,0.75,0.01904761904761905,0.6645333542312191,0.0063643308668087034,0.05040359332997312,0.3333333333333333,0.16296889401384657,0.3333333333333333,0.0,0.19354838709677422,0.7037037037037036,1.0,0.0,0.0,0.0,0.09523809523809523,0.3987200125387314,0.0,0.2875,0.075
anchor11_paper_cup,A paper cup stands beside the vending machine with a coin and a folded timetable.,paper cup; vending machine; coin; timetable,naive,0.0,20271812,6,stock_loop_or_sprawl_failure,"The paper cup seemed to have transformed into a tiny, delicate harp, its curves reflecting the vending machine's metal surface. The vending machine, meanwhile, stood perfectly still, its digital display still stuck on "" coins only,"" while the coin had morphed into a delicate, ethereal wing that hovered just above the timetable, which had become a vast, unfurled scroll of unfolding pancakes.",paper cup; vending machine; coin; timetable,,ethereal,1.0,0.5401785714285715,0.6347391383716685,0.16869326064974183,0.05394069128260468,0.3333333333333333,0.09728888579208607,0.6666666666666666,0.0,0.3831569664902998,0.6,1.0,0.0,0.9821428571428572,0.0,0.0,0.3808434830230011,0.0,0.40789473684210525,0.06666666666666667
anchor11_paper_cup,A paper cup stands beside the vending machine with a coin and a folded timetable.,paper cup; vending machine; coin; timetable,naive,0.0,20271812,7,readable_transport,"The paper cup seemed to watch me as the vending machine, shrouded in a misty aura, appeared to whisper my name, its metal exterior twisted into impossible shapes that defied the laws of gravity and space. Beside the coin, which had evolved into a sentient creature with antennae and multiple limbs, the folded timetable now unfurled, revealing a spiral staircase leading to a realm of eternal Sundays.",paper cup; vending machine; coin; timetable,,whisper,1.0,0.25,0.6992042042042041,0.0860021171171171,0.05423233797119488,0.3333333333333333,0.17480105105105104,0.0,0.0,0.0,0.7837837837837839,1.0,0.0,0.0,1.0,0.0,0.4195225225225225,0.0,0.275,0.05526315789473684
anchor11_paper_cup,A paper cup stands beside the vending machine with a coin and a folded timetable.,paper cup; vending machine; coin; timetable,naive,0.0,20271812,8,decorative_near_miss,"The paper cup seemed to grow roots and twist into a grotesque, foliage-covered monstrosity beside the vending machine, as if nourished by the coin and the creased pages of the timetable. A nearby crowd blurred and distorted, reduced to a cacophonous chorus of grey, whispering figures.",paper cup; vending machine; coin; timetable,,as if; whispering,1.0,0.022222222222222223,0.6979279279279279,0.00779818138138138,0.07545343572443183,0.6666666666666666,0.45494561227894553,0.3333333333333333,0.0,0.0,0.6363636363636364,1.0,0.0,0.0,0.0,0.1111111111111111,0.4187567567567567,0.0,0.34375,0.075
anchor11_paper_cup,A paper cup stands beside the vending machine with a coin and a folded timetable.,paper cup; vending machine; coin; timetable,naive,0.6,20271812,1,stock_loop_or_sprawl_failure,"The vending machine, now a fossilized, porcelain-like creature, slowly begins to emit a low, mournful hum, as the paper cup tied to its base begins to whisper an urgent melody in a voice that is both familiar and forgotten, the coin lies still, its minted smile frozen in a perpetual grimace, and the timetable, once a schedule of trains, now unwinds a mesmerizing infinity of curving, ethereal tracks.",paper cup; vending machine; coin; timetable,,ethereal; whisper,1.0,0.8111111111111111,0.7160599053009642,0.1460141621562706,0.054559274732620316,0.6666666666666666,0.09017050659345474,1.0,0.5,0.08823529411764708,0.7575757575757577,1.0,0.0,1.0,1.0,0.05555555555555555,0.21481797159028926,0.3333333333333333,0.3055555555555556,0.05142857142857143
anchor11_paper_cup,A paper cup stands beside the vending machine with a coin and a folded timetable.,paper cup; vending machine; coin; timetable,naive,0.6,20271812,2,decorative_near_miss,"Time ticked backwards, the paper cup slowly uncurling from the vending machine's cold, metal mouth, a single coin emerging with it, dropping to the ground with a tiny, metallic rattle; nearby, the timetable now unfurls like a wounded creature, its pages rustling with an otherworldly whisper, while the vending machine's slot continues to slide open and shut, spitting out freshly made tea and neatly folded crumpled paper.",paper cup; vending machine; coin; timetable,,whisper,1.0,0.012121212121212123,0.6475921805341855,0.003946779980273801,0.04823783003127238,0.3333333333333333,0.21324752611529746,0.0,0.0,0.2746288798920378,0.7142857142857144,1.0,0.0,0.0,0.0,0.06060606060606061,0.38855530832051133,0.0,0.33035714285714285,0.058333333333333334
anchor11_paper_cup,A paper cup stands beside the vending machine with a coin and a folded timetable.,paper cup; vending machine; coin; timetable,naive,0.6,20271812,3,stock_loop_or_sprawl_failure,"The paper cup began to whisper secrets to the vending machine, its lid creaking with an eerie whisper that harmonized with the vending machine's steady hum. Meanwhile, a single coin hovered above the coin, orbiting the vending machine with an hypnotic rhythm that synchronized with the steady beat of a nearby, unknown drummer.",paper cup; vending machine; coin,timetable,whisper,0.75,0.29444444444444445,0.5925778901949115,0.08584478369290283,0.016181820147618504,0.3333333333333333,0.10452415563160243,0.0,0.0,0.7649425287356322,0.6956521739130435,1.0,0.0,0.0,1.0,0.2222222222222222,0.35554673411694687,0.0,0.3333333333333333,0.057692307692307696
anchor11_paper_cup,A paper cup stands beside the vending machine with a coin and a folded timetable.,paper cup; vending machine; coin; timetable,naive,0.6,20271812,4,unfinished_or_unreadable_failure,"The paper cup suddenly unfurled like a tiny, paper flower, releasing a fragrant mist that carried the scent of forgotten memories, while the vending machine, its metal surface now a canvas of swirling, neon-green paint, hummed a tune that perfectly harmonized",paper cup; vending machine,coin; timetable,,0.5,0.0,0.45434619993391545,0.0,0.03926634753586335,0.0,0.0,0.3333333333333333,0.0,0.13043478260869568,0.8181818181818182,1.0,0.4,0.0,0.0,0.0,0.14448209157898512,0.0,0.25,0.06923076923076923
anchor11_paper_cup,A paper cup stands beside the vending machine with a coin and a folded timetable.,paper cup; vending machine; coin; timetable,naive,0.6,20271812,5,readable_transport,"The paper cup seemed to have sprouted small wings, slowly spreading its flaps as if to take off, while the vending machine hummed a tuneless melody, its metal exterior warped and twisted in impossible ways. A new coin, shined to a brilliant glow, dropped onto the timetable, now a psychedelic waterfall cascading through the columns of tiny paper towers, whispering a ""departures"" announcement in a language only the machines and the cup can understand.",paper cup; vending machine; coin; timetable,,as if; glow; whispering,1.0,0.5308333333333334,0.6731530214424951,0.17580737461013646,0.03655186136071889,1.0,0.3158209592267706,0.3333333333333333,0.0,0.21951219512195122,0.8421052631578947,1.0,0.0,0.9166666666666667,0.0,0.13333333333333333,0.4038918128654971,0.0,0.25,0.045
anchor11_paper_cup,A paper cup stands beside the vending machine with a coin and a folded timetable.,paper cup; vending machine; coin; timetable,naive,0.6,20271812,6,decorative_near_miss,"The vending machine, once a beacon of promise, now seems like a discarded thing, its metal exterior tarnished with a thin layer of verdigris, as if it has been underwater for decades. A paper cup, still and unmoving, sits beside it, next to a coin that has been spinning slowly, releasing a tiny, intricate melody that harmonizes with the hum of the vending machine, whose broken display now reads ""Extrinsic Time"" instead of a timely timetable.",paper cup; vending machine; coin; timetable,,as if,1.0,0.0,0.671091007732838,0.0,0.04227119747899161,0.3333333333333333,0.22369700257761266,0.0,0.0,0.22044817927170868,0.7878787878787878,1.0,0.0,0.0,0.0,0.0,0.4026546046397028,0.0,0.2777777777777778,0.05142857142857143
anchor11_paper_cup,A paper cup stands beside the vending machine with a coin and a folded timetable.,paper cup; vending machine; coin; timetable,naive,0.6,20271812,7,anchor_loss_failure,"The paper cup seemed to be slowly absorbing the vending machine, its metal dissolving into its creases as if in a macabre slow dance. As the vending machine's lid opened, a small, folded piece of paper slipped out, carrying a message in trembling letters that reads: "" Delayed Departure"".",paper cup; vending machine,coin; timetable,as if; dance,0.5,0.016666666666666666,0.6673333333333333,0.0027360666666666664,0.035312351769520196,0.6666666666666666,0.21873703703703704,0.0,0.0,0.4128205128205129,0.7391304347826088,1.0,0.0,0.0,0.0,0.08333333333333333,0.2002,0.0,0.2916666666666667,0.057692307692307696
anchor11_paper_cup,A paper cup stands beside the vending machine with a coin and a folded timetable.,paper cup; vending machine; coin; timetable,naive,0.6,20271812,8,anchor_loss_failure,"As the vending machine yawned open, a paper cup materialized within its maw, which suddenly opened to reveal a merry crowd of dripping, luminescent humans, all clutching timetables that read ' Late'.",paper cup; vending machine,coin; timetable,,0.5,0.0,0.7379403327596099,0.0,0.06643646135936432,0.0,0.0,0.0,0.0,0.0,0.6842105263157895,1.0,0.0,0.0,0.0,0.0,0.4427641996557659,0.0,0.30357142857142855,0.06818181818181818
anchor11_paper_cup,A paper cup stands beside the vending machine with a coin and a folded timetable.,paper cup; vending machine; coin; timetable,naive,1.2,20271812,1,stock_loop_or_sprawl_failure,"A delicate, crystalline fog conded beside the vending machine, where it weeps a rivulet of glittering dew, and a paper cup, covered in tiny, folded fins, delicately listens to a repertoire of forgotten melodies. Meanwhile, a discarded, antique Coin, no bigger than a snail, quietly recites a folio of modern sonnets, while a folded, leather-bound Timetable, creaks open to reveal a celestial, twisting wormhole, distilling the cold, infinite hours of night.",paper cup; vending machine; coin; timetable,,,1.0,0.2574074074074074,0.7092696734789758,0.0977121425281236,0.05294003167926289,0.0,0.0,1.0,0.875,0.07317073170731708,0.775,1.0,0.0,0.0,1.0,0.037037037037037035,0.4255618040873855,0.6666666666666666,0.29545454545454547,0.051219512195121955
anchor11_paper_cup,A paper cup stands beside the vending machine with a coin and a folded timetable.,paper cup; vending machine; coin; timetable,naive,1.2,20271812,2,anchor_loss_failure,"The paper cup slowly unfolds, revealing a tiny, topless baller, who pirouts and piruets in a gentle walt, its tutu a dozen iridescent butterflies that slide off to form a calendar, where the days and nights blend into a psychedelic whirl, as the vending machine coughs up a freshly made tea, with a note that reads 'Extra strength, 4 cups of dawn'.",paper cup; vending machine,coin; timetable,iridescent,0.5,0.0,0.7180988842263478,0.0,0.04341205495356038,0.3333333333333333,0.11968314737105797,0.3333333333333333,0.0,0.0,0.8823529411764706,1.0,0.0,0.0,0.0,0.0,0.43085933053580866,0.0,0.25,0.03157894736842105
anchor11_paper_cup,A paper cup stands beside the vending machine with a coin and a folded timetable.,paper cup; vending machine; coin; timetable,naive,1.2,20271812,3,unfinished_or_unreadable_failure,"The vending machine slowly swals down a sigh, exhaling a fine mist of dew, while the paper cup, now adorned with a tiny top hat and monoc, reads a miniature topless bar, where a tiny piano plays a melancholic tango, while the vending machine whistles a melanch",paper cup; vending machine,coin; timetable,,0.5,0.0,0.3777775761973876,0.0,0.030911702865731996,0.0,0.0,1.0,0.4,0.30944444444444447,0.8260869565217391,1.0,0.4,0.0,0.0,0.0,0.11333327285921628,0.3333333333333333,0.25,0.06666666666666667
anchor11_paper_cup,A paper cup stands beside the vending machine with a coin and a folded timetable.,paper cup; vending machine; coin; timetable,naive,1.2,20271812,4,readable_transport,"The paper cup begins to humming a melancholy tune, while the vending machine, now a living, it slowly unfurls a tiny, twisted, iridescent umbrella, and a nearby timetable springs open to reveal a room filled with clouds that weep liquid paper, onto which a new, poem is forming.",paper cup; vending machine; timetable,coin,iridescent; melancholy,0.75,0.5648148148148149,0.7525718225695242,0.1847326903649225,0.045333658854166674,0.6666666666666666,0.1637540539850353,0.3333333333333333,0.0,0.1153846153846154,0.7916666666666666,1.0,0.0,1.0,0.0,0.07407407407407407,0.39886306596184784,0.0,0.25,0.05555555555555555
anchor11_paper_cup,A paper cup stands beside the vending machine with a coin and a folded timetable.,paper cup; vending machine; coin; timetable,naive,1.2,20271812,5,overcollapse_failure,"As the vending machine, now a mouth, exhals a tentacle, the paper cup, once a duet with the vending machine, now sings a poignant ballad, while a coin, untriggered, releases a peacock made of twisted timetable pages, that slowly unfurls a map to the Empire of Forgetting.",paper cup; vending machine; coin; timetable,,,1.0,0.8133333333333334,0.6769506726457399,0.2708885811659193,0.03971383304195804,0.0,0.0,0.0,0.0,0.2974358974358975,0.7272727272727273,1.0,0.0,1.0,1.0,0.06666666666666667,0.40617040358744394,0.0,0.25,0.075
anchor11_paper_cup,A paper cup stands beside the vending machine with a coin and a folded timetable.,paper cup; vending machine; coin; timetable,naive,1.2,20271812,6,unfinished_or_unreadable_failure,"The paper cup, once a vibrant shade of fluorescent green, now withers and wilts, its rim twisting into a spiral that unfurls like a tiny, sentient serpent, as the vending machine, now a portal to a tiny, metallic throat, exhals a steady, constant whisper that",paper cup; vending machine,coin; timetable,whisper,0.5,0.55,0.4468779342723005,0.06409033957746481,0.04837862318840581,0.3333333333333333,0.03351584507042253,0.0,0.0,0.0,0.8260869565217391,1.0,0.4,1.0,0.0,0.0,0.14210718309859158,0.0,0.25,0.04444444444444444
anchor11_paper_cup,A paper cup stands beside the vending machine with a coin and a folded timetable.,paper cup; vending machine; coin; timetable,naive,1.2,20271812,7,stock_loop_or_sprawl_failure,"The paper cup began to recombine, its ceramic flanks unfolding like a tentative, lacery tent, as the vending machine starts to recite a dirge of despair, while the vending machine, now a harmonium, emits a mournful serenade, amidst a faint, morning fog. A single, withered face peers from a timetable, which suddenly unfurls like a canvas, depicting a forest of commuters, with a still, coin, as a tiny, vintage pianist.",paper cup; vending machine; coin; timetable,,,1.0,0.55,0.6801538087257393,0.1697146989684814,0.03840937500000001,0.0,0.0,0.6666666666666666,0.0,0.21428571428571425,0.8181818181818182,1.0,0.0,1.0,0.0,0.0,0.36048151862464184,0.0,0.25,0.05142857142857143
anchor11_paper_cup,A paper cup stands beside the vending machine with a coin and a folded timetable.,paper cup; vending machine; coin; timetable,naive,1.2,20271812,8,overcollapse_failure,"The paper cup seemed to yawn, and the vending machine, now a mouth, yawns back, its metal jaws yawn wider, as if in anticipation of a tiny, clockwork orchestra. The coin, now a small, shell, and the folded timetable, now a serpent, uncoils, and begins to serenade a solitary, chimney, that puffs a lacy, lace, of steam, towards the full moon.",paper cup; vending machine; coin; timetable,,as if; moon,1.0,0.8,0.894875,0.3522228,0.04382193322441602,0.6666666666666666,0.11931666666666663,0.3333333333333333,0.35,0.18548387096774197,0.7586206896551724,1.0,0.0,1.0,1.0,0.0,0.536925,0.3333333333333333,0.25,0.06999999999999999
anchor11_paper_cup,A paper cup stands beside the vending machine with a coin and a folded timetable.,paper cup; vending machine; coin; timetable,operational,0.0,20271812,1,ontologically_stable,"The vending machine's glass door was dusty, and it stood unattended beside a small table, where a lone cup rested, its paper cup slightly discolored from previous use. In the nearby trash can, the coin clinked with the discarded timetable, now torn at its center, and scattered throughout were papers from the misplaced paper cup.",paper cup; vending machine; coin; timetable,,,1.0,0.03333333333333333,0.6787434739049539,0.011375740622647026,0.03309023231813761,0.0,0.0,0.0,0.0,0.4724426807760141,0.7083333333333333,1.0,0.0,0.0,0.0,0.16666666666666666,0.4072460843429723,0.0,0.2916666666666667,0.06923076923076923
anchor11_paper_cup,A paper cup stands beside the vending machine with a coin and a folded timetable.,paper cup; vending machine; coin; timetable,operational,0.0,20271812,2,ontologically_stable,"The coin rolled out of the cup and back onto the ground, landing just in front of the vending machine, while the folded timetable slipped out of the cup and unfolded to reveal the daily schedule for a nearby department store, its informative stickers still stuck to the pages that had once been neatly arranged. The vending machine, no longer being operational, now stood as a discarded relic alongside a new, unattended coffee dispenser that still accepted the same coin.",vending machine; coin; timetable,paper cup,,0.75,0.014814814814814815,0.6082608695652174,0.004433545893719807,0.025894975203568957,0.0,0.0,0.0,0.0,0.4604700854700855,0.8285714285714286,1.0,0.0,0.0,0.0,0.07407407407407407,0.36495652173913046,0.0,0.25,0.04864864864864865
anchor11_paper_cup,A paper cup stands beside the vending machine with a coin and a folded timetable.,paper cup; vending machine; coin; timetable,operational,0.0,20271812,3,readable_transport,"As she rummaged through her bag for the exact change, a pen lay on top of the coin, which was lodged between the pages of her newly arrived hostel's directory - the timetable for the term she'd just moved into. The vending machine stood next to a paper cup that had become an unwanted souvenir from the previous night's habit.",paper cup; vending machine; coin; timetable,,,1.0,0.6166666666666667,0.6777217864461875,0.2056207900077733,0.07098075155970403,0.0,0.0,0.0,0.0,0.0,0.6896551724137931,1.0,0.0,1.0,0.0,0.3333333333333333,0.4066330718677125,0.0,0.34782608695652173,0.058064516129032254
anchor11_paper_cup,A paper cup stands beside the vending machine with a coin and a folded timetable.,paper cup; vending machine; coin; timetable,operational,0.0,20271812,4,ontologically_stable,"The discarded paper cup has been replaced by a chipped plastic container, but the vending machine remains stationary, its screen reading ""puffs of orange confetti for 50 cents only"". The worn coin, once a shiny quarter, now bears the image of a cartoon cat, clutched tightly by the stationmaster as he stamps the coin onto a folded timetable to validate his late arrival.",paper cup; vending machine; coin; timetable,,,1.0,0.0,0.6616020295935542,0.0,0.04200411966447068,0.0,0.0,0.0,0.0,0.08823529411764708,0.7878787878787878,1.0,0.0,0.0,0.0,0.0,0.35064907568458376,0.0,0.25,0.09264705882352942
anchor11_paper_cup,A paper cup stands beside the vending machine with a coin and a folded timetable.,paper cup; vending machine; coin; timetable,operational,0.0,20271812,5,ontologically_stable,"The coin remained in the vending machine, which now functioned to dispense newspapers that were shuffled among the folding tables, as the nearby radio played out-of-date songs from last week's timetable.",vending machine; coin; timetable,paper cup,,0.75,0.0,0.6745818206402325,0.0,0.07768099547511315,0.0,0.0,0.0,0.0,0.0,0.6470588235294117,1.0,0.0,0.0,0.0,0.0,0.40474909238413953,0.0,0.3653846153846154,0.057142857142857134
anchor11_paper_cup,A paper cup stands beside the vending machine with a coin and a folded timetable.,paper cup; vending machine; coin; timetable,operational,0.0,20271812,6,ontologically_stable,"The paper cup next to the vending machine remained unchanged, but the familiar coin inside had changed places with a few spare change.",paper cup; vending machine; coin,timetable,,0.75,0.06666666666666667,0.7005,0.02029582,0.1741436244419643,0.0,0.0,0.0,0.0,0.0,0.5,0.6020833333333333,0.0,0.0,0.0,0.3333333333333333,0.371265,0.0,0.35714285714285715,0.09999999999999999
anchor11_paper_cup,A paper cup stands beside the vending machine with a coin and a folded timetable.,paper cup; vending machine; coin; timetable,operational,0.0,20271812,7,ontologically_stable,"The coin had been removed from the vending machine's coin slot, and now it lay on top of the folded timetable.",vending machine; coin; timetable,paper cup,,0.75,0.0,0.7177276049973419,0.0,0.1580462673611111,0.0,0.0,0.0,0.0,0.30000000000000004,0.4444444444444444,0.21666666666666667,0.0,0.0,0.0,0.0,0.43063656299840514,0.0,0.25,0.125
anchor11_paper_cup,A paper cup stands beside the vending machine with a coin and a folded timetable.,paper cup; vending machine; coin; timetable,operational,0.0,20271812,8,ontologically_stable,"The faded photograph still clutched in the coin's crevice had been taken at this same spot on a Monday morning just like today, while the paper cup remained untouched as the machine's uncertain hum sometimes lulled the nearby office workers to a state of almost-but-not-quite awareness, checked daily against the crippled timetable that still slid up on its rubber tracks to 9:47 AM.",paper cup; coin; timetable,vending machine,,0.75,0.02666666666666667,0.6729069375677497,0.009022336218908387,0.06478757378028756,0.0,0.0,0.3333333333333333,0.0,0.0,0.7419354838709677,1.0,0.0,0.0,0.0,0.13333333333333333,0.40374416254064976,0.3333333333333333,0.33653846153846156,0.04411764705882353
anchor11_paper_cup,A paper cup stands beside the vending machine with a coin and a folded timetable.,paper cup; vending machine; coin; timetable,operational,0.6,20271812,1,ontologically_stable,"The vending machine, now free from its operator, leans precariously against a nearby pole, next to the paper cup, which has changed into a small, crumpled map, and beside it, a shiny new coin clings to the edge of the folded, now-weathered, old manuscript of a timetable.",paper cup; vending machine; coin; timetable,,,1.0,0.0,0.7205587750565329,0.0,0.0948506710923006,0.0,0.0,0.0,0.0,0.0,0.5238095238095237,1.0,0.0,0.0,0.0,0.0,0.4323352650339197,0.0,0.4107142857142857,0.09545454545454544
anchor11_paper_cup,A paper cup stands beside the vending machine with a coin and a folded timetable.,paper cup; vending machine; coin; timetable,operational,0.6,20271812,2,decorative_near_miss,"As I re-calculation the optimal denomination to dispense from the vending machine, a coin clinks against the folded timetable, scattering papers and keys. Nearby, the paper cup, once holding a drink, now serves as a makeshift sled for a gleaming, silver-plated paper clip.",paper cup; vending machine; coin; timetable,,silver,1.0,0.0,0.6832360793287566,0.0,0.05302221235795455,0.3333333333333333,0.2277453597762522,0.0,0.0,0.23958333333333334,0.6363636363636364,1.0,0.0,0.0,0.0,0.0,0.362115122044241,0.0,0.3,0.09130434782608696
anchor11_paper_cup,A paper cup stands beside the vending machine with a coin and a folded timetable.,paper cup; vending machine; coin; timetable,operational,0.6,20271812,3,ontologically_stable,"The coin lay beside the paper cup, next to a new vending machine that dispensed not snacks but rose petals, as the now-familiar coin gazed at the folded timetable. The vending machine's digital display now shows the time, while the timetable unfolds, revealing an intricate network of train routes and terminals.",paper cup; vending machine; coin; timetable,,,1.0,0.022222222222222223,0.6243230844192351,0.006825932389650303,0.05371997727519506,0.0,0.0,0.0,0.0,0.4574712643678161,0.5384615384615384,1.0,0.0,0.0,0.0,0.1111111111111111,0.37459385065154105,0.0,0.4473684210526316,0.07777777777777777
anchor11_paper_cup,A paper cup stands beside the vending machine with a coin and a folded timetable.,paper cup; vending machine; coin; timetable,operational,0.6,20271812,4,ontologically_stable,"The vending machine slowly ticked down the seconds, its digital display frozen on the time of 11:47, as the paper cup, once containing a half-empty coffee, now held a small, delicate flower, its petals unfolding at the slightest breeze, while the coin, once jingling merrily, now lay still and silent, and the timetable, once a map of schedules and appointments, now served as a makeshift birdcage, a tiny sparrow perched on its edge.",paper cup; vending machine; coin; timetable,,,1.0,0.0,0.6619102209944752,0.0,0.040853607954545464,0.0,0.0,0.3333333333333333,0.0,0.16428571428571428,0.8181818181818182,1.0,0.0,0.0,0.0,0.0,0.3971461325966851,0.0,0.25,0.05142857142857143
anchor11_paper_cup,A paper cup stands beside the vending machine with a coin and a folded timetable.,paper cup; vending machine; coin; timetable,operational,0.6,20271812,5,ontologically_stable,"The vending machine, now out of order, had been there for weeks, a discarded part of the city's labyrinthine infrastructure. Nearby, a new paper cup stood next to a dog, its coin and a crumpled, blue, and yellow, old folded timetable.",paper cup; vending machine; coin; timetable,,,1.0,0.0,0.945664035652921,0.0,0.06255703125,0.0,0.0,0.0,0.0,0.0,0.65,1.0,0.0,0.0,0.0,0.0,0.5673984213917526,0.0,0.25,0.09999999999999999
anchor11_paper_cup,A paper cup stands beside the vending machine with a coin and a folded timetable.,paper cup; vending machine; coin; timetable,operational,0.6,20271812,6,stock_loop_or_sprawl_failure,"As she waited for the vending machine to dispense a drink, the woman checked the coin's orientation, making sure she hadn't turned it upside down, and straightened the crumpled timetable. A paper cup, already filled with a drink, remains beside the vending machine, untouched and untouched.",paper cup; vending machine; coin; timetable,,,1.0,0.0,0.634305030654237,0.0,0.029508788638039768,0.0,0.0,0.0,0.0,0.597442680776014,0.6521739130434782,1.0,0.0,0.0,0.0,0.0,0.3805830183925422,0.0,0.3382352941176471,0.072
anchor11_paper_cup,A paper cup stands beside the vending machine with a coin and a folded timetable.,paper cup; vending machine; coin; timetable,operational,0.6,20271812,7,ontologically_stable,"As the morning rush intensified, the paper cup beside the vending machine remained unchanged, its emptiness a constant reminder of the day's first purchases, the coin still clutched in its empty, crimson-painted fingers, its engagement to the vending machine now into a frantic game of wills as to which will yield first, its peeling paint an indelible testament to years of coffee-stained memories, the timetable begins to rust, worn pages documenting the quieter hours of a forgotten summer.",paper cup; vending machine; coin; timetable,,,1.0,0.013333333333333334,0.6030706732880645,0.0,0.03472702062047425,0.0,0.0,0.0,0.0,0.30454545454545456,0.8292682926829268,1.0,0.0,0.0,0.0,0.06666666666666667,0.0,0.0,0.2714285714285714,0.04186046511627907
anchor11_paper_cup,A paper cup stands beside the vending machine with a coin and a folded timetable.,paper cup; vending machine; coin; timetable,operational,0.6,20271812,8,ontologically_stable,"The vending machine, now newly painted in a faint shade of blue, dispenses a slightly used coffee instead of a can of soda, while the paper cup beside it has been repurposed as a makeshift desk for the timetabled commuter, who checks the now-rain-soaked folded timetable.",paper cup; vending machine; timetable,coin,,0.75,0.0,0.7022140632277596,0.0,0.06411621483375961,0.0,0.0,0.0,0.0,0.0,0.6956521739130435,1.0,0.0,0.0,0.0,0.0,0.42132843793665575,0.0,0.29411764705882354,0.072
anchor11_paper_cup,A paper cup stands beside the vending machine with a coin and a folded timetable.,paper cup; vending machine; coin; timetable,operational,1.2,20271812,1,ontologically_stable,"A new coin, unlived, beside the vending machine, a small, folded paper cup lies; the vending machine, once a ticket seller, now dispels dry rain.",paper cup; vending machine; coin,timetable,,0.75,0.0,0.8885159899389149,0.0,0.07487728189539024,0.0,0.0,0.0,0.0,0.48611111111111116,0.5,0.7166666666666668,0.0,0.0,0.0,0.0,0.4709134746676249,0.0,0.34375,0.11249999999999999
anchor11_paper_cup,A paper cup stands beside the vending machine with a coin and a folded timetable.,paper cup; vending machine; coin; timetable,operational,1.2,20271812,2,ontologically_stable,"A small, porcelain figur of a rabbit seems to be taking a nap, while the vending machine, now slightly ajar, reveals a tiny, rolled-up newspaper that unfolds to reveal a folded, rolled-up paper cup, and a discarded coin clatters to the ground, where a folded, shiny, new coin slowly unfurls, beside the old, worn-out, discarded timetable of a long-defted, elderly, fluted clock.",paper cup; vending machine; coin; timetable,,,1.0,0.0,0.6619616689482769,0.0,0.034688932699843265,0.0,0.0,0.3333333333333333,0.5,0.36363636363636365,0.75,1.0,0.0,0.0,0.0,0.0,0.3971770013689661,0.3333333333333333,0.25,0.07241379310344828
anchor11_paper_cup,A paper cup stands beside the vending machine with a coin and a folded timetable.,paper cup; vending machine; coin; timetable,operational,1.2,20271812,3,ontologically_stable,"A new paper cup, identical to the one that has been there for years, sits beside a vending machine, next to a coin, and a folded, new timetable.",paper cup; vending machine; coin; timetable,,,1.0,0.0,0.744691699604743,0.0,0.21781317030325442,0.0,0.0,0.0,0.0,0.2307692307692308,0.33333333333333337,0.3229166666666667,0.0,0.0,0.0,0.0,0.3946866007905138,0.0,0.4,0.16153846153846152
anchor11_paper_cup,A paper cup stands beside the vending machine with a coin and a folded timetable.,paper cup; vending machine; coin; timetable,operational,1.2,20271812,4,anchor_loss_failure,"As the vending machine, now slightly ajar, dispenses a fresh drink, the paper cup, now holding a used tea, beside it sits, alongside a folded laundry schedule, next to the vending machine.",paper cup; vending machine,coin; timetable,,0.5,0.0,0.6717245657568238,0.0,0.056892000902145336,0.0,0.0,0.0,0.0,0.43137254901960775,0.5625,0.9437499999999999,0.0,0.0,0.0,0.0,0.4030347394540943,0.0,0.38636363636363635,0.07894736842105263
anchor11_paper_cup,A paper cup stands beside the vending machine with a coin and a folded timetable.,paper cup; vending machine; coin; timetable,operational,1.2,20271812,5,readable_transport,"The vending machine, now worn and slightly ajar, continues to dispense tea, instead of soda, as the folded timetable, now fluttering in the wind, rains tiny, intricate, porcelain cups, and the paper cup, no longer empty, now holds a tiny, nocturnal fox.",paper cup; vending machine; timetable,coin,,0.75,0.25,0.8941666666666667,0.114811,0.05554385869565219,0.0,0.0,0.3333333333333333,0.5,0.0,0.7391304347826086,1.0,0.0,0.0,1.0,0.0,0.5365,0.3333333333333333,0.25,0.072
anchor11_paper_cup,A paper cup stands beside the vending machine with a coin and a folded timetable.,paper cup; vending machine; coin; timetable,operational,1.2,20271812,6,readable_transport,"A small, abandoned umbrella lies next to the vending machine, where a coin and a folded, worn timetable quietly. Nearby, a paper cup, now empty, seems to weep a tiny, slimy rivulet of condensation.",paper cup; vending machine; coin; timetable,,,1.0,0.26481481481481484,0.7853086419753086,0.10680895582990398,0.11936546415441178,0.0,0.0,0.0,0.0,0.0,0.5,0.83125,0.0,0.0,1.0,0.07407407407407407,0.47118518518518515,0.0,0.3333333333333333,0.12352941176470587
anchor11_paper_cup,A paper cup stands beside the vending machine with a coin and a folded timetable.,paper cup; vending machine; coin; timetable,operational,1.2,20271812,7,readable_transport,"A few minutes later, a passerby, now an old man, retrieves the coin and, with his wrinkled, cadac-like hands, inserts it into the vending machine, which, now worn, produces a paper cup, and the timetable, now a calendar, is torn into pieces, and the coin disappears into a small crevice.",paper cup; vending machine; coin; timetable,,,1.0,0.55,0.689005354067667,0.19463023241703462,0.05519666466346155,0.0,0.0,0.3333333333333333,0.0,0.12000000000000001,0.7083333333333333,1.0,0.0,1.0,0.0,0.0,0.41340321244060024,0.0,0.2916666666666667,0.06923076923076923
anchor11_paper_cup,A paper cup stands beside the vending machine with a coin and a folded timetable.,paper cup; vending machine; coin; timetable,operational,1.2,20271812,8,readable_transport,"The vending machine, now slightly ajar, slowly opens, and a paper cup rises, as if to greet the morning, while the coin, now forgotten, and the folded timetable, now a tiny, crumpled rose, releases a sweet, steamy aroma.",paper cup; vending machine; coin; timetable,,as if,1.0,0.55,0.9178901933701658,0.2115277950621547,0.08925051678379188,0.3333333333333333,0.13768352900552483,0.0,0.0,0.0,0.5555555555555556,0.9437499999999999,0.0,1.0,0.0,0.0,0.4589450966850829,0.0,0.3181818181818182,0.11052631578947368
anchor12_apartment_key,An apartment key lies on the windowsill between a plant pot and the half-closed blinds.,apartment key; windowsill; plant pot; blinds,naive,0.0,20272821,1,stock_loop_or_sprawl_failure,"Time itself had slowed to a crawl, but the apartment key remained stubbornly stuck, suspended in mid-air beside the plant pot and the half-closed blinds. As it hovered, the blinds began to whisper secrets to the apartment key, which trembled in response, causing the plant pot to open its lid and reveal a swirling vortex of soil and forgotten dreams.",apartment key; plant pot; blinds,windowsill,whisper,0.75,0.05714285714285714,0.652225446023037,0.018739368814879028,0.030806992047491037,0.3333333333333333,0.15373885513400157,0.3333333333333333,0.375,0.5949820788530467,0.6538461538461539,1.0,0.0,0.0,0.0,0.2857142857142857,0.3913352676138222,0.0,0.3625,0.06666666666666667
anchor12_apartment_key,An apartment key lies on the windowsill between a plant pot and the half-closed blinds.,apartment key; windowsill; plant pot; blinds,naive,0.0,20272821,2,decorative_near_miss,"The apartment key seemed to be staring at it with an accusatory glare, as if expecting it to magically fit into the door's lock, which now appeared as a grotesque, tooth-filled maw on the walls. On the windowsill, a wilted, iridescent flower sprouted from the plant pot, its petals unfolding like a dying sigh, while the blinds slithered across the room like a deflated snake, their fabric creased and dirty.",apartment key; windowsill; plant pot; blinds,,as if; iridescent,1.0,0.03636363636363636,0.6872963770209115,0.012296356999792306,0.059773479278074866,0.6666666666666666,0.44153585432858555,0.3333333333333333,0.0,0.0,0.7575757575757577,1.0,0.0,0.0,0.0,0.1818181818181818,0.41237782621254687,0.0,0.3055555555555556,0.052941176470588235
anchor12_apartment_key,An apartment key lies on the windowsill between a plant pot and the half-closed blinds.,apartment key; windowsill; plant pot; blinds,naive,0.0,20272821,3,readable_transport,"The apartment key seemed to levitate above the windowsill, a tiny anchor to a reality that was rapidly unravelling as the shadows lengthened, blurring the lines between the plant pot, now a gaping void, and the blinds, which trembled like earthquake-rattled curtains.",apartment key; windowsill; plant pot; blinds,,,1.0,0.5690476190476191,0.6883510972255441,0.17023479870990224,0.08031964285714287,0.0,0.0,0.0,0.0,0.0,0.6,1.0,0.0,1.0,0.0,0.09523809523809523,0.3648260815295384,0.0,0.35714285714285715,0.0857142857142857
anchor12_apartment_key,An apartment key lies on the windowsill between a plant pot and the half-closed blinds.,apartment key; windowsill; plant pot; blinds,naive,0.0,20272821,4,decorative_near_miss,"The apartment key seems to be watching a silent film playing on its surface, the frame of which appears as the slightly puckered lips of the blinds. On the windowsill, a plant pot overflowed with iridescent jelly that swayed to the unheard rhythm of the apartment key.",apartment key; windowsill; plant pot; blinds,,iridescent,1.0,0.05333333333333334,0.6542727272727272,0.017168116363636365,0.03796941287878789,0.3333333333333333,0.20645939393939391,0.3333333333333333,0.0,0.3520923520923521,0.7,1.0,0.0,0.0,0.0,0.26666666666666666,0.39256363636363634,0.0,0.25,0.0857142857142857
anchor12_apartment_key,An apartment key lies on the windowsill between a plant pot and the half-closed blinds.,apartment key; windowsill; plant pot; blinds,naive,0.0,20272821,5,stock_loop_or_sprawl_failure,"The apartment key seemed to be staring at the plant pot, which was precariously perched on the windowsill, its delicate tendrils curling like tiny, upside-down eyes. As the blinds creaked softly, an antique clock on the shelf began to wind up with an otherworldly whine, illuminating the otherwise stagnant morning air with an eerie, daydream light.",apartment key; windowsill; plant pot; blinds,,,1.0,0.03333333333333333,0.6755494848326465,0.011565407180334908,0.0627328125,0.0,0.0,0.6666666666666666,0.375,0.0,0.7333333333333334,1.0,0.0,0.0,0.0,0.16666666666666666,0.4053296908995879,0.3333333333333333,0.3125,0.058064516129032254
anchor12_apartment_key,An apartment key lies on the windowsill between a plant pot and the half-closed blinds.,apartment key; windowsill; plant pot; blinds,naive,0.0,20272821,6,readable_transport,"The apartment key stared back at me, its cold surface reflecting the faint hum of a fluorescent light above the blinds, as the plant pot next to it seemed to be perpetually on the verge of spilling its wilted contents onto the windowsill.",apartment key; windowsill; plant pot; blinds,,,1.0,0.29444444444444445,0.6853028350515464,0.10363606340206186,0.15823926925359988,0.0,0.0,0.0,0.0,0.0,0.4375,0.8291666666666666,0.0,0.0,1.0,0.2222222222222222,0.4111817010309278,0.0,0.475,0.10588235294117647
anchor12_apartment_key,An apartment key lies on the windowsill between a plant pot and the half-closed blinds.,apartment key; windowsill; plant pot; blinds,naive,0.0,20272821,7,decorative_near_miss,"The apartment key seemed to be floating on the air, suspended beside the wilted fern, which stared at it with a hint of disappointment, while the blinds appeared to be swaying in a slow, underwater dance. Beyond the blinds, a kaleidoscope of colors blurred the edges of the room, and the plant pot was slowly growing roots into the floor.",apartment key; plant pot; blinds,windowsill,dance; kaleidoscope,0.75,0.03333333333333333,0.6259998430387694,0.010266397425835816,0.05898556901568827,0.6666666666666666,0.3025665908020719,0.0,0.0,0.12000000000000001,0.7083333333333333,1.0,0.0,0.0,0.0,0.16666666666666666,0.37559990582326164,0.0,0.32894736842105265,0.057692307692307696
anchor12_apartment_key,An apartment key lies on the windowsill between a plant pot and the half-closed blinds.,apartment key; windowsill; plant pot; blinds,naive,0.0,20272821,8,stock_loop_or_sprawl_failure,"Time itself had lost all meaning as the apartment key continued to gleam on the windowsill, where it nestled beside a plant pot that seemed to be feeding a forest of tangled, glowing vines. The blinds, now a shimmering, iridescent material, billowed outward like a celestial sail, as if to accommodate the key's ethereal presence.",apartment key; windowsill; plant pot; blinds,,as if; ethereal; glowing; iridescent; shimmering,1.0,0.5648148148148149,0.6947138474558342,0.0965266295826134,0.061461270534880104,1.0,0.30232917435577966,0.6666666666666666,0.0,0.1153846153846154,0.68,1.0,0.0,1.0,0.0,0.07407407407407407,0.20841415423675025,0.0,0.32894736842105265,0.06923076923076923
anchor12_apartment_key,An apartment key lies on the windowsill between a plant pot and the half-closed blinds.,apartment key; windowsill; plant pot; blinds,naive,0.6,20272821,1,decorative_near_miss,"As the apartment key lay there, it began to grow a long, slender green stem, intertwining itself around the plant pot, which now seemed to be overflowing with iridescent flowers. The blinds, once a dull beige, now shimmered like a dragon's scales, its folds quivering with a life of their own, as the blinds slowly creaked open, revealing a sky that's painted with colors that defy the laws of physics and time.",apartment key; plant pot; blinds,windowsill,iridescent,0.75,0.012121212121212123,0.6820709203266135,0.004067622943038714,0.04174936655405406,0.3333333333333333,0.16845084850490608,0.3333333333333333,0.0,0.08333333333333331,0.8571428571428571,1.0,0.0,0.0,0.0,0.06060606060606061,0.4092425521959681,0.0,0.25,0.04054054054054054
anchor12_apartment_key,An apartment key lies on the windowsill between a plant pot and the half-closed blinds.,apartment key; windowsill; plant pot; blinds,naive,0.6,20272821,2,decorative_near_miss,"A perpetual twilight clings to the space, suffocating the faint, forgotten fragrance of blooming flowers that once wafted from the plant pot. The blinds seem to lean in, as if to listen to the whispers of the apartment key, now swaying like a thin, metallic cataract, suspended in the air, defying gravity and gravity's rules.",apartment key; plant pot; blinds,windowsill,as if,0.75,0.014814814814814815,0.6685301049712815,0.005086771287603707,0.051068615785256406,0.3333333333333333,0.16465648881700082,0.3333333333333333,0.0,0.1153846153846154,0.76,1.0,0.0,0.0,0.0,0.07407407407407407,0.4011180629827689,0.0,0.2875,0.05555555555555555
anchor12_apartment_key,An apartment key lies on the windowsill between a plant pot and the half-closed blinds.,apartment key; windowsill; plant pot; blinds,naive,0.6,20272821,3,anchor_loss_failure,"The apartment key glistened with dew, as if it had been there for weeks, surrounded by a halo of luminescent mushrooms, their caps shaped like tiny accordion bells. As the blinds creaked and groaned, a chorus of whispers, the apartment key began to float, carried by a melody of forgotten melodies.",apartment key; blinds,windowsill; plant pot,as if,0.5,0.03333333333333333,0.7053337612323491,0.01182139383825417,0.02524745244565218,0.3333333333333333,0.11363710597632291,0.3333333333333333,0.0,0.4474637681159421,0.8571428571428571,1.0,0.0,0.0,0.0,0.16666666666666666,0.4232002567394095,0.0,0.25,0.036
anchor12_apartment_key,An apartment key lies on the windowsill between a plant pot and the half-closed blinds.,apartment key; windowsill; plant pot; blinds,naive,0.6,20272821,4,anchor_loss_failure,"The apartment key continued to lie on the windowsill, as if waiting for the return of its owner, a figure shrouded in a perpetual twilight. On the windowsill, a miniature city teetered, with skyscrapers made of twisted copper pipes and a small, dusty tram that creaked and groaned, its brakes made of what appeared to be forgotten teeth.",apartment key; windowsill,plant pot; blinds,as if,0.5,0.016666666666666666,0.6701041492387486,0.005736091517483687,0.05228517323369566,0.3333333333333333,0.10982262445857267,0.3333333333333333,0.4,0.125,0.782608695652174,1.0,0.0,0.0,0.0,0.08333333333333333,0.40206248954324914,0.3333333333333333,0.325,0.03333333333333333
anchor12_apartment_key,An apartment key lies on the windowsill between a plant pot and the half-closed blinds.,apartment key; windowsill; plant pot; blinds,naive,0.6,20272821,5,ontologically_stable,"As it floated gently off the windowsill, the apartment key drifted across the floor, tracing a serpentine path to the center of the room, where a harmonica lies playing a jaunty tune, its melodic wheezes entwining with the aroma of fresh bread, which wafts in through the blinds, where a forest of twitching, flower-like blinds whispers secrets to the absent wind.",apartment key; windowsill; blinds,plant pot,,0.75,0.03197159723424149,0.6275759149529452,0.009871785358298787,0.045084002905597734,0.0,0.0,0.3333333333333333,0.0,0.09375000000000001,0.8387096774193548,1.0,0.0,0.0,0.0,0.15985798617120744,0.3765455489717671,0.0,0.2777777777777778,0.03529411764705882
anchor12_apartment_key,An apartment key lies on the windowsill between a plant pot and the half-closed blinds.,apartment key; windowsill; plant pot; blinds,naive,0.6,20272821,6,decorative_near_miss,"The apartment key, once a gleaming instrument of ordinary routine, now seemed to be weeping tears of mercury, as if it too felt the weight of this surreal and desolate morning. On the windowsill, it sparkled with an otherworldly light, illuminating the dusty corners of a thousand unseen hours, as a plant pot, somehow inflated like a red balloon, balloons away, drawing the blinds, already half-closed, into a symphony of skewed afternoon darkness.",apartment key; windowsill; plant pot; blinds,,as if,1.0,0.010256410256410256,0.6874638469576401,0.0035451981769261684,0.05450182615047479,0.3333333333333333,0.22680431190226416,0.0,0.0,0.07894736842105264,0.7567567567567568,1.0,0.0,0.0,0.0,0.05128205128205128,0.41247830817458403,0.0,0.3,0.05675675675675676
anchor12_apartment_key,An apartment key lies on the windowsill between a plant pot and the half-closed blinds.,apartment key; windowsill; plant pot; blinds,naive,0.6,20272821,7,ontologically_stable,"As the blinds creaked back to life, the apartment key slid off the windowsill and into the plant pot, where it sat next to a wilting orchid that wore a tiny top hat. The plant pot began to tap its ceramic foot to an unheard rhythm, causing the blinds to sway in time, their metal slats rattling out a tinny melody that vibrated the windowsill.",apartment key; windowsill; plant pot; blinds,,,1.0,0.022222222222222223,0.6321640215244193,0.006911659968666983,0.02484041664817117,0.0,0.0,0.0,0.0,0.3809523809523809,0.8125,1.0,0.0,0.0,0.0,0.1111111111111111,0.37929841291465155,0.0,0.25,0.22954545454545452
anchor12_apartment_key,An apartment key lies on the windowsill between a plant pot and the half-closed blinds.,apartment key; windowsill; plant pot; blinds,naive,0.6,20272821,8,stock_loop_or_sprawl_failure,"The apartment key seems to be staring at a miniature newspaper on the windowsill, which is rapidly turning into a polka-dot, while the plant pot nearby has sprouted tiny, tartan-pantsed, top-hatted garden gnomes. The half-closed blinds are gradually unwinding like a tangled piece of cotton thread, releasing a small flock of nightingales that are sipping tea from delicate, Faberge-style saucers.",apartment key; windowsill; plant pot; blinds,,,1.0,0.016666666666666666,0.6953938609467456,0.005702229659763313,0.06854721380739796,0.0,0.0,0.6666666666666666,0.4,0.0,0.6785714285714286,1.0,0.0,0.0,0.0,0.08333333333333333,0.4172363165680473,0.3333333333333333,0.3214285714285714,0.075
anchor12_apartment_key,An apartment key lies on the windowsill between a plant pot and the half-closed blinds.,apartment key; windowsill; plant pot; blinds,naive,1.2,20272821,1,unfinished_or_unreadable_failure,"As the apartment key, now somehow humming a jaunky tango, the blinds slowly open to reveal a choreographed ballet of blind, blind ballerinas, and a nearby, eccentric botanist tends to a plant pot that fills with moonlight and forgotten harmonica melodies, a pl",apartment key; plant pot; blinds,windowsill,,0.75,0.01904761904761905,0.4439162457912458,0.0022532681303511306,0.04026154891304348,0.0,0.0,0.0,0.0,0.25,0.7619047619047619,1.0,0.4,0.0,0.0,0.09523809523809523,0.14116536616161615,0.0,0.25,0.06521739130434782
anchor12_apartment_key,An apartment key lies on the windowsill between a plant pot and the half-closed blinds.,apartment key; windowsill; plant pot; blinds,naive,1.2,20272821,2,unfinished_or_unreadable_failure,"The apartment key slowly, as if pulled by an invisible hand, rises, and a nearby plant pot begins to play a mournful melody, its lid opening to reveal a tiny, topless clarist, whose scales shimmer like opals, while the blinds, now a tangle of serpents, slide o",apartment key; plant pot; blinds,windowsill,as if; shimmer,0.75,0.5633333333333334,0.46870754716981133,0.0688507014,0.04643762700850663,0.6666666666666666,0.10233448113207545,0.3333333333333333,0.0,0.0,0.782608695652174,1.0,0.4,1.0,0.0,0.06666666666666667,0.14904900000000001,0.0,0.25,0.09000000000000001
anchor12_apartment_key,An apartment key lies on the windowsill between a plant pot and the half-closed blinds.,apartment key; windowsill; plant pot; blinds,naive,1.2,20272821,3,unfinished_or_unreadable_failure,"As the first light of dawn, a cracked, corroed bicycle, forlows into the apartment, its pedals singing a forgotten lullaby, the apartment key, once again, lies on the windowsill, beside a plant pot that blooms with a thousand flowers, its petals ajar, open, as",apartment key; windowsill; plant pot,blinds,,0.75,0.011111111111111112,0.4075116279069767,0.0013953198139534878,0.04958127776342975,0.0,0.0,0.3333333333333333,0.375,0.13636363636363638,0.65,1.0,0.4,0.0,0.0,0.05555555555555555,0.1467041860465116,0.3333333333333333,0.35,0.24318181818181817
anchor12_apartment_key,An apartment key lies on the windowsill between a plant pot and the half-closed blinds.,apartment key; windowsill; plant pot; blinds,naive,1.2,20272821,4,stock_loop_or_sprawl_failure,"The apartment key, once a diligent and diligent housekeeping robot, now lies idle, forgotten, and dusty, as the plant pot nearby whispers a lullaby of diluted, melancholic ballads, and the blinds, tangled in a mad, metallic tangle, slowly unfurls a tapestry of soggy, liquid silver.",apartment key; plant pot; blinds,windowsill,silver,0.75,0.011111111111111112,0.7067040769583142,0.004032924599175446,0.05463372708783421,0.3333333333333333,0.17471295235913878,1.0,0.375,0.13043478260869568,0.7142857142857142,1.0,0.0,0.0,0.0,0.05555555555555555,0.42402244617498847,0.3333333333333333,0.296875,0.06521739130434782
anchor12_apartment_key,An apartment key lies on the windowsill between a plant pot and the half-closed blinds.,apartment key; windowsill; plant pot; blinds,naive,1.2,20272821,5,stock_loop_or_sprawl_failure,"Dust motes swirl and condense into tiny, ghostly balls, their cold, glassy eyes blinking in unison, as the blinds, now made of crystal, softly hum a lullaby, while the apartment key, now a delicate, silver butterfly, alights on the windowsill, and a plant pot, overflowing with moonlight, exhals a soft, ethereal music.",apartment key; windowsill; plant pot; blinds,,ethereal; silver,1.0,0.5588888888888889,0.7205143540669856,0.21551833221690586,0.06789062500000001,0.6666666666666666,0.21188459152932837,1.0,0.725,0.0,0.6923076923076924,1.0,0.0,1.0,0.0,0.04444444444444444,0.43230861244019136,0.6666666666666666,0.325,0.06666666666666667
anchor12_apartment_key,An apartment key lies on the windowsill between a plant pot and the half-closed blinds.,apartment key; windowsill; plant pot; blinds,naive,1.2,20272821,6,stock_loop_or_sprawl_failure,"The apartment key, now a tiny, irparagus, slowly unfurls, releasing a mist of sweet perfume that wafts towards the blinds, where a mechanical voice murmes an almost-sing song, ""Someone's home."" In the plant pot, a phrenoid, knitting a tiny, lacy scarf, while the windowsill creaks, once every midnight, to whisper melancholic lullabies.",apartment key; windowsill; plant pot; blinds,,whisper,1.0,0.5595238095238095,0.6990844956915256,0.19667244248076018,0.0627328125,0.3333333333333333,0.10264335849439066,0.6666666666666666,0.0,0.0,0.7333333333333334,1.0,0.0,1.0,0.0,0.047619047619047616,0.41945069741491536,0.0,0.3125,0.058064516129032254
anchor12_apartment_key,An apartment key lies on the windowsill between a plant pot and the half-closed blinds.,apartment key; windowsill; plant pot; blinds,naive,1.2,20272821,7,stock_loop_or_sprawl_failure,"Dust motes, like a thousand tiny baller, perform a walted ballet on the blinds, where the apartment key slowly dissolves into a faint, murky mist, and a plant pot nearby begins to sing a melanchy lullaby, as the windowsill, once a canvas of fresh rain, now weeps with crevased, parchment-like folds.",apartment key; windowsill; plant pot; blinds,,,1.0,0.2633333333333333,0.7326228801847064,0.10429472797733441,0.05813701263714734,0.0,0.0,0.6666666666666666,0.375,0.0,0.75,1.0,0.0,0.0,1.0,0.06666666666666667,0.43957372811082385,0.3333333333333333,0.28409090909090906,0.06206896551724138
anchor12_apartment_key,An apartment key lies on the windowsill between a plant pot and the half-closed blinds.,apartment key; windowsill; plant pot; blinds,naive,1.2,20272821,8,stock_loop_or_sprawl_failure,"As the sun beats down, an old, ornate clock nearby slowly gains small, wispy tendrers that snare and entwine the blinds, as if to gently lull them into a slumber. On the windowsill, a faint, sooty fog forms, releasing a wake of petals that cast a thousand tiny, lantern-like bells, while the apartment key, unchanged and unassuming, still lies, asleep.",apartment key; windowsill; blinds,plant pot,as if,0.75,0.01904761904761905,0.7141330635797474,0.007133169115070849,0.05540103178368123,0.3333333333333333,0.1751326322588428,0.6666666666666666,0.325,0.0,0.8064516129032259,1.0,0.0,0.0,0.0,0.09523809523809523,0.4284798381478484,0.3333333333333333,0.3055555555555556,0.03529411764705882
anchor12_apartment_key,An apartment key lies on the windowsill between a plant pot and the half-closed blinds.,apartment key; windowsill; plant pot; blinds,operational,0.0,20272821,1,readable_transport,"As she reached for the apartment key, the sunlight streaming through the blinds highlighted the dust particles dancing around the plant pot, her usual morning ritual forgotten. The blinds, now a deep shade of crimson, cast a warm glow on the small mess of yesterday's coffee cups and discarded newspapers that lined the windowsill.",apartment key; windowsill; plant pot; blinds,,glow,1.0,0.5944444444444444,0.6596975028672714,0.20141004560873038,0.05150416979010495,0.3333333333333333,0.08918132909131632,0.0,0.0,0.1,0.7586206896551725,1.0,0.0,1.0,0.0,0.2222222222222222,0.3958185017203628,0.0,0.2826086956521739,0.06
anchor12_apartment_key,An apartment key lies on the windowsill between a plant pot and the half-closed blinds.,apartment key; windowsill; plant pot; blinds,operational,0.0,20272821,2,ontologically_stable,"The apartment key remained unchanged as it gazed up at the old plant pot now filled with a peculiar succulent. The blinds still refused to budge completely, leaving the sun's rays to create a faint shadow on the windowsill.",apartment key; windowsill; plant pot; blinds,,,1.0,0.03333333333333333,0.7013927756418502,0.012007844318988475,0.07764874188311689,0.0,0.0,0.0,0.0,0.0,0.6190476190476191,1.0,0.0,0.0,0.0,0.16666666666666666,0.42083566538511014,0.0,0.35,0.0818181818181818
anchor12_apartment_key,An apartment key lies on the windowsill between a plant pot and the half-closed blinds.,apartment key; windowsill; plant pot; blinds,operational,0.0,20272821,3,anchor_loss_failure,"The apartment key slipped further to the left, where it was lost from view, as I reached to grab it, and a nearby framed photo caught my attention. In the end, I had to ask my roommate, Alex, to help me retrieve the key and dust off the photo frame that had accumulated dirt around the plant pot, now reflecting the everyday messiness of our small apartment.",apartment key; plant pot,windowsill; blinds,,0.5,0.014814814814814815,0.6797281167108753,0.0022362551537479123,0.032558677685950416,0.0,0.0,0.0,0.0,0.27272727272727276,0.8666666666666667,1.0,0.0,0.0,0.0,0.07407407407407407,0.18012795092838196,0.0,0.25,0.03636363636363636
anchor12_apartment_key,An apartment key lies on the windowsill between a plant pot and the half-closed blinds.,apartment key; windowsill; plant pot; blinds,operational,0.0,20272821,4,ontologically_stable,"She gently picked up the apartment key, realizing it belonged to her neighbor, who still lived in the same apartment, just a few doors down. A faint aroma of jasmine wafted from the plant pot on the windowsill, where her own key usually hung.",apartment key; windowsill; plant pot,blinds,,0.75,0.022222222222222223,0.6985532994923858,0.007805168866328257,0.0396780482041588,0.0,0.0,0.0,0.0,0.26086956521739135,0.7619047619047619,1.0,0.0,0.0,0.0,0.1111111111111111,0.4191319796954314,0.0,0.25,0.06521739130434782
anchor12_apartment_key,An apartment key lies on the windowsill between a plant pot and the half-closed blinds.,apartment key; windowsill; plant pot; blinds,operational,0.0,20272821,5,decorative_near_miss,"As she reached for the apartment key, her eyes settled on the small adjustments her roommate had made to the windowsill, including a new succulent in the plant pot. The blinds, once closed for privacy, now stood slightly ajar, casting a warm glow over the space.",apartment key; windowsill; plant pot; blinds,,glow,1.0,0.01904761904761905,0.6838488372093023,0.006408640531561462,0.06133667004048584,0.3333333333333333,0.22360771502399407,0.0,0.0,0.0,0.72,1.0,0.0,0.0,0.0,0.09523809523809523,0.4103093023255814,0.0,0.2894736842105263,0.06923076923076923
anchor12_apartment_key,An apartment key lies on the windowsill between a plant pot and the half-closed blinds.,apartment key; windowsill; plant pot; blinds,operational,0.0,20272821,6,ontologically_stable,"The apartment key remained there, exposed to the morning sun that streamed through the room's only window. A bright pink succulent in its plant pot stretched towards the glass, struggling to reach the bars of the blinds that partially blocked its rays.",apartment key; plant pot; blinds,windowsill,,0.75,0.03333333333333333,0.6517472051520443,0.010688654164493525,0.05883168332489881,0.0,0.0,0.0,0.0,0.0,0.7499999999999999,1.0,0.0,0.0,0.0,0.16666666666666666,0.39104832309122656,0.0,0.2894736842105263,0.057692307692307696
anchor12_apartment_key,An apartment key lies on the windowsill between a plant pot and the half-closed blinds.,apartment key; windowsill; plant pot; blinds,operational,0.0,20272821,7,ontologically_stable,"As she reached for the apartment key, it slipped off the windowsill, causing her to catch it, which in turn made her notice a small, empty plant pot where a succulent used to sit, next to the blinds now fully closed.",apartment key; windowsill; plant pot; blinds,,,1.0,0.01904761904761905,0.7224568965517242,0.006770453201970444,0.07112854251012148,0.0,0.0,0.0,0.0,0.0,0.6315789473684211,1.0,0.0,0.0,0.0,0.09523809523809523,0.4334741379310345,0.0,0.3076923076923077,0.09
anchor12_apartment_key,An apartment key lies on the windowsill between a plant pot and the half-closed blinds.,apartment key; windowsill; plant pot; blinds,operational,0.0,20272821,8,ontologically_stable,"The apartment key remained, once again, forgotten, this time on the windowsill between the small, antique teacup now housing a single, wilted fern and the half-closed blinds that had never been fully raised. Nearby, the once-familiar plant pot now sat empty and dusty, a faint scent of fresh lavender still clinging to its ceramic rim.",apartment key; windowsill; plant pot; blinds,,,1.0,0.014814814814814815,0.6923259127127799,0.0054893752367982185,0.07003020833333336,0.0,0.0,0.3333333333333333,0.375,0.0,0.6666666666666666,1.0,0.0,0.0,0.0,0.07407407407407407,0.4153955476276679,0.3333333333333333,0.325,0.07777777777777777
anchor12_apartment_key,An apartment key lies on the windowsill between a plant pot and the half-closed blinds.,apartment key; windowsill; plant pot; blinds,operational,0.6,20272821,1,decorative_near_miss,"As I reach for the apartment key, I knock over the plant pot, and the pot's saucer rolls under the windowsill, disturbing the intricate dust bunnies that live there. The blinds, now fully opened, cast a warm glow over the cluttered room, illuminating a long-forgotten bookmark with a weathered name: ""Emily.""",apartment key; windowsill; plant pot; blinds,,glow,1.0,0.013333333333333334,0.6571339891334441,0.004594680852021041,0.06623485331632653,0.3333333333333333,0.21612406753722163,0.0,0.0,0.10714285714285715,0.6666666666666666,1.0,0.0,0.0,0.0,0.06666666666666667,0.39428039348006644,0.0,0.35714285714285715,0.06428571428571428
anchor12_apartment_key,An apartment key lies on the windowsill between a plant pot and the half-closed blinds.,apartment key; windowsill; plant pot; blinds,operational,0.6,20272821,2,ontologically_stable,"The apartment key, once a trusted companion for countless unlocked doors, now collects dust, its tiny teeth tarnished with age. On the windowsill, a peculiar fern has sprouted from the plant pot, its delicate fronds now jumbled among the dusty apartment key and the half-closed blinds.",apartment key; windowsill; plant pot; blinds,,,1.0,0.0380952380952381,0.6901515151515152,0.011489379509379512,0.04682647946757346,0.0,0.0,0.3333333333333333,0.0,0.30944444444444447,0.6521739130434783,1.0,0.0,0.0,0.0,0.19047619047619047,0.3450757575757576,0.0,0.296875,0.09130434782608696
anchor12_apartment_key,An apartment key lies on the windowsill between a plant pot and the half-closed blinds.,apartment key; windowsill; plant pot; blinds,operational,0.6,20272821,3,ontologically_stable,"The apartment key had been there for days, forgotten by the tenant who had moved out, and the plant pot, once a bright blue, now held a fading African violet that no longer produced a single stem. The blinds, which were slightly ajar, reveal a sliver of the new tenant's office, where a vintage typewriter sat on a cluttered desk.",apartment key; plant pot; blinds,windowsill,,0.75,0.02962962962962963,0.7058573667193047,0.010515706192191596,0.04328841073414905,0.0,0.0,0.0,0.0,0.1,0.8275862068965517,1.0,0.0,0.0,0.0,0.14814814814814814,0.4235144200315828,0.0,0.25,0.04838709677419355
anchor12_apartment_key,An apartment key lies on the windowsill between a plant pot and the half-closed blinds.,apartment key; windowsill; plant pot; blinds,operational,0.6,20272821,4,readable_transport,"As the apartment key, once a trusted companion, now collects dust and a small inscription on its surface whispers forgotten promises, a forgotten briefcase with a faded label lies on the windowsill, between the same plant pot that has been watering the office plants of a distant tenant, and the half-closed blinds filter the afternoon sun.",apartment key; windowsill; plant pot; blinds,,,1.0,0.2722222222222222,0.6686394984811853,0.09545051720651745,0.05831294117647059,0.0,0.0,0.3333333333333333,0.0,0.12000000000000001,0.6666666666666667,1.0,0.0,0.0,1.0,0.1111111111111111,0.40118369908871115,0.0,0.29411764705882354,0.08750000000000001
anchor12_apartment_key,An apartment key lies on the windowsill between a plant pot and the half-closed blinds.,apartment key; windowsill; plant pot; blinds,operational,0.6,20272821,5,ontologically_stable,"As she returns, the apartment key rolls off the windowsill and onto the dusty floor, where it comes to rest beside the slightly ajar plant pot, which now appears to be slightly larger than it did before, and the half-closed blinds, whose slats seem to be creaking softly in the morning breeze.",apartment key; windowsill; plant pot; blinds,,,1.0,0.021314398156160992,0.6688069903581267,0.007167523852808347,0.05933363247098005,0.0,0.0,0.0,0.0,0.125,0.6521739130434783,1.0,0.0,0.0,0.0,0.10657199078080495,0.40128419421487604,0.0,0.296875,0.09130434782608696
anchor12_apartment_key,An apartment key lies on the windowsill between a plant pot and the half-closed blinds.,apartment key; windowsill; plant pot; blinds,operational,0.6,20272821,6,anchor_loss_failure,"As she pushed the apartment key under a nearby stack of old mail and worn magazines, the morning sunlight fails to stir the dusty corners, where a once-lush African violet now teeters, entwined by a frayed, antique figurine. Outside, a discreet rain whispers secrets to the blinds.",apartment key; blinds,windowsill; plant pot,,0.5,0.28809523809523807,0.7157258241256506,0.1114702072457179,0.048920089885752686,0.0,0.0,0.6666666666666666,0.375,0.0,0.8518518518518519,1.0,0.0,0.0,1.0,0.19047619047619047,0.4294354944753903,0.3333333333333333,0.28125,0.029032258064516127
anchor12_apartment_key,An apartment key lies on the windowsill between a plant pot and the half-closed blinds.,apartment key; windowsill; plant pot; blinds,operational,0.6,20272821,7,ontologically_stable,"As the morning light creeps in, the apartment key glints softly on the windowsill between a recently acquired terrarium and the half-closed blinds. The plant pot, now home to a small snake, seems to regard the blinds, which have been repaired by a neighbor, with a curious expression.",apartment key; windowsill; plant pot; blinds,,,1.0,0.01904761904761905,0.691296408322802,0.006478434912282258,0.07911758893280635,0.0,0.0,0.0,0.0,0.13043478260869568,0.5454545454545454,1.0,0.0,0.0,0.0,0.09523809523809523,0.4147778449936812,0.0,0.4,0.09545454545454544
anchor12_apartment_key,An apartment key lies on the windowsill between a plant pot and the half-closed blinds.,apartment key; windowsill; plant pot; blinds,operational,0.6,20272821,8,decorative_near_miss,"The apartment key, still attached to its faded leather strap, slowly swings back and forth, as if beckoning the morning light to help it decide which direction to open. On the windowsill, a newly acquired succulent, its leaves a deeper shade of green than the one that has been there for years, teeters precariously, its plant pot now empty, its saucer covered in a thin layer of dust.",apartment key; windowsill; plant pot,blinds,as if,0.75,0.013333333333333334,0.7036573647871116,0.00481864563406214,0.05144759537337663,0.3333333333333333,0.17356881664748752,0.0,0.0,0.0,0.8181818181818182,1.0,0.0,0.0,0.0,0.06666666666666667,0.42219441887226694,0.0,0.2767857142857143,0.04285714285714285
anchor12_apartment_key,An apartment key lies on the windowsill between a plant pot and the half-closed blinds.,apartment key; windowsill; plant pot; blinds,operational,1.2,20272821,1,anchor_loss_failure,"As morning light creeps in, the apartment key slowly slides off the windowsill, where a small, dusty, forgotten oyster shell, once a curious, petite condominium, now rests beside it, as if in slumber.",apartment key; windowsill,plant pot; blinds,as if,0.5,0.014814814814814815,0.7616939759036144,0.005795644829986612,0.061113281250000005,0.3333333333333333,0.12506827011750704,0.0,0.0,0.0,0.75,1.0,0.0,0.0,0.0,0.07407407407407407,0.4570163855421686,0.0,0.3076923076923077,0.045
anchor12_apartment_key,An apartment key lies on the windowsill between a plant pot and the half-closed blinds.,apartment key; windowsill; plant pot; blinds,operational,1.2,20272821,2,overcollapse_failure,"As the morning light creeps in, the apartment key begins to sweat, and the plant pot, once a tracial topia, now cradles a new, miniature fountain. The blinds, once still, now quiver and shudder as a gentle morning breeze stirs, and the apartment key, now a tiny, stern guard, stands to attention, ever vigilant.",apartment key; plant pot; blinds,windowsill,,0.75,0.8177777777777778,0.6511041666666667,0.2183079925925926,0.030771551724137945,0.0,0.0,0.3333333333333333,0.4,0.4574712643678161,0.7692307692307692,1.0,0.0,1.0,1.0,0.08888888888888888,0.32555208333333335,0.3333333333333333,0.2857142857142857,0.05357142857142857
anchor12_apartment_key,An apartment key lies on the windowsill between a plant pot and the half-closed blinds.,apartment key; windowsill; plant pot; blinds,operational,1.2,20272821,3,stock_loop_or_sprawl_failure,"As morning light creeps in, the apartment key, now a small, delicate key, subtly opens, and a sliver of morning light begins to seep into the apartment, casting an ethereal glow on the windowsill, where a small, antique globe, once a plant pot, now subtly begins to grow, its leaves unfolding like tiny, delicate fans, above the half-closed blinds, where a small, leather-bound book, once a desk, begins to write, its ink scribing a morning sonnet, as the blinds creak open, releasing a warm, morning mist.",apartment key; windowsill; plant pot; blinds,,ethereal; glow,1.0,0.4321169440887751,0.5912311114631371,0.13121503191127537,0.023213732927373124,0.6666666666666666,0.22383342021831754,1.0,0.875,0.7037456445993032,0.6451612903225806,1.0,0.0,0.7746478873239436,0.0,0.030303030303030304,0.35473866687788225,0.6666666666666666,0.375,0.06774193548387096
anchor12_apartment_key,An apartment key lies on the windowsill between a plant pot and the half-closed blinds.,apartment key; windowsill; plant pot; blinds,operational,1.2,20272821,4,unfinished_or_unreadable_failure,"As morning light, a gentle, 8 by 8 frame, once a silent, secret, and sentimental accordion, now gently, 6 by 6, softly, and as if to accompany the daily symphony of the city, it slowly, creaks open, as if to awaken a lone, dusty music box, where a sprout of ve",,apartment key; windowsill; plant pot; blinds,as if,0.0,0.008333333333333333,0.4344855769230769,0.0009648621206730768,0.018750000000000003,0.3333333333333333,0.0,0.3333333333333333,0.625,0.0,1.0,1.0,0.4,0.0,0.0,0.041666666666666664,0.13816641346153843,0.3333333333333333,0.0,0.0
anchor12_apartment_key,An apartment key lies on the windowsill between a plant pot and the half-closed blinds.,apartment key; windowsill; plant pot; blinds,operational,1.2,20272821,5,anchor_loss_failure,"A small, forgotten umbrella leaned against the apartment key, where a faded, old card lies, displaying a faded, forgotten postcard that, next to the blinds, whispers secrets to the blinds.",apartment key; blinds,windowsill; plant pot,,0.5,0.015985798617120746,0.6640751592356688,0.005566910712083937,0.16992769632711036,0.0,0.0,0.3333333333333333,0.0,0.27272727272727276,0.5,0.49375,0.0,0.0,0.0,0.07992899308560372,0.3984450955414013,0.0,0.4642857142857143,0.06428571428571428
anchor12_apartment_key,An apartment key lies on the windowsill between a plant pot and the half-closed blinds.,apartment key; windowsill; plant pot; blinds,operational,1.2,20272821,6,anchor_loss_failure,"A small, metallic rain, invisible and undisturbed, beside the apartment key, beside a new, almost forgotten terrarium, beside the half-cold, morning.",apartment key,windowsill; plant pot; blinds,,0.25,0.016666666666666666,0.8726362693035463,0.007626840993712994,0.13140697465376422,0.0,0.0,0.0,0.0,0.0,0.6363636363636365,0.7729166666666667,0.0,0.0,0.0,0.08333333333333333,0.5235817615821278,0.0,0.41666666666666663,0.0375
anchor12_apartment_key,An apartment key lies on the windowsill between a plant pot and the half-closed blinds.,apartment key; windowsill; plant pot; blinds,operational,1.2,20272821,7,anchor_loss_failure,"The apartment key, once a regular doorman to a small, forgotten garden, now collects dust and a faint layer of morning dew.",apartment key,windowsill; plant pot; blinds,,0.25,0.03333333333333333,0.7940499999999999,0.011566661666666665,0.06353759387307914,0.0,0.0,0.0,0.0,0.0,0.8181818181818182,0.83125,0.0,0.0,0.0,0.16666666666666666,0.39702499999999996,0.0,0.25,0.05625
anchor12_apartment_key,An apartment key lies on the windowsill between a plant pot and the half-closed blinds.,apartment key; windowsill; plant pot; blinds,operational,1.2,20272821,8,ontologically_stable,"The apartment key, once a treasured trinket, now gathers dust and collects dust, alongside a small, newly acquired, very exotic, and very unlikely orchid, on the windowsill, where a family, for the first, carefully tends to it, as the blinds, now with a faint, dew-like mist, quietly creaks back and forth.",apartment key; windowsill; blinds,plant pot,,0.75,0.008888888888888889,0.8931318897637796,0.003469321207349081,0.04780714285714287,0.0,0.0,0.3333333333333333,0.0,0.1153846153846154,0.7999999999999999,1.0,0.0,0.0,0.0,0.04444444444444444,0.4465659448818898,0.0,0.2857142857142857,0.04285714285714285
