run_name,condition,path,step,candidate_index,picked,score_total,readable_ontology_frontier,frontier_quality,ontology_collapse_density,identity_melt_score,affordance_corruption_score,category_bleeding_score,syntax_readability_proxy,graph_integration,graph_fragmentation,repair_pressure,cliche_attractor_score,cliche_attractor_density_per_100,cliche_attractor_hits,stock_prop_attractor_score,stock_prop_attractor_density_per_100,stock_prop_attractor_hits,soft_style_cliche_score,soft_style_cliche_density_per_100,soft_style_cliche_hits,fantasy_prop_score,fantasy_prop_hits,ordinary_anchor_retention,ordinary_anchor_drop,ordinary_anchor_terms,ordinary_anchor_hits,atmospheric_conservation,unfinished,meta_leak,identity_melt_count,affordance_corruption_count,text
steer_alpha_1p05_traj_c8_tok120_seed01_the_receipt_on_the_counter.json,steer_alpha_1p05_traj,experiments/frontier_sweep_model_compare_gemma2_push_traj_seed12/steer_alpha_1p05_traj_c8_tok120_seed01_the_receipt_on_the_counter.json,1,1,1,1.4026790955091715,0.0,0.5562365591397849,0.0,0.0,0.0,0.0,0.8,0.39059139784946223,0.27423387096774204,0.0,0.0,0.0,,0.0,0.0,,0.0,0.0,,0.0,,0.6666666666666666,0.33333333333333337,the; receipt; counter,the; receipt,0.1,0.0,0.0,0,0,A faded teacup nestled beside the receipt.
steer_alpha_1p05_traj_c8_tok120_seed01_the_receipt_on_the_counter.json,steer_alpha_1p05_traj,experiments/frontier_sweep_model_compare_gemma2_push_traj_seed12/steer_alpha_1p05_traj_c8_tok120_seed01_the_receipt_on_the_counter.json,1,2,0,0.08415928116519167,0.021756968657258062,0.3894445463709677,0.06666666666666667,0.0,0.0,0.3333333333333333,0.755375,0.031129032258064487,0.6265953837597331,0.0,0.0,0.0,,0.0,0.0,,0.0,0.0,,0.0,,0.6666666666666666,0.33333333333333337,the; receipt; counter,the; receipt,0.1,0.0,0.0,0,0,"A worn, leather suitcase sits beside the receipt."
steer_alpha_1p05_traj_c8_tok120_seed01_the_receipt_on_the_counter.json,steer_alpha_1p05_traj,experiments/frontier_sweep_model_compare_gemma2_push_traj_seed12/steer_alpha_1p05_traj_c8_tok120_seed01_the_receipt_on_the_counter.json,1,3,0,-2.009031198686371,0.021866666666666666,0.4,0.06666666666666667,0.0,0.0,0.3333333333333333,0.8,0.0,0.7556157635467982,0.0,0.0,0.0,,0.0,0.0,,0.0,0.0,,0.0,,0.3333333333333333,0.6666666666666667,the; receipt; counter,the,0.0,0.0,0.0,0,0,A flickering streetlight casts shadows across the busy sidewalk.
steer_alpha_1p05_traj_c8_tok120_seed01_the_receipt_on_the_counter.json,steer_alpha_1p05_traj,experiments/frontier_sweep_model_compare_gemma2_push_traj_seed12/steer_alpha_1p05_traj_c8_tok120_seed01_the_receipt_on_the_counter.json,1,4,0,-0.7023999999999999,0.0,0.5,0.0,0.0,0.0,0.0,1.0,0.0,0.45,0.0,0.0,0.0,,0.0,0.0,,0.0,0.0,,0.0,,0.0,1.0,the; receipt; counter,,0.0,0.0,0.0,0,0,"A crumpled, red napkin."
steer_alpha_1p05_traj_c8_tok120_seed01_the_receipt_on_the_counter.json,steer_alpha_1p05_traj,experiments/frontier_sweep_model_compare_gemma2_push_traj_seed12/steer_alpha_1p05_traj_c8_tok120_seed01_the_receipt_on_the_counter.json,1,5,0,-1.6150272874622595,0.0,0.4034292338709677,0.0,0.0,0.0,0.0,0.7825,0.031129032258064487,0.6742620504263998,0.0,0.0,0.0,,0.0,0.0,,0.0,0.0,,0.0,,0.0,1.0,the; receipt; counter,,0.1,0.0,0.0,0,0,a worn photograph of a bustling city street
steer_alpha_1p05_traj_c8_tok120_seed01_the_receipt_on_the_counter.json,steer_alpha_1p05_traj,experiments/frontier_sweep_model_compare_gemma2_push_traj_seed12/steer_alpha_1p05_traj_c8_tok120_seed01_the_receipt_on_the_counter.json,1,6,0,-1.863752673796791,0.0,0.4783636363636364,0.0,0.0,0.0,0.0,0.9567272727272728,0.0,0.946375,0.0,0.0,0.0,,0.0,0.0,,0.0,0.0,,0.0,,0.6666666666666666,0.33333333333333337,the; receipt; counter,the; receipt,0.0,0.0,0.0,0,0,"A lone, withered daisy, its petals drooping, sits atop the receipt."
steer_alpha_1p05_traj_c8_tok120_seed01_the_receipt_on_the_counter.json,steer_alpha_1p05_traj,experiments/frontier_sweep_model_compare_gemma2_push_traj_seed12/steer_alpha_1p05_traj_c8_tok120_seed01_the_receipt_on_the_counter.json,1,7,0,1.0997788266919675,0.0,0.490397627688172,0.0,0.0,0.0,0.0,0.7432083333333334,0.3196774193548386,0.30614516129032265,0.0,0.3333333333333333,12.5,leather-bound,0.3333333333333333,12.5,leather-bound,0.0,0.0,,0.5,leather-bound,0.6666666666666666,0.33333333333333337,the; receipt; counter,the; receipt,0.1,0.0,0.0,0,0,"A worn, leather-bound journal resting next to the receipt."
steer_alpha_1p05_traj_c8_tok120_seed01_the_receipt_on_the_counter.json,steer_alpha_1p05_traj,experiments/frontier_sweep_model_compare_gemma2_push_traj_seed12/steer_alpha_1p05_traj_c8_tok120_seed01_the_receipt_on_the_counter.json,1,8,0,1.5946585548243546,0.0,0.48795930526957976,0.0,0.0,0.0,0.0,0.7395130023640661,0.3196774193548386,0.30614516129032265,0.0,0.3333333333333333,12.5,leather-bound,0.3333333333333333,12.5,leather-bound,0.0,0.0,,0.5,leather-bound,0.6666666666666666,0.33333333333333337,the; receipt; counter,the; receipt,0.1,0.0,0.0,0,0,"A worn, leather-bound journal lies beside the receipt."
steer_alpha_1p05_traj_c8_tok120_seed01_the_receipt_on_the_counter.json,steer_alpha_1p05_traj,experiments/frontier_sweep_model_compare_gemma2_push_traj_seed12/steer_alpha_1p05_traj_c8_tok120_seed01_the_receipt_on_the_counter.json,2,1,1,0.6198203066865109,0.022547354838709677,0.4124516129032258,0.06666666666666667,0.0,0.0,0.3333333333333333,0.8,0.031129032258064487,0.6265953837597331,0.0,0.0,0.0,,0.0,0.0,,0.0,0.0,,0.0,,0.5,0.5,the; receipt; counter; teacup; nestled,the; counter,0.0,0.0,0.0,0,0,"A chipped, blue ceramic mug sits on the counter."
steer_alpha_1p05_traj_c8_tok120_seed01_the_receipt_on_the_counter.json,steer_alpha_1p05_traj,experiments/frontier_sweep_model_compare_gemma2_push_traj_seed12/steer_alpha_1p05_traj_c8_tok120_seed01_the_receipt_on_the_counter.json,2,2,0,1.5072308575042919,0.0,0.5798114516129033,0.0,0.0,0.0,0.0,0.983,0.17967741935483866,0.3691451612903226,0.0,0.0,0.0,,0.0,0.0,,0.0,0.0,,0.0,,0.5,0.5,the; receipt; counter; teacup; nestled,the; teacup,0.0,0.0,0.0,0,0,"A single, worn book resting atop the teacup."
steer_alpha_1p05_traj_c8_tok120_seed01_the_receipt_on_the_counter.json,steer_alpha_1p05_traj,experiments/frontier_sweep_model_compare_gemma2_push_traj_seed12/steer_alpha_1p05_traj_c8_tok120_seed01_the_receipt_on_the_counter.json,2,3,0,-0.8980539541289263,0.0,0.4124516129032258,0.0,0.0,0.0,0.0,0.8,0.031129032258064487,0.6265953837597331,0.0,0.0,0.0,,0.0,0.0,,0.0,0.0,,0.0,,0.25,0.75,the; receipt; counter; teacup; nestled,the,0.0,0.0,0.0,0,0,A chipped coffee mug sat on the table.
steer_alpha_1p05_traj_c8_tok120_seed01_the_receipt_on_the_counter.json,steer_alpha_1p05_traj,experiments/frontier_sweep_model_compare_gemma2_push_traj_seed12/steer_alpha_1p05_traj_c8_tok120_seed01_the_receipt_on_the_counter.json,2,4,0,0.0010487238653816844,0.0,0.3930813953488372,0.0,0.0,0.0,0.0,0.7861627906976744,0.0,0.7008189655172414,0.0,0.0,0.0,,0.0,0.0,,0.0,0.0,,0.0,,0.5,0.5,the; receipt; counter; teacup; nestled,the; teacup,0.0,0.0,0.0,0,0,"A worn, leather armchair sits across from the teacup."
steer_alpha_1p05_traj_c8_tok120_seed01_the_receipt_on_the_counter.json,steer_alpha_1p05_traj,experiments/frontier_sweep_model_compare_gemma2_push_traj_seed12/steer_alpha_1p05_traj_c8_tok120_seed01_the_receipt_on_the_counter.json,2,5,0,0.6533233352483627,0.0,0.5144500516956162,0.0,0.0,0.0,0.0,0.7847435897435897,0.31112903225806443,0.5005953837597331,0.0,0.0,0.0,,0.0,0.0,,0.0,0.0,,0.5,leather bound,0.25,0.75,the; receipt; counter; teacup; nestled,the,0.0,0.0,0.0,0,0,"A worn, leather bound book lies open on the table."
steer_alpha_1p05_traj_c8_tok120_seed01_the_receipt_on_the_counter.json,steer_alpha_1p05_traj,experiments/frontier_sweep_model_compare_gemma2_push_traj_seed12/steer_alpha_1p05_traj_c8_tok120_seed01_the_receipt_on_the_counter.json,2,6,0,-3.236583333333334,0.0,0.4,0.0,0.0,0.0,0.0,0.8,0.0,0.8987083333333334,0.0,0.3333333333333333,9.090909090909092,porcelain,0.3333333333333333,9.090909090909092,porcelain,0.0,0.0,,0.5,porcelain,0.25,0.75,the; receipt; counter; teacup; nestled,the,0.0,0.0,0.0,0,0,"The chipped porcelain mug sat tilted, steam curling from its handle."
steer_alpha_1p05_traj_c8_tok120_seed01_the_receipt_on_the_counter.json,steer_alpha_1p05_traj,experiments/frontier_sweep_model_compare_gemma2_push_traj_seed12/steer_alpha_1p05_traj_c8_tok120_seed01_the_receipt_on_the_counter.json,2,7,0,-0.8243276592897386,0.0,0.45967686768676863,0.0,0.0,0.0,0.0,0.7661281128112811,0.19999999999999998,0.8311666666666668,0.0,0.3333333333333333,5.882352941176471,leather-bound,0.3333333333333333,5.882352941176471,leather-bound,0.0,0.0,,0.5,leather-bound,0.25,0.75,the; receipt; counter; teacup; nestled,the,0.0,0.0,0.0,0,0,"A worn, leather-bound journal sits open on the table, its pages filled with intricate, handwritten notes and sketches."
steer_alpha_1p05_traj_c8_tok120_seed01_the_receipt_on_the_counter.json,steer_alpha_1p05_traj,experiments/frontier_sweep_model_compare_gemma2_push_traj_seed12/steer_alpha_1p05_traj_c8_tok120_seed01_the_receipt_on_the_counter.json,2,8,0,-1.9332971583198442,0.0,0.39579615931721196,0.0,0.0,0.0,0.0,0.7467852062588904,0.05999999999999997,0.8410948275862069,0.0,0.3333333333333333,9.090909090909092,leather-bound,0.3333333333333333,9.090909090909092,leather-bound,0.0,0.0,,0.5,leather-bound,0.0,1.0,the; receipt; counter; teacup; nestled,,0.0,0.0,0.0,0,0,"A worn leather-bound book, open to a page featuring a photograph of a bustling city street."
steer_alpha_1p05_traj_c8_tok120_seed01_the_receipt_on_the_counter.json,steer_alpha_1p05_traj,experiments/frontier_sweep_model_compare_gemma2_push_traj_seed12/steer_alpha_1p05_traj_c8_tok120_seed01_the_receipt_on_the_counter.json,3,1,1,2.546760269268998,0.0,0.5166537096774193,0.0,0.0,0.0,0.0,0.7829999999999999,0.3196774193548386,0.30614516129032265,0.0,0.0,0.0,,0.0,0.0,,0.0,0.0,,0.0,,1.0,0.0,the; receipt; counter; teacup; nestled; chipped; blue; ceramic; mug; sits,the; chipped; blue; mug,0.0,0.0,0.0,0,0,A lone blue feather rests on the chipped mug.
steer_alpha_1p05_traj_c8_tok120_seed01_the_receipt_on_the_counter.json,steer_alpha_1p05_traj,experiments/frontier_sweep_model_compare_gemma2_push_traj_seed12/steer_alpha_1p05_traj_c8_tok120_seed01_the_receipt_on_the_counter.json,3,2,0,1.347710201105817,0.0,0.4595180004135649,0.0,0.0,0.0,0.0,0.7847435897435897,0.17112903225806445,0.5635953837597331,0.0,0.0,0.0,,0.0,0.0,,0.0,0.0,,0.0,,0.25,0.75,the; receipt; counter; teacup; nestled; chipped; blue; ceramic; mug; sits,the,0.0,0.0,0.0,0,0,"A worn, brown leather glove rests beside the cup."
steer_alpha_1p05_traj_c8_tok120_seed01_the_receipt_on_the_counter.json,steer_alpha_1p05_traj,experiments/frontier_sweep_model_compare_gemma2_push_traj_seed12/steer_alpha_1p05_traj_c8_tok120_seed01_the_receipt_on_the_counter.json,3,3,0,-1.0165233722377838,0.0,0.4,0.0,0.0,0.0,0.0,0.8,0.0,0.7864166666666667,0.0,0.0,0.0,,0.0,0.0,,0.0,0.0,,0.0,,0.25,0.75,the; receipt; counter; teacup; nestled; chipped; blue; ceramic; mug; sits,blue,0.0,0.0,0.0,0,0,"A worn, blue scarf draped around a tree trunk."
steer_alpha_1p05_traj_c8_tok120_seed01_the_receipt_on_the_counter.json,steer_alpha_1p05_traj,experiments/frontier_sweep_model_compare_gemma2_push_traj_seed12/steer_alpha_1p05_traj_c8_tok120_seed01_the_receipt_on_the_counter.json,3,4,0,-2.4212753623188403,0.0,0.39568840579710146,0.0,0.0,0.0,0.0,0.7913768115942029,0.0,0.9211666666666667,0.0,0.0,0.0,,0.0,0.0,,0.0,0.0,,0.0,,0.25,0.75,the; receipt; counter; teacup; nestled; chipped; blue; ceramic; mug; sits,the,0.0,0.0,0.0,0,0,"A lone, yellow rose blooms in vibrant color amidst the cold, steel kitchen utensils."
steer_alpha_1p05_traj_c8_tok120_seed01_the_receipt_on_the_counter.json,steer_alpha_1p05_traj,experiments/frontier_sweep_model_compare_gemma2_push_traj_seed12/steer_alpha_1p05_traj_c8_tok120_seed01_the_receipt_on_the_counter.json,3,5,0,-0.4491843856808775,0.0,0.41242752293577983,0.0,0.0,0.0,0.0,0.7781651376146789,0.05999999999999997,0.9730000000000001,0.0,0.0,0.0,,0.0,0.0,,0.0,0.0,,0.0,,1.0,0.0,the; receipt; counter; teacup; nestled; chipped; blue; ceramic; mug; sits,the; receipt; teacup; nestled,0.5,0.0,0.0,0,0,"A worn, leather travel journal, nestled between the teacup and receipt, its cover a faded teal, opens to reveal a single, blank page."
steer_alpha_1p05_traj_c8_tok120_seed01_the_receipt_on_the_counter.json,steer_alpha_1p05_traj,experiments/frontier_sweep_model_compare_gemma2_push_traj_seed12/steer_alpha_1p05_traj_c8_tok120_seed01_the_receipt_on_the_counter.json,3,6,0,2.3321905900076167,0.0,0.6257108635390555,0.0,0.0,0.0,0.0,0.9482785025524674,0.3196774193548386,0.30614516129032265,0.0,0.3333333333333333,12.5,leather-bound,0.3333333333333333,12.5,leather-bound,0.0,0.0,,0.5,leather-bound,0.5,0.5,the; receipt; counter; teacup; nestled; chipped; blue; ceramic; mug; sits,the; mug,0.0,0.0,0.0,0,0,"A worn, leather-bound book resting beside the mug."
steer_alpha_1p05_traj_c8_tok120_seed01_the_receipt_on_the_counter.json,steer_alpha_1p05_traj,experiments/frontier_sweep_model_compare_gemma2_push_traj_seed12/steer_alpha_1p05_traj_c8_tok120_seed01_the_receipt_on_the_counter.json,3,7,0,-0.039514834462147264,0.0,0.4407750375581484,0.0,0.0,0.0,0.0,0.7527352245862884,0.17112903225806445,0.5635953837597331,0.0,0.3333333333333333,11.11111111111111,leather-bound,0.3333333333333333,11.11111111111111,leather-bound,0.0,0.0,,0.5,leather-bound,0.5,0.5,the; receipt; counter; teacup; nestled; chipped; blue; ceramic; mug; sits,the; mug,0.0,0.0,0.0,0,0,"A worn, leather-bound notebook rests open upon the mug."
steer_alpha_1p05_traj_c8_tok120_seed01_the_receipt_on_the_counter.json,steer_alpha_1p05_traj,experiments/frontier_sweep_model_compare_gemma2_push_traj_seed12/steer_alpha_1p05_traj_c8_tok120_seed01_the_receipt_on_the_counter.json,3,8,0,0.5304929825944811,0.0,0.3900223531844499,0.0,0.0,0.0,0.0,0.7564957264957265,0.031129032258064487,0.6265953837597331,0.0,0.3333333333333333,8.333333333333334,leather-bound,0.3333333333333333,8.333333333333334,leather-bound,0.0,0.0,,0.5,leather-bound,0.25,0.75,the; receipt; counter; teacup; nestled; chipped; blue; ceramic; mug; sits,blue,0.5,0.0,0.0,0,0,"A worn, leather-bound journal with a faded blue ribbon tied around its spine."
steer_alpha_1p05_traj_c8_tok120_seed01_the_receipt_on_the_counter.json,steer_alpha_1p05_traj,experiments/frontier_sweep_model_compare_gemma2_push_traj_seed12/steer_alpha_1p05_traj_c8_tok120_seed01_the_receipt_on_the_counter.json,4,1,1,1.437833912768496,0.0,0.4778732202447163,0.0,0.0,0.0,0.0,0.7794827586206896,0.22612903225806447,0.4975953837597331,0.0,0.0,0.0,,0.0,0.0,,0.0,0.0,,0.0,,0.75,0.25,the; receipt; counter; teacup; nestled; chipped; blue; ceramic; mug; sits; lone; feather,the; blue; feather,0.0,0.0,0.0,0,0,"A hand, holding a single red rose, reaches out to touch the blue feather."
steer_alpha_1p05_traj_c8_tok120_seed01_the_receipt_on_the_counter.json,steer_alpha_1p05_traj,experiments/frontier_sweep_model_compare_gemma2_push_traj_seed12/steer_alpha_1p05_traj_c8_tok120_seed01_the_receipt_on_the_counter.json,4,2,0,2.137227694469984,0.0,0.45309254362771023,0.0,0.0,0.0,0.0,0.7737704918032787,0.17112903225806445,0.5635953837597331,0.0,0.0,0.0,,0.0,0.0,,0.0,0.0,,0.0,,0.75,0.25,the; receipt; counter; teacup; nestled; chipped; blue; ceramic; mug; sits; lone; feather,the; blue; feather,0.0,0.0,0.0,0,0,"The blue feather floats in mid-air, shimmering like captured sunlight."
steer_alpha_1p05_traj_c8_tok120_seed01_the_receipt_on_the_counter.json,steer_alpha_1p05_traj,experiments/frontier_sweep_model_compare_gemma2_push_traj_seed12/steer_alpha_1p05_traj_c8_tok120_seed01_the_receipt_on_the_counter.json,4,3,0,0.5373505919662295,0.0,0.49392857142857144,0.0,0.0,0.0,0.0,0.9878571428571429,0.0,0.7484856321839081,0.0,0.0,0.0,,0.0,0.0,,0.0,0.0,,0.0,,1.0,0.0,the; receipt; counter; teacup; nestled; chipped; blue; ceramic; mug; sits; lone; feather,the; receipt; blue; lone,0.0,0.0,0.0,0,0,"A lone, blue, butterfly, wings spread, lands on the receipt."
steer_alpha_1p05_traj_c8_tok120_seed01_the_receipt_on_the_counter.json,steer_alpha_1p05_traj,experiments/frontier_sweep_model_compare_gemma2_push_traj_seed12/steer_alpha_1p05_traj_c8_tok120_seed01_the_receipt_on_the_counter.json,4,4,0,1.0474976928493023,0.0,0.40225172413793103,0.0,0.0,0.0,0.0,0.7589655172413793,0.05999999999999997,0.6873657635467981,0.0,0.0,0.0,,0.0,0.0,,0.0,0.0,,0.0,,1.0,0.0,the; receipt; counter; teacup; nestled; chipped; blue; ceramic; mug; sits; lone; feather,the; teacup; blue; sits,0.5,0.0,0.0,0,0,"A worn, wooden toolbox sits beside the teacup, its latch open and a single, faded blue tool resting inside."
steer_alpha_1p05_traj_c8_tok120_seed01_the_receipt_on_the_counter.json,steer_alpha_1p05_traj,experiments/frontier_sweep_model_compare_gemma2_push_traj_seed12/steer_alpha_1p05_traj_c8_tok120_seed01_the_receipt_on_the_counter.json,4,5,0,-0.1909290841004836,0.0,0.4193625,0.0,0.0,0.0,0.0,0.79125,0.05999999999999997,0.8318175287356322,0.0,0.0,0.0,,0.0,0.0,,0.0,0.0,,0.0,,0.75,0.25,the; receipt; counter; teacup; nestled; chipped; blue; ceramic; mug; sits; lone; feather,blue; lone; feather,0.0,0.0,0.0,0,0,"A lone blue feather lies atop a pile of discarded bills, a crumpled paper cup beside."
steer_alpha_1p05_traj_c8_tok120_seed01_the_receipt_on_the_counter.json,steer_alpha_1p05_traj,experiments/frontier_sweep_model_compare_gemma2_push_traj_seed12/steer_alpha_1p05_traj_c8_tok120_seed01_the_receipt_on_the_counter.json,4,6,0,-0.5934868618083526,0.0,0.3936812331233124,0.0,0.0,0.0,0.0,0.7427947794779478,0.05999999999999997,0.9730000000000001,0.0,0.0,0.0,,0.0,0.0,,0.0,0.0,,0.0,,1.0,0.0,the; receipt; counter; teacup; nestled; chipped; blue; ceramic; mug; sits; lone; feather,the; chipped; blue; ceramic; mug,0.0,0.0,0.0,0,0,"A single, sun-drenched leaf, painted in a shade of emerald green, falls from the tree onto the chipped, blue ceramic mug."
steer_alpha_1p05_traj_c8_tok120_seed01_the_receipt_on_the_counter.json,steer_alpha_1p05_traj,experiments/frontier_sweep_model_compare_gemma2_push_traj_seed12/steer_alpha_1p05_traj_c8_tok120_seed01_the_receipt_on_the_counter.json,4,7,0,-1.9706747682213035,0.0,0.36462328767123287,0.0,0.0,0.0,0.0,0.7292465753424657,0.0,0.993125,0.0,0.0,0.0,,0.0,0.0,,0.0,0.0,,0.0,,1.0,0.0,the; receipt; counter; teacup; nestled; chipped; blue; ceramic; mug; sits; lone; feather,the; receipt; nestled; chipped; mug,0.0,0.0,0.0,0,0,"A dandelion clock, nestled amongst the chipped mug and the receipt, stands tall and gold."
steer_alpha_1p05_traj_c8_tok120_seed01_the_receipt_on_the_counter.json,steer_alpha_1p05_traj,experiments/frontier_sweep_model_compare_gemma2_push_traj_seed12/steer_alpha_1p05_traj_c8_tok120_seed01_the_receipt_on_the_counter.json,4,8,0,1.7904628854958367,0.032322642263794145,0.39417856419261155,0.1,0.0,0.0,0.5,0.6569642736543526,0.19999999999999998,0.7689439655172414,0.0,0.3333333333333333,3.8461538461538463,leather-bound,0.3333333333333333,3.8461538461538463,leather-bound,0.0,0.0,,0.5,leather-bound,1.0,0.0,the; receipt; counter; teacup; nestled; chipped; blue; ceramic; mug; sits; lone; feather,the; counter; nestled; feather,0.0,0.0,0.0,0,0,"A worn, leather-bound book lies open on the counter, its pages stained with yellowed ink. The feather from the previous image is nestled between the book's pages."
steer_alpha_1p05_traj_c8_tok120_seed01_the_receipt_on_the_counter.json,steer_alpha_1p05_traj,experiments/frontier_sweep_model_compare_gemma2_push_traj_seed12/steer_alpha_1p05_traj_c8_tok120_seed01_the_receipt_on_the_counter.json,5,1,1,0.5515854489164087,0.0,0.49125,0.0,0.0,0.0,0.0,0.9825,0.0,0.45,0.0,0.0,0.0,,0.0,0.0,,0.0,0.0,,0.0,,0.25,0.75,the; receipt; counter; teacup; nestled; chipped; blue; ceramic; mug; sits; lone; feather,the,0.0,0.0,0.0,0,0,"A small, silver locket hangs from the hand."
steer_alpha_1p05_traj_c8_tok120_seed01_the_receipt_on_the_counter.json,steer_alpha_1p05_traj,experiments/frontier_sweep_model_compare_gemma2_push_traj_seed12/steer_alpha_1p05_traj_c8_tok120_seed01_the_receipt_on_the_counter.json,5,2,0,0.258498503611971,0.0,0.3752083333333333,0.0,0.0,0.0,0.0,0.7504166666666666,0.0,0.45,0.0,0.0,0.0,,0.0,0.0,,0.0,0.0,,0.0,,0.75,0.25,the; receipt; counter; teacup; nestled; chipped; blue; ceramic; mug; sits; lone; feather,the; blue; feather,0.0,0.0,0.0,0,0,"A single, red butterfly flutters towards the blue feather."
steer_alpha_1p05_traj_c8_tok120_seed01_the_receipt_on_the_counter.json,steer_alpha_1p05_traj,experiments/frontier_sweep_model_compare_gemma2_push_traj_seed12/steer_alpha_1p05_traj_c8_tok120_seed01_the_receipt_on_the_counter.json,5,3,0,1.4340321733914145,0.0,0.5036490530303029,0.0,0.0,0.0,0.0,0.7127651515151514,0.4132258064516128,0.35650528364849843,0.0,0.0,0.0,,0.0,0.0,,0.0,0.0,,0.0,,0.5,0.5,the; receipt; counter; teacup; nestled; chipped; blue; ceramic; mug; sits; lone; feather,the; feather,0.0,0.0,0.0,0,0,"A soft, white dove appears in the air above the feather."
steer_alpha_1p05_traj_c8_tok120_seed01_the_receipt_on_the_counter.json,steer_alpha_1p05_traj,experiments/frontier_sweep_model_compare_gemma2_push_traj_seed12/steer_alpha_1p05_traj_c8_tok120_seed01_the_receipt_on_the_counter.json,5,4,0,1.015793145577416,0.0,0.4164571731748727,0.0,0.0,0.0,0.0,0.7060526315789474,0.17967741935483866,0.3691451612903226,0.0,0.0,0.0,,0.0,0.0,,0.0,0.0,,0.0,,0.25,0.75,the; receipt; counter; teacup; nestled; chipped; blue; ceramic; mug; sits; lone; feather,the,0.0,0.0,0.0,0,0,"A faint, flickering flame flickers in the hand."
steer_alpha_1p05_traj_c8_tok120_seed01_the_receipt_on_the_counter.json,steer_alpha_1p05_traj,experiments/frontier_sweep_model_compare_gemma2_push_traj_seed12/steer_alpha_1p05_traj_c8_tok120_seed01_the_receipt_on_the_counter.json,5,5,0,0.4011085509556169,0.0,0.4459407256004088,0.0,0.0,0.0,0.0,0.743234542667348,0.19999999999999998,0.8077916666666667,0.0,0.0,0.0,,0.0,0.0,,0.0,0.0,,0.0,,0.75,0.25,the; receipt; counter; teacup; nestled; chipped; blue; ceramic; mug; sits; lone; feather,the; blue; feather,0.0,0.0,0.0,0,0,"The hand, with its fingers lightly curled, gently grasps the blue feather and turns it over in its palm, examining it closely."
steer_alpha_1p05_traj_c8_tok120_seed01_the_receipt_on_the_counter.json,steer_alpha_1p05_traj,experiments/frontier_sweep_model_compare_gemma2_push_traj_seed12/steer_alpha_1p05_traj_c8_tok120_seed01_the_receipt_on_the_counter.json,5,6,0,0.6497746489180465,0.012147221052631578,0.4444105263157895,0.03333333333333333,0.0,0.0,0.16666666666666666,0.7406842105263158,0.19999999999999998,0.8554583333333334,0.0,0.3333333333333333,6.666666666666667,delicate,0.0,0.0,,0.3333333333333333,6.666666666666667,delicate,0.0,,0.75,0.25,the; receipt; counter; teacup; nestled; chipped; blue; ceramic; mug; sits; lone; feather,the; counter; mug,0.0,0.0,0.0,0,0,"A delicate silver locket, engraved with an intricate floral pattern, rests open on the counter, mirroring the mug."
steer_alpha_1p05_traj_c8_tok120_seed01_the_receipt_on_the_counter.json,steer_alpha_1p05_traj,experiments/frontier_sweep_model_compare_gemma2_push_traj_seed12/steer_alpha_1p05_traj_c8_tok120_seed01_the_receipt_on_the_counter.json,5,7,0,-1.832000515995872,0.0,0.3843421052631579,0.0,0.0,0.0,0.0,0.7686842105263157,0.0,0.9220833333333334,0.0,0.3333333333333333,7.6923076923076925,delicate,0.0,0.0,,0.3333333333333333,7.6923076923076925,delicate,0.0,,0.25,0.75,the; receipt; counter; teacup; nestled; chipped; blue; ceramic; mug; sits; lone; feather,the,0.0,0.0,0.0,0,0,"A delicate silver chain hangs from the hand, adorned with a small, intricately carved heart."
steer_alpha_1p05_traj_c8_tok120_seed01_the_receipt_on_the_counter.json,steer_alpha_1p05_traj,experiments/frontier_sweep_model_compare_gemma2_push_traj_seed12/steer_alpha_1p05_traj_c8_tok120_seed01_the_receipt_on_the_counter.json,5,8,0,-1.117811549571676,0.0,0.3829787234042553,0.0,0.0,0.0,0.0,0.7659574468085106,0.0,0.7864166666666667,0.0,0.3333333333333333,12.5,miniature,0.3333333333333333,12.5,miniature,0.0,0.0,,0.4,miniature,0.75,0.25,the; receipt; counter; teacup; nestled; chipped; blue; ceramic; mug; sits; lone; feather,the; mug; sits,0.0,0.0,0.0,0,0,"A miniature, hand-painted birdhouse sits atop the mug."
steer_alpha_1p05_traj_c8_tok120_seed02_a_plastic_folder_in_the_drawer.json,steer_alpha_1p05_traj,experiments/frontier_sweep_model_compare_gemma2_push_traj_seed12/steer_alpha_1p05_traj_c8_tok120_seed02_a_plastic_folder_in_the_drawer.json,1,1,1,1.8183297522457256,0.026470453027777775,0.4738147916666666,0.06666666666666667,0.0,0.0,0.3333333333333333,0.7550833333333333,0.255,0.5448189655172414,0.0,0.0,0.0,,0.0,0.0,,0.0,0.0,,0.0,,0.5,0.5,plastic; folder; the; drawer,folder; the,0.1,0.0,0.0,0,0,"A worn book beside the folder, its pages crinkling with the touch of a hand."
steer_alpha_1p05_traj_c8_tok120_seed02_a_plastic_folder_in_the_drawer.json,steer_alpha_1p05_traj,experiments/frontier_sweep_model_compare_gemma2_push_traj_seed12/steer_alpha_1p05_traj_c8_tok120_seed02_a_plastic_folder_in_the_drawer.json,1,2,0,0.4457710220869965,0.022346666666666667,0.4,0.06666666666666667,0.0,0.0,0.3333333333333333,0.8,0.0,0.7008189655172414,0.0,0.0,0.0,,0.0,0.0,,0.0,0.0,,0.0,,0.5,0.5,plastic; folder; the; drawer,folder; the,0.1,0.0,0.0,0,0,"A crumpled, worn paperback book sits beside the folder."
steer_alpha_1p05_traj_c8_tok120_seed02_a_plastic_folder_in_the_drawer.json,steer_alpha_1p05_traj,experiments/frontier_sweep_model_compare_gemma2_push_traj_seed12/steer_alpha_1p05_traj_c8_tok120_seed02_a_plastic_folder_in_the_drawer.json,1,3,0,-0.2315297838547561,0.0,0.40547977456011725,0.0,0.0,0.0,0.0,0.7864772727272727,0.031129032258064487,0.6265953837597331,0.0,0.0,0.0,,0.0,0.0,,0.0,0.0,,0.0,,0.75,0.25,plastic; folder; the; drawer,plastic; folder; the,0.1,0.0,0.0,0,0,A worn leather journal sits next to the plastic folder.
steer_alpha_1p05_traj_c8_tok120_seed02_a_plastic_folder_in_the_drawer.json,steer_alpha_1p05_traj,experiments/frontier_sweep_model_compare_gemma2_push_traj_seed12/steer_alpha_1p05_traj_c8_tok120_seed02_a_plastic_folder_in_the_drawer.json,1,4,0,0.9614606192680006,0.0,0.4041607781168265,0.0,0.0,0.0,0.0,0.783918918918919,0.031129032258064487,0.6265953837597331,0.0,0.0,0.0,,0.0,0.0,,0.0,0.0,,0.0,,0.5,0.5,plastic; folder; the; drawer,folder; the,0.1,0.0,0.0,0,0,A worn leather journal sits beside the folder.
steer_alpha_1p05_traj_c8_tok120_seed02_a_plastic_folder_in_the_drawer.json,steer_alpha_1p05_traj,experiments/frontier_sweep_model_compare_gemma2_push_traj_seed12/steer_alpha_1p05_traj_c8_tok120_seed02_a_plastic_folder_in_the_drawer.json,1,5,0,1.7360809308669702,0.027886283448390104,0.4991578182886058,0.06666666666666667,0.0,0.0,0.3333333333333333,0.7564845938375351,0.3196774193548386,0.30614516129032265,0.0,0.3333333333333333,11.11111111111111,leather-bound,0.3333333333333333,11.11111111111111,leather-bound,0.0,0.0,,0.5,leather-bound,0.75,0.25,plastic; folder; the; drawer,plastic; folder; the,0.1,0.0,0.0,0,0,"A worn, leather-bound book rests beside the plastic folder."
steer_alpha_1p05_traj_c8_tok120_seed02_a_plastic_folder_in_the_drawer.json,steer_alpha_1p05_traj,experiments/frontier_sweep_model_compare_gemma2_push_traj_seed12/steer_alpha_1p05_traj_c8_tok120_seed02_a_plastic_folder_in_the_drawer.json,1,6,0,2.966256682434877,0.03103973050733382,0.555603768031035,0.06666666666666667,0.0,0.0,0.3333333333333333,0.7154191820960367,0.5532258064516128,0.2935052836484984,0.0,0.3333333333333333,9.090909090909092,leather-bound,0.3333333333333333,9.090909090909092,leather-bound,0.0,0.0,,0.5,leather-bound,0.5,0.5,plastic; folder; the; drawer,folder; the,0.1,0.0,0.0,0,0,"A worn, leather-bound notebook lies open on the table next to the folder."
steer_alpha_1p05_traj_c8_tok120_seed02_a_plastic_folder_in_the_drawer.json,steer_alpha_1p05_traj,experiments/frontier_sweep_model_compare_gemma2_push_traj_seed12/steer_alpha_1p05_traj_c8_tok120_seed02_a_plastic_folder_in_the_drawer.json,1,7,0,1.2172239460830347,0.0,0.4832818572233784,0.0,0.0,0.0,0.0,0.7642768817204301,0.2646774193548386,0.5407170003707824,0.0,0.3333333333333333,11.11111111111111,leather-bound,0.3333333333333333,11.11111111111111,leather-bound,0.0,0.0,,0.5,leather-bound,0.5,0.5,plastic; folder; the; drawer,folder; the,0.1,0.0,0.0,0,0,"A worn, leather-bound journal, perched on a windowsill above the folder."
steer_alpha_1p05_traj_c8_tok120_seed02_a_plastic_folder_in_the_drawer.json,steer_alpha_1p05_traj,experiments/frontier_sweep_model_compare_gemma2_push_traj_seed12/steer_alpha_1p05_traj_c8_tok120_seed02_a_plastic_folder_in_the_drawer.json,1,8,0,0.01315239507742283,0.0,0.447631541218638,0.0,0.0,0.0,0.0,0.7644444444444445,0.17112903225806445,0.5635953837597331,0.0,0.3333333333333333,12.5,leather-bound,0.3333333333333333,12.5,leather-bound,0.0,0.0,,0.5,leather-bound,0.0,1.0,plastic; folder; the; drawer,,0.1,0.0,0.0,0,0,"A worn, leather-bound book lay open on a nearby table."
steer_alpha_1p05_traj_c8_tok120_seed02_a_plastic_folder_in_the_drawer.json,steer_alpha_1p05_traj,experiments/frontier_sweep_model_compare_gemma2_push_traj_seed12/steer_alpha_1p05_traj_c8_tok120_seed02_a_plastic_folder_in_the_drawer.json,2,1,1,2.478554909873982,0.0,0.5925059058325186,0.0,0.0,0.0,0.0,0.7334848484848484,0.6155913978494623,0.2464752502780868,0.0,0.0,0.0,,0.0,0.0,,0.0,0.0,,0.0,,1.0,0.0,plastic; folder; the; drawer; worn; book; its; pages; crinkling; hand,the; worn; book; its,1.0,0.0,0.0,0,0,"A worn leather briefcase beside the book, its lock glinting in the lamplight."
steer_alpha_1p05_traj_c8_tok120_seed02_a_plastic_folder_in_the_drawer.json,steer_alpha_1p05_traj,experiments/frontier_sweep_model_compare_gemma2_push_traj_seed12/steer_alpha_1p05_traj_c8_tok120_seed02_a_plastic_folder_in_the_drawer.json,2,2,0,0.43145118436865215,0.022910329352850537,0.4190913906009245,0.06666666666666667,0.0,0.0,0.3333333333333333,0.7517334360554699,0.11499999999999996,0.6554856321839081,0.0,0.3333333333333333,9.090909090909092,faint glow,0.0,0.0,,0.3333333333333333,9.090909090909092,faint glow,0.0,,0.5,0.5,plastic; folder; the; drawer; worn; book; its; pages; crinkling; hand,the; book,0.0,0.0,0.0,0,0,"A rusted wrench beside the book, reflecting the faint glow of a desk lamp."
steer_alpha_1p05_traj_c8_tok120_seed02_a_plastic_folder_in_the_drawer.json,steer_alpha_1p05_traj,experiments/frontier_sweep_model_compare_gemma2_push_traj_seed12/steer_alpha_1p05_traj_c8_tok120_seed02_a_plastic_folder_in_the_drawer.json,2,3,0,0.6793497385030187,0.0,0.44018048245614033,0.0,0.0,0.0,0.0,0.7895614035087719,0.11499999999999996,0.6078189655172415,0.0,0.0,0.0,,0.0,0.0,,0.0,0.0,,0.0,,0.75,0.25,plastic; folder; the; drawer; worn; book; its; pages; crinkling; hand,the; book; its,0.0,0.0,0.0,0,0,"A rusted tin can beside the book, its surface covered in chipped paint."
steer_alpha_1p05_traj_c8_tok120_seed02_a_plastic_folder_in_the_drawer.json,steer_alpha_1p05_traj,experiments/frontier_sweep_model_compare_gemma2_push_traj_seed12/steer_alpha_1p05_traj_c8_tok120_seed02_a_plastic_folder_in_the_drawer.json,2,4,0,1.1913789299105217,0.0,0.5891818181818181,0.0,0.0,0.0,0.0,0.9819696969696969,0.19999999999999998,0.6243657635467981,0.0,0.0,0.0,,0.0,0.0,,0.0,0.0,,0.0,,0.75,0.25,plastic; folder; the; drawer; worn; book; its; pages; crinkling; hand,the; book; its,0.0,0.0,0.0,0,0,"A chipped china cup beside the book, a single, faded rose petal resting on its rim."
steer_alpha_1p05_traj_c8_tok120_seed02_a_plastic_folder_in_the_drawer.json,steer_alpha_1p05_traj,experiments/frontier_sweep_model_compare_gemma2_push_traj_seed12/steer_alpha_1p05_traj_c8_tok120_seed02_a_plastic_folder_in_the_drawer.json,2,5,0,0.033575292409259716,0.0,0.40275377906976745,0.0,0.0,0.0,0.0,0.7599127906976744,0.05999999999999997,0.8098175287356322,0.0,0.0,0.0,,0.0,0.0,,0.0,0.0,,0.0,,1.0,0.0,plastic; folder; the; drawer; worn; book; its; pages; crinkling; hand,the; worn; book; its,0.25,0.0,0.0,0,0,"A worn, metal pen beside the book, its ink stained with the faint, faded impression of a forgotten script."
steer_alpha_1p05_traj_c8_tok120_seed02_a_plastic_folder_in_the_drawer.json,steer_alpha_1p05_traj,experiments/frontier_sweep_model_compare_gemma2_push_traj_seed12/steer_alpha_1p05_traj_c8_tok120_seed02_a_plastic_folder_in_the_drawer.json,2,6,0,0.36990664642997295,0.0,0.44438811188811184,0.0,0.0,0.0,0.0,0.7406468531468531,0.19999999999999998,0.7684856321839081,0.0,0.0,0.0,,0.0,0.0,,0.0,0.0,,0.0,,1.0,0.0,plastic; folder; the; drawer; worn; book; its; pages; crinkling; hand,the; worn; book; its,1.0,0.0,0.0,0,0,"A worn leather wallet beside the book, its clasp a gleam of metal in the pale light."
steer_alpha_1p05_traj_c8_tok120_seed02_a_plastic_folder_in_the_drawer.json,steer_alpha_1p05_traj,experiments/frontier_sweep_model_compare_gemma2_push_traj_seed12/steer_alpha_1p05_traj_c8_tok120_seed02_a_plastic_folder_in_the_drawer.json,2,7,0,-0.3781084388300775,0.0,0.3898406887755102,0.0,0.0,0.0,0.0,0.7355484693877551,0.05999999999999997,0.9161666666666668,0.0,0.0,0.0,,0.0,0.0,,0.0,0.0,,0.0,,1.0,0.0,plastic; folder; the; drawer; worn; book; its; pages; crinkling; hand,plastic; folder; the; book,0.0,0.0,0.0,0,0,"A stack of ceramic mugs beside the book, their warm, earthy colors contrasting with the folder's plastic cool tones."
steer_alpha_1p05_traj_c8_tok120_seed02_a_plastic_folder_in_the_drawer.json,steer_alpha_1p05_traj,experiments/frontier_sweep_model_compare_gemma2_push_traj_seed12/steer_alpha_1p05_traj_c8_tok120_seed02_a_plastic_folder_in_the_drawer.json,2,8,0,-0.5932486674920752,0.0,0.4,0.0,0.0,0.0,0.0,0.8,0.0,0.8032824302134647,0.0,0.3333333333333333,10.0,porcelain,0.3333333333333333,10.0,porcelain,0.0,0.0,,0.5,porcelain,0.75,0.25,plastic; folder; the; drawer; worn; book; its; pages; crinkling; hand,the; book; its,0.0,0.0,0.0,0,0,"A chipped porcelain teapot beside the book, its spout slightly ajar."
steer_alpha_1p05_traj_c8_tok120_seed02_a_plastic_folder_in_the_drawer.json,steer_alpha_1p05_traj,experiments/frontier_sweep_model_compare_gemma2_push_traj_seed12/steer_alpha_1p05_traj_c8_tok120_seed02_a_plastic_folder_in_the_drawer.json,3,1,1,3.7705652399662837,0.0,0.8243472601323408,0.0,0.0,0.0,0.0,0.9428932778932779,0.7485483870967741,0.11315322580645167,0.0,0.0,0.0,,0.0,0.0,,0.0,0.0,,0.0,,0.5,0.5,plastic; folder; the; drawer; worn; book; its; pages; crinkling; hand; leather; briefcase,the; briefcase,0.0,0.0,0.0,0,0,A silver pen rests on the briefcase's open lid.
steer_alpha_1p05_traj_c8_tok120_seed02_a_plastic_folder_in_the_drawer.json,steer_alpha_1p05_traj,experiments/frontier_sweep_model_compare_gemma2_push_traj_seed12/steer_alpha_1p05_traj_c8_tok120_seed02_a_plastic_folder_in_the_drawer.json,3,2,0,0.7441074833381629,0.0,0.446,0.0,0.0,0.0,0.0,0.8,0.11499999999999996,0.6078189655172415,0.0,0.0,0.0,,0.0,0.0,,0.0,0.0,,0.0,,0.75,0.25,plastic; folder; the; drawer; worn; book; its; pages; crinkling; hand; leather; briefcase,the; its; briefcase,0.0,0.0,0.0,0,0,"A photograph tucked into the briefcase, its edges turned yellow with age."
steer_alpha_1p05_traj_c8_tok120_seed02_a_plastic_folder_in_the_drawer.json,steer_alpha_1p05_traj,experiments/frontier_sweep_model_compare_gemma2_push_traj_seed12/steer_alpha_1p05_traj_c8_tok120_seed02_a_plastic_folder_in_the_drawer.json,3,3,0,1.3430210832193468,0.0,0.4904516129032258,0.0,0.0,0.0,0.0,0.8,0.22612903225806447,0.6149287170930664,0.0,0.3333333333333333,11.11111111111111,faded photograph,0.3333333333333333,11.11111111111111,faded photograph,0.0,0.0,,0.0,,0.5,0.5,plastic; folder; the; drawer; worn; book; its; pages; crinkling; hand; leather; briefcase,the; briefcase,0.0,0.0,0.0,0,0,"A stack of postcards, mismatched with a faded photograph, beside the briefcase."
steer_alpha_1p05_traj_c8_tok120_seed02_a_plastic_folder_in_the_drawer.json,steer_alpha_1p05_traj,experiments/frontier_sweep_model_compare_gemma2_push_traj_seed12/steer_alpha_1p05_traj_c8_tok120_seed02_a_plastic_folder_in_the_drawer.json,3,4,0,0.6918228525937629,0.0,0.5155645161290322,0.0,0.0,0.0,0.0,1.0,0.031129032258064487,0.6742620504263998,0.0,0.3333333333333333,11.11111111111111,faded photograph,0.3333333333333333,11.11111111111111,faded photograph,0.0,0.0,,0.0,,0.75,0.25,plastic; folder; the; drawer; worn; book; its; pages; crinkling; hand; leather; briefcase,the; its; briefcase,0.0,0.0,0.0,0,0,"A faded photograph, tucked into the briefcase, its corners curled."
steer_alpha_1p05_traj_c8_tok120_seed02_a_plastic_folder_in_the_drawer.json,steer_alpha_1p05_traj,experiments/frontier_sweep_model_compare_gemma2_push_traj_seed12/steer_alpha_1p05_traj_c8_tok120_seed02_a_plastic_folder_in_the_drawer.json,3,5,0,0.07805684841752814,0.0,0.4933888888888889,0.0,0.0,0.0,0.0,0.9867777777777778,0.0,0.7961522988505747,0.0,0.0,0.0,,0.0,0.0,,0.0,0.0,,0.0,,0.5,0.5,plastic; folder; the; drawer; worn; book; its; pages; crinkling; hand; leather; briefcase,the; briefcase,0.0,0.0,0.0,0,0,"A lamp beside the briefcase, casting a warm, amber glow."
steer_alpha_1p05_traj_c8_tok120_seed02_a_plastic_folder_in_the_drawer.json,steer_alpha_1p05_traj,experiments/frontier_sweep_model_compare_gemma2_push_traj_seed12/steer_alpha_1p05_traj_c8_tok120_seed02_a_plastic_folder_in_the_drawer.json,3,6,0,0.6230116447290159,0.0,0.5071138078470824,0.0,0.0,0.0,0.0,0.7580985915492957,0.33785714285714274,0.5501063218390806,0.0,0.0,0.0,,0.0,0.0,,0.0,0.0,,0.0,,0.0,1.0,plastic; folder; the; drawer; worn; book; its; pages; crinkling; hand; leather; briefcase,,0.0,0.0,0.0,0,0,"A cup of steaming tea sits on a small table, resting a single, dried rose petal beside it."
steer_alpha_1p05_traj_c8_tok120_seed02_a_plastic_folder_in_the_drawer.json,steer_alpha_1p05_traj,experiments/frontier_sweep_model_compare_gemma2_push_traj_seed12/steer_alpha_1p05_traj_c8_tok120_seed02_a_plastic_folder_in_the_drawer.json,3,7,0,-1.0699454856250412,0.0,0.3650492957746479,0.0,0.0,0.0,0.0,0.7300985915492958,0.0,0.8680948275862069,0.0,0.0,0.0,,0.0,0.0,,0.0,0.0,,0.0,,1.0,0.0,plastic; folder; the; drawer; worn; book; its; pages; crinkling; hand; leather; briefcase,the; book; its; briefcase,0.0,0.0,0.0,0,0,"A red pen sits nestled between the book and the briefcase, its tip sharpened and poised."
steer_alpha_1p05_traj_c8_tok120_seed02_a_plastic_folder_in_the_drawer.json,steer_alpha_1p05_traj,experiments/frontier_sweep_model_compare_gemma2_push_traj_seed12/steer_alpha_1p05_traj_c8_tok120_seed02_a_plastic_folder_in_the_drawer.json,3,8,0,-0.8758889894419304,0.0,0.39426292307692307,0.0,0.0,0.0,0.0,0.7438923076923076,0.05999999999999997,0.9730000000000001,0.0,0.0,0.0,,0.0,0.0,,0.0,0.0,,0.0,,0.75,0.25,plastic; folder; the; drawer; worn; book; its; pages; crinkling; hand; leather; briefcase,the; book; briefcase,0.0,0.0,0.0,0,0,"A crumpled paper ball, nestled between the briefcase and the book, catches a fleck of light."
steer_alpha_1p05_traj_c8_tok120_seed02_a_plastic_folder_in_the_drawer.json,steer_alpha_1p05_traj,experiments/frontier_sweep_model_compare_gemma2_push_traj_seed12/steer_alpha_1p05_traj_c8_tok120_seed02_a_plastic_folder_in_the_drawer.json,4,1,1,0.694201593563835,0.017912620788530464,0.49150483870967737,0.044444444444444446,0.0,0.0,0.2222222222222222,0.9533333333333334,0.031129032258064487,0.6742620504263998,0.0,0.0,0.0,,0.0,0.0,,0.0,0.0,,0.0,,0.75,0.25,plastic; folder; the; drawer; worn; book; its; pages; crinkling; hand; leather; briefcase,the; book; hand,0.0,0.0,0.0,0,0,"The hand unfolds the book, revealing a faded, yellowed photograph."
steer_alpha_1p05_traj_c8_tok120_seed02_a_plastic_folder_in_the_drawer.json,steer_alpha_1p05_traj,experiments/frontier_sweep_model_compare_gemma2_push_traj_seed12/steer_alpha_1p05_traj_c8_tok120_seed02_a_plastic_folder_in_the_drawer.json,4,2,0,1.5865905630650143,0.0,0.6195561170212766,0.0,0.0,0.0,0.0,0.9873404255319149,0.255,0.5448189655172414,0.0,0.0,0.0,,0.0,0.0,,0.0,0.0,,0.0,,1.0,0.0,plastic; folder; the; drawer; worn; book; its; pages; crinkling; hand; leather; briefcase,the; book; its; hand,0.0,0.0,0.0,0,0,"A hand, resting on the book, traces a line across its spine."
steer_alpha_1p05_traj_c8_tok120_seed02_a_plastic_folder_in_the_drawer.json,steer_alpha_1p05_traj,experiments/frontier_sweep_model_compare_gemma2_push_traj_seed12/steer_alpha_1p05_traj_c8_tok120_seed02_a_plastic_folder_in_the_drawer.json,4,3,0,-0.676350897085777,0.019595396825396825,0.35845238095238097,0.06666666666666667,0.0,0.0,0.3333333333333333,0.7169047619047619,0.0,0.7704856321839081,0.0,0.0,0.0,,0.0,0.0,,0.0,0.0,,0.0,,0.5,0.5,plastic; folder; the; drawer; worn; book; its; pages; crinkling; hand; leather; briefcase,the; book,0.0,0.0,0.0,0,0,"Fingers, tracing the spine of the book with a nervous twitch."
steer_alpha_1p05_traj_c8_tok120_seed02_a_plastic_folder_in_the_drawer.json,steer_alpha_1p05_traj,experiments/frontier_sweep_model_compare_gemma2_push_traj_seed12/steer_alpha_1p05_traj_c8_tok120_seed02_a_plastic_folder_in_the_drawer.json,4,4,0,-1.157633670440983,0.0,0.49801338366506515,0.0,0.0,0.0,0.0,0.9659574468085106,0.031129032258064487,0.6742620504263998,0.0,0.0,0.0,,0.0,0.0,,0.0,0.0,,0.0,,0.25,0.75,plastic; folder; the; drawer; worn; book; its; pages; crinkling; hand; leather; briefcase,the,0.0,0.0,0.0,0,0,A fingerprint smudged upon the pen's metallic surface.
steer_alpha_1p05_traj_c8_tok120_seed02_a_plastic_folder_in_the_drawer.json,steer_alpha_1p05_traj,experiments/frontier_sweep_model_compare_gemma2_push_traj_seed12/steer_alpha_1p05_traj_c8_tok120_seed02_a_plastic_folder_in_the_drawer.json,4,5,0,0.26550074150817426,0.0,0.4571628787878788,0.0,0.0,0.0,0.0,0.7619381313131314,0.19999999999999998,0.7316767241379312,0.0,0.3333333333333333,7.142857142857143,faded photograph,0.3333333333333333,7.142857142857143,faded photograph,0.0,0.0,,0.0,,1.0,0.0,plastic; folder; the; drawer; worn; book; its; pages; crinkling; hand; leather; briefcase,the; worn; book; its; hand,0.5,0.0,0.0,0,0,"A hand, tracing a crease in the book's worn paperback, its fingertips brushing against a faded photograph."
steer_alpha_1p05_traj_c8_tok120_seed02_a_plastic_folder_in_the_drawer.json,steer_alpha_1p05_traj,experiments/frontier_sweep_model_compare_gemma2_push_traj_seed12/steer_alpha_1p05_traj_c8_tok120_seed02_a_plastic_folder_in_the_drawer.json,4,6,0,-0.5334991154356479,0.0,0.3968375,0.0,0.0,0.0,0.0,0.74875,0.05999999999999997,0.8707916666666667,0.0,0.0,0.0,,0.0,0.0,,0.0,0.0,,0.0,,1.0,0.0,plastic; folder; the; drawer; worn; book; its; pages; crinkling; hand; leather; briefcase,the; its; hand; leather; briefcase,0.0,0.0,0.0,0,0,"A hand, curled into a fist, reaches toward the briefcase, its fingers tracing a pattern on the leather."
steer_alpha_1p05_traj_c8_tok120_seed02_a_plastic_folder_in_the_drawer.json,steer_alpha_1p05_traj,experiments/frontier_sweep_model_compare_gemma2_push_traj_seed12/steer_alpha_1p05_traj_c8_tok120_seed02_a_plastic_folder_in_the_drawer.json,4,7,0,-1.088075031082652,0.0,0.37231200727713765,0.0,0.0,0.0,0.0,0.7446240145542753,0.0,0.8680948275862069,0.0,0.3333333333333333,5.882352941176471,faded photograph,0.3333333333333333,5.882352941176471,faded photograph,0.0,0.0,,0.0,,1.0,0.0,plastic; folder; the; drawer; worn; book; its; pages; crinkling; hand; leather; briefcase,the; book; its; briefcase,0.0,0.0,0.0,0,0,"A single, faded photograph, nestled between the briefcase and the book, its edges wrinkled and its corners softened."
steer_alpha_1p05_traj_c8_tok120_seed02_a_plastic_folder_in_the_drawer.json,steer_alpha_1p05_traj,experiments/frontier_sweep_model_compare_gemma2_push_traj_seed12/steer_alpha_1p05_traj_c8_tok120_seed02_a_plastic_folder_in_the_drawer.json,4,8,0,0.3944488003813973,0.0,0.4321386554621849,0.0,0.0,0.0,0.0,0.7202310924369748,0.19999999999999998,0.9100000000000001,0.0,0.0,0.0,,0.0,0.0,,0.0,0.0,,0.0,,1.0,0.0,plastic; folder; the; drawer; worn; book; its; pages; crinkling; hand; leather; briefcase,the; worn; its; hand; leather; briefcase,0.5,0.0,0.0,0,0,"A hand, holding the silver pen, traces the worn leather of the briefcase, a faint smudge of ink appearing on its surface."
steer_alpha_1p05_traj_c8_tok120_seed03_the_bus_was_ten_minutes_late.json,steer_alpha_1p05_traj,experiments/frontier_sweep_model_compare_gemma2_push_traj_seed12/steer_alpha_1p05_traj_c8_tok120_seed03_the_bus_was_ten_minutes_late.json,1,1,1,0.3120908602150537,0.0,0.5562365591397849,0.0,0.0,0.0,0.0,0.8,0.39059139784946223,0.27423387096774204,0.0,0.0,0.0,,0.0,0.0,,0.0,0.0,,0.0,,0.25,0.75,the; bus; was; ten; minutes; late,the,0.0,0.0,0.0,0,0,"A single, red ladybug landed on the windowsill."
steer_alpha_1p05_traj_c8_tok120_seed03_the_bus_was_ten_minutes_late.json,steer_alpha_1p05_traj,experiments/frontier_sweep_model_compare_gemma2_push_traj_seed12/steer_alpha_1p05_traj_c8_tok120_seed03_the_bus_was_ten_minutes_late.json,1,2,0,-1.0797448615998122,0.0,0.49392857142857144,0.0,0.0,0.0,0.0,0.9878571428571429,0.0,0.7484856321839081,0.0,0.0,0.0,,0.0,0.0,,0.0,0.0,,0.0,,0.25,0.75,the; bus; was; ten; minutes; late,bus,0.1,0.0,0.0,0,0,"A single red rose, wilting, sits on a dusty, plastic bus seat."
steer_alpha_1p05_traj_c8_tok120_seed03_the_bus_was_ten_minutes_late.json,steer_alpha_1p05_traj,experiments/frontier_sweep_model_compare_gemma2_push_traj_seed12/steer_alpha_1p05_traj_c8_tok120_seed03_the_bus_was_ten_minutes_late.json,1,3,0,0.23386573451576226,0.0,0.5401098387096774,0.0,0.0,0.0,0.0,0.881,0.22612903225806447,0.4975953837597331,0.0,0.0,0.0,,0.0,0.0,,0.0,0.0,,0.0,,0.25,0.75,the; bus; was; ten; minutes; late,the,0.0,0.0,0.0,0,0,"The clock on the dashboard blinked, a single red dot on the face."
steer_alpha_1p05_traj_c8_tok120_seed03_the_bus_was_ten_minutes_late.json,steer_alpha_1p05_traj,experiments/frontier_sweep_model_compare_gemma2_push_traj_seed12/steer_alpha_1p05_traj_c8_tok120_seed03_the_bus_was_ten_minutes_late.json,1,4,0,-1.2737855603448276,0.0,0.5201453125000001,0.0,0.0,0.0,0.0,0.98140625,0.05999999999999997,0.8098175287356322,0.0,0.0,0.0,,0.0,0.0,,0.0,0.0,,0.0,,0.5,0.5,the; bus; was; ten; minutes; late,the; bus,0.0,0.0,0.0,0,0,"A lone passenger, hunched over their phone, waits impatiently at the bus stop."
steer_alpha_1p05_traj_c8_tok120_seed03_the_bus_was_ten_minutes_late.json,steer_alpha_1p05_traj,experiments/frontier_sweep_model_compare_gemma2_push_traj_seed12/steer_alpha_1p05_traj_c8_tok120_seed03_the_bus_was_ten_minutes_late.json,1,5,0,-2.3368467213488264,0.0,0.37568979266347685,0.0,0.0,0.0,0.0,0.7513795853269537,0.0,0.8276666666666668,0.0,0.0,0.0,,0.0,0.0,,0.0,0.0,,0.0,,0.5,0.5,the; bus; was; ten; minutes; late,the; bus,0.0,0.0,0.0,0,0,"A woman stepped onto the bus, her suitcase bouncing gently beside her."
steer_alpha_1p05_traj_c8_tok120_seed03_the_bus_was_ten_minutes_late.json,steer_alpha_1p05_traj,experiments/frontier_sweep_model_compare_gemma2_push_traj_seed12/steer_alpha_1p05_traj_c8_tok120_seed03_the_bus_was_ten_minutes_late.json,1,6,0,-2.567596038647343,0.0,0.4445289855072464,0.0,0.0,0.0,0.0,0.8890579710144928,0.0,0.8276666666666668,0.0,0.0,0.0,,0.0,0.0,,0.0,0.0,,0.0,,0.25,0.75,the; bus; was; ten; minutes; late,the,0.1,0.0,0.0,0,0,"A weathered, hand-stitched, leather bag sat by the curb."
steer_alpha_1p05_traj_c8_tok120_seed03_the_bus_was_ten_minutes_late.json,steer_alpha_1p05_traj,experiments/frontier_sweep_model_compare_gemma2_push_traj_seed12/steer_alpha_1p05_traj_c8_tok120_seed03_the_bus_was_ten_minutes_late.json,1,7,0,-2.215208658008658,0.0,0.4,0.0,0.0,0.0,0.0,0.8,0.0,0.78,0.0,0.0,0.0,,0.0,0.0,,0.0,0.0,,0.0,,0.0,1.0,the; bus; was; ten; minutes; late,,0.1,0.0,0.0,0,0,A woman with a bright red purse clutched a worn paperback.
steer_alpha_1p05_traj_c8_tok120_seed03_the_bus_was_ten_minutes_late.json,steer_alpha_1p05_traj,experiments/frontier_sweep_model_compare_gemma2_push_traj_seed12/steer_alpha_1p05_traj_c8_tok120_seed03_the_bus_was_ten_minutes_late.json,1,8,0,-2.3287333673469384,0.0,0.3939285714285714,0.0,0.0,0.0,0.0,0.7878571428571428,0.0,0.7864166666666667,0.0,0.0,0.0,,0.0,0.0,,0.0,0.0,,0.0,,0.0,1.0,the; bus; was; ten; minutes; late,,0.1,0.0,0.0,0,0,A single red rose unfurling from a cracked concrete planter.
steer_alpha_1p05_traj_c8_tok120_seed03_the_bus_was_ten_minutes_late.json,steer_alpha_1p05_traj,experiments/frontier_sweep_model_compare_gemma2_push_traj_seed12/steer_alpha_1p05_traj_c8_tok120_seed03_the_bus_was_ten_minutes_late.json,2,1,1,-0.8543589901477832,0.0302327977324263,0.5411598639455781,0.06666666666666667,0.0,0.0,0.3333333333333333,0.9470297619047618,0.14285714285714277,0.6094396551724138,0.0,0.0,0.0,,0.0,0.0,,0.0,0.0,,0.0,,0.5,0.5,the; bus; was; ten; minutes; late; single; red; ladybug; landed; windowsill,the; bus,0.1,0.0,0.0,0,0,"A lone, weathered deck chair sat on the bus's roof."
steer_alpha_1p05_traj_c8_tok120_seed03_the_bus_was_ten_minutes_late.json,steer_alpha_1p05_traj,experiments/frontier_sweep_model_compare_gemma2_push_traj_seed12/steer_alpha_1p05_traj_c8_tok120_seed03_the_bus_was_ten_minutes_late.json,2,2,0,-0.973362381022719,0.0,0.39000569433516913,0.0,0.0,0.0,0.0,0.7564634146341463,0.031129032258064487,0.6265953837597331,0.0,0.0,0.0,,0.0,0.0,,0.0,0.0,,0.0,,0.5,0.5,the; bus; was; ten; minutes; late; single; red; ladybug; landed; windowsill,the; bus,0.2,0.0,0.0,0,0,"A lone, grey feather lay forgotten beneath the bus."
steer_alpha_1p05_traj_c8_tok120_seed03_the_bus_was_ten_minutes_late.json,steer_alpha_1p05_traj,experiments/frontier_sweep_model_compare_gemma2_push_traj_seed12/steer_alpha_1p05_traj_c8_tok120_seed03_the_bus_was_ten_minutes_late.json,2,3,0,-2.009031198686371,0.0,0.4,0.0,0.0,0.0,0.0,0.8,0.0,0.7556157635467982,0.0,0.0,0.0,,0.0,0.0,,0.0,0.0,,0.0,,0.25,0.75,the; bus; was; ten; minutes; late; single; red; ladybug; landed; windowsill,the,0.0,0.0,0.0,0,0,"A lone, yellow dandelion seed drifts through the air."
steer_alpha_1p05_traj_c8_tok120_seed03_the_bus_was_ten_minutes_late.json,steer_alpha_1p05_traj,experiments/frontier_sweep_model_compare_gemma2_push_traj_seed12/steer_alpha_1p05_traj_c8_tok120_seed03_the_bus_was_ten_minutes_late.json,2,4,0,-0.6762954272806301,0.0,0.3864772727272727,0.0,0.0,0.0,0.0,0.7729545454545454,0.0,0.7484856321839081,0.0,0.0,0.0,,0.0,0.0,,0.0,0.0,,0.0,,0.5,0.5,the; bus; was; ten; minutes; late; single; red; ladybug; landed; windowsill,the; ladybug,0.1,0.0,0.0,0,0,"A worn, leather baseball glove lay next to the ladybug."
steer_alpha_1p05_traj_c8_tok120_seed03_the_bus_was_ten_minutes_late.json,steer_alpha_1p05_traj,experiments/frontier_sweep_model_compare_gemma2_push_traj_seed12/steer_alpha_1p05_traj_c8_tok120_seed03_the_bus_was_ten_minutes_late.json,2,5,0,-3.068666666666667,0.0,0.4,0.0,0.0,0.0,0.0,0.8,0.0,0.8276666666666668,0.0,0.0,0.0,,0.0,0.0,,0.0,0.0,,0.0,,0.5,0.5,the; bus; was; ten; minutes; late; single; red; ladybug; landed; windowsill,the; bus,0.0,0.0,0.0,0,0,A lone dandelion seed spiraled down onto the bus seat.
steer_alpha_1p05_traj_c8_tok120_seed03_the_bus_was_ten_minutes_late.json,steer_alpha_1p05_traj,experiments/frontier_sweep_model_compare_gemma2_push_traj_seed12/steer_alpha_1p05_traj_c8_tok120_seed03_the_bus_was_ten_minutes_late.json,2,6,0,-2.177274788429961,0.0,0.3885576923076923,0.0,0.0,0.0,0.0,0.7771153846153847,0.0,0.8032824302134647,0.0,0.0,0.0,,0.0,0.0,,0.0,0.0,,0.0,,0.25,0.75,the; bus; was; ten; minutes; late; single; red; ladybug; landed; windowsill,the,0.1,0.0,0.0,0,0,"A lone, weathered boot sits beside the window, its laces untied."
steer_alpha_1p05_traj_c8_tok120_seed03_the_bus_was_ten_minutes_late.json,steer_alpha_1p05_traj,experiments/frontier_sweep_model_compare_gemma2_push_traj_seed12/steer_alpha_1p05_traj_c8_tok120_seed03_the_bus_was_ten_minutes_late.json,2,7,0,-0.2706020762177114,0.0,0.4951229508196721,0.0,0.0,0.0,0.0,0.9902459016393442,0.0,0.8509490968801314,0.0,0.0,0.0,,0.0,0.0,,0.0,0.0,,0.0,,0.5,0.5,the; bus; was; ten; minutes; late; single; red; ladybug; landed; windowsill,the; single,0.0,0.0,0.0,0,0,"A single, yellow daisy, wilting slightly, appeared in the passenger seat."
steer_alpha_1p05_traj_c8_tok120_seed03_the_bus_was_ten_minutes_late.json,steer_alpha_1p05_traj,experiments/frontier_sweep_model_compare_gemma2_push_traj_seed12/steer_alpha_1p05_traj_c8_tok120_seed03_the_bus_was_ten_minutes_late.json,2,8,0,-0.7646593799682033,0.0,0.49597972972972976,0.0,0.0,0.0,0.0,0.9919594594594595,0.0,0.8987083333333334,0.0,0.3333333333333333,8.333333333333334,iridescent,0.0,0.0,,0.3333333333333333,8.333333333333334,iridescent,0.0,,1.0,0.0,the; bus; was; ten; minutes; late; single; red; ladybug; landed; windowsill,the; was; red; ladybug,0.0,0.0,0.0,0,0,"The ladybug, no longer red, was a shimmering, iridescent green, its wings folded tightly."
steer_alpha_1p05_traj_c8_tok120_seed03_the_bus_was_ten_minutes_late.json,steer_alpha_1p05_traj,experiments/frontier_sweep_model_compare_gemma2_push_traj_seed12/steer_alpha_1p05_traj_c8_tok120_seed03_the_bus_was_ten_minutes_late.json,3,1,1,0.539262019969278,0.0,0.5835716733870968,0.0,0.0,0.0,0.0,0.989375,0.17967741935483866,0.3691451612903226,0.0,0.0,0.0,,0.0,0.0,,0.0,0.0,,0.0,,0.25,0.75,the; bus; was; ten; minutes; late; single; red; ladybug; landed; windowsill; lone,the,0.0,0.0,0.0,0,0,"A small, brown, plastic toy truck, abandoned on the sidewalk nearby."
steer_alpha_1p05_traj_c8_tok120_seed03_the_bus_was_ten_minutes_late.json,steer_alpha_1p05_traj,experiments/frontier_sweep_model_compare_gemma2_push_traj_seed12/steer_alpha_1p05_traj_c8_tok120_seed03_the_bus_was_ten_minutes_late.json,3,2,0,0.6976598930481284,0.0,0.5,0.0,0.0,0.0,0.0,1.0,0.0,0.45,0.0,0.0,0.0,,0.0,0.0,,0.0,0.0,,0.0,,0.75,0.25,the; bus; was; ten; minutes; late; single; red; ladybug; landed; windowsill; lone,the; red; ladybug,0.0,0.0,0.0,0,0,"The ladybug blinked, wings a blur of red."
steer_alpha_1p05_traj_c8_tok120_seed03_the_bus_was_ten_minutes_late.json,steer_alpha_1p05_traj,experiments/frontier_sweep_model_compare_gemma2_push_traj_seed12/steer_alpha_1p05_traj_c8_tok120_seed03_the_bus_was_ten_minutes_late.json,3,3,0,0.829316283966312,0.0,0.6130645161290322,0.0,0.0,0.0,0.0,1.0,0.22612903225806447,0.4975953837597331,0.0,0.0,0.0,,0.0,0.0,,0.0,0.0,,0.0,,0.25,0.75,the; bus; was; ten; minutes; late; single; red; ladybug; landed; windowsill; lone,the,0.0,0.0,0.0,0,0,"A child, holding a battered toy, stood on the curb."
steer_alpha_1p05_traj_c8_tok120_seed03_the_bus_was_ten_minutes_late.json,steer_alpha_1p05_traj,experiments/frontier_sweep_model_compare_gemma2_push_traj_seed12/steer_alpha_1p05_traj_c8_tok120_seed03_the_bus_was_ten_minutes_late.json,3,4,0,1.1608185241553166,0.0,0.5155645161290322,0.0,0.0,0.0,0.0,1.0,0.031129032258064487,0.6265953837597331,0.0,0.0,0.0,,0.0,0.0,,0.0,0.0,,0.0,,0.25,0.75,the; bus; was; ten; minutes; late; single; red; ladybug; landed; windowsill; lone,the,0.0,0.0,0.0,0,0,"A faded, yellow, sunhat lay beside the deck chair."
steer_alpha_1p05_traj_c8_tok120_seed03_the_bus_was_ten_minutes_late.json,steer_alpha_1p05_traj,experiments/frontier_sweep_model_compare_gemma2_push_traj_seed12/steer_alpha_1p05_traj_c8_tok120_seed03_the_bus_was_ten_minutes_late.json,3,5,0,0.2226597252955519,0.0,0.39380208333333333,0.0,0.0,0.0,0.0,0.7876041666666667,0.0,0.7008189655172414,0.0,0.0,0.0,,0.0,0.0,,0.0,0.0,,0.0,,0.25,0.75,the; bus; was; ten; minutes; late; single; red; ladybug; landed; windowsill; lone,the,0.5,0.0,0.0,0,0,"A weathered, cracked teacup nestled beside the deck chair."
steer_alpha_1p05_traj_c8_tok120_seed03_the_bus_was_ten_minutes_late.json,steer_alpha_1p05_traj,experiments/frontier_sweep_model_compare_gemma2_push_traj_seed12/steer_alpha_1p05_traj_c8_tok120_seed03_the_bus_was_ten_minutes_late.json,3,6,0,-0.42895556404379964,0.0,0.38093750000000004,0.0,0.0,0.0,0.0,0.71875,0.05999999999999997,0.8231250000000001,0.0,0.0,0.0,,0.0,0.0,,0.0,0.0,,0.0,,0.75,0.25,the; bus; was; ten; minutes; late; single; red; ladybug; landed; windowsill; lone,the; ladybug; windowsill,0.0,0.0,0.0,0,0,"The ladybug, a vibrant crimson dot against the grey tarmac, stirred a silent rustle in the windowsill."
steer_alpha_1p05_traj_c8_tok120_seed03_the_bus_was_ten_minutes_late.json,steer_alpha_1p05_traj,experiments/frontier_sweep_model_compare_gemma2_push_traj_seed12/steer_alpha_1p05_traj_c8_tok120_seed03_the_bus_was_ten_minutes_late.json,3,7,0,-0.9969642890915709,0.0,0.38384615384615384,0.0,0.0,0.0,0.0,0.7676923076923077,0.0,0.8368175287356322,0.0,0.3333333333333333,7.6923076923076925,delicate,0.0,0.0,,0.3333333333333333,7.6923076923076925,delicate,0.0,,0.75,0.25,the; bus; was; ten; minutes; late; single; red; ladybug; landed; windowsill; lone,the; red; ladybug,0.0,0.0,0.0,0,0,"The ladybug, a vibrant red dot against the gray metal, tilted its delicate head."
steer_alpha_1p05_traj_c8_tok120_seed03_the_bus_was_ten_minutes_late.json,steer_alpha_1p05_traj,experiments/frontier_sweep_model_compare_gemma2_push_traj_seed12/steer_alpha_1p05_traj_c8_tok120_seed03_the_bus_was_ten_minutes_late.json,3,8,0,1.2845097533437713,0.0,0.4448432184750733,0.0,0.0,0.0,0.0,0.7596826758147512,0.17112903225806445,0.5635953837597331,0.0,0.3333333333333333,11.11111111111111,leather-bound,0.3333333333333333,11.11111111111111,leather-bound,0.0,0.0,,0.5,leather-bound,0.5,0.5,the; bus; was; ten; minutes; late; single; red; ladybug; landed; windowsill; lone,the; windowsill,0.0,0.0,0.0,0,0,"A faded, worn, leather-bound journal lay open on the windowsill."
steer_alpha_1p05_traj_c8_tok120_seed03_the_bus_was_ten_minutes_late.json,steer_alpha_1p05_traj,experiments/frontier_sweep_model_compare_gemma2_push_traj_seed12/steer_alpha_1p05_traj_c8_tok120_seed03_the_bus_was_ten_minutes_late.json,4,1,1,1.203955731851194,0.0,0.5426641626630062,0.0,0.0,0.0,0.0,0.9200212765957447,0.17967741935483866,0.3691451612903226,0.0,0.0,0.0,,0.0,0.0,,0.0,0.0,,0.0,,0.75,0.25,the; bus; was; ten; minutes; late; single; red; ladybug; landed; windowsill; lone,the; red; ladybug,0.0,0.0,0.0,0,0,"The ladybug, red and shiny, turned and looked to the truck."
steer_alpha_1p05_traj_c8_tok120_seed03_the_bus_was_ten_minutes_late.json,steer_alpha_1p05_traj,experiments/frontier_sweep_model_compare_gemma2_push_traj_seed12/steer_alpha_1p05_traj_c8_tok120_seed03_the_bus_was_ten_minutes_late.json,4,2,0,-0.31522524308573996,0.0,0.3843137254901961,0.0,0.0,0.0,0.0,0.7686274509803922,0.0,0.7008189655172414,0.0,0.0,0.0,,0.0,0.0,,0.0,0.0,,0.0,,0.25,0.75,the; bus; was; ten; minutes; late; single; red; ladybug; landed; windowsill; lone,the,0.0,0.0,0.0,0,0,"A faded, worn-out photo lay forgotten beneath the toy truck."
steer_alpha_1p05_traj_c8_tok120_seed03_the_bus_was_ten_minutes_late.json,steer_alpha_1p05_traj,experiments/frontier_sweep_model_compare_gemma2_push_traj_seed12/steer_alpha_1p05_traj_c8_tok120_seed03_the_bus_was_ten_minutes_late.json,4,3,0,-0.9184166087643808,0.0,0.4103225806451613,0.0,0.0,0.0,0.0,0.7741935483870968,0.05999999999999997,0.7286157635467981,0.0,0.0,0.0,,0.0,0.0,,0.0,0.0,,0.0,,0.25,0.75,the; bus; was; ten; minutes; late; single; red; ladybug; landed; windowsill; lone,the,0.0,0.0,0.0,0,0,"A faded, yellow, worn-out picnic basket sat resting next to the toy truck."
steer_alpha_1p05_traj_c8_tok120_seed03_the_bus_was_ten_minutes_late.json,steer_alpha_1p05_traj,experiments/frontier_sweep_model_compare_gemma2_push_traj_seed12/steer_alpha_1p05_traj_c8_tok120_seed03_the_bus_was_ten_minutes_late.json,4,4,0,-0.39906317055123897,0.0,0.3943867924528302,0.0,0.0,0.0,0.0,0.7887735849056604,0.0,0.803375,0.0,0.0,0.0,,0.0,0.0,,0.0,0.0,,0.0,,0.25,0.75,the; bus; was; ten; minutes; late; single; red; ladybug; landed; windowsill; lone,the,0.5,0.0,0.0,0,0,The weathered deck chair creaked gently as a young girl walked by.
steer_alpha_1p05_traj_c8_tok120_seed03_the_bus_was_ten_minutes_late.json,steer_alpha_1p05_traj,experiments/frontier_sweep_model_compare_gemma2_push_traj_seed12/steer_alpha_1p05_traj_c8_tok120_seed03_the_bus_was_ten_minutes_late.json,4,5,0,-0.8613508916900091,0.013237908496732025,0.4843137254901961,0.03333333333333333,0.0,0.0,0.16666666666666666,0.9686274509803922,0.0,0.8340833333333333,0.0,0.0,0.0,,0.0,0.0,,0.0,0.0,,0.0,,0.0,1.0,the; bus; was; ten; minutes; late; single; red; ladybug; landed; windowsill; lone,,0.0,0.0,0.0,0,0,"A faded, yellowing, hand-drawn map, tacked to a nearby wall."
steer_alpha_1p05_traj_c8_tok120_seed03_the_bus_was_ten_minutes_late.json,steer_alpha_1p05_traj,experiments/frontier_sweep_model_compare_gemma2_push_traj_seed12/steer_alpha_1p05_traj_c8_tok120_seed03_the_bus_was_ten_minutes_late.json,4,6,0,-1.7097159188034183,0.0,0.48618589743589746,0.0,0.0,0.0,0.0,0.9723717948717949,0.0,0.993125,0.0,0.0,0.0,,0.0,0.0,,0.0,0.0,,0.0,,0.0,1.0,the; bus; was; ten; minutes; late; single; red; ladybug; landed; windowsill; lone,,0.0,0.0,0.0,0,0,"A faded, worn photo, tucked inside an old, half-opened book, depicting a bustling city street."
steer_alpha_1p05_traj_c8_tok120_seed03_the_bus_was_ten_minutes_late.json,steer_alpha_1p05_traj,experiments/frontier_sweep_model_compare_gemma2_push_traj_seed12/steer_alpha_1p05_traj_c8_tok120_seed03_the_bus_was_ten_minutes_late.json,4,7,0,-0.8484405803966152,0.02207156063218391,0.40374806034482763,0.06666666666666667,0.0,0.0,0.3333333333333333,0.7617887931034483,0.05999999999999997,0.7286157635467981,0.0,0.3333333333333333,9.090909090909092,leather-bound,0.3333333333333333,9.090909090909092,leather-bound,0.0,0.0,,0.5,leather-bound,0.25,0.75,the; bus; was; ten; minutes; late; single; red; ladybug; landed; windowsill; lone,the,0.0,0.0,0.0,0,0,"A worn, leather-bound book with a chipped spine sat open on the bench."
steer_alpha_1p05_traj_c8_tok120_seed03_the_bus_was_ten_minutes_late.json,steer_alpha_1p05_traj,experiments/frontier_sweep_model_compare_gemma2_push_traj_seed12/steer_alpha_1p05_traj_c8_tok120_seed03_the_bus_was_ten_minutes_late.json,4,8,0,-0.3666811786382552,0.0,0.5102790697674419,0.0,0.0,0.0,0.0,0.9627906976744186,0.05999999999999997,0.6738189655172415,0.0,0.3333333333333333,12.5,leather-bound,0.3333333333333333,12.5,leather-bound,0.0,0.0,,0.5,leather-bound,0.0,1.0,the; bus; was; ten; minutes; late; single; red; ladybug; landed; windowsill; lone,,0.0,0.0,0.0,0,0,"A worn, leather-bound book lay open on a park bench."
steer_alpha_1p05_traj_c8_tok120_seed03_the_bus_was_ten_minutes_late.json,steer_alpha_1p05_traj,experiments/frontier_sweep_model_compare_gemma2_push_traj_seed12/steer_alpha_1p05_traj_c8_tok120_seed03_the_bus_was_ten_minutes_late.json,5,1,1,0.3906732867674324,0.0,0.39966990927419355,0.0,0.0,0.0,0.0,0.7752083333333334,0.031129032258064487,0.6265953837597331,0.0,0.0,0.0,,0.0,0.0,,0.0,0.0,,0.0,,0.5,0.5,the; bus; was; ten; minutes; late; single; red; ladybug; landed; windowsill; lone,the; red,0.3333333333333333,0.0,0.0,0,0,"A weathered, worn, red toolbox rested beside the toy truck."
steer_alpha_1p05_traj_c8_tok120_seed03_the_bus_was_ten_minutes_late.json,steer_alpha_1p05_traj,experiments/frontier_sweep_model_compare_gemma2_push_traj_seed12/steer_alpha_1p05_traj_c8_tok120_seed03_the_bus_was_ten_minutes_late.json,5,2,0,0.6798457946971892,0.0,0.4601666666666666,0.0,0.0,0.0,0.0,0.7669444444444444,0.19999999999999998,0.7468175287356322,0.0,0.0,0.0,,0.0,0.0,,0.0,0.0,,0.0,,0.25,0.75,the; bus; was; ten; minutes; late; single; red; ladybug; landed; windowsill; lone,the,0.25,0.0,0.0,0,0,"The rusty lock on a weathered toolbox clicked open, revealing a worn, green tool inside."
steer_alpha_1p05_traj_c8_tok120_seed03_the_bus_was_ten_minutes_late.json,steer_alpha_1p05_traj,experiments/frontier_sweep_model_compare_gemma2_push_traj_seed12/steer_alpha_1p05_traj_c8_tok120_seed03_the_bus_was_ten_minutes_late.json,5,3,0,0.0952459246136631,0.0,0.47349074074074077,0.0,0.0,0.0,0.0,0.9469814814814815,0.0,0.7484856321839081,0.0,0.0,0.0,,0.0,0.0,,0.0,0.0,,0.0,,0.25,0.75,the; bus; was; ten; minutes; late; single; red; ladybug; landed; windowsill; lone,the,0.0,0.0,0.0,0,0,"The plastic toy truck rustled, creaked, and shifted in the breeze."
steer_alpha_1p05_traj_c8_tok120_seed03_the_bus_was_ten_minutes_late.json,steer_alpha_1p05_traj,experiments/frontier_sweep_model_compare_gemma2_push_traj_seed12/steer_alpha_1p05_traj_c8_tok120_seed03_the_bus_was_ten_minutes_late.json,5,4,0,-0.5109651616132345,0.0,0.4199045454545455,0.0,0.0,0.0,0.0,0.7922727272727272,0.05999999999999997,0.8887614942528737,0.0,0.0,0.0,,0.0,0.0,,0.0,0.0,,0.0,,0.25,0.75,the; bus; was; ten; minutes; late; single; red; ladybug; landed; windowsill; lone,the,0.3333333333333333,0.0,0.0,0,0,"A chipped, ceramic teacup, resting on the weathered deck chair, gleams a faint, yellow shade."
steer_alpha_1p05_traj_c8_tok120_seed03_the_bus_was_ten_minutes_late.json,steer_alpha_1p05_traj,experiments/frontier_sweep_model_compare_gemma2_push_traj_seed12/steer_alpha_1p05_traj_c8_tok120_seed03_the_bus_was_ten_minutes_late.json,5,5,0,0.8589238436820581,0.0,0.43217894736842105,0.0,0.0,0.0,0.0,0.7202982456140351,0.19999999999999998,0.7316767241379312,0.0,0.0,0.0,,0.0,0.0,,0.0,0.0,,0.0,,0.75,0.25,the; bus; was; ten; minutes; late; single; red; ladybug; landed; windowsill; lone,the; bus; red,0.3333333333333333,0.0,0.0,0,0,"A brown, weathered suitcase lay open on the bus seat beside a faded, red map, the outline of a city etched in faded ink."
steer_alpha_1p05_traj_c8_tok120_seed03_the_bus_was_ten_minutes_late.json,steer_alpha_1p05_traj,experiments/frontier_sweep_model_compare_gemma2_push_traj_seed12/steer_alpha_1p05_traj_c8_tok120_seed03_the_bus_was_ten_minutes_late.json,5,6,0,-0.39704155649328676,0.0,0.48213312026515154,0.0,0.0,0.0,0.0,0.9096851325757576,0.05999999999999997,0.8574841954022989,0.0,0.0,0.0,,0.0,0.0,,0.0,0.0,,0.0,,0.5,0.5,the; bus; was; ten; minutes; late; single; red; ladybug; landed; windowsill; lone,the; ladybug,0.0,0.0,0.0,0,0,"The ladybug's gaze shifted, focusing on a puddle, reflecting the setting sun."
steer_alpha_1p05_traj_c8_tok120_seed03_the_bus_was_ten_minutes_late.json,steer_alpha_1p05_traj,experiments/frontier_sweep_model_compare_gemma2_push_traj_seed12/steer_alpha_1p05_traj_c8_tok120_seed03_the_bus_was_ten_minutes_late.json,5,7,0,0.7023708217474638,0.0,0.43879771167048054,0.0,0.0,0.0,0.0,0.7313295194508009,0.19999999999999998,0.8311666666666668,0.0,0.0,0.0,,0.0,0.0,,0.0,0.0,,0.0,,0.5,0.5,the; bus; was; ten; minutes; late; single; red; ladybug; landed; windowsill; lone,the; lone,0.3333333333333333,0.0,0.0,0,0,"A lone, weathered suitcase sat open on the curb, its worn leather contrasting with the bright, plastic of a nearby, discarded toy dinosaur."
steer_alpha_1p05_traj_c8_tok120_seed03_the_bus_was_ten_minutes_late.json,steer_alpha_1p05_traj,experiments/frontier_sweep_model_compare_gemma2_push_traj_seed12/steer_alpha_1p05_traj_c8_tok120_seed03_the_bus_was_ten_minutes_late.json,5,8,0,-0.06914714990912785,0.0,0.48214614499424624,0.0,0.0,0.0,0.0,0.9642922899884925,0.0,0.9157614942528736,0.0,0.0,0.0,,0.0,0.0,,0.0,0.0,,0.0,,0.0,1.0,the; bus; was; ten; minutes; late; single; red; ladybug; landed; windowsill; lone,,0.0,0.0,0.0,0,0,"A worn, brown toolbox, half-open in a forgotten corner, held a solitary, rusty wrench inside."
steer_alpha_1p05_traj_c8_tok120_seed04_a_blue_mug_near_the_sink.json,steer_alpha_1p05_traj,experiments/frontier_sweep_model_compare_gemma2_push_traj_seed12/steer_alpha_1p05_traj_c8_tok120_seed04_a_blue_mug_near_the_sink.json,1,1,1,0.3120908602150537,0.0,0.5562365591397849,0.0,0.0,0.0,0.0,0.8,0.39059139784946223,0.27423387096774204,0.0,0.0,0.0,,0.0,0.0,,0.0,0.0,,0.0,,0.0,1.0,blue; mug; the; sink,,0.0,0.0,0.0,0,0,A red balloon floating across a black sky.
steer_alpha_1p05_traj_c8_tok120_seed04_a_blue_mug_near_the_sink.json,steer_alpha_1p05_traj,experiments/frontier_sweep_model_compare_gemma2_push_traj_seed12/steer_alpha_1p05_traj_c8_tok120_seed04_a_blue_mug_near_the_sink.json,1,2,0,0.6435146733220543,0.0,0.4124516129032258,0.0,0.0,0.0,0.0,0.8,0.031129032258064487,0.6265953837597331,0.0,0.0,0.0,,0.0,0.0,,0.0,0.0,,0.0,,0.25,0.75,blue; mug; the; sink,the,0.1,0.0,0.0,0,0,"A worn, wooden rocking chair near the fireplace."
steer_alpha_1p05_traj_c8_tok120_seed04_a_blue_mug_near_the_sink.json,steer_alpha_1p05_traj,experiments/frontier_sweep_model_compare_gemma2_push_traj_seed12/steer_alpha_1p05_traj_c8_tok120_seed04_a_blue_mug_near_the_sink.json,1,3,0,-0.9371080081829801,0.0,0.4041607781168265,0.0,0.0,0.0,0.0,0.783918918918919,0.031129032258064487,0.6265953837597331,0.0,0.0,0.0,,0.0,0.0,,0.0,0.0,,0.0,,0.25,0.75,blue; mug; the; sink,the,0.1,0.0,0.0,0,0,A worn leather jacket draped over the armchair
steer_alpha_1p05_traj_c8_tok120_seed04_a_blue_mug_near_the_sink.json,steer_alpha_1p05_traj,experiments/frontier_sweep_model_compare_gemma2_push_traj_seed12/steer_alpha_1p05_traj_c8_tok120_seed04_a_blue_mug_near_the_sink.json,1,4,0,0.6010146733220543,0.0,0.4034292338709677,0.0,0.0,0.0,0.0,0.7825,0.031129032258064487,0.6265953837597331,0.0,0.0,0.0,,0.0,0.0,,0.0,0.0,,0.0,,0.5,0.5,blue; mug; the; sink,the; sink,0.1,0.0,0.0,0,0,A worn leather jacket draped over the sink.
steer_alpha_1p05_traj_c8_tok120_seed04_a_blue_mug_near_the_sink.json,steer_alpha_1p05_traj,experiments/frontier_sweep_model_compare_gemma2_push_traj_seed12/steer_alpha_1p05_traj_c8_tok120_seed04_a_blue_mug_near_the_sink.json,1,5,0,1.1026342188488298,0.0,0.4718709677419355,0.0,0.0,0.0,0.0,0.8,0.17967741935483866,0.3691451612903226,0.0,0.3333333333333333,14.285714285714286,porcelain,0.3333333333333333,14.285714285714286,porcelain,0.0,0.0,,0.5,porcelain,0.75,0.25,blue; mug; the; sink,blue; mug; the,0.0,0.0,0.0,0,0,A chipped porcelain plate next to the blue mug.
steer_alpha_1p05_traj_c8_tok120_seed04_a_blue_mug_near_the_sink.json,steer_alpha_1p05_traj,experiments/frontier_sweep_model_compare_gemma2_push_traj_seed12/steer_alpha_1p05_traj_c8_tok120_seed04_a_blue_mug_near_the_sink.json,1,6,0,0.3758956385527886,0.0,0.540293561827957,0.0,0.0,0.0,0.0,0.7692777777777777,0.4046774193548386,0.47771700037078246,0.0,0.3333333333333333,9.090909090909092,leather-bound,0.3333333333333333,9.090909090909092,leather-bound,0.0,0.0,,0.5,leather-bound,0.25,0.75,blue; mug; the; sink,the,0.1,0.0,0.0,0,0,"A worn, leather-bound notebook lying open on the table, next to a chipped paintbrush."
steer_alpha_1p05_traj_c8_tok120_seed04_a_blue_mug_near_the_sink.json,steer_alpha_1p05_traj,experiments/frontier_sweep_model_compare_gemma2_push_traj_seed12/steer_alpha_1p05_traj_c8_tok120_seed04_a_blue_mug_near_the_sink.json,1,7,0,0.06506559139784962,0.0,0.4718709677419355,0.0,0.0,0.0,0.0,0.8,0.17967741935483866,0.3691451612903226,0.0,0.3333333333333333,20.0,porcelain,0.3333333333333333,20.0,porcelain,0.0,0.0,,0.5,porcelain,0.0,1.0,blue; mug; the; sink,,0.1,0.0,0.0,0,0,A red rose in a cracked porcelain vase
steer_alpha_1p05_traj_c8_tok120_seed04_a_blue_mug_near_the_sink.json,steer_alpha_1p05_traj,experiments/frontier_sweep_model_compare_gemma2_push_traj_seed12/steer_alpha_1p05_traj_c8_tok120_seed04_a_blue_mug_near_the_sink.json,1,8,0,0.4569574832897415,0.0,0.564332170880558,0.0,0.0,0.0,0.0,0.9567567567567568,0.17967741935483866,0.3691451612903226,0.0,0.3333333333333333,20.0,leather-bound,0.3333333333333333,20.0,leather-bound,0.0,0.0,,0.5,leather-bound,0.0,1.0,blue; mug; the; sink,,0.1,0.0,0.0,0,0,"A worn, leather-bound book on a windowsill."
steer_alpha_1p05_traj_c8_tok120_seed04_a_blue_mug_near_the_sink.json,steer_alpha_1p05_traj,experiments/frontier_sweep_model_compare_gemma2_push_traj_seed12/steer_alpha_1p05_traj_c8_tok120_seed04_a_blue_mug_near_the_sink.json,2,1,1,1.3664437426583536,0.0,0.5620815939278937,0.0,0.0,0.0,0.0,0.9529411764705882,0.17967741935483866,0.3691451612903226,0.0,0.0,0.0,,0.0,0.0,,0.0,0.0,,0.0,,0.75,0.25,blue; mug; the; sink; red; balloon; floating; across; black; sky,the; red; balloon,0.0,0.0,0.0,0,0,A child's hand gripping the red balloon.
steer_alpha_1p05_traj_c8_tok120_seed04_a_blue_mug_near_the_sink.json,steer_alpha_1p05_traj,experiments/frontier_sweep_model_compare_gemma2_push_traj_seed12/steer_alpha_1p05_traj_c8_tok120_seed04_a_blue_mug_near_the_sink.json,2,2,0,1.4880908014818832,0.0,0.4718709677419355,0.0,0.0,0.0,0.0,0.8,0.17967741935483866,0.3691451612903226,0.0,0.0,0.0,,0.0,0.0,,0.0,0.0,,0.0,,0.75,0.25,blue; mug; the; sink; red; balloon; floating; across; black; sky,blue; mug; the,0.0,0.0,0.0,0,0,A silver spoon nestled in the blue mug.
steer_alpha_1p05_traj_c8_tok120_seed04_a_blue_mug_near_the_sink.json,steer_alpha_1p05_traj,experiments/frontier_sweep_model_compare_gemma2_push_traj_seed12/steer_alpha_1p05_traj_c8_tok120_seed04_a_blue_mug_near_the_sink.json,2,3,0,1.975610181326844,0.0,0.5004799887471867,0.0,0.0,0.0,0.0,0.7584883720930232,0.3196774193548386,0.30614516129032265,0.0,0.0,0.0,,0.0,0.0,,0.0,0.0,,0.0,,0.75,0.25,blue; mug; the; sink; red; balloon; floating; across; black; sky,the; red; balloon,0.0,0.0,0.0,0,0,"A lone, silver feather floats beside the red balloon."
steer_alpha_1p05_traj_c8_tok120_seed04_a_blue_mug_near_the_sink.json,steer_alpha_1p05_traj,experiments/frontier_sweep_model_compare_gemma2_push_traj_seed12/steer_alpha_1p05_traj_c8_tok120_seed04_a_blue_mug_near_the_sink.json,2,4,0,-1.5177653827003548,0.0,0.4124516129032258,0.0,0.0,0.0,0.0,0.8,0.031129032258064487,0.6742620504263998,0.0,0.0,0.0,,0.0,0.0,,0.0,0.0,,0.0,,0.25,0.75,blue; mug; the; sink; red; balloon; floating; across; black; sky,red,0.1,0.0,0.0,0,0,"A worn, red baseball, nestled next to a blooming sunflower"
steer_alpha_1p05_traj_c8_tok120_seed04_a_blue_mug_near_the_sink.json,steer_alpha_1p05_traj,experiments/frontier_sweep_model_compare_gemma2_push_traj_seed12/steer_alpha_1p05_traj_c8_tok120_seed04_a_blue_mug_near_the_sink.json,2,5,0,-1.266949623504574,0.023458784285714285,0.40261071428571427,0.06666666666666667,0.0,0.0,0.3333333333333333,0.7596428571428571,0.05999999999999997,0.8314856321839081,0.0,0.0,0.0,,0.0,0.0,,0.0,0.0,,0.0,,0.0,1.0,blue; mug; the; sink; red; balloon; floating; across; black; sky,,0.3,0.0,0.0,0,0,"A worn paperback book with a cracked spine, half-hidden beneath a pile of cushions."
steer_alpha_1p05_traj_c8_tok120_seed04_a_blue_mug_near_the_sink.json,steer_alpha_1p05_traj,experiments/frontier_sweep_model_compare_gemma2_push_traj_seed12/steer_alpha_1p05_traj_c8_tok120_seed04_a_blue_mug_near_the_sink.json,2,6,0,-1.5216071291735083,0.0,0.3858333333333333,0.0,0.0,0.0,0.0,0.7716666666666666,0.0,0.7008189655172414,0.0,0.0,0.0,,0.0,0.0,,0.0,0.0,,0.0,,0.25,0.75,blue; mug; the; sink; red; balloon; floating; across; black; sky,the,0.0,0.0,0.0,0,0,"A lone, windblown dandelion seed adrift in the wind."
steer_alpha_1p05_traj_c8_tok120_seed04_a_blue_mug_near_the_sink.json,steer_alpha_1p05_traj,experiments/frontier_sweep_model_compare_gemma2_push_traj_seed12/steer_alpha_1p05_traj_c8_tok120_seed04_a_blue_mug_near_the_sink.json,2,7,0,-1.37275,0.0,0.53,0.0,0.0,0.0,0.0,1.0,0.05999999999999997,0.8707916666666667,0.0,0.0,0.0,,0.0,0.0,,0.0,0.0,,0.0,,0.0,1.0,blue; mug; the; sink; red; balloon; floating; across; black; sky,,0.1,0.0,0.0,0,0,"A lone dandelion seed, drifting on a gentle breeze, against a weathered brick wall."
steer_alpha_1p05_traj_c8_tok120_seed04_a_blue_mug_near_the_sink.json,steer_alpha_1p05_traj,experiments/frontier_sweep_model_compare_gemma2_push_traj_seed12/steer_alpha_1p05_traj_c8_tok120_seed04_a_blue_mug_near_the_sink.json,2,8,0,-2.270646258503401,0.0,0.4878571428571428,0.0,0.0,0.0,0.0,0.9757142857142856,0.0,0.8276666666666668,0.0,0.0,0.0,,0.0,0.0,,0.0,0.0,,0.0,,0.0,1.0,blue; mug; the; sink; red; balloon; floating; across; black; sky,,0.0,0.0,0.0,0,0,"A spider web glistening with dew, clinging to a wooden fence."
steer_alpha_1p05_traj_c8_tok120_seed04_a_blue_mug_near_the_sink.json,steer_alpha_1p05_traj,experiments/frontier_sweep_model_compare_gemma2_push_traj_seed12/steer_alpha_1p05_traj_c8_tok120_seed04_a_blue_mug_near_the_sink.json,3,1,1,3.0118825709910446,0.0,0.7595099851443123,0.0,0.0,0.0,0.0,0.9443421052631579,0.6085483870967741,0.17615322580645168,0.0,0.0,0.0,,0.0,0.0,,0.0,0.0,,0.0,,0.75,0.25,blue; mug; the; sink; red; balloon; floating; across; black; sky; child's; hand,the; child's; hand,0.0,0.0,0.0,0,0,"The child's hand, now holding a dandelion puff."
steer_alpha_1p05_traj_c8_tok120_seed04_a_blue_mug_near_the_sink.json,steer_alpha_1p05_traj,experiments/frontier_sweep_model_compare_gemma2_push_traj_seed12/steer_alpha_1p05_traj_c8_tok120_seed04_a_blue_mug_near_the_sink.json,3,2,0,1.7335317452943357,0.0,0.5253297239988876,0.0,0.0,0.0,0.0,0.7197887931034482,0.45967741935483863,0.4117170003707824,0.0,0.0,0.0,,0.0,0.0,,0.0,0.0,,0.0,,0.5,0.5,blue; mug; the; sink; red; balloon; floating; across; black; sky; child's; hand,the; child's,0.0,0.0,0.0,0,0,"A sunbeam breaks through the window, illuminating the child's face."
steer_alpha_1p05_traj_c8_tok120_seed04_a_blue_mug_near_the_sink.json,steer_alpha_1p05_traj,experiments/frontier_sweep_model_compare_gemma2_push_traj_seed12/steer_alpha_1p05_traj_c8_tok120_seed04_a_blue_mug_near_the_sink.json,3,3,0,0.9659337645600459,0.0,0.5185502999268052,0.0,0.0,0.0,0.0,0.930135067133283,0.11499999999999996,0.6554856321839081,0.0,0.0,0.0,,0.0,0.0,,0.0,0.0,,0.0,,1.0,0.0,blue; mug; the; sink; red; balloon; floating; across; black; sky; child's; hand,blue; mug; the; child's; hand,0.0,0.0,0.0,0,0,"The child's hand, small and curious, reaches out to touch the blue mug."
steer_alpha_1p05_traj_c8_tok120_seed04_a_blue_mug_near_the_sink.json,steer_alpha_1p05_traj,experiments/frontier_sweep_model_compare_gemma2_push_traj_seed12/steer_alpha_1p05_traj_c8_tok120_seed04_a_blue_mug_near_the_sink.json,3,4,0,-1.1902129032258064,0.0,0.3904032258064516,0.0,0.0,0.0,0.0,0.7808064516129032,0.0,0.45,0.0,0.0,0.0,,0.0,0.0,,0.0,0.0,,0.0,,0.0,1.0,blue; mug; the; sink; red; balloon; floating; across; black; sky; child's; hand,,0.0,0.0,0.0,0,0,A single raindrop falling from a cloud.
steer_alpha_1p05_traj_c8_tok120_seed04_a_blue_mug_near_the_sink.json,steer_alpha_1p05_traj,experiments/frontier_sweep_model_compare_gemma2_push_traj_seed12/steer_alpha_1p05_traj_c8_tok120_seed04_a_blue_mug_near_the_sink.json,3,5,0,0.8242898393884805,0.0,0.4846306451612903,0.0,0.0,0.0,0.0,0.9400000000000001,0.031129032258064487,0.6742620504263998,0.0,0.0,0.0,,0.0,0.0,,0.0,0.0,,0.0,,0.5,0.5,blue; mug; the; sink; red; balloon; floating; across; black; sky; child's; hand,the; across,0.0,0.0,0.0,0,0,"The child runs, laughing, across the park."
steer_alpha_1p05_traj_c8_tok120_seed04_a_blue_mug_near_the_sink.json,steer_alpha_1p05_traj,experiments/frontier_sweep_model_compare_gemma2_push_traj_seed12/steer_alpha_1p05_traj_c8_tok120_seed04_a_blue_mug_near_the_sink.json,3,6,0,-0.0011651281984745854,0.0,0.4866791044776119,0.0,0.0,0.0,0.0,0.9733582089552238,0.0,0.8032824302134647,0.0,0.0,0.0,,0.0,0.0,,0.0,0.0,,0.0,,1.0,0.0,blue; mug; the; sink; red; balloon; floating; across; black; sky; child's; hand,blue; mug; the; red; balloon; floating,0.0,0.0,0.0,0,0,"A blurry, joyful, face peering over a blue mug, watching the floating red balloon."
steer_alpha_1p05_traj_c8_tok120_seed04_a_blue_mug_near_the_sink.json,steer_alpha_1p05_traj,experiments/frontier_sweep_model_compare_gemma2_push_traj_seed12/steer_alpha_1p05_traj_c8_tok120_seed04_a_blue_mug_near_the_sink.json,3,7,0,-0.1267290209106895,0.0,0.34641472868217055,0.0,0.0,0.0,0.0,0.6928294573643411,0.0,0.78,0.0,0.0,0.0,,0.0,0.0,,0.0,0.0,,0.0,,0.5,0.5,blue; mug; the; sink; red; balloon; floating; across; black; sky; child's; hand,the; balloon,0.0,0.0,0.0,0,0,The child laughs as the balloon drifts toward the sun.
steer_alpha_1p05_traj_c8_tok120_seed04_a_blue_mug_near_the_sink.json,steer_alpha_1p05_traj,experiments/frontier_sweep_model_compare_gemma2_push_traj_seed12/steer_alpha_1p05_traj_c8_tok120_seed04_a_blue_mug_near_the_sink.json,3,8,0,-0.4879274123442481,0.0,0.4678925287356322,0.0,0.0,0.0,0.0,0.882816091954023,0.05999999999999997,0.852365763546798,0.0,0.0,0.0,,0.0,0.0,,0.0,0.0,,0.0,,1.0,0.0,blue; mug; the; sink; red; balloon; floating; across; black; sky; child's; hand,the; balloon; child's; hand,0.0,0.0,0.0,0,0,"The child's hand lets go of the balloon, and it drifts toward the ground."
steer_alpha_1p05_traj_c8_tok120_seed04_a_blue_mug_near_the_sink.json,steer_alpha_1p05_traj,experiments/frontier_sweep_model_compare_gemma2_push_traj_seed12/steer_alpha_1p05_traj_c8_tok120_seed04_a_blue_mug_near_the_sink.json,4,1,1,2.0567062448304383,0.0,0.6952956989247311,0.0,0.0,0.0,0.0,1.0,0.39059139784946223,0.27423387096774204,0.0,0.0,0.0,,0.0,0.0,,0.0,0.0,,0.0,,0.25,0.75,blue; mug; the; sink; red; balloon; floating; across; black; sky; child's; hand,black,0.0,0.0,0.0,0,0,A black dog panting in a field.
steer_alpha_1p05_traj_c8_tok120_seed04_a_blue_mug_near_the_sink.json,steer_alpha_1p05_traj,experiments/frontier_sweep_model_compare_gemma2_push_traj_seed12/steer_alpha_1p05_traj_c8_tok120_seed04_a_blue_mug_near_the_sink.json,4,2,0,0.566840387884597,0.0,0.5,0.0,0.0,0.0,0.0,1.0,0.0,0.7484856321839081,0.0,0.0,0.0,,0.0,0.0,,0.0,0.0,,0.0,,0.5,0.5,blue; mug; the; sink; red; balloon; floating; across; black; sky; child's; hand,blue; mug,0.2,0.0,0.0,0,0,"A dandelion puff, nestled against a worn, faded blue mug."
steer_alpha_1p05_traj_c8_tok120_seed04_a_blue_mug_near_the_sink.json,steer_alpha_1p05_traj,experiments/frontier_sweep_model_compare_gemma2_push_traj_seed12/steer_alpha_1p05_traj_c8_tok120_seed04_a_blue_mug_near_the_sink.json,4,3,0,0.08081317262858845,0.0,0.3932519696969697,0.0,0.0,0.0,0.0,0.7419848484848485,0.05999999999999997,0.6873657635467981,0.0,0.0,0.0,,0.0,0.0,,0.0,0.0,,0.0,,1.0,0.0,blue; mug; the; sink; red; balloon; floating; across; black; sky; child's; hand,mug; the; black; sky,0.0,0.0,0.0,0,0,"A dandelion puff adrift in the black sky, a robin perched on the mug nearby."
steer_alpha_1p05_traj_c8_tok120_seed04_a_blue_mug_near_the_sink.json,steer_alpha_1p05_traj,experiments/frontier_sweep_model_compare_gemma2_push_traj_seed12/steer_alpha_1p05_traj_c8_tok120_seed04_a_blue_mug_near_the_sink.json,4,4,0,-1.6256331070889893,0.0,0.4,0.0,0.0,0.0,0.0,0.8,0.0,0.8987083333333334,0.0,0.0,0.0,,0.0,0.0,,0.0,0.0,,0.0,,1.0,0.0,blue; mug; the; sink; red; balloon; floating; across; black; sky; child's; hand,blue; mug; the; black,0.0,0.0,0.0,0,0,"A dandelion puff drifts down from a black, swirling cloud towards the blue mug."
steer_alpha_1p05_traj_c8_tok120_seed04_a_blue_mug_near_the_sink.json,steer_alpha_1p05_traj,experiments/frontier_sweep_model_compare_gemma2_push_traj_seed12/steer_alpha_1p05_traj_c8_tok120_seed04_a_blue_mug_near_the_sink.json,4,5,0,-0.3804353336825449,0.0,0.3739355603448276,0.0,0.0,0.0,0.0,0.7055387931034482,0.05999999999999997,0.7350324302134648,0.0,0.0,0.0,,0.0,0.0,,0.0,0.0,,0.0,,1.0,0.0,blue; mug; the; sink; red; balloon; floating; across; black; sky; child's; hand,blue; mug; the; child's; hand,0.0,0.0,0.0,0,0,"A dandelion puff falls from the child's hand, landing on the blue mug."
steer_alpha_1p05_traj_c8_tok120_seed04_a_blue_mug_near_the_sink.json,steer_alpha_1p05_traj,experiments/frontier_sweep_model_compare_gemma2_push_traj_seed12/steer_alpha_1p05_traj_c8_tok120_seed04_a_blue_mug_near_the_sink.json,4,6,0,-0.5922826838958395,0.0,0.3729285714285714,0.0,0.0,0.0,0.0,0.7458571428571428,0.0,0.8032824302134647,0.0,0.0,0.0,,0.0,0.0,,0.0,0.0,,0.0,,0.5,0.5,blue; mug; the; sink; red; balloon; floating; across; black; sky; child's; hand,mug; the,0.0,0.0,0.0,0,0,"The dandelion puff drifts down gently, landing near the mug."
steer_alpha_1p05_traj_c8_tok120_seed04_a_blue_mug_near_the_sink.json,steer_alpha_1p05_traj,experiments/frontier_sweep_model_compare_gemma2_push_traj_seed12/steer_alpha_1p05_traj_c8_tok120_seed04_a_blue_mug_near_the_sink.json,4,7,0,-0.4396534927481731,0.0,0.3822645449308756,0.0,0.0,0.0,0.0,0.6996428571428571,0.09274193548387091,0.7595233129403041,0.0,0.0,0.0,,0.0,0.0,,0.0,0.0,,0.0,,1.0,0.0,blue; mug; the; sink; red; balloon; floating; across; black; sky; child's; hand,blue; mug; the; child's; hand,0.0,0.0,0.0,0,0,"The dandelion puff drifts towards the blue mug, growing larger in the child's hand."
steer_alpha_1p05_traj_c8_tok120_seed04_a_blue_mug_near_the_sink.json,steer_alpha_1p05_traj,experiments/frontier_sweep_model_compare_gemma2_push_traj_seed12/steer_alpha_1p05_traj_c8_tok120_seed04_a_blue_mug_near_the_sink.json,4,8,0,-0.0028959857062964556,0.0,0.4459550561797752,0.0,0.0,0.0,0.0,0.7432584269662921,0.19999999999999998,0.9100000000000001,0.0,0.0,0.0,,0.0,0.0,,0.0,0.0,,0.0,,0.25,0.75,blue; mug; the; sink; red; balloon; floating; across; black; sky; child's; hand,black,0.0,0.0,0.0,0,0,"A dandelion puff drifts through a field of black sunflowers, leaving a trail of tiny, black seeds in its wake."
steer_alpha_1p05_traj_c8_tok120_seed04_a_blue_mug_near_the_sink.json,steer_alpha_1p05_traj,experiments/frontier_sweep_model_compare_gemma2_push_traj_seed12/steer_alpha_1p05_traj_c8_tok120_seed04_a_blue_mug_near_the_sink.json,5,1,1,0.5650655913978496,0.032952322580645156,0.5898387096774194,0.06666666666666667,0.0,0.0,0.3333333333333333,1.0,0.17967741935483866,0.3691451612903226,0.0,0.0,0.0,,0.0,0.0,,0.0,0.0,,0.0,,0.0,1.0,blue; mug; the; sink; red; balloon; floating; across; black; sky; child's; hand,,0.1,0.0,0.0,0,0,Rain falls softly on a roof.
steer_alpha_1p05_traj_c8_tok120_seed04_a_blue_mug_near_the_sink.json,steer_alpha_1p05_traj,experiments/frontier_sweep_model_compare_gemma2_push_traj_seed12/steer_alpha_1p05_traj_c8_tok120_seed04_a_blue_mug_near_the_sink.json,5,2,0,3.4339852489382854,0.0,0.8976612903225807,0.0,0.0,0.0,0.0,1.0,0.7953225806451613,0.09210483870967744,0.0,0.0,0.0,,0.0,0.0,,0.0,0.0,,0.0,,0.0,1.0,blue; mug; the; sink; red; balloon; floating; across; black; sky; child's; hand,,0.1,0.0,0.0,0,0,"A weathered fence in a field, leaning against a tree."
steer_alpha_1p05_traj_c8_tok120_seed04_a_blue_mug_near_the_sink.json,steer_alpha_1p05_traj,experiments/frontier_sweep_model_compare_gemma2_push_traj_seed12/steer_alpha_1p05_traj_c8_tok120_seed04_a_blue_mug_near_the_sink.json,5,3,0,0.624717535091901,0.0,0.646236559139785,0.0,0.0,0.0,0.0,0.8,0.6155913978494623,0.31614191694475346,0.0,0.0,0.0,,0.0,0.0,,0.0,0.0,,0.0,,0.0,1.0,blue; mug; the; sink; red; balloon; floating; across; black; sky; child's; hand,,0.1,0.0,0.0,0,0,A weathered wooden fence leaning against a patch of wildflowers.
steer_alpha_1p05_traj_c8_tok120_seed04_a_blue_mug_near_the_sink.json,steer_alpha_1p05_traj,experiments/frontier_sweep_model_compare_gemma2_push_traj_seed12/steer_alpha_1p05_traj_c8_tok120_seed04_a_blue_mug_near_the_sink.json,5,4,0,0.3923274604057416,0.0,0.5652903225806452,0.0,0.0,0.0,0.0,0.8,0.4132258064516128,0.35650528364849843,0.0,0.0,0.0,,0.0,0.0,,0.0,0.0,,0.0,,0.0,1.0,blue; mug; the; sink; red; balloon; floating; across; black; sky; child's; hand,,0.1,0.0,0.0,0,0,"A weathered, wooden fence leaning against a wall."
steer_alpha_1p05_traj_c8_tok120_seed04_a_blue_mug_near_the_sink.json,steer_alpha_1p05_traj,experiments/frontier_sweep_model_compare_gemma2_push_traj_seed12/steer_alpha_1p05_traj_c8_tok120_seed04_a_blue_mug_near_the_sink.json,5,5,0,-1.4350374789915965,0.0,0.4,0.0,0.0,0.0,0.0,0.8,0.0,0.8276666666666668,0.0,0.0,0.0,,0.0,0.0,,0.0,0.0,,0.0,,0.25,0.75,blue; mug; the; sink; red; balloon; floating; across; black; sky; child's; hand,the,0.0,0.0,0.0,0,0,A lone dandelion puff drifts down the wind.
steer_alpha_1p05_traj_c8_tok120_seed04_a_blue_mug_near_the_sink.json,steer_alpha_1p05_traj,experiments/frontier_sweep_model_compare_gemma2_push_traj_seed12/steer_alpha_1p05_traj_c8_tok120_seed04_a_blue_mug_near_the_sink.json,5,6,0,-2.2159369957878203,0.0,0.3805978260869565,0.0,0.0,0.0,0.0,0.761195652173913,0.0,0.8032824302134647,0.0,0.0,0.0,,0.0,0.0,,0.0,0.0,,0.0,,0.25,0.75,blue; mug; the; sink; red; balloon; floating; across; black; sky; child's; hand,the,0.2,0.0,0.0,0,0,"Rain starts to fall, a soft pattering against the ground."
steer_alpha_1p05_traj_c8_tok120_seed04_a_blue_mug_near_the_sink.json,steer_alpha_1p05_traj,experiments/frontier_sweep_model_compare_gemma2_push_traj_seed12/steer_alpha_1p05_traj_c8_tok120_seed04_a_blue_mug_near_the_sink.json,5,7,0,0.13512567371776296,0.0,0.5098285714285714,0.0,0.0,0.0,0.0,0.8922,0.14285714285714277,0.7267729885057472,0.0,0.0,0.0,,0.0,0.0,,0.0,0.0,,0.0,,0.5,0.5,blue; mug; the; sink; red; balloon; floating; across; black; sky; child's; hand,mug; the,0.0,0.0,0.0,0,0,"The dandelion puff drifts down, landing on the edge of the mug."
steer_alpha_1p05_traj_c8_tok120_seed04_a_blue_mug_near_the_sink.json,steer_alpha_1p05_traj,experiments/frontier_sweep_model_compare_gemma2_push_traj_seed12/steer_alpha_1p05_traj_c8_tok120_seed04_a_blue_mug_near_the_sink.json,5,8,0,-3.2140000000000004,0.0,0.5,0.0,0.0,0.0,0.0,1.0,0.0,0.923,0.0,0.0,0.0,,0.0,0.0,,0.0,0.0,,0.0,,0.0,1.0,blue; mug; the; sink; red; balloon; floating; across; black; sky; child's; hand,,0.3,0.0,0.0,0,0,"A worn, wooden fence, weathered by time, painted a faded green."
steer_alpha_1p05_traj_c8_tok120_seed05_the_spreadsheet_was_still_open.json,steer_alpha_1p05_traj,experiments/frontier_sweep_model_compare_gemma2_push_traj_seed12/steer_alpha_1p05_traj_c8_tok120_seed05_the_spreadsheet_was_still_open.json,1,1,1,2.755204942211489,0.0,0.5984380457803844,0.0,0.0,0.0,0.0,0.781969696969697,0.5305913978494622,0.21123387096774202,0.0,0.0,0.0,,0.0,0.0,,0.0,0.0,,0.0,,0.5,0.5,the; spreadsheet; was; open,the; open,0.0,0.0,0.0,0,0,A single pen lay beside the open document.
steer_alpha_1p05_traj_c8_tok120_seed05_the_spreadsheet_was_still_open.json,steer_alpha_1p05_traj,experiments/frontier_sweep_model_compare_gemma2_push_traj_seed12/steer_alpha_1p05_traj_c8_tok120_seed05_the_spreadsheet_was_still_open.json,1,2,0,2.3747835186737856,0.0,0.5910574456114028,0.0,0.0,0.0,0.0,0.7723255813953489,0.5305913978494622,0.21123387096774202,0.0,0.0,0.0,,0.0,0.0,,0.0,0.0,,0.0,,0.5,0.5,the; spreadsheet; was; open,the; spreadsheet,0.0,0.0,0.0,0,0,"A single, red feather lay resting on the spreadsheet."
steer_alpha_1p05_traj_c8_tok120_seed05_the_spreadsheet_was_still_open.json,steer_alpha_1p05_traj,experiments/frontier_sweep_model_compare_gemma2_push_traj_seed12/steer_alpha_1p05_traj_c8_tok120_seed05_the_spreadsheet_was_still_open.json,1,3,0,1.1533989247311829,0.0,0.6598387096774193,0.0,0.0,0.0,0.0,1.0,0.3196774193548386,0.30614516129032265,0.0,0.0,0.0,,0.0,0.0,,0.0,0.0,,0.0,,0.25,0.75,the; spreadsheet; was; open,the,0.2,0.0,0.0,0,0,"A single sock, slightly damp, lies forgotten on the floor."
steer_alpha_1p05_traj_c8_tok120_seed05_the_spreadsheet_was_still_open.json,steer_alpha_1p05_traj,experiments/frontier_sweep_model_compare_gemma2_push_traj_seed12/steer_alpha_1p05_traj_c8_tok120_seed05_the_spreadsheet_was_still_open.json,1,4,0,0.4193702594352875,0.0,0.5778220519713262,0.0,0.0,0.0,0.0,0.9867777777777778,0.17112903225806445,0.6112620504263998,0.0,0.0,0.0,,0.0,0.0,,0.0,0.0,,0.0,,0.25,0.75,the; spreadsheet; was; open,the,0.0,0.0,0.0,0,0,"A lone, red pencil rests on the sheet, its tip sharpened."
steer_alpha_1p05_traj_c8_tok120_seed05_the_spreadsheet_was_still_open.json,steer_alpha_1p05_traj,experiments/frontier_sweep_model_compare_gemma2_push_traj_seed12/steer_alpha_1p05_traj_c8_tok120_seed05_the_spreadsheet_was_still_open.json,1,5,0,-0.8356841128590851,0.0,0.4063163951612903,0.0,0.0,0.0,0.0,0.7881,0.031129032258064487,0.6265953837597331,0.0,0.0,0.0,,0.0,0.0,,0.0,0.0,,0.0,,0.25,0.75,the; spreadsheet; was; open,the,0.0,0.0,0.0,0,0,"A single, red rose grew unfurling from a crack in the concrete."
steer_alpha_1p05_traj_c8_tok120_seed05_the_spreadsheet_was_still_open.json,steer_alpha_1p05_traj,experiments/frontier_sweep_model_compare_gemma2_push_traj_seed12/steer_alpha_1p05_traj_c8_tok120_seed05_the_spreadsheet_was_still_open.json,1,6,0,0.09980000000000011,0.0,0.5,0.0,0.0,0.0,0.0,1.0,0.0,0.45,0.0,0.0,0.0,,0.0,0.0,,0.0,0.0,,0.0,,0.0,1.0,the; spreadsheet; was; open,,0.1,0.0,0.0,0,0,"A faded, red pen rests on its surface"
steer_alpha_1p05_traj_c8_tok120_seed05_the_spreadsheet_was_still_open.json,steer_alpha_1p05_traj,experiments/frontier_sweep_model_compare_gemma2_push_traj_seed12/steer_alpha_1p05_traj_c8_tok120_seed05_the_spreadsheet_was_still_open.json,1,7,0,-1.2493987759731842,0.0,0.4184675438596491,0.0,0.0,0.0,0.0,0.7895614035087719,0.05999999999999997,0.7621508620689655,0.0,0.0,0.0,,0.0,0.0,,0.0,0.0,,0.0,,0.25,0.75,the; spreadsheet; was; open,the,0.2,0.0,0.0,0,0,"A worn leather journal lay on the desk, its pages filled with faded ink."
steer_alpha_1p05_traj_c8_tok120_seed05_the_spreadsheet_was_still_open.json,steer_alpha_1p05_traj,experiments/frontier_sweep_model_compare_gemma2_push_traj_seed12/steer_alpha_1p05_traj_c8_tok120_seed05_the_spreadsheet_was_still_open.json,1,8,0,-3.134323715693174,0.0,0.35238095238095235,0.0,0.0,0.0,0.0,0.7047619047619047,0.0,0.9206157635467982,0.0,0.0,0.0,,0.0,0.0,,0.0,0.0,,0.0,,0.25,0.75,the; spreadsheet; was; open,the,0.0,0.0,0.0,0,0,"A hand reached out, gently tracing the lines of the document."
steer_alpha_1p05_traj_c8_tok120_seed05_the_spreadsheet_was_still_open.json,steer_alpha_1p05_traj,experiments/frontier_sweep_model_compare_gemma2_push_traj_seed12/steer_alpha_1p05_traj_c8_tok120_seed05_the_spreadsheet_was_still_open.json,2,1,1,0.5650655913978496,0.0,0.5898387096774194,0.0,0.0,0.0,0.0,1.0,0.17967741935483866,0.3691451612903226,0.0,0.0,0.0,,0.0,0.0,,0.0,0.0,,0.0,,0.0,1.0,the; spreadsheet; was; open; single; pen; lay; document,,0.0,0.0,0.0,0,0,A coffee mug sat on a desk.
steer_alpha_1p05_traj_c8_tok120_seed05_the_spreadsheet_was_still_open.json,steer_alpha_1p05_traj,experiments/frontier_sweep_model_compare_gemma2_push_traj_seed12/steer_alpha_1p05_traj_c8_tok120_seed05_the_spreadsheet_was_still_open.json,2,2,0,-0.9432102041289263,0.0,0.40286533518145157,0.0,0.0,0.0,0.0,0.78140625,0.031129032258064487,0.6265953837597331,0.0,0.0,0.0,,0.0,0.0,,0.0,0.0,,0.0,,0.25,0.75,the; spreadsheet; was; open; single; pen; lay; document,the,0.1,0.0,0.0,0,0,A worn leather notebook sits on the desk.
steer_alpha_1p05_traj_c8_tok120_seed05_the_spreadsheet_was_still_open.json,steer_alpha_1p05_traj,experiments/frontier_sweep_model_compare_gemma2_push_traj_seed12/steer_alpha_1p05_traj_c8_tok120_seed05_the_spreadsheet_was_still_open.json,2,3,0,-1.0701684855948648,0.0,0.5,0.0,0.0,0.0,0.0,1.0,0.0,0.7484856321839081,0.0,0.3333333333333333,11.11111111111111,faded photograph,0.3333333333333333,11.11111111111111,faded photograph,0.0,0.0,,0.0,,0.25,0.75,the; spreadsheet; was; open; single; pen; lay; document,the,0.2,0.0,0.0,0,0,"A lone, faded photograph, curled and yellowed, sat on the desk."
steer_alpha_1p05_traj_c8_tok120_seed05_the_spreadsheet_was_still_open.json,steer_alpha_1p05_traj,experiments/frontier_sweep_model_compare_gemma2_push_traj_seed12/steer_alpha_1p05_traj_c8_tok120_seed05_the_spreadsheet_was_still_open.json,2,4,0,-1.5502550656814449,0.0,0.4,0.0,0.0,0.0,0.0,0.8,0.0,0.7484856321839081,0.0,0.0,0.0,,0.0,0.0,,0.0,0.0,,0.0,,0.25,0.75,the; spreadsheet; was; open; single; pen; lay; document,the,0.0,0.0,0.0,0,0,"A blue, plastic water bottle sat on the desk, its cap loose."
steer_alpha_1p05_traj_c8_tok120_seed05_the_spreadsheet_was_still_open.json,steer_alpha_1p05_traj,experiments/frontier_sweep_model_compare_gemma2_push_traj_seed12/steer_alpha_1p05_traj_c8_tok120_seed05_the_spreadsheet_was_still_open.json,2,5,0,-0.73872851934661,0.0,0.3716122159090909,0.0,0.0,0.0,0.0,0.7432244318181818,0.0,0.7891508620689656,0.0,0.0,0.0,,0.0,0.0,,0.0,0.0,,0.0,,1.0,0.0,the; spreadsheet; was; open; single; pen; lay; document,the; spreadsheet; pen; lay,0.1,0.0,0.0,0,0,"A worn, leatherbound journal lay nestled between the spreadsheet and the pen."
steer_alpha_1p05_traj_c8_tok120_seed05_the_spreadsheet_was_still_open.json,steer_alpha_1p05_traj,experiments/frontier_sweep_model_compare_gemma2_push_traj_seed12/steer_alpha_1p05_traj_c8_tok120_seed05_the_spreadsheet_was_still_open.json,2,6,0,0.1546714276313066,0.0,0.3686975403330731,0.0,0.0,0.0,0.0,0.6613408795212073,0.11499999999999996,0.6554856321839081,0.0,0.0,0.0,,0.0,0.0,,0.0,0.0,,0.0,,0.75,0.25,the; spreadsheet; was; open; single; pen; lay; document,the; spreadsheet; pen,0.0,0.0,0.0,0,0,"The pen rested on the desk, a silent witness to the spreadsheet's contents."
steer_alpha_1p05_traj_c8_tok120_seed05_the_spreadsheet_was_still_open.json,steer_alpha_1p05_traj,experiments/frontier_sweep_model_compare_gemma2_push_traj_seed12/steer_alpha_1p05_traj_c8_tok120_seed05_the_spreadsheet_was_still_open.json,2,7,0,-2.4543728070175437,0.0,0.3818719736842105,0.0,0.0,0.0,0.0,0.7205131578947368,0.05999999999999997,0.9730000000000001,0.0,0.0,0.0,,0.0,0.0,,0.0,0.0,,0.0,,0.5,0.5,the; spreadsheet; was; open; single; pen; lay; document,the; pen,0.1,0.0,0.0,0,0,"A faint scent of coffee drifted down from the desk, mingling with the metallic tang of the pen."
steer_alpha_1p05_traj_c8_tok120_seed05_the_spreadsheet_was_still_open.json,steer_alpha_1p05_traj,experiments/frontier_sweep_model_compare_gemma2_push_traj_seed12/steer_alpha_1p05_traj_c8_tok120_seed05_the_spreadsheet_was_still_open.json,2,8,0,0.9704525355680047,0.0,0.47163434331797227,0.0,0.0,0.0,0.0,0.7458571428571428,0.2646774193548386,0.4930503337041158,0.0,0.3333333333333333,10.0,antique,0.3333333333333333,10.0,antique,0.0,0.0,,0.375,antique,0.75,0.25,the; spreadsheet; was; open; single; pen; lay; document,the; single; pen,0.2,0.0,0.0,0,0,"A single, dusty, antique globe sat on the desk next to the pen."
steer_alpha_1p05_traj_c8_tok120_seed05_the_spreadsheet_was_still_open.json,steer_alpha_1p05_traj,experiments/frontier_sweep_model_compare_gemma2_push_traj_seed12/steer_alpha_1p05_traj_c8_tok120_seed05_the_spreadsheet_was_still_open.json,3,1,1,1.4477506722669307,0.0,0.4691319029850746,0.0,0.0,0.0,0.0,0.7611194029850746,0.23274193548387093,0.6076066462736375,0.0,0.0,0.0,,0.0,0.0,,0.0,0.0,,0.0,,1.0,0.0,the; spreadsheet; was; open; single; pen; lay; document; coffee; mug; sat; desk,the; open; lay; mug; desk,0.0,0.0,0.0,0,0,"A book lay open on the desk beside the mug, its pages filled with handwritten notes."
steer_alpha_1p05_traj_c8_tok120_seed05_the_spreadsheet_was_still_open.json,steer_alpha_1p05_traj,experiments/frontier_sweep_model_compare_gemma2_push_traj_seed12/steer_alpha_1p05_traj_c8_tok120_seed05_the_spreadsheet_was_still_open.json,3,2,0,1.4205097369522526,0.0,0.4750416666666667,0.0,0.0,0.0,0.0,0.7917361111111112,0.19999999999999998,0.7304281609195402,0.0,0.0,0.0,,0.0,0.0,,0.0,0.0,,0.0,,1.0,0.0,the; spreadsheet; was; open; single; pen; lay; document; coffee; mug; sat; desk,the; open; lay; desk,0.1,0.0,0.0,0,0,"A battered leather journal lay open on the desk, a worn bookmark resting among its pages."
steer_alpha_1p05_traj_c8_tok120_seed05_the_spreadsheet_was_still_open.json,steer_alpha_1p05_traj,experiments/frontier_sweep_model_compare_gemma2_push_traj_seed12/steer_alpha_1p05_traj_c8_tok120_seed05_the_spreadsheet_was_still_open.json,3,3,0,0.7701626348533144,0.0,0.5496020833333334,0.0,0.0,0.0,0.0,0.9858333333333333,0.11499999999999996,0.7251522988505748,0.0,0.0,0.0,,0.0,0.0,,0.0,0.0,,0.0,,0.75,0.25,the; spreadsheet; was; open; single; pen; lay; document; coffee; mug; sat; desk,the; sat; desk,0.0,0.0,0.0,0,0,"A stack of books, bound with leather, sat on the desk."
steer_alpha_1p05_traj_c8_tok120_seed05_the_spreadsheet_was_still_open.json,steer_alpha_1p05_traj,experiments/frontier_sweep_model_compare_gemma2_push_traj_seed12/steer_alpha_1p05_traj_c8_tok120_seed05_the_spreadsheet_was_still_open.json,3,4,0,-0.30175929693077846,0.0,0.47194400486914184,0.0,0.0,0.0,0.0,0.769811320754717,0.22612903225806447,0.5672620504263998,0.0,0.0,0.0,,0.0,0.0,,0.0,0.0,,0.0,,0.0,1.0,the; spreadsheet; was; open; single; pen; lay; document; coffee; mug; sat; desk,,0.0,0.0,0.0,0,0,A stack of books and a half-eaten apple rested on a nearby table.
steer_alpha_1p05_traj_c8_tok120_seed05_the_spreadsheet_was_still_open.json,steer_alpha_1p05_traj,experiments/frontier_sweep_model_compare_gemma2_push_traj_seed12/steer_alpha_1p05_traj_c8_tok120_seed05_the_spreadsheet_was_still_open.json,3,5,0,-0.48105203201970426,0.0,0.6197216145833333,0.0,0.0,0.0,0.0,0.9876041666666666,0.255,0.6756990968801313,0.0,0.0,0.0,,0.0,0.0,,0.0,0.0,,0.0,,0.0,1.0,the; spreadsheet; was; open; single; pen; lay; document; coffee; mug; sat; desk,,0.0,0.0,0.0,0,0,"A stack of papers, organized in neat rows, stood in a corner."
steer_alpha_1p05_traj_c8_tok120_seed05_the_spreadsheet_was_still_open.json,steer_alpha_1p05_traj,experiments/frontier_sweep_model_compare_gemma2_push_traj_seed12/steer_alpha_1p05_traj_c8_tok120_seed05_the_spreadsheet_was_still_open.json,3,6,0,-2.04185484309639,0.0,0.39237179487179485,0.0,0.0,0.0,0.0,0.7847435897435897,0.0,0.7891508620689656,0.0,0.3333333333333333,7.6923076923076925,ethereal,0.0,0.0,,0.3333333333333333,7.6923076923076925,ethereal,0.0,,0.25,0.75,the; spreadsheet; was; open; single; pen; lay; document; coffee; mug; sat; desk,the,0.0,0.0,0.0,0,0,A flickering red light from a nearby monitor cast an ethereal glow on the documents and objects.
steer_alpha_1p05_traj_c8_tok120_seed05_the_spreadsheet_was_still_open.json,steer_alpha_1p05_traj,experiments/frontier_sweep_model_compare_gemma2_push_traj_seed12/steer_alpha_1p05_traj_c8_tok120_seed05_the_spreadsheet_was_still_open.json,3,7,0,2.9168098212666527,0.0,0.5454594893947821,0.0,0.0,0.0,0.0,0.7023569749216301,0.5532258064516128,0.2935052836484984,0.0,0.3333333333333333,9.090909090909092,leather-bound,0.3333333333333333,9.090909090909092,leather-bound,0.0,0.0,,0.5,leather-bound,1.0,0.0,the; spreadsheet; was; open; single; pen; lay; document; coffee; mug; sat; desk,the; open; pen; desk,0.1,0.0,0.0,0,0,"A worn, leather-bound journal rested open on the desk next to the pen."
steer_alpha_1p05_traj_c8_tok120_seed05_the_spreadsheet_was_still_open.json,steer_alpha_1p05_traj,experiments/frontier_sweep_model_compare_gemma2_push_traj_seed12/steer_alpha_1p05_traj_c8_tok120_seed05_the_spreadsheet_was_still_open.json,3,8,0,1.684154573459478,0.0,0.4652856215213359,0.0,0.0,0.0,0.0,0.7253896103896105,0.2828571428571428,0.5464396551724139,0.0,0.0,0.0,,0.0,0.0,,0.0,0.0,,0.5,leather bound,1.0,0.0,the; spreadsheet; was; open; single; pen; lay; document; coffee; mug; sat; desk,the; open; pen; lay; desk,0.1,0.0,0.0,0,0,"A worn leather bound book lay open on the desk, next to the pen."
steer_alpha_1p05_traj_c8_tok120_seed05_the_spreadsheet_was_still_open.json,steer_alpha_1p05_traj,experiments/frontier_sweep_model_compare_gemma2_push_traj_seed12/steer_alpha_1p05_traj_c8_tok120_seed05_the_spreadsheet_was_still_open.json,4,1,1,2.073497619392585,0.0,0.48,0.0,0.0,0.0,0.0,0.8,0.19999999999999998,0.6108189655172415,0.0,0.0,0.0,,0.0,0.0,,0.0,0.0,,0.0,,0.75,0.25,the; spreadsheet; was; open; single; pen; lay; document; coffee; mug; sat; desk,the; open; coffee,0.0,0.0,0.0,0,0,"A lone coffee bean rests on the open book, its surface slick with condensation."
steer_alpha_1p05_traj_c8_tok120_seed05_the_spreadsheet_was_still_open.json,steer_alpha_1p05_traj,experiments/frontier_sweep_model_compare_gemma2_push_traj_seed12/steer_alpha_1p05_traj_c8_tok120_seed05_the_spreadsheet_was_still_open.json,4,2,0,1.7578992650064142,0.0,0.5053663753866547,0.0,0.0,0.0,0.0,0.7195479452054794,0.4046774193548386,0.5230920003707824,0.0,0.0,0.0,,0.0,0.0,,0.0,0.0,,0.0,,0.75,0.25,the; spreadsheet; was; open; single; pen; lay; document; coffee; mug; sat; desk,the; coffee; desk,0.0,0.0,0.0,0,0,"A steaming cup of coffee rests on the desk beside the book, its aroma drifting into the air."
steer_alpha_1p05_traj_c8_tok120_seed05_the_spreadsheet_was_still_open.json,steer_alpha_1p05_traj,experiments/frontier_sweep_model_compare_gemma2_push_traj_seed12/steer_alpha_1p05_traj_c8_tok120_seed05_the_spreadsheet_was_still_open.json,4,3,0,-0.43188666628720407,0.0,0.39125,0.0,0.0,0.0,0.0,0.7825,0.0,0.8588175287356322,0.0,0.0,0.0,,0.0,0.0,,0.0,0.0,,0.0,,1.0,0.0,the; spreadsheet; was; open; single; pen; lay; document; coffee; mug; sat; desk,the; was; coffee; mug,0.1,0.0,0.0,0,0,"The coffee mug was chipped and stained, a faint scent of cinnamon lingering within."
steer_alpha_1p05_traj_c8_tok120_seed05_the_spreadsheet_was_still_open.json,steer_alpha_1p05_traj,experiments/frontier_sweep_model_compare_gemma2_push_traj_seed12/steer_alpha_1p05_traj_c8_tok120_seed05_the_spreadsheet_was_still_open.json,4,4,0,0.3238959118130006,0.0,0.5292142857142856,0.0,0.0,0.0,0.0,0.926125,0.14285714285714277,0.774439655172414,0.0,0.0,0.0,,0.0,0.0,,0.0,0.0,,0.0,,1.0,0.0,the; spreadsheet; was; open; single; pen; lay; document; coffee; mug; sat; desk,the; single; coffee; desk,0.0,0.0,0.0,0,0,"A single coffee cup, steaming faintly, sits on the corner of the desk."
steer_alpha_1p05_traj_c8_tok120_seed05_the_spreadsheet_was_still_open.json,steer_alpha_1p05_traj,experiments/frontier_sweep_model_compare_gemma2_push_traj_seed12/steer_alpha_1p05_traj_c8_tok120_seed05_the_spreadsheet_was_still_open.json,4,5,0,-0.7418554654419909,0.0,0.3964728682170543,0.0,0.0,0.0,0.0,0.748062015503876,0.05999999999999997,0.9404583333333335,0.0,0.0,0.0,,0.0,0.0,,0.0,0.0,,0.0,,1.0,0.0,the; spreadsheet; was; open; single; pen; lay; document; coffee; mug; sat; desk,the; coffee; mug; desk,0.0,0.0,0.0,0,0,"The coffee mug, now half-empty, remained on the desk. A lone droplet of condensation clung to its side."
steer_alpha_1p05_traj_c8_tok120_seed05_the_spreadsheet_was_still_open.json,steer_alpha_1p05_traj,experiments/frontier_sweep_model_compare_gemma2_push_traj_seed12/steer_alpha_1p05_traj_c8_tok120_seed05_the_spreadsheet_was_still_open.json,4,6,0,-1.4610594072760072,0.0,0.3456124807395994,0.0,0.0,0.0,0.0,0.6912249614791988,0.0,0.8510416666666667,0.0,0.0,0.0,,0.0,0.0,,0.0,0.0,,0.0,,0.75,0.25,the; spreadsheet; was; open; single; pen; lay; document; coffee; mug; sat; desk,the; coffee; desk,0.0,0.0,0.0,0,0,"A coffee stain stains the desk, spreading a dark pool across the surface."
steer_alpha_1p05_traj_c8_tok120_seed05_the_spreadsheet_was_still_open.json,steer_alpha_1p05_traj,experiments/frontier_sweep_model_compare_gemma2_push_traj_seed12/steer_alpha_1p05_traj_c8_tok120_seed05_the_spreadsheet_was_still_open.json,4,7,0,1.1736494121192131,0.0,0.2071595744680851,0.0,0.0,0.0,0.0,0.6905319148936171,0.19999999999999998,0.7793433908045978,0.5,0.0,0.0,,0.0,0.0,,0.0,0.0,,0.0,,0.75,0.25,the; spreadsheet; was; open; single; pen; lay; document; coffee; mug; sat; desk,the; open; coffee,0.0,0.0,0.0,0,0,"A lone, unassuming coffee bean rests on the table beside the open book, a silent testament to the ongoing exchange."
steer_alpha_1p05_traj_c8_tok120_seed05_the_spreadsheet_was_still_open.json,steer_alpha_1p05_traj,experiments/frontier_sweep_model_compare_gemma2_push_traj_seed12/steer_alpha_1p05_traj_c8_tok120_seed05_the_spreadsheet_was_still_open.json,4,8,0,0.691493902897572,0.0,0.48,0.0,0.0,0.0,0.0,0.8,0.19999999999999998,0.832477011494253,0.0,0.6666666666666666,14.285714285714286,delicate; porcelain,0.3333333333333333,7.142857142857143,porcelain,0.3333333333333333,7.142857142857143,delicate,0.5,porcelain,0.25,0.75,the; spreadsheet; was; open; single; pen; lay; document; coffee; mug; sat; desk,coffee,0.0,0.0,0.0,0,0,"A steaming cup of coffee rests on a park bench, its porcelain rim adorned with a delicate floral design."
steer_alpha_1p05_traj_c8_tok120_seed05_the_spreadsheet_was_still_open.json,steer_alpha_1p05_traj,experiments/frontier_sweep_model_compare_gemma2_push_traj_seed12/steer_alpha_1p05_traj_c8_tok120_seed05_the_spreadsheet_was_still_open.json,5,1,1,3.6235972252738105,0.0,0.6902931593095643,0.0,0.0,0.0,0.0,0.7895614035087719,0.7485483870967741,0.11315322580645167,0.0,0.3333333333333333,10.0,faded photograph,0.3333333333333333,10.0,faded photograph,0.0,0.0,,0.0,,0.5,0.5,the; spreadsheet; was; open; single; pen; lay; document; coffee; mug; sat; desk,the; open,0.2,0.0,0.0,0,0,"A faint, yellowing, and faded photograph rests against the open book."
steer_alpha_1p05_traj_c8_tok120_seed05_the_spreadsheet_was_still_open.json,steer_alpha_1p05_traj,experiments/frontier_sweep_model_compare_gemma2_push_traj_seed12/steer_alpha_1p05_traj_c8_tok120_seed05_the_spreadsheet_was_still_open.json,5,2,0,0.5869647058823529,0.0,0.5,0.0,0.0,0.0,0.0,1.0,0.0,0.45,0.0,0.0,0.0,,0.0,0.0,,0.0,0.0,,0.0,,0.25,0.75,the; spreadsheet; was; open; single; pen; lay; document; coffee; mug; sat; desk,the,0.1,0.0,0.0,0,0,"A faint, warm glow emanates from the book"
steer_alpha_1p05_traj_c8_tok120_seed05_the_spreadsheet_was_still_open.json,steer_alpha_1p05_traj,experiments/frontier_sweep_model_compare_gemma2_push_traj_seed12/steer_alpha_1p05_traj_c8_tok120_seed05_the_spreadsheet_was_still_open.json,5,3,0,-0.08079999999999987,0.0,0.5,0.0,0.0,0.0,0.0,1.0,0.0,0.45,0.0,0.0,0.0,,0.0,0.0,,0.0,0.0,,0.0,,0.25,0.75,the; spreadsheet; was; open; single; pen; lay; document; coffee; mug; sat; desk,the,0.1,0.0,0.0,0,0,"A faint, yellow, sunbeam illuminated the room."
steer_alpha_1p05_traj_c8_tok120_seed05_the_spreadsheet_was_still_open.json,steer_alpha_1p05_traj,experiments/frontier_sweep_model_compare_gemma2_push_traj_seed12/steer_alpha_1p05_traj_c8_tok120_seed05_the_spreadsheet_was_still_open.json,5,4,0,-0.28026702646575863,0.0,0.385125,0.0,0.0,0.0,0.0,0.77025,0.0,0.7008189655172414,0.0,0.0,0.0,,0.0,0.0,,0.0,0.0,,0.0,,0.5,0.5,the; spreadsheet; was; open; single; pen; lay; document; coffee; mug; sat; desk,the; mug,0.0,0.0,0.0,0,0,"A small, crumpled tissue sits beside the mug, its corner slightly turned."
steer_alpha_1p05_traj_c8_tok120_seed05_the_spreadsheet_was_still_open.json,steer_alpha_1p05_traj,experiments/frontier_sweep_model_compare_gemma2_push_traj_seed12/steer_alpha_1p05_traj_c8_tok120_seed05_the_spreadsheet_was_still_open.json,5,5,0,-3.280371212121212,0.0,0.3909848484848485,0.0,0.0,0.0,0.0,0.781969696969697,0.0,0.8987083333333334,0.0,0.0,0.0,,0.0,0.0,,0.0,0.0,,0.0,,0.25,0.75,the; spreadsheet; was; open; single; pen; lay; document; coffee; mug; sat; desk,the,0.1,0.0,0.0,0,0,"A window overlooking a bustling cityscape casts a soft, warm glow onto the scene."
steer_alpha_1p05_traj_c8_tok120_seed05_the_spreadsheet_was_still_open.json,steer_alpha_1p05_traj,experiments/frontier_sweep_model_compare_gemma2_push_traj_seed12/steer_alpha_1p05_traj_c8_tok120_seed05_the_spreadsheet_was_still_open.json,5,6,0,0.24625739471791985,0.0,0.4195277777777777,0.0,0.0,0.0,0.0,0.6992129629629629,0.19999999999999998,0.8161522988505747,0.0,0.0,0.0,,0.0,0.0,,0.0,0.0,,0.0,,0.5,0.5,the; spreadsheet; was; open; single; pen; lay; document; coffee; mug; sat; desk,the; open,0.1,0.0,0.0,0,0,"A faint, yellow line stretched across the open book, running from the edge to the center of the page."
steer_alpha_1p05_traj_c8_tok120_seed05_the_spreadsheet_was_still_open.json,steer_alpha_1p05_traj,experiments/frontier_sweep_model_compare_gemma2_push_traj_seed12/steer_alpha_1p05_traj_c8_tok120_seed05_the_spreadsheet_was_still_open.json,5,7,0,-0.5980074029611846,0.0,0.37315476190476193,0.0,0.0,0.0,0.0,0.7463095238095239,0.0,1.0,0.0,0.0,0.0,,0.0,0.0,,0.0,0.0,,0.0,,0.25,0.75,the; spreadsheet; was; open; single; pen; lay; document; coffee; mug; sat; desk,the,0.0,0.0,0.0,0,0,"A window facing east displays a pale, early morning sky. The sky is a wash of pinks and oranges, dotted with wispy clouds."
steer_alpha_1p05_traj_c8_tok120_seed05_the_spreadsheet_was_still_open.json,steer_alpha_1p05_traj,experiments/frontier_sweep_model_compare_gemma2_push_traj_seed12/steer_alpha_1p05_traj_c8_tok120_seed05_the_spreadsheet_was_still_open.json,5,8,0,-0.168108386829533,0.0,0.4195428571428571,0.0,0.0,0.0,0.0,0.7342,0.14285714285714277,0.6094396551724138,0.0,0.0,0.0,,0.0,0.0,,0.0,0.0,,0.5,leather bound,0.75,0.25,the; spreadsheet; was; open; single; pen; lay; document; coffee; mug; sat; desk,the; mug; desk,0.1,0.0,0.0,0,0,"A worn, leather bound journal sits on the desk, next to the mug."
steer_alpha_1p05_traj_c8_tok120_seed06_the_elevator_button_was_cracked.json,steer_alpha_1p05_traj,experiments/frontier_sweep_model_compare_gemma2_push_traj_seed12/steer_alpha_1p05_traj_c8_tok120_seed06_the_elevator_button_was_cracked.json,1,1,1,-0.13913333333333333,0.0,0.49416666666666664,0.0,0.0,0.0,0.0,0.9883333333333333,0.0,0.45,0.0,0.0,0.0,,0.0,0.0,,0.0,0.0,,0.0,,1.0,0.0,the; elevator; button; was; cracked,the; elevator; button; was; cracked,1.0,0.0,0.0,0,0,"The elevator button was cracked, but still, a child pressed it."
steer_alpha_1p05_traj_c8_tok120_seed06_the_elevator_button_was_cracked.json,steer_alpha_1p05_traj,experiments/frontier_sweep_model_compare_gemma2_push_traj_seed12/steer_alpha_1p05_traj_c8_tok120_seed06_the_elevator_button_was_cracked.json,1,2,0,-1.221295238095238,0.0,0.5,0.0,0.0,0.0,0.0,1.0,0.0,0.78,0.0,0.0,0.0,,0.0,0.0,,0.0,0.0,,0.0,,1.0,0.0,the; elevator; button; was; cracked,the; elevator; button; was; cracked,1.0,0.0,0.0,0,0,"The elevator button was cracked, and a single, crimson rose lay nestled beside it."
steer_alpha_1p05_traj_c8_tok120_seed06_the_elevator_button_was_cracked.json,steer_alpha_1p05_traj,experiments/frontier_sweep_model_compare_gemma2_push_traj_seed12/steer_alpha_1p05_traj_c8_tok120_seed06_the_elevator_button_was_cracked.json,1,3,0,-1.22704417616812,0.0,0.4958098591549296,0.0,0.0,0.0,0.0,0.9916197183098592,0.0,0.78,0.0,0.0,0.0,,0.0,0.0,,0.0,0.0,,0.0,,1.0,0.0,the; elevator; button; was; cracked,the; elevator; button; was; cracked,1.0,0.0,0.0,0,0,"The elevator button was cracked, but a single, perfect, red rose sat nestled beside it."
steer_alpha_1p05_traj_c8_tok120_seed06_the_elevator_button_was_cracked.json,steer_alpha_1p05_traj,experiments/frontier_sweep_model_compare_gemma2_push_traj_seed12/steer_alpha_1p05_traj_c8_tok120_seed06_the_elevator_button_was_cracked.json,1,4,0,0.22081200944934998,0.0,0.48870253164556965,0.0,0.0,0.0,0.0,0.9774050632911393,0.0,0.8977916666666668,0.0,0.0,0.0,,0.0,0.0,,0.0,0.0,,0.0,,0.25,0.75,the; elevator; button; was; cracked,button,0.0,0.0,0.0,0,0,"A lone button lay in a dusty, abandoned shop window, a faded crimson, surrounded by broken glass."
steer_alpha_1p05_traj_c8_tok120_seed06_the_elevator_button_was_cracked.json,steer_alpha_1p05_traj,experiments/frontier_sweep_model_compare_gemma2_push_traj_seed12/steer_alpha_1p05_traj_c8_tok120_seed06_the_elevator_button_was_cracked.json,1,5,0,-2.474090848806366,0.0,0.38384615384615384,0.0,0.0,0.0,0.0,0.7676923076923077,0.0,0.9064841954022989,0.0,0.0,0.0,,0.0,0.0,,0.0,0.0,,0.0,,1.0,0.0,the; elevator; button; was; cracked,the; elevator; button; was; cracked,0.5,0.0,0.0,0,0,"The elevator button was cracked, and a faint, metallic scent of ozone permeated the air."
steer_alpha_1p05_traj_c8_tok120_seed06_the_elevator_button_was_cracked.json,steer_alpha_1p05_traj,experiments/frontier_sweep_model_compare_gemma2_push_traj_seed12/steer_alpha_1p05_traj_c8_tok120_seed06_the_elevator_button_was_cracked.json,1,6,0,-0.6511545796074618,0.0,0.3832422535211268,0.0,0.0,0.0,0.0,0.7230985915492958,0.05999999999999997,0.9271508620689656,0.0,0.0,0.0,,0.0,0.0,,0.0,0.0,,0.0,,0.5,0.5,the; elevator; button; was; cracked,the; button,0.0,0.0,0.0,0,0,"The shattered button, a mosaic of broken plastic and metal, lay scattered on the floor."
steer_alpha_1p05_traj_c8_tok120_seed06_the_elevator_button_was_cracked.json,steer_alpha_1p05_traj,experiments/frontier_sweep_model_compare_gemma2_push_traj_seed12/steer_alpha_1p05_traj_c8_tok120_seed06_the_elevator_button_was_cracked.json,1,7,0,0.2806122490827877,0.0,0.5144909836065574,0.0,0.0,0.0,0.0,0.9707377049180328,0.05999999999999997,0.7934281609195403,0.0,0.3333333333333333,10.0,velvet,0.3333333333333333,10.0,velvet,0.0,0.0,,0.375,velvet,0.25,0.75,the; elevator; button; was; cracked,button,0.0,0.0,0.0,0,0,"A worn, red button, covered in silver beads, sits on a dusty velvet cushion."
steer_alpha_1p05_traj_c8_tok120_seed06_the_elevator_button_was_cracked.json,steer_alpha_1p05_traj,experiments/frontier_sweep_model_compare_gemma2_push_traj_seed12/steer_alpha_1p05_traj_c8_tok120_seed06_the_elevator_button_was_cracked.json,1,8,0,-1.4012820942825293,0.0,0.26384774336677813,0.0,0.0,0.0,0.0,0.6071047937569676,0.05999999999999997,0.8941666666666668,0.0,0.0,0.0,,0.0,0.0,,0.0,0.0,,0.0,,1.0,0.0,the; elevator; button; was; cracked,the; elevator; button; was; cracked,1.0,0.18,0.0,0,0,"The elevator button was cracked, its once smooth surface now spattered with paint, a single word scrawled in bold, black letters: ""ESCAPE"""
steer_alpha_1p05_traj_c8_tok120_seed06_the_elevator_button_was_cracked.json,steer_alpha_1p05_traj,experiments/frontier_sweep_model_compare_gemma2_push_traj_seed12/steer_alpha_1p05_traj_c8_tok120_seed06_the_elevator_button_was_cracked.json,2,1,1,2.1066342188488303,0.0,0.5898387096774194,0.0,0.0,0.0,0.0,1.0,0.17967741935483866,0.3691451612903226,0.0,0.0,0.0,,0.0,0.0,,0.0,0.0,,0.0,,0.5,0.5,the; elevator; button; was; cracked; but; child; pressed,button; pressed,0.0,0.0,0.0,0,0,"A tiny hand, covered in dirt, pressed a button."
steer_alpha_1p05_traj_c8_tok120_seed06_the_elevator_button_was_cracked.json,steer_alpha_1p05_traj,experiments/frontier_sweep_model_compare_gemma2_push_traj_seed12/steer_alpha_1p05_traj_c8_tok120_seed06_the_elevator_button_was_cracked.json,2,2,0,-0.0762014418206941,0.014836517722216988,0.40709957164619787,0.044444444444444446,0.0,0.0,0.2222222222222222,0.745097370983447,0.09274193548387091,0.7118566462736375,0.0,0.0,0.0,,0.0,0.0,,0.0,0.0,,0.0,,0.75,0.25,the; elevator; button; was; cracked; but; child; pressed,the; elevator; button,0.0,0.0,0.0,0,0,"A bright, colorful, plastic dinosaur toy lay abandoned on the floor beside the elevator button."
steer_alpha_1p05_traj_c8_tok120_seed06_the_elevator_button_was_cracked.json,steer_alpha_1p05_traj,experiments/frontier_sweep_model_compare_gemma2_push_traj_seed12/steer_alpha_1p05_traj_c8_tok120_seed06_the_elevator_button_was_cracked.json,2,3,0,0.2229575615884718,0.0,0.4124516129032258,0.0,0.0,0.0,0.0,0.8,0.031129032258064487,0.6265953837597331,0.0,0.0,0.0,,0.0,0.0,,0.0,0.0,,0.0,,1.0,0.0,the; elevator; button; was; cracked; but; child; pressed,the; button; cracked; pressed,1.0,0.0,0.0,0,0,"A tiny, muddy hand pressed against the cracked button."
steer_alpha_1p05_traj_c8_tok120_seed06_the_elevator_button_was_cracked.json,steer_alpha_1p05_traj,experiments/frontier_sweep_model_compare_gemma2_push_traj_seed12/steer_alpha_1p05_traj_c8_tok120_seed06_the_elevator_button_was_cracked.json,2,4,0,0.928948802390983,0.0,0.53,0.0,0.0,0.0,0.0,1.0,0.05999999999999997,0.7350324302134648,0.0,0.0,0.0,,0.0,0.0,,0.0,0.0,,0.0,,0.75,0.25,the; elevator; button; was; cracked; but; child; pressed,the; button; pressed,0.0,0.0,0.0,0,0,"A tiny hand, covered with bright, sticky paint, pressed down on the button."
steer_alpha_1p05_traj_c8_tok120_seed06_the_elevator_button_was_cracked.json,steer_alpha_1p05_traj,experiments/frontier_sweep_model_compare_gemma2_push_traj_seed12/steer_alpha_1p05_traj_c8_tok120_seed06_the_elevator_button_was_cracked.json,2,5,0,-0.6809594474153294,0.0,0.47922014260249557,0.0,0.0,0.0,0.0,0.9584402852049911,0.0,0.8510416666666667,0.0,0.0,0.0,,0.0,0.0,,0.0,0.0,,0.0,,0.75,0.25,the; elevator; button; was; cracked; but; child; pressed,the; child; pressed,0.0,0.0,0.0,0,0,"The child's tiny hand pressed down, a joyful, hopeful sound echoing from within."
steer_alpha_1p05_traj_c8_tok120_seed06_the_elevator_button_was_cracked.json,steer_alpha_1p05_traj,experiments/frontier_sweep_model_compare_gemma2_push_traj_seed12/steer_alpha_1p05_traj_c8_tok120_seed06_the_elevator_button_was_cracked.json,2,6,0,0.261733475189449,0.0,0.4568333333333333,0.0,0.0,0.0,0.0,0.9136666666666666,0.0,0.7484856321839081,0.0,0.0,0.0,,0.0,0.0,,0.0,0.0,,0.0,,0.75,0.25,the; elevator; button; was; cracked; but; child; pressed,the; button; cracked,0.5,0.0,0.0,0,0,"A small, worn teddy bear sat on the worn, cracked button."
steer_alpha_1p05_traj_c8_tok120_seed06_the_elevator_button_was_cracked.json,steer_alpha_1p05_traj,experiments/frontier_sweep_model_compare_gemma2_push_traj_seed12/steer_alpha_1p05_traj_c8_tok120_seed06_the_elevator_button_was_cracked.json,2,7,0,-1.7212207875457872,0.0,0.4,0.0,0.0,0.0,0.0,0.8,0.0,0.73875,0.0,0.0,0.0,,0.0,0.0,,0.0,0.0,,0.0,,0.0,1.0,the; elevator; button; was; cracked; but; child; pressed,,0.0,0.0,0.0,0,0,"A tiny hand, bright red with a gap where a finger should be."
steer_alpha_1p05_traj_c8_tok120_seed06_the_elevator_button_was_cracked.json,steer_alpha_1p05_traj,experiments/frontier_sweep_model_compare_gemma2_push_traj_seed12/steer_alpha_1p05_traj_c8_tok120_seed06_the_elevator_button_was_cracked.json,2,8,0,-1.6970399698340874,0.0,0.3872937028657617,0.0,0.0,0.0,0.0,0.7307428355957768,0.05999999999999997,0.9730000000000001,0.0,0.0,0.0,,0.0,0.0,,0.0,0.0,,0.0,,1.0,0.0,the; elevator; button; was; cracked; but; child; pressed,the; button; cracked; child,1.0,0.0,0.0,0,0,"Tiny, bright, and colorful, the child's drawing, a kaleidoscope of sunshine and rainbows, peeked from the cracked button."
steer_alpha_1p05_traj_c8_tok120_seed06_the_elevator_button_was_cracked.json,steer_alpha_1p05_traj,experiments/frontier_sweep_model_compare_gemma2_push_traj_seed12/steer_alpha_1p05_traj_c8_tok120_seed06_the_elevator_button_was_cracked.json,3,1,1,0.1756561128378492,0.01869612495012858,0.5130034285096258,0.044444444444444446,0.0,0.0,0.2222222222222222,0.9679309971879732,0.05999999999999997,0.7350324302134648,0.0,0.0,0.0,,0.0,0.0,,0.0,0.0,,0.0,,0.5,0.5,the; elevator; button; was; cracked; but; child; pressed; hand; covered; dirt,the; elevator,0.0,0.0,0.0,0,0,"The elevator's metal door hissed open, revealing a cityscape, gray and imposing."
steer_alpha_1p05_traj_c8_tok120_seed06_the_elevator_button_was_cracked.json,steer_alpha_1p05_traj,experiments/frontier_sweep_model_compare_gemma2_push_traj_seed12/steer_alpha_1p05_traj_c8_tok120_seed06_the_elevator_button_was_cracked.json,3,2,0,1.5125470244404777,0.0,0.6323387096774193,0.0,0.0,0.0,0.0,1.0,0.2646774193548386,0.5627170003707824,0.0,0.0,0.0,,0.0,0.0,,0.0,0.0,,0.0,,0.5,0.5,the; elevator; button; was; cracked; but; child; pressed; hand; covered; dirt,the; elevator,0.0,0.0,0.0,0,0,"The elevator, a rusted metal box, stood in a field of wildflowers."
steer_alpha_1p05_traj_c8_tok120_seed06_the_elevator_button_was_cracked.json,steer_alpha_1p05_traj,experiments/frontier_sweep_model_compare_gemma2_push_traj_seed12/steer_alpha_1p05_traj_c8_tok120_seed06_the_elevator_button_was_cracked.json,3,3,0,0.2414198024848302,0.0,0.5155645161290322,0.0,0.0,0.0,0.0,1.0,0.031129032258064487,0.6742620504263998,0.0,0.0,0.0,,0.0,0.0,,0.0,0.0,,0.0,,1.0,0.0,the; elevator; button; was; cracked; but; child; pressed; hand; covered; dirt,the; button; cracked; pressed; hand; covered; dirt,1.0,0.0,0.0,0,0,"A hand, covered in dirt, pressed the cracked button."
steer_alpha_1p05_traj_c8_tok120_seed06_the_elevator_button_was_cracked.json,steer_alpha_1p05_traj,experiments/frontier_sweep_model_compare_gemma2_push_traj_seed12/steer_alpha_1p05_traj_c8_tok120_seed06_the_elevator_button_was_cracked.json,3,4,0,1.5094976051988733,0.0,0.5217993518518518,0.0,0.0,0.0,0.0,0.9359629629629629,0.11499999999999996,0.6078189655172415,0.0,0.0,0.0,,0.0,0.0,,0.0,0.0,,0.0,,1.0,0.0,the; elevator; button; was; cracked; but; child; pressed; hand; covered; dirt,the; button; cracked; child,1.0,0.0,0.0,0,0,"The child, now holding a toy truck, looked up at the cracked button."
steer_alpha_1p05_traj_c8_tok120_seed06_the_elevator_button_was_cracked.json,steer_alpha_1p05_traj,experiments/frontier_sweep_model_compare_gemma2_push_traj_seed12/steer_alpha_1p05_traj_c8_tok120_seed06_the_elevator_button_was_cracked.json,3,5,0,-0.08418075604315778,0.008521307720164609,0.38969395061728396,0.02666666666666667,0.0,0.0,0.13333333333333333,0.7352716049382716,0.05999999999999997,0.8231250000000001,0.0,0.0,0.0,,0.0,0.0,,0.0,0.0,,0.0,,1.0,0.0,the; elevator; button; was; cracked; but; child; pressed; hand; covered; dirt,the; elevator; hand; covered; dirt,0.0,0.0,0.0,0,0,"A weathered, wooden box sits beside the elevator. A hand, covered in dirt, reaches out from the box."
steer_alpha_1p05_traj_c8_tok120_seed06_the_elevator_button_was_cracked.json,steer_alpha_1p05_traj,experiments/frontier_sweep_model_compare_gemma2_push_traj_seed12/steer_alpha_1p05_traj_c8_tok120_seed06_the_elevator_button_was_cracked.json,3,6,0,-1.4707648080452338,0.0,0.3680425824175824,0.0,0.0,0.0,0.0,0.7360851648351648,0.0,0.9157614942528736,0.0,0.0,0.0,,0.0,0.0,,0.0,0.0,,0.0,,0.75,0.25,the; elevator; button; was; cracked; but; child; pressed; hand; covered; dirt,the; elevator; child,0.0,0.0,0.0,0,0,"The elevator began to ascend, its shiny steel reflecting the child's earnest face."
steer_alpha_1p05_traj_c8_tok120_seed06_the_elevator_button_was_cracked.json,steer_alpha_1p05_traj,experiments/frontier_sweep_model_compare_gemma2_push_traj_seed12/steer_alpha_1p05_traj_c8_tok120_seed06_the_elevator_button_was_cracked.json,3,7,0,-0.5400697782538465,0.0,0.4583715090485462,0.0,0.0,0.0,0.0,0.8648519038651814,0.05999999999999997,0.7350324302134648,0.0,0.0,0.0,,0.0,0.0,,0.0,0.0,,0.0,,1.0,0.0,the; elevator; button; was; cracked; but; child; pressed; hand; covered; dirt,the; elevator; button; was; cracked; but; child; pressed; hand; covered; dirt,1.0,0.0,0.0,0,0,"The elevator button was cracked, but still, a child pressed it. The child's hand, covered in dirt, pressed a button."
steer_alpha_1p05_traj_c8_tok120_seed06_the_elevator_button_was_cracked.json,steer_alpha_1p05_traj,experiments/frontier_sweep_model_compare_gemma2_push_traj_seed12/steer_alpha_1p05_traj_c8_tok120_seed06_the_elevator_button_was_cracked.json,3,8,0,-1.003220685687076,0.0,0.4746976409666283,0.0,0.0,0.0,0.0,0.8956559263521289,0.05999999999999997,0.9364281609195403,0.0,0.0,0.0,,0.0,0.0,,0.0,0.0,,0.0,,1.0,0.0,the; elevator; button; was; cracked; but; child; pressed; hand; covered; dirt,the; button; child; pressed; hand; covered; dirt,0.0,0.0,0.0,0,0,"The child's hand, covered in dirt, pressed a button. The button glowed, a soft, pulsing light."
steer_alpha_1p05_traj_c8_tok120_seed07_a_delivery_label_on_a_cardboard_box.json,steer_alpha_1p05_traj,experiments/frontier_sweep_model_compare_gemma2_push_traj_seed12/steer_alpha_1p05_traj_c8_tok120_seed07_a_delivery_label_on_a_cardboard_box.json,1,1,1,2.218490366581415,0.025212028985507246,0.46119565217391306,0.06666666666666667,0.0,0.0,0.3333333333333333,0.9223913043478261,0.0,0.45,0.0,0.0,0.0,,0.0,0.0,,0.0,0.0,,0.0,,0.5,0.5,delivery; label; cardboard; box,cardboard; box,0.0,0.0,0.0,0,0,The cardboard box is a window.
steer_alpha_1p05_traj_c8_tok120_seed07_a_delivery_label_on_a_cardboard_box.json,steer_alpha_1p05_traj,experiments/frontier_sweep_model_compare_gemma2_push_traj_seed12/steer_alpha_1p05_traj_c8_tok120_seed07_a_delivery_label_on_a_cardboard_box.json,1,2,0,0.06506559139784962,0.0,0.4718709677419355,0.0,0.0,0.0,0.0,0.8,0.17967741935483866,0.3691451612903226,0.0,0.0,0.0,,0.0,0.0,,0.0,0.0,,0.0,,0.0,1.0,delivery; label; cardboard; box,,0.0,0.0,0.0,0,0,"And a small, ceramic bird perched on a windowsill."
steer_alpha_1p05_traj_c8_tok120_seed07_a_delivery_label_on_a_cardboard_box.json,steer_alpha_1p05_traj,experiments/frontier_sweep_model_compare_gemma2_push_traj_seed12/steer_alpha_1p05_traj_c8_tok120_seed07_a_delivery_label_on_a_cardboard_box.json,1,3,0,0.2510992223158859,0.0,0.48974137931034484,0.0,0.0,0.0,0.0,0.9794827586206897,0.0,0.7961522988505747,0.0,0.0,0.0,,0.0,0.0,,0.0,0.0,,0.0,,0.25,0.75,delivery; label; cardboard; box,delivery,0.1,0.0,0.0,0,0,"A delivery driver, holding a clipboard, stands by a weathered mailbox."
steer_alpha_1p05_traj_c8_tok120_seed07_a_delivery_label_on_a_cardboard_box.json,steer_alpha_1p05_traj,experiments/frontier_sweep_model_compare_gemma2_push_traj_seed12/steer_alpha_1p05_traj_c8_tok120_seed07_a_delivery_label_on_a_cardboard_box.json,1,4,0,0.03844295063297831,0.0,0.5768542439516129,0.0,0.0,0.0,0.0,0.985125,0.17112903225806445,0.6112620504263998,0.0,0.0,0.0,,0.0,0.0,,0.0,0.0,,0.0,,0.0,1.0,delivery; label; cardboard; box,,0.2,0.0,0.0,0,0,"A single, worn shoe resting on a dusty, unmade bed."
steer_alpha_1p05_traj_c8_tok120_seed07_a_delivery_label_on_a_cardboard_box.json,steer_alpha_1p05_traj,experiments/frontier_sweep_model_compare_gemma2_push_traj_seed12/steer_alpha_1p05_traj_c8_tok120_seed07_a_delivery_label_on_a_cardboard_box.json,1,5,0,-1.4938274619879297,0.0,0.4777103896103896,0.0,0.0,0.0,0.0,0.9554207792207792,0.0,0.9157614942528736,0.0,0.0,0.0,,0.0,0.0,,0.0,0.0,,0.0,,1.0,0.0,delivery; label; cardboard; box,delivery; label; cardboard; box,0.0,0.0,0.0,0,0,"A delivery label on a cardboard box, stuck to a vintage, floral-patterned, ceramic teapot."
steer_alpha_1p05_traj_c8_tok120_seed07_a_delivery_label_on_a_cardboard_box.json,steer_alpha_1p05_traj,experiments/frontier_sweep_model_compare_gemma2_push_traj_seed12/steer_alpha_1p05_traj_c8_tok120_seed07_a_delivery_label_on_a_cardboard_box.json,1,6,0,-1.804531198686371,0.0,0.414725,0.0,0.0,0.0,0.0,0.7825,0.05999999999999997,0.8239490968801315,0.0,0.0,0.0,,0.0,0.0,,0.0,0.0,,0.0,,0.0,1.0,delivery; label; cardboard; box,,0.1,0.0,0.0,0,0,"A handwritten receipt, crumpled and stained, resting on a cracked asphalt street."
steer_alpha_1p05_traj_c8_tok120_seed07_a_delivery_label_on_a_cardboard_box.json,steer_alpha_1p05_traj,experiments/frontier_sweep_model_compare_gemma2_push_traj_seed12/steer_alpha_1p05_traj_c8_tok120_seed07_a_delivery_label_on_a_cardboard_box.json,1,7,0,-1.1997794085940354,0.0,0.4079652542372882,0.0,0.0,0.0,0.0,0.7697457627118645,0.05999999999999997,0.7621508620689655,0.0,0.3333333333333333,11.11111111111111,antique,0.3333333333333333,11.11111111111111,antique,0.0,0.0,,0.375,antique,1.0,0.0,delivery; label; cardboard; box,delivery; label; cardboard; box,0.2,0.0,0.0,0,0,"A delivery label on a cardboard box, sitting inside a dusty antique book."
steer_alpha_1p05_traj_c8_tok120_seed07_a_delivery_label_on_a_cardboard_box.json,steer_alpha_1p05_traj,experiments/frontier_sweep_model_compare_gemma2_push_traj_seed12/steer_alpha_1p05_traj_c8_tok120_seed07_a_delivery_label_on_a_cardboard_box.json,1,8,0,0.4569574832897415,0.0,0.564332170880558,0.0,0.0,0.0,0.0,0.9567567567567568,0.17967741935483866,0.3691451612903226,0.0,0.3333333333333333,20.0,leather-bound,0.3333333333333333,20.0,leather-bound,0.0,0.0,,0.5,leather-bound,0.0,1.0,delivery; label; cardboard; box,,0.1,0.0,0.0,0,0,"A sticker on a worn, leather-bound journal."
steer_alpha_1p05_traj_c8_tok120_seed07_a_delivery_label_on_a_cardboard_box.json,steer_alpha_1p05_traj,experiments/frontier_sweep_model_compare_gemma2_push_traj_seed12/steer_alpha_1p05_traj_c8_tok120_seed07_a_delivery_label_on_a_cardboard_box.json,2,1,1,0.5356097882126527,0.033653721887694145,0.6156168637992832,0.06666666666666667,0.0,0.0,0.3333333333333333,0.9735555555555556,0.2646774193548386,0.4930503337041158,0.0,0.0,0.0,,0.0,0.0,,0.0,0.0,,0.0,,0.5,0.5,delivery; label; cardboard; box; the; window,box; the,0.0,0.0,0.0,0,0,"A hand reaching through the box, holding a bright flower"
steer_alpha_1p05_traj_c8_tok120_seed07_a_delivery_label_on_a_cardboard_box.json,steer_alpha_1p05_traj,experiments/frontier_sweep_model_compare_gemma2_push_traj_seed12/steer_alpha_1p05_traj_c8_tok120_seed07_a_delivery_label_on_a_cardboard_box.json,2,2,0,0.5650655913978496,0.0,0.5898387096774194,0.0,0.0,0.0,0.0,1.0,0.17967741935483866,0.3691451612903226,0.0,0.0,0.0,,0.0,0.0,,0.0,0.0,,0.0,,0.25,0.75,delivery; label; cardboard; box; the; window,the,0.0,0.0,0.0,0,0,"A lone dandelion seed, floating in the wind."
steer_alpha_1p05_traj_c8_tok120_seed07_a_delivery_label_on_a_cardboard_box.json,steer_alpha_1p05_traj,experiments/frontier_sweep_model_compare_gemma2_push_traj_seed12/steer_alpha_1p05_traj_c8_tok120_seed07_a_delivery_label_on_a_cardboard_box.json,2,3,0,0.6281411764705882,0.0,0.4,0.0,0.0,0.0,0.0,0.8,0.0,0.45,0.0,0.0,0.0,,0.0,0.0,,0.0,0.0,,0.0,,0.5,0.5,delivery; label; cardboard; box; the; window,the; window,0.0,0.0,0.0,0,0,A cityscape stretches beyond the window.
steer_alpha_1p05_traj_c8_tok120_seed07_a_delivery_label_on_a_cardboard_box.json,steer_alpha_1p05_traj,experiments/frontier_sweep_model_compare_gemma2_push_traj_seed12/steer_alpha_1p05_traj_c8_tok120_seed07_a_delivery_label_on_a_cardboard_box.json,2,4,0,1.0693411764705882,0.0,0.5,0.0,0.0,0.0,0.0,1.0,0.0,0.45,0.0,0.0,0.0,,0.0,0.0,,0.0,0.0,,0.0,,0.5,0.5,delivery; label; cardboard; box; the; window,the; window,0.0,0.0,0.0,0,0,The window displays a cityscape.
steer_alpha_1p05_traj_c8_tok120_seed07_a_delivery_label_on_a_cardboard_box.json,steer_alpha_1p05_traj,experiments/frontier_sweep_model_compare_gemma2_push_traj_seed12/steer_alpha_1p05_traj_c8_tok120_seed07_a_delivery_label_on_a_cardboard_box.json,2,5,0,0.06621828257948947,0.0,0.5528831168831169,0.0,0.0,0.0,0.0,0.9675454545454545,0.14285714285714277,0.6094396551724138,0.0,0.0,0.0,,0.0,0.0,,0.0,0.0,,0.0,,0.5,0.5,delivery; label; cardboard; box; the; window,box; the,0.0,0.0,0.0,0,0,"A child, peering through the box, wearing a bright yellow raincoat."
steer_alpha_1p05_traj_c8_tok120_seed07_a_delivery_label_on_a_cardboard_box.json,steer_alpha_1p05_traj,experiments/frontier_sweep_model_compare_gemma2_push_traj_seed12/steer_alpha_1p05_traj_c8_tok120_seed07_a_delivery_label_on_a_cardboard_box.json,2,6,0,-1.156691256157635,0.0,0.5,0.0,0.0,0.0,0.0,1.0,0.0,0.8658189655172415,0.0,0.0,0.0,,0.0,0.0,,0.0,0.0,,0.0,,0.5,0.5,delivery; label; cardboard; box; the; window,box; the,0.0,0.0,0.0,0,0,"Inside the box, a stack of colorful, handmade paper flowers."
steer_alpha_1p05_traj_c8_tok120_seed07_a_delivery_label_on_a_cardboard_box.json,steer_alpha_1p05_traj,experiments/frontier_sweep_model_compare_gemma2_push_traj_seed12/steer_alpha_1p05_traj_c8_tok120_seed07_a_delivery_label_on_a_cardboard_box.json,2,7,0,-0.626589571258273,0.0,0.3750849128540305,0.0,0.0,0.0,0.0,0.7077073827434538,0.05999999999999997,0.9730000000000001,0.0,0.0,0.0,,0.0,0.0,,0.0,0.0,,0.0,,0.75,0.25,delivery; label; cardboard; box; the; window,cardboard; box; the,0.0,0.0,0.0,0,0,"A tiny, intricate, hand-stitched quilt, the seams a kaleidoscope of color, sits nestled amongst the folds of the cardboard box."
steer_alpha_1p05_traj_c8_tok120_seed07_a_delivery_label_on_a_cardboard_box.json,steer_alpha_1p05_traj,experiments/frontier_sweep_model_compare_gemma2_push_traj_seed12/steer_alpha_1p05_traj_c8_tok120_seed07_a_delivery_label_on_a_cardboard_box.json,2,8,0,-0.43142257039662135,0.0,0.46362916080637595,0.0,0.0,0.0,0.0,0.7727152680106266,0.19999999999999998,0.816484195402299,0.0,0.3333333333333333,8.333333333333334,leather-bound,0.3333333333333333,8.333333333333334,leather-bound,0.0,0.0,,0.5,leather-bound,0.0,1.0,delivery; label; cardboard; box; the; window,,0.1,0.0,0.0,0,0,"A worn, leather-bound book rests open on a windowsill, a ray of sunlight illuminating its pages."
steer_alpha_1p05_traj_c8_tok120_seed07_a_delivery_label_on_a_cardboard_box.json,steer_alpha_1p05_traj,experiments/frontier_sweep_model_compare_gemma2_push_traj_seed12/steer_alpha_1p05_traj_c8_tok120_seed07_a_delivery_label_on_a_cardboard_box.json,3,1,1,0.968222497343765,0.18799935,0.41685,0.55,1.0,0.0,0.0,0.69475,0.19999999999999998,0.6988189655172414,0.0,0.0,0.0,,0.0,0.0,,0.0,0.0,,0.0,,1.0,0.0,delivery; label; cardboard; box; the; window; hand; reaching; holding; bright; flower,box; the; hand; flower,0.0,0.0,0.0,1,0,"The hand, now a shadow, disappears through the box, the flower blooming into the light of a streetlamp."
steer_alpha_1p05_traj_c8_tok120_seed07_a_delivery_label_on_a_cardboard_box.json,steer_alpha_1p05_traj,experiments/frontier_sweep_model_compare_gemma2_push_traj_seed12/steer_alpha_1p05_traj_c8_tok120_seed07_a_delivery_label_on_a_cardboard_box.json,3,2,0,0.24210835168550182,0.11801849999999998,0.4545,0.31666666666666665,0.0,1.0,0.3333333333333333,0.7575000000000001,0.19999999999999998,0.6988189655172414,0.0,0.0,0.0,,0.0,0.0,,0.0,0.0,,0.0,,1.0,0.0,delivery; label; cardboard; box; the; window; hand; reaching; holding; bright; flower,cardboard; box; the; window; hand; reaching; bright; flower,0.0,0.0,0.0,0,2,"A hand, reaching through the window of a cardboard box, holds a bright flower and a map."
steer_alpha_1p05_traj_c8_tok120_seed07_a_delivery_label_on_a_cardboard_box.json,steer_alpha_1p05_traj,experiments/frontier_sweep_model_compare_gemma2_push_traj_seed12/steer_alpha_1p05_traj_c8_tok120_seed07_a_delivery_label_on_a_cardboard_box.json,3,3,0,-0.09893238600528798,0.017117324185248715,0.4696826758147513,0.044444444444444446,0.0,0.0,0.2222222222222222,0.9393653516295026,0.0,0.7864166666666667,0.0,0.0,0.0,,0.0,0.0,,0.0,0.0,,0.0,,0.75,0.25,delivery; label; cardboard; box; the; window; hand; reaching; holding; bright; flower,box; the; hand,0.0,0.0,0.0,0,0,"The hand retracts, and a single, white feather falls from the box."
steer_alpha_1p05_traj_c8_tok120_seed07_a_delivery_label_on_a_cardboard_box.json,steer_alpha_1p05_traj,experiments/frontier_sweep_model_compare_gemma2_push_traj_seed12/steer_alpha_1p05_traj_c8_tok120_seed07_a_delivery_label_on_a_cardboard_box.json,3,4,0,1.7909520230120977,0.0,0.49126112008549133,0.0,0.0,0.0,0.0,0.8328736517719568,0.17967741935483866,0.3691451612903226,0.0,0.0,0.0,,0.0,0.0,,0.0,0.0,,0.0,,1.0,0.0,delivery; label; cardboard; box; the; window; hand; reaching; holding; bright; flower,the; hand; holding; flower,0.0,0.0,0.0,0,0,"The hand, holding the flower, turns, and the flower unfurls, blossoming"
steer_alpha_1p05_traj_c8_tok120_seed07_a_delivery_label_on_a_cardboard_box.json,steer_alpha_1p05_traj,experiments/frontier_sweep_model_compare_gemma2_push_traj_seed12/steer_alpha_1p05_traj_c8_tok120_seed07_a_delivery_label_on_a_cardboard_box.json,3,5,0,1.1550883101101024,0.0,0.5477390860215053,0.0,0.0,0.0,0.0,0.8934444444444445,0.22612903225806447,0.6149287170930664,0.0,0.0,0.0,,0.0,0.0,,0.0,0.0,,0.0,,1.0,0.0,delivery; label; cardboard; box; the; window; hand; reaching; holding; bright; flower,the; window; hand; holding; flower,0.0,0.0,0.0,0,0,"The hand, holding the flower, reaches out of the window."
steer_alpha_1p05_traj_c8_tok120_seed07_a_delivery_label_on_a_cardboard_box.json,steer_alpha_1p05_traj,experiments/frontier_sweep_model_compare_gemma2_push_traj_seed12/steer_alpha_1p05_traj_c8_tok120_seed07_a_delivery_label_on_a_cardboard_box.json,3,6,0,-0.5952901701847847,0.0,0.3561192307692308,0.0,0.0,0.0,0.0,0.671923076923077,0.05999999999999997,0.8094856321839081,0.0,0.0,0.0,,0.0,0.0,,0.0,0.0,,0.0,,1.0,0.0,delivery; label; cardboard; box; the; window; hand; reaching; holding; bright; flower,the; hand; reaching; holding; flower,0.0,0.0,0.0,0,0,"The hand, holding the flower, turns and gestures towards a cityscape, reaching toward a towering skyscraper."
steer_alpha_1p05_traj_c8_tok120_seed07_a_delivery_label_on_a_cardboard_box.json,steer_alpha_1p05_traj,experiments/frontier_sweep_model_compare_gemma2_push_traj_seed12/steer_alpha_1p05_traj_c8_tok120_seed07_a_delivery_label_on_a_cardboard_box.json,3,7,0,-0.8255656490444279,0.0,0.4200082278481013,0.0,0.0,0.0,0.0,0.7924683544303798,0.05999999999999997,0.9730000000000001,0.0,0.3333333333333333,8.333333333333334,delicate,0.0,0.0,,0.3333333333333333,8.333333333333334,delicate,0.0,,0.5,0.5,delivery; label; cardboard; box; the; window; hand; reaching; holding; bright; flower,the; flower,0.0,0.0,0.0,0,0,"The flower blooms, petals unfurling, a delicate splash of color against a stark, concrete wall."
steer_alpha_1p05_traj_c8_tok120_seed07_a_delivery_label_on_a_cardboard_box.json,steer_alpha_1p05_traj,experiments/frontier_sweep_model_compare_gemma2_push_traj_seed12/steer_alpha_1p05_traj_c8_tok120_seed07_a_delivery_label_on_a_cardboard_box.json,3,8,0,-1.2815867298400663,0.0,0.3699295774647887,0.0,0.0,0.0,0.0,0.7398591549295774,0.0,0.8658189655172415,0.0,0.3333333333333333,8.333333333333334,delicate,0.0,0.0,,0.3333333333333333,8.333333333333334,delicate,0.0,,0.5,0.5,delivery; label; cardboard; box; the; window; hand; reaching; holding; bright; flower,the; hand,0.0,0.0,0.0,0,0,"A single, vibrant, and delicate daisy, growing from the palm of the outstretched hand."
steer_alpha_1p05_traj_c8_tok120_seed08_i_am_opening_the_fridge.json,steer_alpha_1p05_traj,experiments/frontier_sweep_model_compare_gemma2_push_traj_seed12/steer_alpha_1p05_traj_c8_tok120_seed08_i_am_opening_the_fridge.json,1,1,1,1.111205094449258,0.030476912405416164,0.5575044952210274,0.06666666666666667,0.0,0.0,0.3333333333333333,0.7889814814814815,0.4132258064516128,0.4738386169818317,0.0,0.0,0.0,,0.0,0.0,,0.0,0.0,,0.0,,1.0,0.0,the; fridge,the; fridge,0.0,0.0,0.0,0,0,"The fridge door swings open, revealing a scene of organized chaos."
steer_alpha_1p05_traj_c8_tok120_seed08_i_am_opening_the_fridge.json,steer_alpha_1p05_traj,experiments/frontier_sweep_model_compare_gemma2_push_traj_seed12/steer_alpha_1p05_traj_c8_tok120_seed08_i_am_opening_the_fridge.json,1,2,0,-0.9285120465209145,0.04953852075471697,0.4530962264150943,0.13333333333333333,0.0,0.0,0.6666666666666666,0.7551603773584905,0.19999999999999998,0.8531666666666669,0.0,0.0,0.0,,0.0,0.0,,0.0,0.0,,0.0,,0.5,0.5,the; fridge,the,0.0,0.0,0.0,0,0,"The glass refrigerator door swings open, revealing a jumble of colorful plastic containers stacked precariously on the shelf."
steer_alpha_1p05_traj_c8_tok120_seed08_i_am_opening_the_fridge.json,steer_alpha_1p05_traj,experiments/frontier_sweep_model_compare_gemma2_push_traj_seed12/steer_alpha_1p05_traj_c8_tok120_seed08_i_am_opening_the_fridge.json,1,3,0,-1.001108862433862,0.0,0.4,0.0,0.0,0.0,0.0,0.8,0.0,0.73875,0.0,0.0,0.0,,0.0,0.0,,0.0,0.0,,0.0,,0.5,0.5,the; fridge,the,0.0,0.0,0.0,0,0,The refrigerator hums softly as I push a button.
steer_alpha_1p05_traj_c8_tok120_seed08_i_am_opening_the_fridge.json,steer_alpha_1p05_traj,experiments/frontier_sweep_model_compare_gemma2_push_traj_seed12/steer_alpha_1p05_traj_c8_tok120_seed08_i_am_opening_the_fridge.json,1,4,0,-0.2866117647058821,0.0,0.18,0.0,0.0,0.0,0.0,0.6,0.0,0.45,0.0,0.0,0.0,,0.0,0.0,,0.0,0.0,,0.0,,0.0,1.0,the; fridge,,0.0,0.0,0.4,0,0,I am opening a drawer.
steer_alpha_1p05_traj_c8_tok120_seed08_i_am_opening_the_fridge.json,steer_alpha_1p05_traj,experiments/frontier_sweep_model_compare_gemma2_push_traj_seed12/steer_alpha_1p05_traj_c8_tok120_seed08_i_am_opening_the_fridge.json,1,5,0,0.45013846178848976,0.0,0.5952299120234604,0.0,0.0,0.0,0.0,0.9709090909090909,0.22612903225806447,0.4975953837597331,0.0,0.0,0.0,,0.0,0.0,,0.0,0.0,,0.0,,0.0,1.0,the; fridge,,0.0,0.0,0.0,0,0,"A hand holds a half-eaten apple, a single bite taken from its core."
steer_alpha_1p05_traj_c8_tok120_seed08_i_am_opening_the_fridge.json,steer_alpha_1p05_traj,experiments/frontier_sweep_model_compare_gemma2_push_traj_seed12/steer_alpha_1p05_traj_c8_tok120_seed08_i_am_opening_the_fridge.json,1,6,0,-2.5522241379310344,0.0,0.4,0.0,0.0,0.0,0.0,0.8,0.0,0.9854281609195403,0.0,0.0,0.0,,0.0,0.0,,0.0,0.0,,0.0,,0.5,0.5,the; fridge,the,0.0,0.0,0.0,0,0,"My hand reaches for the jar of pickles, its green lid a familiar, cool embrace."
steer_alpha_1p05_traj_c8_tok120_seed08_i_am_opening_the_fridge.json,steer_alpha_1p05_traj,experiments/frontier_sweep_model_compare_gemma2_push_traj_seed12/steer_alpha_1p05_traj_c8_tok120_seed08_i_am_opening_the_fridge.json,1,7,0,-1.2617684464219505,0.0,0.5463709677419355,0.0,0.0,0.0,0.0,1.0,0.09274193548387091,0.8291899796069708,0.0,0.0,0.0,,0.0,0.0,,0.0,0.0,,0.0,,0.0,1.0,the; fridge,,0.0,0.0,0.0,0,0,"A hand reaches into a bowl of fruit, picking out a bright red apple."
steer_alpha_1p05_traj_c8_tok120_seed08_i_am_opening_the_fridge.json,steer_alpha_1p05_traj,experiments/frontier_sweep_model_compare_gemma2_push_traj_seed12/steer_alpha_1p05_traj_c8_tok120_seed08_i_am_opening_the_fridge.json,1,8,0,-0.08016960038742948,0.0,0.5155645161290322,0.0,0.0,0.0,0.0,1.0,0.031129032258064487,0.6265953837597331,0.0,0.3333333333333333,16.666666666666668,antique,0.3333333333333333,16.666666666666668,antique,0.0,0.0,,0.375,antique,0.0,1.0,the; fridge,,0.2,0.0,0.0,0,0,"She opens a dusty, antique jewelry box."
steer_alpha_1p05_traj_c8_tok120_seed08_i_am_opening_the_fridge.json,steer_alpha_1p05_traj,experiments/frontier_sweep_model_compare_gemma2_push_traj_seed12/steer_alpha_1p05_traj_c8_tok120_seed08_i_am_opening_the_fridge.json,2,1,1,2.50621504322159,0.038009498207885295,0.6952956989247311,0.06666666666666667,0.0,0.0,0.3333333333333333,1.0,0.39059139784946223,0.27423387096774204,0.0,0.0,0.0,,0.0,0.0,,0.0,0.0,,0.0,,0.5,0.5,the; fridge; door; swings; open; revealing; scene; organized; chaos,the; fridge,0.0,0.0,0.0,0,0,A hand reaches inside the fridge.
steer_alpha_1p05_traj_c8_tok120_seed08_i_am_opening_the_fridge.json,steer_alpha_1p05_traj,experiments/frontier_sweep_model_compare_gemma2_push_traj_seed12/steer_alpha_1p05_traj_c8_tok120_seed08_i_am_opening_the_fridge.json,2,2,0,-0.7498483628654755,0.0,0.6219274253731343,0.0,0.0,0.0,0.0,0.9911194029850746,0.255,0.7930324302134647,0.0,0.0,0.0,,0.0,0.0,,0.0,0.0,,0.0,,0.25,0.75,the; fridge; door; swings; open; revealing; scene; organized; chaos,the,0.0,0.0,0.0,0,0,"A kaleidoscope of ingredients, a vibrant swirl of colors, sits on the countertop."
steer_alpha_1p05_traj_c8_tok120_seed08_i_am_opening_the_fridge.json,steer_alpha_1p05_traj,experiments/frontier_sweep_model_compare_gemma2_push_traj_seed12/steer_alpha_1p05_traj_c8_tok120_seed08_i_am_opening_the_fridge.json,2,3,0,-1.5185731292517008,0.0,0.46311428571428565,0.0,0.0,0.0,0.0,0.7718571428571428,0.19999999999999998,0.8774583333333335,0.0,0.0,0.0,,0.0,0.0,,0.0,0.0,,0.0,,0.25,0.75,the; fridge; door; swings; open; revealing; scene; organized; chaos,the,0.1,0.0,0.0,0,0,"A single, yellowed photo lies on the bottom shelf, its subject obscured by a cascade of half-eaten takeout containers."
steer_alpha_1p05_traj_c8_tok120_seed08_i_am_opening_the_fridge.json,steer_alpha_1p05_traj,experiments/frontier_sweep_model_compare_gemma2_push_traj_seed12/steer_alpha_1p05_traj_c8_tok120_seed08_i_am_opening_the_fridge.json,2,4,0,-1.9680662931839403,0.0,0.3745,0.0,0.0,0.0,0.0,0.749,0.0,0.8753333333333333,0.0,0.0,0.0,,0.0,0.0,,0.0,0.0,,0.0,,0.5,0.5,the; fridge; door; swings; open; revealing; scene; organized; chaos,the; scene,0.0,0.0,0.0,0,0,"The scene shifts to a bustling airport terminal, illuminated by fluorescent lights."
steer_alpha_1p05_traj_c8_tok120_seed08_i_am_opening_the_fridge.json,steer_alpha_1p05_traj,experiments/frontier_sweep_model_compare_gemma2_push_traj_seed12/steer_alpha_1p05_traj_c8_tok120_seed08_i_am_opening_the_fridge.json,2,5,0,-1.3063740558292278,0.0,0.4,0.0,0.0,0.0,0.0,0.8,0.0,0.7556157635467982,0.0,0.0,0.0,,0.0,0.0,,0.0,0.0,,0.0,,0.0,1.0,the; fridge; door; swings; open; revealing; scene; organized; chaos,,0.0,0.0,0.0,0,0,"A lone, wilting dandelion seed drifts in a darkened room."
steer_alpha_1p05_traj_c8_tok120_seed08_i_am_opening_the_fridge.json,steer_alpha_1p05_traj,experiments/frontier_sweep_model_compare_gemma2_push_traj_seed12/steer_alpha_1p05_traj_c8_tok120_seed08_i_am_opening_the_fridge.json,2,6,0,-2.3034083990147782,0.0,0.4,0.0,0.0,0.0,0.0,0.8,0.0,0.8181522988505747,0.0,0.0,0.0,,0.0,0.0,,0.0,0.0,,0.0,,0.0,1.0,the; fridge; door; swings; open; revealing; scene; organized; chaos,,0.0,0.0,0.0,0,0,"A single plastic, red cup sits atop a pile of wilted lettuce."
steer_alpha_1p05_traj_c8_tok120_seed08_i_am_opening_the_fridge.json,steer_alpha_1p05_traj,experiments/frontier_sweep_model_compare_gemma2_push_traj_seed12/steer_alpha_1p05_traj_c8_tok120_seed08_i_am_opening_the_fridge.json,2,7,0,-1.8509631661442008,0.0,0.4143636363636364,0.0,0.0,0.0,0.0,0.7818181818181819,0.05999999999999997,0.8423433908045979,0.0,0.0,0.0,,0.0,0.0,,0.0,0.0,,0.0,,0.0,1.0,the; fridge; door; swings; open; revealing; scene; organized; chaos,,0.0,0.0,0.0,0,0,"A lone, white sock sits on a shelf next to a half-eaten sandwich, nestled amongst colorful, plastic toys."
steer_alpha_1p05_traj_c8_tok120_seed08_i_am_opening_the_fridge.json,steer_alpha_1p05_traj,experiments/frontier_sweep_model_compare_gemma2_push_traj_seed12/steer_alpha_1p05_traj_c8_tok120_seed08_i_am_opening_the_fridge.json,2,8,0,-1.7359835796387522,0.0,0.47714285714285715,0.0,0.0,0.0,0.0,0.9542857142857143,0.0,0.8032824302134647,0.0,0.3333333333333333,10.0,velvet,0.3333333333333333,10.0,velvet,0.0,0.0,,0.375,velvet,0.0,1.0,the; fridge; door; swings; open; revealing; scene; organized; chaos,,0.1,0.0,0.0,0,0,"A single, vibrant, long-stemmed rose sits on a dusty, velvet-covered nightstand."
steer_alpha_1p05_traj_c8_tok120_seed08_i_am_opening_the_fridge.json,steer_alpha_1p05_traj,experiments/frontier_sweep_model_compare_gemma2_push_traj_seed12/steer_alpha_1p05_traj_c8_tok120_seed08_i_am_opening_the_fridge.json,3,1,1,0.07770265962768752,0.0,0.46845161290322584,0.0,0.0,0.0,0.0,0.8,0.17112903225806445,0.5635953837597331,0.0,0.0,0.0,,0.0,0.0,,0.0,0.0,,0.0,,0.25,0.75,the; fridge; door; swings; open; revealing; scene; organized; chaos; hand; reaches; inside,the,0.1,0.0,0.0,0,0,"A pale, yellowed lemon rests on the bottom shelf."
steer_alpha_1p05_traj_c8_tok120_seed08_i_am_opening_the_fridge.json,steer_alpha_1p05_traj,experiments/frontier_sweep_model_compare_gemma2_push_traj_seed12/steer_alpha_1p05_traj_c8_tok120_seed08_i_am_opening_the_fridge.json,3,2,0,0.16728893195209138,0.0,0.4,0.0,0.0,0.0,0.0,0.8,0.0,0.8368175287356322,0.0,0.0,0.0,,0.0,0.0,,0.0,0.0,,0.0,,0.75,0.25,the; fridge; door; swings; open; revealing; scene; organized; chaos; hand; reaches; inside,the; fridge; inside,0.0,0.0,0.0,0,0,"Inside the fridge, a small plastic container sits atop a shelf, filled with bright red berries."
steer_alpha_1p05_traj_c8_tok120_seed08_i_am_opening_the_fridge.json,steer_alpha_1p05_traj,experiments/frontier_sweep_model_compare_gemma2_push_traj_seed12/steer_alpha_1p05_traj_c8_tok120_seed08_i_am_opening_the_fridge.json,3,3,0,-2.0574861111111113,0.0,0.41962013888888894,0.0,0.0,0.0,0.0,0.7917361111111112,0.05999999999999997,0.9404583333333335,0.0,0.0,0.0,,0.0,0.0,,0.0,0.0,,0.0,,0.25,0.75,the; fridge; door; swings; open; revealing; scene; organized; chaos; hand; reaches; inside,the,0.0,0.0,0.0,0,0,"A lone pickle sits on the bottom shelf, surrounded by a chaotic array of colorful fruits."
steer_alpha_1p05_traj_c8_tok120_seed08_i_am_opening_the_fridge.json,steer_alpha_1p05_traj,experiments/frontier_sweep_model_compare_gemma2_push_traj_seed12/steer_alpha_1p05_traj_c8_tok120_seed08_i_am_opening_the_fridge.json,3,4,0,-1.4235912561576354,0.0,0.4,0.0,0.0,0.0,0.0,0.8,0.0,0.7008189655172414,0.0,0.0,0.0,,0.0,0.0,,0.0,0.0,,0.0,,0.0,1.0,the; fridge; door; swings; open; revealing; scene; organized; chaos; hand; reaches; inside,,0.0,0.0,0.0,0,0,"A lone, green avocado sits on a small metal shelf."
steer_alpha_1p05_traj_c8_tok120_seed08_i_am_opening_the_fridge.json,steer_alpha_1p05_traj,experiments/frontier_sweep_model_compare_gemma2_push_traj_seed12/steer_alpha_1p05_traj_c8_tok120_seed08_i_am_opening_the_fridge.json,3,5,0,0.2708807610770354,0.0,0.4684928818776452,0.0,0.0,0.0,0.0,0.7808214697960754,0.19999999999999998,0.9100000000000001,0.0,0.0,0.0,,0.0,0.0,,0.0,0.0,,0.0,,0.75,0.25,the; fridge; door; swings; open; revealing; scene; organized; chaos; hand; reaches; inside,the; fridge; inside,0.0,0.0,0.0,0,0,"Inside the fridge, a lone, half-eaten carton of eggs sits amongst neatly stacked jars of pickles and a plastic container of blueberries."
steer_alpha_1p05_traj_c8_tok120_seed08_i_am_opening_the_fridge.json,steer_alpha_1p05_traj,experiments/frontier_sweep_model_compare_gemma2_push_traj_seed12/steer_alpha_1p05_traj_c8_tok120_seed08_i_am_opening_the_fridge.json,3,6,0,-0.618856889489203,0.0,0.5190824372759856,0.0,0.0,0.0,0.0,0.8,0.2977060931899641,0.7689920281794587,0.0,0.0,0.0,,0.0,0.0,,0.0,0.0,,0.0,,0.0,1.0,the; fridge; door; swings; open; revealing; scene; organized; chaos; hand; reaches; inside,,0.0,0.0,0.0,0,0,"A lime green, plastic container sits on a shelf, next to a jar of pickles and a carton of eggs."
steer_alpha_1p05_traj_c8_tok120_seed08_i_am_opening_the_fridge.json,steer_alpha_1p05_traj,experiments/frontier_sweep_model_compare_gemma2_push_traj_seed12/steer_alpha_1p05_traj_c8_tok120_seed08_i_am_opening_the_fridge.json,3,7,0,-2.742681991341991,0.0,0.4,0.0,0.0,0.0,0.0,0.8,0.0,0.8276666666666668,0.0,0.0,0.0,,0.0,0.0,,0.0,0.0,,0.0,,0.0,1.0,the; fridge; door; swings; open; revealing; scene; organized; chaos; hand; reaches; inside,,0.0,0.0,0.0,0,0,"A single, bright red apple hangs from a leafy green vine."
steer_alpha_1p05_traj_c8_tok120_seed08_i_am_opening_the_fridge.json,steer_alpha_1p05_traj,experiments/frontier_sweep_model_compare_gemma2_push_traj_seed12/steer_alpha_1p05_traj_c8_tok120_seed08_i_am_opening_the_fridge.json,3,8,0,-2.8190374149659867,0.0,0.3801992857142857,0.0,0.0,0.0,0.0,0.7173571428571428,0.05999999999999997,0.9730000000000001,0.0,0.0,0.0,,0.0,0.0,,0.0,0.0,,0.0,,0.0,1.0,the; fridge; door; swings; open; revealing; scene; organized; chaos; hand; reaches; inside,,0.0,0.0,0.0,0,0,"A carton of eggs sits nestled among a collection of colorful plastic bottles, their plastic caps a vibrant, bright red."
steer_alpha_1p05_traj_c8_tok120_seed08_i_am_opening_the_fridge.json,steer_alpha_1p05_traj,experiments/frontier_sweep_model_compare_gemma2_push_traj_seed12/steer_alpha_1p05_traj_c8_tok120_seed08_i_am_opening_the_fridge.json,4,1,1,0.9948882458359687,0.0,0.5562365591397849,0.0,0.0,0.0,0.0,0.8,0.39059139784946223,0.27423387096774204,0.0,0.0,0.0,,0.0,0.0,,0.0,0.0,,0.0,,0.25,0.75,the; fridge; door; swings; open; revealing; scene; organized; chaos; hand; reaches; inside,the,0.0,0.0,0.0,0,0,"A small, blue, plastic toolbox sits next to the lemon."
steer_alpha_1p05_traj_c8_tok120_seed08_i_am_opening_the_fridge.json,steer_alpha_1p05_traj,experiments/frontier_sweep_model_compare_gemma2_push_traj_seed12/steer_alpha_1p05_traj_c8_tok120_seed08_i_am_opening_the_fridge.json,4,2,0,2.959296201338013,0.0,0.7766129032258065,0.0,0.0,0.0,0.0,1.0,0.5532258064516128,0.3411719503151651,0.0,0.0,0.0,,0.0,0.0,,0.0,0.0,,0.0,,0.0,1.0,the; fridge; door; swings; open; revealing; scene; organized; chaos; hand; reaches; inside,,0.0,0.0,0.0,0,0,"A wooden spoon rests on a plate, next to a single, crushed strawberry."
steer_alpha_1p05_traj_c8_tok120_seed08_i_am_opening_the_fridge.json,steer_alpha_1p05_traj,experiments/frontier_sweep_model_compare_gemma2_push_traj_seed12/steer_alpha_1p05_traj_c8_tok120_seed08_i_am_opening_the_fridge.json,4,3,0,-0.4909930597360815,0.0,0.3907436332767402,0.0,0.0,0.0,0.0,0.7578947368421053,0.031129032258064487,0.6742620504263998,0.0,0.0,0.0,,0.0,0.0,,0.0,0.0,,0.0,,0.25,0.75,the; fridge; door; swings; open; revealing; scene; organized; chaos; hand; reaches; inside,the,0.0,0.0,0.0,0,0,A silver spoon dangles from the lemon's peel.
steer_alpha_1p05_traj_c8_tok120_seed08_i_am_opening_the_fridge.json,steer_alpha_1p05_traj,experiments/frontier_sweep_model_compare_gemma2_push_traj_seed12/steer_alpha_1p05_traj_c8_tok120_seed08_i_am_opening_the_fridge.json,4,4,0,-0.13882222222222196,0.015299207703703703,0.41979533333333335,0.044444444444444446,0.0,0.0,0.2222222222222222,0.7920666666666667,0.05999999999999997,0.9730000000000001,0.0,0.0,0.0,,0.0,0.0,,0.0,0.0,,0.0,,1.0,0.0,the; fridge; door; swings; open; revealing; scene; organized; chaos; hand; reaches; inside,the; fridge; hand; reaches; inside,0.0,0.0,0.0,0,0,"A hand reaches inside the fridge again, this time grabbing a carton of milk, cold and smooth."
steer_alpha_1p05_traj_c8_tok120_seed08_i_am_opening_the_fridge.json,steer_alpha_1p05_traj,experiments/frontier_sweep_model_compare_gemma2_push_traj_seed12/steer_alpha_1p05_traj_c8_tok120_seed08_i_am_opening_the_fridge.json,4,5,0,-1.9408775523327249,0.0,0.3945909090909091,0.0,0.0,0.0,0.0,0.7891818181818182,0.0,0.7556157635467982,0.0,0.0,0.0,,0.0,0.0,,0.0,0.0,,0.0,,0.25,0.75,the; fridge; door; swings; open; revealing; scene; organized; chaos; hand; reaches; inside,the,0.0,0.0,0.0,0,0,"A single, rusty, and worn spoon dips its curved handle into the bowl."
steer_alpha_1p05_traj_c8_tok120_seed08_i_am_opening_the_fridge.json,steer_alpha_1p05_traj,experiments/frontier_sweep_model_compare_gemma2_push_traj_seed12/steer_alpha_1p05_traj_c8_tok120_seed08_i_am_opening_the_fridge.json,4,6,0,-0.6888319247239125,0.0,0.42400000000000004,0.0,0.0,0.0,0.0,0.8,0.05999999999999997,0.8098175287356322,0.0,0.0,0.0,,0.0,0.0,,0.0,0.0,,0.0,,0.25,0.75,the; fridge; door; swings; open; revealing; scene; organized; chaos; hand; reaches; inside,the,0.0,0.0,0.0,0,0,"A small, plastic cup filled with bright, red, liquid fruit juice sits next to the lemon."
steer_alpha_1p05_traj_c8_tok120_seed08_i_am_opening_the_fridge.json,steer_alpha_1p05_traj,experiments/frontier_sweep_model_compare_gemma2_push_traj_seed12/steer_alpha_1p05_traj_c8_tok120_seed08_i_am_opening_the_fridge.json,4,7,0,-0.01849628567891448,0.0,0.4737323943661972,0.0,0.0,0.0,0.0,0.9474647887323944,0.0,0.8509490968801314,0.0,0.0,0.0,,0.0,0.0,,0.0,0.0,,0.0,,0.25,0.75,the; fridge; door; swings; open; revealing; scene; organized; chaos; hand; reaches; inside,the,0.0,0.0,0.0,0,0,"The lemon, still warm from the day, is nestled next to a glistening, ruby-red tomato."
steer_alpha_1p05_traj_c8_tok120_seed08_i_am_opening_the_fridge.json,steer_alpha_1p05_traj,experiments/frontier_sweep_model_compare_gemma2_push_traj_seed12/steer_alpha_1p05_traj_c8_tok120_seed08_i_am_opening_the_fridge.json,4,8,0,0.7014013831353669,0.0,0.3977793382195264,0.0,0.0,0.0,0.0,0.7280389363722697,0.09274193548387091,0.7815233129403041,0.0,0.0,0.0,,0.0,0.0,,0.0,0.0,,0.0,,0.5,0.5,the; fridge; door; swings; open; revealing; scene; organized; chaos; hand; reaches; inside,the; fridge,0.0,0.0,0.0,0,0,"The lemon, still glistening, is a bright spot against the white background of the fridge interior."
steer_alpha_1p05_traj_c8_tok120_seed08_i_am_opening_the_fridge.json,steer_alpha_1p05_traj,experiments/frontier_sweep_model_compare_gemma2_push_traj_seed12/steer_alpha_1p05_traj_c8_tok120_seed08_i_am_opening_the_fridge.json,5,1,1,1.8026146110056924,0.0,0.5278709677419354,0.0,0.0,0.0,0.0,0.8,0.3196774193548386,0.30614516129032265,0.0,0.0,0.0,,0.0,0.0,,0.0,0.0,,0.0,,0.25,0.75,the; fridge; door; swings; open; revealing; scene; organized; chaos; hand; reaches; inside,the,0.0,0.0,0.0,0,0,"A worn, red, rubber spatula lies beside the toolbox."
steer_alpha_1p05_traj_c8_tok120_seed08_i_am_opening_the_fridge.json,steer_alpha_1p05_traj,experiments/frontier_sweep_model_compare_gemma2_push_traj_seed12/steer_alpha_1p05_traj_c8_tok120_seed08_i_am_opening_the_fridge.json,5,2,0,2.20808571522282,0.0,0.5447343108504398,0.0,0.0,0.0,0.0,0.7709090909090909,0.4132258064516128,0.35650528364849843,0.0,0.0,0.0,,0.0,0.0,,0.0,0.0,,0.0,,0.25,0.75,the; fridge; door; swings; open; revealing; scene; organized; chaos; hand; reaches; inside,the,0.0,0.0,0.0,0,0,"A single, red, rubber band is gently tied around the lemon's stem."
steer_alpha_1p05_traj_c8_tok120_seed08_i_am_opening_the_fridge.json,steer_alpha_1p05_traj,experiments/frontier_sweep_model_compare_gemma2_push_traj_seed12/steer_alpha_1p05_traj_c8_tok120_seed08_i_am_opening_the_fridge.json,5,3,0,-0.5176426179207315,0.0,0.49562500000000004,0.0,0.0,0.0,0.0,0.9912500000000001,0.0,0.8509490968801314,0.0,0.0,0.0,,0.0,0.0,,0.0,0.0,,0.0,,0.25,0.75,the; fridge; door; swings; open; revealing; scene; organized; chaos; hand; reaches; inside,the,0.0,0.0,0.0,0,0,"A single, crisp white playing card, marked with a diamond, sits next to the toolbox."
steer_alpha_1p05_traj_c8_tok120_seed08_i_am_opening_the_fridge.json,steer_alpha_1p05_traj,experiments/frontier_sweep_model_compare_gemma2_push_traj_seed12/steer_alpha_1p05_traj_c8_tok120_seed08_i_am_opening_the_fridge.json,5,4,0,0.17887002526884888,0.0,0.4809090909090909,0.0,0.0,0.0,0.0,0.9618181818181818,0.0,0.8276666666666668,0.0,0.0,0.0,,0.0,0.0,,0.0,0.0,,0.0,,0.25,0.75,the; fridge; door; swings; open; revealing; scene; organized; chaos; hand; reaches; inside,the,0.0,0.0,0.0,0,0,"The toolbox is dusted with flour, a faint, sweet aroma tickling the nose."
steer_alpha_1p05_traj_c8_tok120_seed08_i_am_opening_the_fridge.json,steer_alpha_1p05_traj,experiments/frontier_sweep_model_compare_gemma2_push_traj_seed12/steer_alpha_1p05_traj_c8_tok120_seed08_i_am_opening_the_fridge.json,5,5,0,-0.18698954409349888,0.0,0.4984082142857143,0.0,0.0,0.0,0.0,0.9403928571428571,0.05999999999999997,0.8410948275862069,0.0,0.0,0.0,,0.0,0.0,,0.0,0.0,,0.0,,0.25,0.75,the; fridge; door; swings; open; revealing; scene; organized; chaos; hand; reaches; inside,the,0.0,0.0,0.0,0,0,"A worn, but sturdy, wrench hangs from the toolbox's top, its head aimed at the lemon."
steer_alpha_1p05_traj_c8_tok120_seed08_i_am_opening_the_fridge.json,steer_alpha_1p05_traj,experiments/frontier_sweep_model_compare_gemma2_push_traj_seed12/steer_alpha_1p05_traj_c8_tok120_seed08_i_am_opening_the_fridge.json,5,6,0,-0.13267480997704095,0.0,0.4914876373626374,0.0,0.0,0.0,0.0,0.9273351648351649,0.05999999999999997,0.8046990968801314,0.0,0.0,0.0,,0.0,0.0,,0.0,0.0,,0.0,,0.5,0.5,the; fridge; door; swings; open; revealing; scene; organized; chaos; hand; reaches; inside,the; revealing,0.0,0.0,0.0,0,0,"Close-up of the lemon, revealing a single, deep, black bruise, just below the rind."
steer_alpha_1p05_traj_c8_tok120_seed08_i_am_opening_the_fridge.json,steer_alpha_1p05_traj,experiments/frontier_sweep_model_compare_gemma2_push_traj_seed12/steer_alpha_1p05_traj_c8_tok120_seed08_i_am_opening_the_fridge.json,5,7,0,-0.07470608471654816,0.0,0.5211169014084508,0.0,0.0,0.0,0.0,0.9832394366197184,0.05999999999999997,0.9271508620689656,0.0,0.0,0.0,,0.0,0.0,,0.0,0.0,,0.0,,0.5,0.5,the; fridge; door; swings; open; revealing; scene; organized; chaos; hand; reaches; inside,the; revealing,0.0,0.0,0.0,0,0,"The toolbox opens, revealing a collection of tools, each one with a faded, worn handle."
steer_alpha_1p05_traj_c8_tok120_seed08_i_am_opening_the_fridge.json,steer_alpha_1p05_traj,experiments/frontier_sweep_model_compare_gemma2_push_traj_seed12/steer_alpha_1p05_traj_c8_tok120_seed08_i_am_opening_the_fridge.json,5,8,0,-1.3151329496484925,0.0,0.3609939759036145,0.0,0.0,0.0,0.0,0.721987951807229,0.0,0.8680948275862069,0.0,0.0,0.0,,0.0,0.0,,0.0,0.0,,0.0,,0.5,0.5,the; fridge; door; swings; open; revealing; scene; organized; chaos; hand; reaches; inside,the; scene,0.0,0.0,0.0,0,0,"A flickering fluorescent light illuminates the scene, casting long shadows across the countertop."
steer_alpha_1p05_traj_c8_tok120_seed09_i_am_waiting_for_the_printer.json,steer_alpha_1p05_traj,experiments/frontier_sweep_model_compare_gemma2_push_traj_seed12/steer_alpha_1p05_traj_c8_tok120_seed09_i_am_waiting_for_the_printer.json,1,1,1,1.1556538266919674,0.025795612903225802,0.4718709677419355,0.06666666666666667,0.0,0.0,0.3333333333333333,0.8,0.17967741935483866,0.3691451612903226,0.0,0.0,0.0,,0.0,0.0,,0.0,0.0,,0.0,,0.5,0.5,waiting; for; the; printer,the; printer,0.0,0.0,0.0,0,0,A hand reaches out to touch the printer.
steer_alpha_1p05_traj_c8_tok120_seed09_i_am_waiting_for_the_printer.json,steer_alpha_1p05_traj,experiments/frontier_sweep_model_compare_gemma2_push_traj_seed12/steer_alpha_1p05_traj_c8_tok120_seed09_i_am_waiting_for_the_printer.json,1,2,0,-0.7656597121607259,0.021193993333333334,0.38769500000000007,0.06666666666666667,0.0,0.0,0.3333333333333333,0.7315,0.05999999999999997,0.7934281609195403,0.0,0.0,0.0,,0.0,0.0,,0.0,0.0,,0.0,,0.5,0.5,waiting; for; the; printer,the; printer,0.0,0.0,0.0,0,0,"The printer stands on the desk, its metal body gleaming under the harsh office lights."
steer_alpha_1p05_traj_c8_tok120_seed09_i_am_waiting_for_the_printer.json,steer_alpha_1p05_traj,experiments/frontier_sweep_model_compare_gemma2_push_traj_seed12/steer_alpha_1p05_traj_c8_tok120_seed09_i_am_waiting_for_the_printer.json,1,3,0,-1.2094832156126991,0.020485158936835522,0.3666794559099437,0.06666666666666667,0.0,0.0,0.3333333333333333,0.6918480300187617,0.05999999999999997,0.9404583333333335,0.0,0.0,0.0,,0.0,0.0,,0.0,0.0,,0.0,,0.5,0.5,waiting; for; the; printer,the; printer,0.1,0.0,0.0,0,0,"The printer hums softly, a steady counterpoint to the symphony of rain drumming against the window."
steer_alpha_1p05_traj_c8_tok120_seed09_i_am_waiting_for_the_printer.json,steer_alpha_1p05_traj,experiments/frontier_sweep_model_compare_gemma2_push_traj_seed12/steer_alpha_1p05_traj_c8_tok120_seed09_i_am_waiting_for_the_printer.json,1,4,0,-1.3464631932773106,0.0,0.5,0.0,0.0,0.0,0.0,1.0,0.0,0.8753333333333333,0.0,0.0,0.0,,0.0,0.0,,0.0,0.0,,0.0,,0.5,0.5,waiting; for; the; printer,the; printer,0.0,0.0,0.0,0,0,"The printer hums softly, its metal chassis sleek and black."
steer_alpha_1p05_traj_c8_tok120_seed09_i_am_waiting_for_the_printer.json,steer_alpha_1p05_traj,experiments/frontier_sweep_model_compare_gemma2_push_traj_seed12/steer_alpha_1p05_traj_c8_tok120_seed09_i_am_waiting_for_the_printer.json,1,5,0,-1.2889950980392155,0.0,0.5,0.0,0.0,0.0,0.0,1.0,0.0,0.8987083333333334,0.0,0.0,0.0,,0.0,0.0,,0.0,0.0,,0.0,,0.5,0.5,waiting; for; the; printer,the; printer,0.0,0.0,0.0,0,0,"The printer, a portal to another dimension, hums with a low, constant thrum."
steer_alpha_1p05_traj_c8_tok120_seed09_i_am_waiting_for_the_printer.json,steer_alpha_1p05_traj,experiments/frontier_sweep_model_compare_gemma2_push_traj_seed12/steer_alpha_1p05_traj_c8_tok120_seed09_i_am_waiting_for_the_printer.json,1,6,0,0.4804230723868501,0.0,0.45653684210526313,0.0,0.0,0.0,0.0,0.7608947368421053,0.19999999999999998,0.9100000000000001,0.0,0.0,0.0,,0.0,0.0,,0.0,0.0,,0.0,,0.5,0.5,waiting; for; the; printer,the; printer,0.0,0.0,0.0,0,0,"The printer hums, emitting a rhythmic pulse of light and sound. A single sheet of paper, crisp and white, is fed into the machine."
steer_alpha_1p05_traj_c8_tok120_seed09_i_am_waiting_for_the_printer.json,steer_alpha_1p05_traj,experiments/frontier_sweep_model_compare_gemma2_push_traj_seed12/steer_alpha_1p05_traj_c8_tok120_seed09_i_am_waiting_for_the_printer.json,1,7,0,-1.659261581555699,0.0,0.39529846153846154,0.0,0.0,0.0,0.0,0.7458461538461538,0.05999999999999997,0.9730000000000001,0.0,0.0,0.0,,0.0,0.0,,0.0,0.0,,0.0,,0.5,0.5,waiting; for; the; printer,the; printer,0.0,0.0,0.0,0,0,"The printer hums, its metallic casing a symphony of static and whirring, a digital echo of the human heartbeat."
steer_alpha_1p05_traj_c8_tok120_seed09_i_am_waiting_for_the_printer.json,steer_alpha_1p05_traj,experiments/frontier_sweep_model_compare_gemma2_push_traj_seed12/steer_alpha_1p05_traj_c8_tok120_seed09_i_am_waiting_for_the_printer.json,1,8,0,-0.8929690005185373,0.0,0.4706052631578947,0.0,0.0,0.0,0.0,0.7843421052631578,0.19999999999999998,0.8161522988505747,0.0,0.0,0.0,,0.0,0.0,,0.0,0.0,,0.0,,0.0,1.0,waiting; for; the; printer,,0.0,0.0,0.0,0,0,"A single, blank sheet of paper rests on a printing table, surrounded by empty ink cartridges."
steer_alpha_1p05_traj_c8_tok120_seed09_i_am_waiting_for_the_printer.json,steer_alpha_1p05_traj,experiments/frontier_sweep_model_compare_gemma2_push_traj_seed12/steer_alpha_1p05_traj_c8_tok120_seed09_i_am_waiting_for_the_printer.json,2,1,1,3.0880459835547125,0.0,0.6598387096774193,0.0,0.0,0.0,0.0,1.0,0.3196774193548386,0.30614516129032265,0.0,0.3333333333333333,11.11111111111111,faded photograph,0.3333333333333333,11.11111111111111,faded photograph,0.0,0.0,,0.0,,0.5,0.5,waiting; for; the; printer; hand; reaches; out,the; printer,0.2,0.0,0.0,0,0,"A single, faded photograph, slightly dusty, rests near the printer."
steer_alpha_1p05_traj_c8_tok120_seed09_i_am_waiting_for_the_printer.json,steer_alpha_1p05_traj,experiments/frontier_sweep_model_compare_gemma2_push_traj_seed12/steer_alpha_1p05_traj_c8_tok120_seed09_i_am_waiting_for_the_printer.json,2,2,0,1.9827002282880537,0.0,0.5618381010346926,0.0,0.0,0.0,0.0,0.769811320754717,0.45967741935483863,0.36405033370411577,0.0,0.0,0.0,,0.0,0.0,,0.0,0.0,,0.0,,0.5,0.5,waiting; for; the; printer; hand; reaches; out,the; printer,0.0,0.0,0.0,0,0,"A red ribbon shimmers on the printer's side, caught in a breeze."
steer_alpha_1p05_traj_c8_tok120_seed09_i_am_waiting_for_the_printer.json,steer_alpha_1p05_traj,experiments/frontier_sweep_model_compare_gemma2_push_traj_seed12/steer_alpha_1p05_traj_c8_tok120_seed09_i_am_waiting_for_the_printer.json,2,3,0,-0.4859473969587833,0.0,0.5,0.0,0.0,0.0,0.0,1.0,0.0,0.8340833333333333,0.0,0.0,0.0,,0.0,0.0,,0.0,0.0,,0.0,,0.5,0.5,waiting; for; the; printer; hand; reaches; out,the; printer,0.0,0.0,0.0,0,0,"The printer hums, a low, rhythmic sound"
steer_alpha_1p05_traj_c8_tok120_seed09_i_am_waiting_for_the_printer.json,steer_alpha_1p05_traj,experiments/frontier_sweep_model_compare_gemma2_push_traj_seed12/steer_alpha_1p05_traj_c8_tok120_seed09_i_am_waiting_for_the_printer.json,2,4,0,-1.9518,0.0,0.2,0.0,0.0,0.0,0.0,0.8,0.0,0.45,0.5,0.0,0.0,,0.0,0.0,,0.0,0.0,,0.0,,0.0,1.0,waiting; for; the; printer; hand; reaches; out,,0.0,0.0,0.0,0,0,A screen flickers with a loading symbol.
steer_alpha_1p05_traj_c8_tok120_seed09_i_am_waiting_for_the_printer.json,steer_alpha_1p05_traj,experiments/frontier_sweep_model_compare_gemma2_push_traj_seed12/steer_alpha_1p05_traj_c8_tok120_seed09_i_am_waiting_for_the_printer.json,2,5,0,-1.3886107189542483,0.0,0.4,0.0,0.0,0.0,0.0,0.8,0.0,0.8753333333333333,0.0,0.0,0.0,,0.0,0.0,,0.0,0.0,,0.0,,0.5,0.5,waiting; for; the; printer; hand; reaches; out,the; printer,0.0,0.0,0.0,0,0,"The printer blinks, a small green light pulsing steadily."
steer_alpha_1p05_traj_c8_tok120_seed09_i_am_waiting_for_the_printer.json,steer_alpha_1p05_traj,experiments/frontier_sweep_model_compare_gemma2_push_traj_seed12/steer_alpha_1p05_traj_c8_tok120_seed09_i_am_waiting_for_the_printer.json,2,6,0,-2.466257777777778,0.0,0.5,0.0,0.0,0.0,0.0,1.0,0.0,0.8753333333333333,0.0,0.0,0.0,,0.0,0.0,,0.0,0.0,,0.0,,0.25,0.75,waiting; for; the; printer; hand; reaches; out,the,0.0,0.0,0.0,0,0,"A metal gear spins, its teeth catching the light."
steer_alpha_1p05_traj_c8_tok120_seed09_i_am_waiting_for_the_printer.json,steer_alpha_1p05_traj,experiments/frontier_sweep_model_compare_gemma2_push_traj_seed12/steer_alpha_1p05_traj_c8_tok120_seed09_i_am_waiting_for_the_printer.json,2,7,0,-0.0005856934036403416,0.0,0.3733867924528302,0.0,0.0,0.0,0.0,0.7467735849056604,0.0,0.8032824302134647,0.0,0.0,0.0,,0.0,0.0,,0.0,0.0,,0.0,,0.5,0.5,waiting; for; the; printer; hand; reaches; out,the; printer,0.1,0.0,0.0,0,0,"The printer hums, a faint, steady pulse echoing through the room."
steer_alpha_1p05_traj_c8_tok120_seed09_i_am_waiting_for_the_printer.json,steer_alpha_1p05_traj,experiments/frontier_sweep_model_compare_gemma2_push_traj_seed12/steer_alpha_1p05_traj_c8_tok120_seed09_i_am_waiting_for_the_printer.json,2,8,0,0.48189441327212923,0.026425491932718394,0.5788294085729788,0.05333333333333334,0.0,0.0,0.26666666666666666,0.9647156809549647,0.19999999999999998,0.6991508620689655,0.0,0.3333333333333333,6.25,leather-bound,0.3333333333333333,6.25,leather-bound,0.0,0.0,,0.5,leather-bound,0.25,0.75,waiting; for; the; printer; hand; reaches; out,the,0.2,0.0,0.0,0,0,"A small, worn, leather-bound book lies open on the counter, its pages filled with intricate, faded illustrations."
steer_alpha_1p05_traj_c8_tok120_seed09_i_am_waiting_for_the_printer.json,steer_alpha_1p05_traj,experiments/frontier_sweep_model_compare_gemma2_push_traj_seed12/steer_alpha_1p05_traj_c8_tok120_seed09_i_am_waiting_for_the_printer.json,3,1,1,1.4003946688820132,0.01847306093189964,0.4723225806451613,0.044444444444444446,0.0,0.0,0.2222222222222222,0.7872043010752688,0.19999999999999998,0.7304281609195402,0.0,0.0,0.0,,0.0,0.0,,0.0,0.0,,0.0,,0.5,0.5,waiting; for; the; printer; hand; reaches; out; single; photograph; slightly,the; printer,0.3333333333333333,0.0,0.0,0,0,"A worn, leatherbound book lies open on the printer, its pages filled with faded ink and handwritten annotations."
steer_alpha_1p05_traj_c8_tok120_seed09_i_am_waiting_for_the_printer.json,steer_alpha_1p05_traj,experiments/frontier_sweep_model_compare_gemma2_push_traj_seed12/steer_alpha_1p05_traj_c8_tok120_seed09_i_am_waiting_for_the_printer.json,3,2,0,-0.08804469187675046,0.0,0.5,0.0,0.0,0.0,0.0,1.0,0.0,0.7864166666666667,0.0,0.0,0.0,,0.0,0.0,,0.0,0.0,,0.0,,0.5,0.5,waiting; for; the; printer; hand; reaches; out; single; photograph; slightly,the; printer,0.0,0.0,0.0,0,0,"The printer hums quietly, its paper tray open."
steer_alpha_1p05_traj_c8_tok120_seed09_i_am_waiting_for_the_printer.json,steer_alpha_1p05_traj,experiments/frontier_sweep_model_compare_gemma2_push_traj_seed12/steer_alpha_1p05_traj_c8_tok120_seed09_i_am_waiting_for_the_printer.json,3,3,0,0.9016884782624481,0.0,0.5696785714285714,0.0,0.0,0.0,0.0,0.9494642857142856,0.19999999999999998,0.8161522988505747,0.0,0.0,0.0,,0.0,0.0,,0.0,0.0,,0.0,,0.75,0.25,waiting; for; the; printer; hand; reaches; out; single; photograph; slightly,the; printer; hand,0.0,0.0,0.0,0,0,"A swirling, colorful, digital art piece, overlaid with a faint, glitching image of the hand, floats above the printer."
steer_alpha_1p05_traj_c8_tok120_seed09_i_am_waiting_for_the_printer.json,steer_alpha_1p05_traj,experiments/frontier_sweep_model_compare_gemma2_push_traj_seed12/steer_alpha_1p05_traj_c8_tok120_seed09_i_am_waiting_for_the_printer.json,3,4,0,0.7594529758988234,0.0,0.4458806818181818,0.0,0.0,0.0,0.0,0.8917613636363636,0.0,0.7704856321839081,0.0,0.0,0.0,,0.0,0.0,,0.0,0.0,,0.0,,0.5,0.5,waiting; for; the; printer; hand; reaches; out; single; photograph; slightly,the; photograph,0.0,0.0,0.0,0,0,"The photograph, now smudged with ink, is held to the edge of the paper."
steer_alpha_1p05_traj_c8_tok120_seed09_i_am_waiting_for_the_printer.json,steer_alpha_1p05_traj,experiments/frontier_sweep_model_compare_gemma2_push_traj_seed12/steer_alpha_1p05_traj_c8_tok120_seed09_i_am_waiting_for_the_printer.json,3,5,0,0.841987481044667,0.0,0.4466453193033382,0.0,0.0,0.0,0.0,0.7444088655055636,0.19999999999999998,0.9008333333333334,0.0,0.0,0.0,,0.0,0.0,,0.0,0.0,,0.0,,0.5,0.5,waiting; for; the; printer; hand; reaches; out; single; photograph; slightly,the; single,0.0,0.0,0.0,0,0,"The photo, a sepia-toned portrait of a young girl with eyes full of laughter, is now imprinted with a single, wet, crimson tear."
steer_alpha_1p05_traj_c8_tok120_seed09_i_am_waiting_for_the_printer.json,steer_alpha_1p05_traj,experiments/frontier_sweep_model_compare_gemma2_push_traj_seed12/steer_alpha_1p05_traj_c8_tok120_seed09_i_am_waiting_for_the_printer.json,3,6,0,-2.676005912539045,0.0,0.332435854529228,0.0,0.0,0.0,0.0,0.664871709058456,0.0,0.8977916666666668,0.0,0.0,0.0,,0.0,0.0,,0.0,0.0,,0.0,,0.25,0.75,waiting; for; the; printer; hand; reaches; out; single; photograph; slightly,the,0.0,0.0,0.0,0,0,"Fingers trace the words ""Ready"" across the print head, a faint blue glow illuminating the machine."
steer_alpha_1p05_traj_c8_tok120_seed09_i_am_waiting_for_the_printer.json,steer_alpha_1p05_traj,experiments/frontier_sweep_model_compare_gemma2_push_traj_seed12/steer_alpha_1p05_traj_c8_tok120_seed09_i_am_waiting_for_the_printer.json,3,7,0,-0.05676127316440738,0.0,0.44392686768676864,0.0,0.0,0.0,0.0,0.7398781128112811,0.19999999999999998,0.7829490968801315,0.0,0.6666666666666666,12.5,faded photograph; leather-bound,0.6666666666666666,12.5,faded photograph; leather-bound,0.0,0.0,,0.5,leather-bound,1.0,0.0,waiting; for; the; printer; hand; reaches; out; single; photograph; slightly,the; printer; hand; single; photograph,0.3333333333333333,0.0,0.0,0,0,"A gloved hand, a single, faded photograph, and a small, worn, leather-bound notebook rest on the surface of the printer."
steer_alpha_1p05_traj_c8_tok120_seed09_i_am_waiting_for_the_printer.json,steer_alpha_1p05_traj,experiments/frontier_sweep_model_compare_gemma2_push_traj_seed12/steer_alpha_1p05_traj_c8_tok120_seed09_i_am_waiting_for_the_printer.json,3,8,0,-0.9804738050515727,0.0,0.45245394736842104,0.0,0.0,0.0,0.0,0.7540899122807018,0.19999999999999998,0.8691633510167993,0.0,0.3333333333333333,5.555555555555555,leather-bound,0.3333333333333333,5.555555555555555,leather-bound,0.0,0.0,,0.5,leather-bound,0.0,1.0,waiting; for; the; printer; hand; reaches; out; single; photograph; slightly,,0.0,0.0,0.0,0,0,"A worn, leather-bound book opens to a page filled with handwritten characters, each one a stark, black line against a white background."
steer_alpha_1p05_traj_c8_tok120_seed10_the_phone_charger_under_the_desk.json,steer_alpha_1p05_traj,experiments/frontier_sweep_model_compare_gemma2_push_traj_seed12/steer_alpha_1p05_traj_c8_tok120_seed10_the_phone_charger_under_the_desk.json,1,1,1,1.1444138890083284,0.0,0.5155645161290322,0.0,0.0,0.0,0.0,1.0,0.031129032258064487,0.6742620504263998,0.0,0.0,0.0,,0.0,0.0,,0.0,0.0,,0.0,,0.5,0.5,the; phone; charger; desk,the; phone,0.0,0.0,0.0,0,0,"The phone, plugged into a lamp, glows brightly."
steer_alpha_1p05_traj_c8_tok120_seed10_the_phone_charger_under_the_desk.json,steer_alpha_1p05_traj,experiments/frontier_sweep_model_compare_gemma2_push_traj_seed12/steer_alpha_1p05_traj_c8_tok120_seed10_the_phone_charger_under_the_desk.json,1,2,0,-1.067562041446208,0.020471359053497944,0.37447608024691365,0.06666666666666667,0.0,0.0,0.3333333333333333,0.7065586419753087,0.05999999999999997,0.8707916666666667,0.0,0.0,0.0,,0.0,0.0,,0.0,0.0,,0.0,,1.0,0.0,the; phone; charger; desk,the; phone; charger; desk,0.0,0.0,0.0,0,0,"The phone charger under the desk is plugged into the wall, a cord trailing towards the bedroom door."
steer_alpha_1p05_traj_c8_tok120_seed10_the_phone_charger_under_the_desk.json,steer_alpha_1p05_traj,experiments/frontier_sweep_model_compare_gemma2_push_traj_seed12/steer_alpha_1p05_traj_c8_tok120_seed10_the_phone_charger_under_the_desk.json,1,3,0,-0.20755087800637473,0.0,0.4840625,0.0,0.0,0.0,0.0,0.968125,0.0,0.7961522988505747,0.0,0.0,0.0,,0.0,0.0,,0.0,0.0,,0.0,,0.75,0.25,the; phone; charger; desk,the; phone; charger,0.0,0.0,0.0,0,0,"The phone charger, now nestled on a bookshelf, a book perched nearby."
steer_alpha_1p05_traj_c8_tok120_seed10_the_phone_charger_under_the_desk.json,steer_alpha_1p05_traj,experiments/frontier_sweep_model_compare_gemma2_push_traj_seed12/steer_alpha_1p05_traj_c8_tok120_seed10_the_phone_charger_under_the_desk.json,1,4,0,-1.8124429633922534,0.0,0.4,0.0,0.0,0.0,0.0,0.8,0.0,0.9206157635467982,0.0,0.0,0.0,,0.0,0.0,,0.0,0.0,,0.0,,0.75,0.25,the; phone; charger; desk,the; phone; charger,0.1,0.0,0.0,0,0,"The phone charger, nestled amongst a pile of dusty books"
steer_alpha_1p05_traj_c8_tok120_seed10_the_phone_charger_under_the_desk.json,steer_alpha_1p05_traj,experiments/frontier_sweep_model_compare_gemma2_push_traj_seed12/steer_alpha_1p05_traj_c8_tok120_seed10_the_phone_charger_under_the_desk.json,1,5,0,-0.7179827034032,0.0,0.36185,0.0,0.0,0.0,0.0,0.7237,0.0,0.7484856321839081,0.0,0.0,0.0,,0.0,0.0,,0.0,0.0,,0.0,,0.75,0.25,the; phone; charger; desk,the; phone; charger,0.0,0.0,0.0,0,0,"The phone charger, gleaming faintly in the morning sunlight."
steer_alpha_1p05_traj_c8_tok120_seed10_the_phone_charger_under_the_desk.json,steer_alpha_1p05_traj,experiments/frontier_sweep_model_compare_gemma2_push_traj_seed12/steer_alpha_1p05_traj_c8_tok120_seed10_the_phone_charger_under_the_desk.json,1,6,0,-1.9792065040569722,0.0,0.37558226495726493,0.0,0.0,0.0,0.0,0.7511645299145299,0.0,0.8680948275862069,0.0,0.0,0.0,,0.0,0.0,,0.0,0.0,,0.0,,1.0,0.0,the; phone; charger; desk,the; phone; charger; desk,0.0,0.0,0.0,0,0,"The phone charger under the desk, glowing softly, a pixelated eye flickering with life."
steer_alpha_1p05_traj_c8_tok120_seed10_the_phone_charger_under_the_desk.json,steer_alpha_1p05_traj,experiments/frontier_sweep_model_compare_gemma2_push_traj_seed12/steer_alpha_1p05_traj_c8_tok120_seed10_the_phone_charger_under_the_desk.json,1,7,0,-1.0790943336494772,0.0,0.5057376413578489,0.0,0.0,0.0,0.0,0.9256305170239596,0.09274193548387091,0.8768566462736375,0.0,0.0,0.0,,0.0,0.0,,0.0,0.0,,0.0,,1.0,0.0,the; phone; charger; desk,the; phone; charger; desk,0.0,0.0,0.0,0,0,"The phone charger, its cable trailing down, curls over the edge of the desk."
steer_alpha_1p05_traj_c8_tok120_seed10_the_phone_charger_under_the_desk.json,steer_alpha_1p05_traj,experiments/frontier_sweep_model_compare_gemma2_push_traj_seed12/steer_alpha_1p05_traj_c8_tok120_seed10_the_phone_charger_under_the_desk.json,1,8,0,-0.28478868979775795,0.0,0.48367346938775513,0.0,0.0,0.0,0.0,0.9673469387755103,0.0,0.7961522988505747,0.0,0.3333333333333333,12.5,leather-bound,0.3333333333333333,12.5,leather-bound,0.0,0.0,,0.5,leather-bound,0.75,0.25,the; phone; charger; desk,the; phone; charger,0.1,0.0,0.0,0,0,"The phone charger, nestled in a worn, leather-bound book."
steer_alpha_1p05_traj_c8_tok120_seed10_the_phone_charger_under_the_desk.json,steer_alpha_1p05_traj,experiments/frontier_sweep_model_compare_gemma2_push_traj_seed12/steer_alpha_1p05_traj_c8_tok120_seed10_the_phone_charger_under_the_desk.json,2,1,1,0.8707455535529345,0.18601567741935485,0.4124516129032258,0.55,1.0,0.0,0.0,0.8,0.031129032258064487,0.6265953837597331,0.0,0.0,0.0,,0.0,0.0,,0.0,0.0,,0.0,,0.5,0.5,the; phone; charger; desk; plugged; lamp; glows; brightly,the; charger,0.0,0.0,0.0,1,0,"The charger, now a small, intricate sculpture in a glass dome."
steer_alpha_1p05_traj_c8_tok120_seed10_the_phone_charger_under_the_desk.json,steer_alpha_1p05_traj,experiments/frontier_sweep_model_compare_gemma2_push_traj_seed12/steer_alpha_1p05_traj_c8_tok120_seed10_the_phone_charger_under_the_desk.json,2,2,0,1.1972238236488517,0.0,0.5065421370967742,0.0,0.0,0.0,0.0,0.9825,0.031129032258064487,0.6265953837597331,0.0,0.0,0.0,,0.0,0.0,,0.0,0.0,,0.0,,0.75,0.25,the; phone; charger; desk; plugged; lamp; glows; brightly,the; phone; desk,0.0,0.0,0.0,0,0,"A lone, charging phone rests atop the desk."
steer_alpha_1p05_traj_c8_tok120_seed10_the_phone_charger_under_the_desk.json,steer_alpha_1p05_traj,experiments/frontier_sweep_model_compare_gemma2_push_traj_seed12/steer_alpha_1p05_traj_c8_tok120_seed10_the_phone_charger_under_the_desk.json,2,3,0,0.02666503267973863,0.0,0.4695,0.0,0.0,0.0,0.0,0.7825,0.19999999999999998,0.7601250000000002,0.0,0.3333333333333333,8.333333333333334,dusty shelf,0.3333333333333333,8.333333333333334,dusty shelf,0.0,0.0,,0.0,,1.0,0.0,the; phone; charger; desk; plugged; lamp; glows; brightly,the; charger; plugged; lamp,0.1,0.0,0.0,0,0,"The charger, no longer plugged into a lamp, sits on a dusty shelf in a dimly lit attic."
steer_alpha_1p05_traj_c8_tok120_seed10_the_phone_charger_under_the_desk.json,steer_alpha_1p05_traj,experiments/frontier_sweep_model_compare_gemma2_push_traj_seed12/steer_alpha_1p05_traj_c8_tok120_seed10_the_phone_charger_under_the_desk.json,2,4,0,0.2862620664457691,0.0,0.5068797101449276,0.0,0.0,0.0,0.0,0.956376811594203,0.05999999999999997,0.7762824302134648,0.0,0.0,0.0,,0.0,0.0,,0.0,0.0,,0.0,,1.0,0.0,the; phone; charger; desk; plugged; lamp; glows; brightly,the; phone; charger; desk,0.2,0.0,0.0,0,0,"The phone charger, resting on the desk, a faded, worn, leather jacket draped over it."
steer_alpha_1p05_traj_c8_tok120_seed10_the_phone_charger_under_the_desk.json,steer_alpha_1p05_traj,experiments/frontier_sweep_model_compare_gemma2_push_traj_seed12/steer_alpha_1p05_traj_c8_tok120_seed10_the_phone_charger_under_the_desk.json,2,5,0,-1.3667489684644858,0.0,0.39542307692307693,0.0,0.0,0.0,0.0,0.7908461538461539,0.0,0.9541508620689656,0.0,0.0,0.0,,0.0,0.0,,0.0,0.0,,0.0,,0.75,0.25,the; phone; charger; desk; plugged; lamp; glows; brightly,the; phone; charger,0.0,0.0,0.0,0,0,"The phone charger, now nestled among a collection of colorful building blocks."
steer_alpha_1p05_traj_c8_tok120_seed10_the_phone_charger_under_the_desk.json,steer_alpha_1p05_traj,experiments/frontier_sweep_model_compare_gemma2_push_traj_seed12/steer_alpha_1p05_traj_c8_tok120_seed10_the_phone_charger_under_the_desk.json,2,6,0,-2.0738732654523333,0.0,0.37579761175750154,0.0,0.0,0.0,0.0,0.7515952235150031,0.0,0.9220833333333334,0.0,0.0,0.0,,0.0,0.0,,0.0,0.0,,0.0,,0.5,0.5,the; phone; charger; desk; plugged; lamp; glows; brightly,the; lamp,0.1,0.0,0.0,0,0,"A charging cord stretches from the lamp, curving towards a worn-out leather jacket."
steer_alpha_1p05_traj_c8_tok120_seed10_the_phone_charger_under_the_desk.json,steer_alpha_1p05_traj,experiments/frontier_sweep_model_compare_gemma2_push_traj_seed12/steer_alpha_1p05_traj_c8_tok120_seed10_the_phone_charger_under_the_desk.json,2,7,0,-0.9850836041991213,0.0,0.4915491794871796,0.0,0.0,0.0,0.0,0.9274512820512821,0.05999999999999997,0.8098175287356322,0.0,0.0,0.0,,0.0,0.0,,0.0,0.0,,0.0,,1.0,0.0,the; phone; charger; desk; plugged; lamp; glows; brightly,the; phone; charger; plugged; lamp; glows; brightly,0.0,0.0,0.0,0,0,"The phone, plugged into a lamp, glows brightly. The charger, discarded on the floor, rusts."
steer_alpha_1p05_traj_c8_tok120_seed10_the_phone_charger_under_the_desk.json,steer_alpha_1p05_traj,experiments/frontier_sweep_model_compare_gemma2_push_traj_seed12/steer_alpha_1p05_traj_c8_tok120_seed10_the_phone_charger_under_the_desk.json,2,8,0,-1.3715216503267975,0.0,0.404290625,0.0,0.0,0.0,0.0,0.7628125,0.05999999999999997,0.9730000000000001,0.0,0.0,0.0,,0.0,0.0,,0.0,0.0,,0.0,,0.5,0.5,the; phone; charger; desk; plugged; lamp; glows; brightly,the; charger,0.0,0.0,0.0,0,0,"A tangled mess of cords, wires, and charging plugs, the charger a beacon amidst a chaotic landscape of tech remnants."
steer_alpha_1p05_traj_c8_tok120_seed10_the_phone_charger_under_the_desk.json,steer_alpha_1p05_traj,experiments/frontier_sweep_model_compare_gemma2_push_traj_seed12/steer_alpha_1p05_traj_c8_tok120_seed10_the_phone_charger_under_the_desk.json,3,1,1,1.8702292697060625,0.0,0.5855645161290323,0.0,0.0,0.0,0.0,1.0,0.17112903225806445,0.6112620504263998,0.0,0.0,0.0,,0.0,0.0,,0.0,0.0,,0.0,,0.5,0.5,the; phone; charger; desk; plugged; lamp; glows; brightly; now; intricate; sculpture; glass,the; sculpture,0.2,0.0,0.0,0,0,"A lone, worn photograph, faded with time, rests beside the sculpture."
steer_alpha_1p05_traj_c8_tok120_seed10_the_phone_charger_under_the_desk.json,steer_alpha_1p05_traj,experiments/frontier_sweep_model_compare_gemma2_push_traj_seed12/steer_alpha_1p05_traj_c8_tok120_seed10_the_phone_charger_under_the_desk.json,3,2,0,1.327076838803631,0.0,0.5788643067617866,0.0,0.0,0.0,0.0,0.9885576923076923,0.17112903225806445,0.6112620504263998,0.0,0.0,0.0,,0.0,0.0,,0.0,0.0,,0.0,,0.25,0.75,the; phone; charger; desk; plugged; lamp; glows; brightly; now; intricate; sculpture; glass,the,0.1,0.0,0.0,0,0,"An open book, its pages crisp and yellowed, lies next to the dome."
steer_alpha_1p05_traj_c8_tok120_seed10_the_phone_charger_under_the_desk.json,steer_alpha_1p05_traj,experiments/frontier_sweep_model_compare_gemma2_push_traj_seed12/steer_alpha_1p05_traj_c8_tok120_seed10_the_phone_charger_under_the_desk.json,3,3,0,0.2946426629794556,0.0,0.4045859491315136,0.0,0.0,0.0,0.0,0.7847435897435897,0.031129032258064487,0.6265953837597331,0.0,0.0,0.0,,0.0,0.0,,0.0,0.0,,0.0,,0.5,0.5,the; phone; charger; desk; plugged; lamp; glows; brightly; now; intricate; sculpture; glass,the; desk,0.1,0.0,0.0,0,0,A worn leather suitcase nestled beside the desk.
steer_alpha_1p05_traj_c8_tok120_seed10_the_phone_charger_under_the_desk.json,steer_alpha_1p05_traj,experiments/frontier_sweep_model_compare_gemma2_push_traj_seed12/steer_alpha_1p05_traj_c8_tok120_seed10_the_phone_charger_under_the_desk.json,3,4,0,1.526986264850768,0.0,0.4393807291666666,0.0,0.0,0.0,0.0,0.7002083333333333,0.255,0.5448189655172414,0.0,0.0,0.0,,0.0,0.0,,0.0,0.0,,0.0,,1.0,0.0,the; phone; charger; desk; plugged; lamp; glows; brightly; now; intricate; sculpture; glass,the; phone; desk; glass,0.0,0.0,0.0,0,0,"A magnifying glass resting on the desk, focused on the glowing phone."
steer_alpha_1p05_traj_c8_tok120_seed10_the_phone_charger_under_the_desk.json,steer_alpha_1p05_traj,experiments/frontier_sweep_model_compare_gemma2_push_traj_seed12/steer_alpha_1p05_traj_c8_tok120_seed10_the_phone_charger_under_the_desk.json,3,5,0,-0.6953213228984586,0.0,0.5058709677419355,0.0,0.0,0.0,0.0,0.8,0.2646774193548386,0.5627170003707824,0.0,0.0,0.0,,0.0,0.0,,0.0,0.0,,0.0,,0.0,1.0,the; phone; charger; desk; plugged; lamp; glows; brightly; now; intricate; sculpture; glass,,0.1,0.0,0.0,0,0,"A lone, worn shoe sits in a field of wildflowers."
steer_alpha_1p05_traj_c8_tok120_seed10_the_phone_charger_under_the_desk.json,steer_alpha_1p05_traj,experiments/frontier_sweep_model_compare_gemma2_push_traj_seed12/steer_alpha_1p05_traj_c8_tok120_seed10_the_phone_charger_under_the_desk.json,3,6,0,-0.7502328700711052,0.0,0.49542307692307697,0.0,0.0,0.0,0.0,0.9908461538461539,0.0,0.9454583333333334,0.0,0.0,0.0,,0.0,0.0,,0.0,0.0,,0.0,,0.5,0.5,the; phone; charger; desk; plugged; lamp; glows; brightly; now; intricate; sculpture; glass,the; phone,0.0,0.0,0.0,0,0,"A hand reaches out, fingers curled in a gentle grasp, towards the glowing phone."
steer_alpha_1p05_traj_c8_tok120_seed10_the_phone_charger_under_the_desk.json,steer_alpha_1p05_traj,experiments/frontier_sweep_model_compare_gemma2_push_traj_seed12/steer_alpha_1p05_traj_c8_tok120_seed10_the_phone_charger_under_the_desk.json,3,7,0,-1.3871687675070028,0.0,0.49125,0.0,0.0,0.0,0.0,0.9825,0.0,0.993125,0.0,0.0,0.0,,0.0,0.0,,0.0,0.0,,0.0,,0.5,0.5,the; phone; charger; desk; plugged; lamp; glows; brightly; now; intricate; sculpture; glass,the; phone,0.1,0.0,0.0,0,0,"A worn leather travel bag, its zipper slightly ajar, sits next to the glowing phone."
steer_alpha_1p05_traj_c8_tok120_seed10_the_phone_charger_under_the_desk.json,steer_alpha_1p05_traj,experiments/frontier_sweep_model_compare_gemma2_push_traj_seed12/steer_alpha_1p05_traj_c8_tok120_seed10_the_phone_charger_under_the_desk.json,3,8,0,-0.16228889675514857,0.0,0.385909595959596,0.0,0.0,0.0,0.0,0.7281313131313132,0.05999999999999997,0.8098175287356322,0.0,0.3333333333333333,6.666666666666667,leather-bound,0.3333333333333333,6.666666666666667,leather-bound,0.0,0.0,,0.5,leather-bound,0.5,0.5,the; phone; charger; desk; plugged; lamp; glows; brightly; now; intricate; sculpture; glass,the; phone,0.2,0.0,0.0,0,0,"A single, weathered, leather-bound book rests beside the phone, a worn bookmark protruding from its page."
steer_alpha_1p05_traj_c8_tok120_seed11_a_grocery_list_beside_the_kettle.json,steer_alpha_1p05_traj,experiments/frontier_sweep_model_compare_gemma2_push_traj_seed12/steer_alpha_1p05_traj_c8_tok120_seed11_a_grocery_list_beside_the_kettle.json,1,1,1,0.8696491271035667,0.18601567741935485,0.4124516129032258,0.55,1.0,0.0,0.0,0.8,0.031129032258064487,0.6265953837597331,0.0,0.0,0.0,,0.0,0.0,,0.0,0.0,,0.0,,0.5,0.5,grocery; list; the; kettle,the; kettle,0.0,0.0,0.0,1,0,"The kettle, now a centerpiece on a dimly lit stage."
steer_alpha_1p05_traj_c8_tok120_seed11_a_grocery_list_beside_the_kettle.json,steer_alpha_1p05_traj,experiments/frontier_sweep_model_compare_gemma2_push_traj_seed12/steer_alpha_1p05_traj_c8_tok120_seed11_a_grocery_list_beside_the_kettle.json,1,2,0,2.968654901960784,0.0,0.9299999999999999,0.0,0.0,0.0,0.0,1.0,0.8599999999999999,0.06300000000000006,0.0,0.0,0.0,,0.0,0.0,,0.0,0.0,,0.0,,0.5,0.5,grocery; list; the; kettle,the; kettle,0.0,0.0,0.0,0,0,A stack of books beside the kettle.
steer_alpha_1p05_traj_c8_tok120_seed11_a_grocery_list_beside_the_kettle.json,steer_alpha_1p05_traj,experiments/frontier_sweep_model_compare_gemma2_push_traj_seed12/steer_alpha_1p05_traj_c8_tok120_seed11_a_grocery_list_beside_the_kettle.json,1,3,0,2.1162371600253,0.0,0.6279824791883454,0.0,0.0,0.0,0.0,0.7808064516129032,0.6085483870967741,0.17615322580645168,0.0,0.0,0.0,,0.0,0.0,,0.0,0.0,,0.0,,0.5,0.5,grocery; list; the; kettle,the; kettle,0.0,0.0,0.0,0,0,A steaming cup of tea beside the kettle.
steer_alpha_1p05_traj_c8_tok120_seed11_a_grocery_list_beside_the_kettle.json,steer_alpha_1p05_traj,experiments/frontier_sweep_model_compare_gemma2_push_traj_seed12/steer_alpha_1p05_traj_c8_tok120_seed11_a_grocery_list_beside_the_kettle.json,1,4,0,1.4026790955091715,0.0,0.5562365591397849,0.0,0.0,0.0,0.0,0.8,0.39059139784946223,0.27423387096774204,0.0,0.0,0.0,,0.0,0.0,,0.0,0.0,,0.0,,0.5,0.5,grocery; list; the; kettle,the; kettle,0.0,0.0,0.0,0,0,A dripping faucet beside the kettle.
steer_alpha_1p05_traj_c8_tok120_seed11_a_grocery_list_beside_the_kettle.json,steer_alpha_1p05_traj,experiments/frontier_sweep_model_compare_gemma2_push_traj_seed12/steer_alpha_1p05_traj_c8_tok120_seed11_a_grocery_list_beside_the_kettle.json,1,5,0,1.7771242567994936,0.0,0.5366784989594172,0.0,0.0,0.0,0.0,0.7808064516129032,0.3746774193548386,0.28139516129032266,0.0,0.0,0.0,,0.0,0.0,,0.0,0.0,,0.0,,0.5,0.5,grocery; list; the; kettle,the; kettle,0.0,0.0,0.0,0,0,A cup of tea steaming beside the kettle.
steer_alpha_1p05_traj_c8_tok120_seed11_a_grocery_list_beside_the_kettle.json,steer_alpha_1p05_traj,experiments/frontier_sweep_model_compare_gemma2_push_traj_seed12/steer_alpha_1p05_traj_c8_tok120_seed11_a_grocery_list_beside_the_kettle.json,1,6,0,2.2780067678684377,0.0,0.5898387096774194,0.0,0.0,0.0,0.0,1.0,0.17967741935483866,0.3691451612903226,0.0,0.0,0.0,,0.0,0.0,,0.0,0.0,,0.0,,0.5,0.5,grocery; list; the; kettle,the; kettle,0.0,0.0,0.0,0,0,A lone shoe sits on the kettle.
steer_alpha_1p05_traj_c8_tok120_seed11_a_grocery_list_beside_the_kettle.json,steer_alpha_1p05_traj,experiments/frontier_sweep_model_compare_gemma2_push_traj_seed12/steer_alpha_1p05_traj_c8_tok120_seed11_a_grocery_list_beside_the_kettle.json,1,7,0,0.8429599443570535,0.0,0.5,0.0,0.0,0.0,0.0,1.0,0.0,0.7891508620689656,0.0,0.0,0.0,,0.0,0.0,,0.0,0.0,,0.0,,0.25,0.75,grocery; list; the; kettle,kettle,0.1,0.0,0.0,0,0,"A steaming kettle sits on a worn, wooden stool. A tattered book rests nearby."
steer_alpha_1p05_traj_c8_tok120_seed11_a_grocery_list_beside_the_kettle.json,steer_alpha_1p05_traj,experiments/frontier_sweep_model_compare_gemma2_push_traj_seed12/steer_alpha_1p05_traj_c8_tok120_seed11_a_grocery_list_beside_the_kettle.json,1,8,0,0.41919690443993685,0.0,0.5,0.0,0.0,0.0,0.0,1.0,0.0,0.7961522988505747,0.0,0.0,0.0,,0.0,0.0,,0.0,0.0,,0.0,,0.25,0.75,grocery; list; the; kettle,kettle,0.1,0.0,0.0,0,0,"A steaming kettle, placed on a worn, wooden table."
steer_alpha_1p05_traj_c8_tok120_seed11_a_grocery_list_beside_the_kettle.json,steer_alpha_1p05_traj,experiments/frontier_sweep_model_compare_gemma2_push_traj_seed12/steer_alpha_1p05_traj_c8_tok120_seed11_a_grocery_list_beside_the_kettle.json,2,1,1,2.7970918767507005,0.0,0.9299999999999999,0.0,0.0,0.0,0.0,1.0,0.8599999999999999,0.06300000000000006,0.0,0.0,0.0,,0.0,0.0,,0.0,0.0,,0.0,,0.5,0.5,grocery; list; the; kettle; now; centerpiece; dimly; lit; stage,the; kettle,0.0,0.0,0.0,0,0,A bag of apples next to the kettle.
steer_alpha_1p05_traj_c8_tok120_seed11_a_grocery_list_beside_the_kettle.json,steer_alpha_1p05_traj,experiments/frontier_sweep_model_compare_gemma2_push_traj_seed12/steer_alpha_1p05_traj_c8_tok120_seed11_a_grocery_list_beside_the_kettle.json,2,2,0,2.2354857594650763,0.0,0.5898387096774194,0.0,0.0,0.0,0.0,1.0,0.17967741935483866,0.3691451612903226,0.0,0.0,0.0,,0.0,0.0,,0.0,0.0,,0.0,,0.5,0.5,grocery; list; the; kettle; now; centerpiece; dimly; lit; stage,list; the,0.0,0.0,0.0,0,0,"A steaming mug, nestled beside the list."
steer_alpha_1p05_traj_c8_tok120_seed11_a_grocery_list_beside_the_kettle.json,steer_alpha_1p05_traj,experiments/frontier_sweep_model_compare_gemma2_push_traj_seed12/steer_alpha_1p05_traj_c8_tok120_seed11_a_grocery_list_beside_the_kettle.json,2,3,0,1.4880908014818832,0.0,0.4718709677419355,0.0,0.0,0.0,0.0,0.8,0.17967741935483866,0.3691451612903226,0.0,0.0,0.0,,0.0,0.0,,0.0,0.0,,0.0,,0.5,0.5,grocery; list; the; kettle; now; centerpiece; dimly; lit; stage,the; kettle,0.0,0.0,0.0,0,0,A hand reaches out to touch the kettle.
steer_alpha_1p05_traj_c8_tok120_seed11_a_grocery_list_beside_the_kettle.json,steer_alpha_1p05_traj,experiments/frontier_sweep_model_compare_gemma2_push_traj_seed12/steer_alpha_1p05_traj_c8_tok120_seed11_a_grocery_list_beside_the_kettle.json,2,4,0,0.7009370140612076,0.0,0.6634725496277915,0.0,0.0,0.0,0.0,0.9542307692307692,0.39059139784946223,0.27423387096774204,0.0,0.0,0.0,,0.0,0.0,,0.0,0.0,,0.0,,0.0,1.0,grocery; list; the; kettle; now; centerpiece; dimly; lit; stage,,0.0,0.0,0.0,0,0,"A single, red apple, gleaming under a spotlight."
steer_alpha_1p05_traj_c8_tok120_seed11_a_grocery_list_beside_the_kettle.json,steer_alpha_1p05_traj,experiments/frontier_sweep_model_compare_gemma2_push_traj_seed12/steer_alpha_1p05_traj_c8_tok120_seed11_a_grocery_list_beside_the_kettle.json,2,5,0,-0.1983999999999998,0.0,0.5,0.0,0.0,0.0,0.0,1.0,0.0,0.45,0.0,0.0,0.0,,0.0,0.0,,0.0,0.0,,0.0,,0.0,1.0,grocery; list; the; kettle; now; centerpiece; dimly; lit; stage,,0.0,0.0,0.0,0,0,An open cupboard door
steer_alpha_1p05_traj_c8_tok120_seed11_a_grocery_list_beside_the_kettle.json,steer_alpha_1p05_traj,experiments/frontier_sweep_model_compare_gemma2_push_traj_seed12/steer_alpha_1p05_traj_c8_tok120_seed11_a_grocery_list_beside_the_kettle.json,2,6,0,-1.4017194707670302,0.0,0.49367021276595746,0.0,0.0,0.0,0.0,0.9873404255319149,0.0,0.923,0.0,0.0,0.0,,0.0,0.0,,0.0,0.0,,0.0,,0.5,0.5,grocery; list; the; kettle; now; centerpiece; dimly; lit; stage,the; stage,0.1,0.0,0.0,0,0,"A lone apple, its skin a faded crimson, sits upon the stage."
steer_alpha_1p05_traj_c8_tok120_seed11_a_grocery_list_beside_the_kettle.json,steer_alpha_1p05_traj,experiments/frontier_sweep_model_compare_gemma2_push_traj_seed12/steer_alpha_1p05_traj_c8_tok120_seed11_a_grocery_list_beside_the_kettle.json,2,7,0,-2.106094455782313,0.0,0.49125,0.0,0.0,0.0,0.0,0.9825,0.0,0.8340833333333333,0.0,0.0,0.0,,0.0,0.0,,0.0,0.0,,0.0,,0.0,1.0,grocery; list; the; kettle; now; centerpiece; dimly; lit; stage,,0.0,0.0,0.0,0,0,"A lone, wilting sunflower, its head bowed."
steer_alpha_1p05_traj_c8_tok120_seed11_a_grocery_list_beside_the_kettle.json,steer_alpha_1p05_traj,experiments/frontier_sweep_model_compare_gemma2_push_traj_seed12/steer_alpha_1p05_traj_c8_tok120_seed11_a_grocery_list_beside_the_kettle.json,2,8,0,2.074669178426283,0.0,0.566565,0.0,0.0,0.0,0.0,0.7295333333333334,0.5532258064516128,0.3631719503151651,0.0,0.3333333333333333,11.11111111111111,porcelain,0.3333333333333333,11.11111111111111,porcelain,0.0,0.0,,0.5,porcelain,0.5,0.5,grocery; list; the; kettle; now; centerpiece; dimly; lit; stage,the; stage,0.0,0.0,0.0,0,0,"A lone, white porcelain spoon resting on the edge of the stage."
steer_alpha_1p05_traj_c8_tok120_seed11_a_grocery_list_beside_the_kettle.json,steer_alpha_1p05_traj,experiments/frontier_sweep_model_compare_gemma2_push_traj_seed12/steer_alpha_1p05_traj_c8_tok120_seed11_a_grocery_list_beside_the_kettle.json,3,1,1,3.0429412336977806,0.0,0.7490331653225805,0.0,0.0,0.0,0.0,0.97875,0.5305913978494622,0.21123387096774202,0.0,0.0,0.0,,0.0,0.0,,0.0,0.0,,0.0,,0.5,0.5,grocery; list; the; kettle; now; centerpiece; dimly; lit; stage; bag; apples,the; stage,0.1,0.0,0.0,0,0,"A worn, red apple rests on the stage."
steer_alpha_1p05_traj_c8_tok120_seed11_a_grocery_list_beside_the_kettle.json,steer_alpha_1p05_traj,experiments/frontier_sweep_model_compare_gemma2_push_traj_seed12/steer_alpha_1p05_traj_c8_tok120_seed11_a_grocery_list_beside_the_kettle.json,3,2,0,-1.0159867258247628,0.0,0.4768659420289855,0.0,0.0,0.0,0.0,0.953731884057971,0.0,0.8509490968801314,0.0,0.0,0.0,,0.0,0.0,,0.0,0.0,,0.0,,0.5,0.5,grocery; list; the; kettle; now; centerpiece; dimly; lit; stage; bag; apples,the; kettle,0.0,0.0,0.0,0,0,"A lone apple, nestled amongst the kettle's copper coils."
steer_alpha_1p05_traj_c8_tok120_seed11_a_grocery_list_beside_the_kettle.json,steer_alpha_1p05_traj,experiments/frontier_sweep_model_compare_gemma2_push_traj_seed12/steer_alpha_1p05_traj_c8_tok120_seed11_a_grocery_list_beside_the_kettle.json,3,3,0,0.747420560322317,0.0,0.3647033898305085,0.0,0.0,0.0,0.0,0.729406779661017,0.0,0.7556157635467982,0.0,0.0,0.0,,0.0,0.0,,0.0,0.0,,0.0,,0.5,0.5,grocery; list; the; kettle; now; centerpiece; dimly; lit; stage; bag; apples,the; kettle,0.0,0.0,0.0,0,0,"The kettle is filled with steaming water, a single apple nestled within."
steer_alpha_1p05_traj_c8_tok120_seed11_a_grocery_list_beside_the_kettle.json,steer_alpha_1p05_traj,experiments/frontier_sweep_model_compare_gemma2_push_traj_seed12/steer_alpha_1p05_traj_c8_tok120_seed11_a_grocery_list_beside_the_kettle.json,3,4,0,-2.149577235772358,0.0,0.4163085365853658,0.0,0.0,0.0,0.0,0.7854878048780487,0.05999999999999997,0.9730000000000001,0.0,0.0,0.0,,0.0,0.0,,0.0,0.0,,0.0,,0.25,0.75,grocery; list; the; kettle; now; centerpiece; dimly; lit; stage; bag; apples,the,0.1,0.0,0.0,0,0,"A lone apple, bruised and brown, sits atop a pile of laundry, a faint pink stain visible on the fabric."
steer_alpha_1p05_traj_c8_tok120_seed11_a_grocery_list_beside_the_kettle.json,steer_alpha_1p05_traj,experiments/frontier_sweep_model_compare_gemma2_push_traj_seed12/steer_alpha_1p05_traj_c8_tok120_seed11_a_grocery_list_beside_the_kettle.json,3,5,0,-1.8136293103448273,0.0,0.5,0.0,0.0,0.0,0.0,1.0,0.0,0.8844841954022988,0.0,0.0,0.0,,0.0,0.0,,0.0,0.0,,0.0,,0.0,1.0,grocery; list; the; kettle; now; centerpiece; dimly; lit; stage; bag; apples,,0.1,0.0,0.0,0,0,"An apple, sliced in half, sits atop a worn, leather armchair."
steer_alpha_1p05_traj_c8_tok120_seed11_a_grocery_list_beside_the_kettle.json,steer_alpha_1p05_traj,experiments/frontier_sweep_model_compare_gemma2_push_traj_seed12/steer_alpha_1p05_traj_c8_tok120_seed11_a_grocery_list_beside_the_kettle.json,3,6,0,1.1880316351138158,0.0,0.4312727777777778,0.0,0.0,0.0,0.0,0.8137222222222222,0.05999999999999997,0.7826990968801315,0.0,0.0,0.0,,0.0,0.0,,0.0,0.0,,0.0,,0.75,0.25,grocery; list; the; kettle; now; centerpiece; dimly; lit; stage; bag; apples,the; kettle; stage,0.0,0.0,0.0,0,0,"An apple, halved, sits on the stage. A single apple, its core a stark red, a single white, its core a stark white, is next to the kettle."
steer_alpha_1p05_traj_c8_tok120_seed11_a_grocery_list_beside_the_kettle.json,steer_alpha_1p05_traj,experiments/frontier_sweep_model_compare_gemma2_push_traj_seed12/steer_alpha_1p05_traj_c8_tok120_seed11_a_grocery_list_beside_the_kettle.json,3,7,0,-0.6660882630720157,0.0,0.4954449252557041,0.0,0.0,0.0,0.0,0.9609756097560975,0.031129032258064487,0.6742620504263998,0.0,0.3333333333333333,16.666666666666668,leather-bound,0.3333333333333333,16.666666666666668,leather-bound,0.0,0.0,,0.5,leather-bound,0.0,1.0,grocery; list; the; kettle; now; centerpiece; dimly; lit; stage; bag; apples,,0.1,0.0,0.0,0,0,"An apple, sliced, on a worn, leather-bound book."
steer_alpha_1p05_traj_c8_tok120_seed11_a_grocery_list_beside_the_kettle.json,steer_alpha_1p05_traj,experiments/frontier_sweep_model_compare_gemma2_push_traj_seed12/steer_alpha_1p05_traj_c8_tok120_seed11_a_grocery_list_beside_the_kettle.json,3,8,0,-2.9298508771929823,0.0,0.49478070175438593,0.0,0.0,0.0,0.0,0.9895614035087719,0.0,0.9697500000000001,0.0,0.3333333333333333,9.090909090909092,porcelain,0.3333333333333333,9.090909090909092,porcelain,0.0,0.0,,0.5,porcelain,0.0,1.0,grocery; list; the; kettle; now; centerpiece; dimly; lit; stage; bag; apples,,0.0,0.0,0.0,0,0,"A lone apple, its skin a bruised red, sits atop a chipped porcelain cup."
steer_alpha_1p05_traj_c8_tok120_seed12_the_laundry_basket_by_the_door.json,steer_alpha_1p05_traj,experiments/frontier_sweep_model_compare_gemma2_push_traj_seed12/steer_alpha_1p05_traj_c8_tok120_seed12_the_laundry_basket_by_the_door.json,1,1,1,2.352570492446886,0.0,0.76903453433923,0.0,0.0,0.0,0.0,0.9520161290322581,0.6155913978494623,0.2941419169447535,0.0,0.0,0.0,,0.0,0.0,,0.0,0.0,,0.0,,0.75,0.25,the; laundry; basket; door,the; laundry; basket,0.0,0.0,0.0,0,0,"The laundry basket, now filled with seashells, rests on a shelf in a sunroom."
steer_alpha_1p05_traj_c8_tok120_seed12_the_laundry_basket_by_the_door.json,steer_alpha_1p05_traj,experiments/frontier_sweep_model_compare_gemma2_push_traj_seed12/steer_alpha_1p05_traj_c8_tok120_seed12_the_laundry_basket_by_the_door.json,1,2,0,0.8829281644972649,0.0,0.4272450127334465,0.0,0.0,0.0,0.0,0.7243421052631579,0.17967741935483866,0.3691451612903226,0.0,0.0,0.0,,0.0,0.0,,0.0,0.0,,0.0,,0.75,0.25,the; laundry; basket; door,the; laundry; basket,0.0,0.0,0.0,0,0,The laundry basket inside the washing machine.
steer_alpha_1p05_traj_c8_tok120_seed12_the_laundry_basket_by_the_door.json,steer_alpha_1p05_traj,experiments/frontier_sweep_model_compare_gemma2_push_traj_seed12/steer_alpha_1p05_traj_c8_tok120_seed12_the_laundry_basket_by_the_door.json,1,3,0,-0.25345077952575173,0.0,0.4124516129032258,0.0,0.0,0.0,0.0,0.8,0.031129032258064487,0.6265953837597331,0.0,0.0,0.0,,0.0,0.0,,0.0,0.0,,0.0,,0.75,0.25,the; laundry; basket; door,the; laundry; basket,0.0,0.0,0.0,0,0,The laundry basket sits on a window ledge.
steer_alpha_1p05_traj_c8_tok120_seed12_the_laundry_basket_by_the_door.json,steer_alpha_1p05_traj,experiments/frontier_sweep_model_compare_gemma2_push_traj_seed12/steer_alpha_1p05_traj_c8_tok120_seed12_the_laundry_basket_by_the_door.json,1,4,0,-0.2029968253968254,0.0,0.458,0.0,0.0,0.0,0.0,0.916,0.0,0.45,0.0,0.0,0.0,,0.0,0.0,,0.0,0.0,,0.0,,0.75,0.25,the; laundry; basket; door,the; laundry; basket,0.0,0.0,0.0,0,0,The laundry basket by the window.
steer_alpha_1p05_traj_c8_tok120_seed12_the_laundry_basket_by_the_door.json,steer_alpha_1p05_traj,experiments/frontier_sweep_model_compare_gemma2_push_traj_seed12/steer_alpha_1p05_traj_c8_tok120_seed12_the_laundry_basket_by_the_door.json,1,5,0,-0.10291805751035987,0.0,0.53,0.0,0.0,0.0,0.0,1.0,0.05999999999999997,0.8098175287356322,0.0,0.0,0.0,,0.0,0.0,,0.0,0.0,,0.0,,0.75,0.25,the; laundry; basket; door,the; laundry; basket,0.1,0.0,0.0,0,0,"The laundry basket, now positioned on a crowded bus, holds a worn teddy bear."
steer_alpha_1p05_traj_c8_tok120_seed12_the_laundry_basket_by_the_door.json,steer_alpha_1p05_traj,experiments/frontier_sweep_model_compare_gemma2_push_traj_seed12/steer_alpha_1p05_traj_c8_tok120_seed12_the_laundry_basket_by_the_door.json,1,6,0,-0.25286562148579383,0.0,0.5185327272727273,0.0,0.0,0.0,0.0,0.9783636363636363,0.05999999999999997,0.8046990968801314,0.0,0.0,0.0,,0.0,0.0,,0.0,0.0,,0.0,,0.75,0.25,the; laundry; basket; door,the; laundry; basket,0.0,0.0,0.0,0,0,"The laundry basket, now on a shelf, dusted with a fine layer of flour."
steer_alpha_1p05_traj_c8_tok120_seed12_the_laundry_basket_by_the_door.json,steer_alpha_1p05_traj,experiments/frontier_sweep_model_compare_gemma2_push_traj_seed12/steer_alpha_1p05_traj_c8_tok120_seed12_the_laundry_basket_by_the_door.json,1,7,0,-0.6839959620399882,0.0,0.37375,0.0,0.0,0.0,0.0,0.7475,0.0,0.7484856321839081,0.0,0.0,0.0,,0.0,0.0,,0.0,0.0,,0.0,,0.5,0.5,the; laundry; basket; door,the; basket,0.0,0.0,0.0,0,0,"The basket, nestled amongst the roots of a giant redwood."
steer_alpha_1p05_traj_c8_tok120_seed12_the_laundry_basket_by_the_door.json,steer_alpha_1p05_traj,experiments/frontier_sweep_model_compare_gemma2_push_traj_seed12/steer_alpha_1p05_traj_c8_tok120_seed12_the_laundry_basket_by_the_door.json,1,8,0,-1.3845752380952379,0.0,0.4766666666666667,0.0,0.0,0.0,0.0,0.9533333333333334,0.0,0.8753333333333333,0.0,0.0,0.0,,0.0,0.0,,0.0,0.0,,0.0,,1.0,0.0,the; laundry; basket; door,the; laundry; basket; door,0.0,0.0,0.0,0,0,"The laundry basket, once by the door, is now atop a windowsill."
steer_alpha_1p05_traj_c8_tok120_seed12_the_laundry_basket_by_the_door.json,steer_alpha_1p05_traj,experiments/frontier_sweep_model_compare_gemma2_push_traj_seed12/steer_alpha_1p05_traj_c8_tok120_seed12_the_laundry_basket_by_the_door.json,2,1,1,-1.5221093949771687,0.021031361985616486,0.3924904109589041,0.06394319446848298,0.0,0.0,0.3197159723424149,0.7405479452054794,0.05999999999999997,0.8231250000000001,0.0,0.0,0.0,,0.0,0.0,,0.0,0.0,,0.0,,0.25,0.75,the; laundry; basket; door; now; filled; seashells; shelf; sunroom,the,0.1,0.0,0.0,0,0,"Sunlight streams through the glass windows, illuminating dust motes dancing in the air."
steer_alpha_1p05_traj_c8_tok120_seed12_the_laundry_basket_by_the_door.json,steer_alpha_1p05_traj,experiments/frontier_sweep_model_compare_gemma2_push_traj_seed12/steer_alpha_1p05_traj_c8_tok120_seed12_the_laundry_basket_by_the_door.json,2,2,0,1.0333195902570136,0.0,0.49199517256936615,0.0,0.0,0.0,0.0,0.7290559440559441,0.34967741935483865,0.5670920003707824,0.0,0.0,0.0,,0.0,0.0,,0.0,0.0,,0.0,,1.0,0.0,the; laundry; basket; door; now; filled; seashells; shelf; sunroom,the; laundry; basket; seashells; shelf,0.0,0.0,0.0,0,0,"A beach umbrella, adorned with seashells, leans against the shelf next to the laundry basket."
steer_alpha_1p05_traj_c8_tok120_seed12_the_laundry_basket_by_the_door.json,steer_alpha_1p05_traj,experiments/frontier_sweep_model_compare_gemma2_push_traj_seed12/steer_alpha_1p05_traj_c8_tok120_seed12_the_laundry_basket_by_the_door.json,2,3,0,-1.71212157382847,0.0,0.4191484615384616,0.0,0.0,0.0,0.0,0.7908461538461539,0.05999999999999997,0.7934281609195403,0.0,0.0,0.0,,0.0,0.0,,0.0,0.0,,0.0,,0.25,0.75,the; laundry; basket; door; now; filled; seashells; shelf; sunroom,the,0.1,0.0,0.0,0,0,"Sunlight streams through a window, illuminating dust motes dancing in the air."
steer_alpha_1p05_traj_c8_tok120_seed12_the_laundry_basket_by_the_door.json,steer_alpha_1p05_traj,experiments/frontier_sweep_model_compare_gemma2_push_traj_seed12/steer_alpha_1p05_traj_c8_tok120_seed12_the_laundry_basket_by_the_door.json,2,4,0,0.5622286456958259,0.0,0.5124805555555555,0.0,0.0,0.0,0.0,0.9669444444444444,0.05999999999999997,0.7762824302134648,0.0,0.0,0.0,,0.0,0.0,,0.0,0.0,,0.0,,0.25,0.75,the; laundry; basket; door; now; filled; seashells; shelf; sunroom,the,0.1,0.0,0.0,0,0,"A lone sock, a bright blue, with a yellow heart painted on it, lies abandoned on the floor."
steer_alpha_1p05_traj_c8_tok120_seed12_the_laundry_basket_by_the_door.json,steer_alpha_1p05_traj,experiments/frontier_sweep_model_compare_gemma2_push_traj_seed12/steer_alpha_1p05_traj_c8_tok120_seed12_the_laundry_basket_by_the_door.json,2,5,0,-0.5777389581840631,0.0,0.4192932835820895,0.0,0.0,0.0,0.0,0.7911194029850745,0.05999999999999997,0.8794841954022989,0.0,0.0,0.0,,0.0,0.0,,0.0,0.0,,0.0,,0.5,0.5,the; laundry; basket; door; now; filled; seashells; shelf; sunroom,the; seashells,0.0,0.0,0.0,0,0,"Sunlight streams through the window, illuminating a vibrant array of seashells."
steer_alpha_1p05_traj_c8_tok120_seed12_the_laundry_basket_by_the_door.json,steer_alpha_1p05_traj,experiments/frontier_sweep_model_compare_gemma2_push_traj_seed12/steer_alpha_1p05_traj_c8_tok120_seed12_the_laundry_basket_by_the_door.json,2,6,0,-0.888836408126469,0.0,0.47132183908045977,0.0,0.0,0.0,0.0,0.9426436781609195,0.0,1.0,0.0,0.0,0.0,,0.0,0.0,,0.0,0.0,,0.0,,0.5,0.5,the; laundry; basket; door; now; filled; seashells; shelf; sunroom,the; basket,0.2,0.0,0.0,0,0,"A lone seashell, chipped and weathered, nestled among the colorful, soft, cotton remnants in the basket."
steer_alpha_1p05_traj_c8_tok120_seed12_the_laundry_basket_by_the_door.json,steer_alpha_1p05_traj,experiments/frontier_sweep_model_compare_gemma2_push_traj_seed12/steer_alpha_1p05_traj_c8_tok120_seed12_the_laundry_basket_by_the_door.json,2,7,0,-1.711875816993464,0.0,0.4475,0.0,0.0,0.0,0.0,0.895,0.0,0.923,0.0,0.0,0.0,,0.0,0.0,,0.0,0.0,,0.0,,0.5,0.5,the; laundry; basket; door; now; filled; seashells; shelf; sunroom,the; laundry,0.0,0.0,0.0,0,0,"A lone seashell, nestled among the laundry, catches the light."
steer_alpha_1p05_traj_c8_tok120_seed12_the_laundry_basket_by_the_door.json,steer_alpha_1p05_traj,experiments/frontier_sweep_model_compare_gemma2_push_traj_seed12/steer_alpha_1p05_traj_c8_tok120_seed12_the_laundry_basket_by_the_door.json,2,8,0,-2.9822959770114945,0.0,0.4,0.0,0.0,0.0,0.0,0.8,0.0,0.9541508620689656,0.0,0.0,0.0,,0.0,0.0,,0.0,0.0,,0.0,,0.0,1.0,the; laundry; basket; door; now; filled; seashells; shelf; sunroom,,0.1,0.0,0.0,0,0,"A lone seashell, smooth and white, sits atop a stack of weathered books."
steer_alpha_1p05_traj_c8_tok120_seed12_the_laundry_basket_by_the_door.json,steer_alpha_1p05_traj,experiments/frontier_sweep_model_compare_gemma2_push_traj_seed12/steer_alpha_1p05_traj_c8_tok120_seed12_the_laundry_basket_by_the_door.json,3,1,1,1.7201682196650945,0.0,0.5426430733782347,0.0,0.0,0.0,0.0,0.7375384615384616,0.4714976958525344,0.4493276789024843,0.0,0.0,0.0,,0.0,0.0,,0.0,0.0,,0.0,,0.75,0.25,the; laundry; basket; door; now; filled; seashells; shelf; sunroom; sunlight; streams; glass,the; laundry; basket,0.0,0.0,0.0,0,0,"A single, worn, red leather shoe leans against the bottom of the laundry basket."
steer_alpha_1p05_traj_c8_tok120_seed12_the_laundry_basket_by_the_door.json,steer_alpha_1p05_traj,experiments/frontier_sweep_model_compare_gemma2_push_traj_seed12/steer_alpha_1p05_traj_c8_tok120_seed12_the_laundry_basket_by_the_door.json,3,2,0,1.9701960416796698,0.0,0.6773006749027682,0.0,0.0,0.0,0.0,0.9280141843971632,0.45967741935483863,0.4337170003707824,0.0,0.0,0.0,,0.0,0.0,,0.0,0.0,,0.0,,0.5,0.5,the; laundry; basket; door; now; filled; seashells; shelf; sunroom; sunlight; streams; glass,the; sunroom,0.0,0.0,0.0,0,0,"A child, wearing a sun hat, sits on the floor of the sunroom."
steer_alpha_1p05_traj_c8_tok120_seed12_the_laundry_basket_by_the_door.json,steer_alpha_1p05_traj,experiments/frontier_sweep_model_compare_gemma2_push_traj_seed12/steer_alpha_1p05_traj_c8_tok120_seed12_the_laundry_basket_by_the_door.json,3,3,0,0.7578557002441314,0.0,0.524998185483871,0.0,0.0,0.0,0.0,0.7475,0.4046774193548386,0.5230920003707824,0.0,0.0,0.0,,0.0,0.0,,0.0,0.0,,0.0,,0.75,0.25,the; laundry; basket; door; now; filled; seashells; shelf; sunroom; sunlight; streams; glass,the; basket; seashells,0.0,0.0,0.0,0,0,"A pair of worn leather boots sits beside the seashells, resting against the basket."
steer_alpha_1p05_traj_c8_tok120_seed12_the_laundry_basket_by_the_door.json,steer_alpha_1p05_traj,experiments/frontier_sweep_model_compare_gemma2_push_traj_seed12/steer_alpha_1p05_traj_c8_tok120_seed12_the_laundry_basket_by_the_door.json,3,4,0,-0.4435051273382917,0.0,0.42400000000000004,0.0,0.0,0.0,0.0,0.8,0.05999999999999997,0.8318175287356322,0.0,0.0,0.0,,0.0,0.0,,0.0,0.0,,0.0,,0.75,0.25,the; laundry; basket; door; now; filled; seashells; shelf; sunroom; sunlight; streams; glass,the; laundry; basket,0.0,0.0,0.0,0,0,"A lone, worn pair of hiking boots sits beside the laundry basket."
steer_alpha_1p05_traj_c8_tok120_seed12_the_laundry_basket_by_the_door.json,steer_alpha_1p05_traj,experiments/frontier_sweep_model_compare_gemma2_push_traj_seed12/steer_alpha_1p05_traj_c8_tok120_seed12_the_laundry_basket_by_the_door.json,3,5,0,0.08495830068714982,0.0,0.4615670285359802,0.0,0.0,0.0,0.0,0.7488461538461539,0.23274193548387093,0.7469399796069709,0.0,0.0,0.0,,0.0,0.0,,0.0,0.0,,0.0,,0.75,0.25,the; laundry; basket; door; now; filled; seashells; shelf; sunroom; sunlight; streams; glass,the; laundry; basket,0.0,0.0,0.0,0,0,A pair of sunglasses sits perched precariously on the rim of the laundry basket.
steer_alpha_1p05_traj_c8_tok120_seed12_the_laundry_basket_by_the_door.json,steer_alpha_1p05_traj,experiments/frontier_sweep_model_compare_gemma2_push_traj_seed12/steer_alpha_1p05_traj_c8_tok120_seed12_the_laundry_basket_by_the_door.json,3,6,0,-0.5696795868749799,0.0,0.490703125,0.0,0.0,0.0,0.0,0.98140625,0.0,0.8509490968801314,0.0,0.0,0.0,,0.0,0.0,,0.0,0.0,,0.0,,0.5,0.5,the; laundry; basket; door; now; filled; seashells; shelf; sunroom; sunlight; streams; glass,the; sunlight,0.0,0.0,0.0,0,0,"A hand reaches down, gently picks up a seashell, and holds it up to the sunlight."
steer_alpha_1p05_traj_c8_tok120_seed12_the_laundry_basket_by_the_door.json,steer_alpha_1p05_traj,experiments/frontier_sweep_model_compare_gemma2_push_traj_seed12/steer_alpha_1p05_traj_c8_tok120_seed12_the_laundry_basket_by_the_door.json,3,7,0,-2.379083333333333,0.0,0.393,0.0,0.0,0.0,0.0,0.786,0.0,0.8977916666666668,0.0,0.0,0.0,,0.0,0.0,,0.0,0.0,,0.0,,0.25,0.75,the; laundry; basket; door; now; filled; seashells; shelf; sunroom; sunlight; streams; glass,the,0.0,0.0,0.0,0,0,"A hand reaches down to pick up a seashell, its fingers trailing gently across the smooth, white surface."
steer_alpha_1p05_traj_c8_tok120_seed12_the_laundry_basket_by_the_door.json,steer_alpha_1p05_traj,experiments/frontier_sweep_model_compare_gemma2_push_traj_seed12/steer_alpha_1p05_traj_c8_tok120_seed12_the_laundry_basket_by_the_door.json,3,8,0,-1.3054526143790848,0.0,0.5,0.0,0.0,0.0,0.0,1.0,0.0,0.946375,0.0,0.0,0.0,,0.0,0.0,,0.0,0.0,,0.0,,0.0,1.0,the; laundry; basket; door; now; filled; seashells; shelf; sunroom; sunlight; streams; glass,,0.0,0.0,0.0,0,0,"A single beach ball, brightly colored, bounces with a playful, carefree roll."
steer_alpha_1p05_traj_c8_tok120_seed12_the_laundry_basket_by_the_door.json,steer_alpha_1p05_traj,experiments/frontier_sweep_model_compare_gemma2_push_traj_seed12/steer_alpha_1p05_traj_c8_tok120_seed12_the_laundry_basket_by_the_door.json,4,1,1,0.6367098039215688,0.012396136156862744,0.5668964705882352,0.02666666666666667,0.0,0.0,0.13333333333333333,0.9448274509803921,0.19999999999999998,0.9100000000000001,0.0,0.0,0.0,,0.0,0.0,,0.0,0.0,,0.0,,0.5,0.5,the; laundry; basket; door; now; filled; seashells; shelf; sunroom; sunlight; streams; glass,the; glass,0.0,0.0,0.0,0,0,"Sea glass, glinting under the moonlight, rests on a weathered, moss-covered stone, just out of reach of a stray dog's paw."
steer_alpha_1p05_traj_c8_tok120_seed12_the_laundry_basket_by_the_door.json,steer_alpha_1p05_traj,experiments/frontier_sweep_model_compare_gemma2_push_traj_seed12/steer_alpha_1p05_traj_c8_tok120_seed12_the_laundry_basket_by_the_door.json,4,2,0,-0.45621433400946565,0.0,0.49125,0.0,0.0,0.0,0.0,0.9825,0.0,0.8680948275862069,0.0,0.0,0.0,,0.0,0.0,,0.0,0.0,,0.0,,0.75,0.25,the; laundry; basket; door; now; filled; seashells; shelf; sunroom; sunlight; streams; glass,the; now; seashells,0.5,0.0,0.0,0,0,"The seashells, once collected on sandy beaches, now adorn a worn leather suitcase."
steer_alpha_1p05_traj_c8_tok120_seed12_the_laundry_basket_by_the_door.json,steer_alpha_1p05_traj,experiments/frontier_sweep_model_compare_gemma2_push_traj_seed12/steer_alpha_1p05_traj_c8_tok120_seed12_the_laundry_basket_by_the_door.json,4,3,0,0.09326380928233369,0.0,0.46725,0.0,0.0,0.0,0.0,0.77875,0.19999999999999998,0.8490100574712645,0.0,0.0,0.0,,0.0,0.0,,0.0,0.0,,0.0,,0.5,0.5,the; laundry; basket; door; now; filled; seashells; shelf; sunroom; sunlight; streams; glass,the; seashells,0.0,0.0,0.0,0,0,"A salt spray kiss paints the shore, erasing footprints, and leaving behind a collection of seashells."
steer_alpha_1p05_traj_c8_tok120_seed12_the_laundry_basket_by_the_door.json,steer_alpha_1p05_traj,experiments/frontier_sweep_model_compare_gemma2_push_traj_seed12/steer_alpha_1p05_traj_c8_tok120_seed12_the_laundry_basket_by_the_door.json,4,4,0,-1.0146176470588235,0.0,0.40606833333333336,0.0,0.0,0.0,0.0,0.7661666666666667,0.05999999999999997,0.9730000000000001,0.0,0.0,0.0,,0.0,0.0,,0.0,0.0,,0.0,,0.75,0.25,the; laundry; basket; door; now; filled; seashells; shelf; sunroom; sunlight; streams; glass,the; seashells; sunlight,0.3333333333333333,0.0,0.0,0,0,"The seashells, nestled amongst the dusty fabric of a worn leather shoe, reflect a sliver of sunlight, illuminating a pearl."
steer_alpha_1p05_traj_c8_tok120_seed12_the_laundry_basket_by_the_door.json,steer_alpha_1p05_traj,experiments/frontier_sweep_model_compare_gemma2_push_traj_seed12/steer_alpha_1p05_traj_c8_tok120_seed12_the_laundry_basket_by_the_door.json,4,5,0,0.36626110789143207,0.0,0.535,0.0,0.0,0.0,0.0,0.93625,0.14285714285714277,0.7047729885057472,0.0,0.0,0.0,,0.0,0.0,,0.0,0.0,,0.0,,0.0,1.0,the; laundry; basket; door; now; filled; seashells; shelf; sunroom; sunlight; streams; glass,,0.3333333333333333,0.0,0.0,0,0,"A worn, red leather shoe, leaning against a weathered, wooden fence."
steer_alpha_1p05_traj_c8_tok120_seed12_the_laundry_basket_by_the_door.json,steer_alpha_1p05_traj,experiments/frontier_sweep_model_compare_gemma2_push_traj_seed12/steer_alpha_1p05_traj_c8_tok120_seed12_the_laundry_basket_by_the_door.json,4,6,0,-0.7911831785345715,0.0,0.41570131578947367,0.0,0.0,0.0,0.0,0.7843421052631578,0.05999999999999997,0.9730000000000001,0.0,0.3333333333333333,5.555555555555555,iridescent,0.0,0.0,,0.3333333333333333,5.555555555555555,iridescent,0.0,,0.5,0.5,the; laundry; basket; door; now; filled; seashells; shelf; sunroom; sunlight; streams; glass,the; seashells,0.5,0.0,0.0,0,0,"In a bustling city park, a child kicks a worn, red leather boot, sending a plume of colorful, iridescent seashells scattering into the air."
steer_alpha_1p05_traj_c8_tok120_seed12_the_laundry_basket_by_the_door.json,steer_alpha_1p05_traj,experiments/frontier_sweep_model_compare_gemma2_push_traj_seed12/steer_alpha_1p05_traj_c8_tok120_seed12_the_laundry_basket_by_the_door.json,4,7,0,-2.5648995598239295,0.0,0.3519047619047619,0.0,0.0,0.0,0.0,0.7038095238095238,0.0,1.0,0.0,0.0,0.0,,0.0,0.0,,0.0,0.0,,0.0,,0.5,0.5,the; laundry; basket; door; now; filled; seashells; shelf; sunroom; sunlight; streams; glass,the; sunlight,0.0,0.0,0.0,0,0,"A lone seashell catches the light, its spiral form catching the sunlight, and a faint, earthy smell wafting out from it."
steer_alpha_1p05_traj_c8_tok120_seed12_the_laundry_basket_by_the_door.json,steer_alpha_1p05_traj,experiments/frontier_sweep_model_compare_gemma2_push_traj_seed12/steer_alpha_1p05_traj_c8_tok120_seed12_the_laundry_basket_by_the_door.json,4,8,0,-1.3215518954248364,0.0,0.5,0.0,0.0,0.0,0.0,1.0,0.0,0.8753333333333333,0.0,0.3333333333333333,12.5,miniature,0.3333333333333333,12.5,miniature,0.0,0.0,,0.4,miniature,0.5,0.5,the; laundry; basket; door; now; filled; seashells; shelf; sunroom; sunlight; streams; glass,the; seashells,0.0,0.0,0.0,0,0,"The seashells, carefully arranged, form a miniature, intricate mosaic."
