run_name,condition,path,step,candidate_index,picked,score_total,readable_ontology_frontier,frontier_quality,ontology_collapse_density,identity_melt_score,affordance_corruption_score,category_bleeding_score,syntax_readability_proxy,graph_integration,graph_fragmentation,repair_pressure,cliche_attractor_score,cliche_attractor_density_per_100,cliche_attractor_hits,stock_prop_attractor_score,stock_prop_attractor_density_per_100,stock_prop_attractor_hits,soft_style_cliche_score,soft_style_cliche_density_per_100,soft_style_cliche_hits,fantasy_prop_score,fantasy_prop_hits,ordinary_anchor_retention,ordinary_anchor_drop,ordinary_anchor_terms,ordinary_anchor_hits,atmospheric_conservation,unfinished,meta_leak,identity_melt_count,affordance_corruption_count,text
selector_alpha_0_c8_tok100_seed01_the_receipt_on_the_counter.json,selector_alpha_0,experiments/frontier_sweep_mundane_matched_alpha0_smoke/selector_alpha_0_c8_tok100_seed01_the_receipt_on_the_counter.json,1,1,1,0.1023842408339164,0.023697376289217337,0.43294444444444447,0.06394319446848298,0.0,0.0,0.3197159723424149,0.7215740740740741,0.19999999999999998,0.810477011494253,0.0,0.0,0.0,,0.0,0.0,,0.0,0.0,,0.0,,0.6666666666666666,0.33333333333333337,the; receipt; counter,the; receipt,0.2,0.0,0.0,0,0,"A dusty, faded Polaroid of a woman in a crowded street, her eyes locked onto the receipt, her fingers tracing the scribbled numbers."
selector_alpha_0_c8_tok100_seed01_the_receipt_on_the_counter.json,selector_alpha_0,experiments/frontier_sweep_mundane_matched_alpha0_smoke/selector_alpha_0_c8_tok100_seed01_the_receipt_on_the_counter.json,1,2,0,-1.6923662309823593,0.01446074080871423,0.3882657138377926,0.044444444444444446,0.0,0.0,0.2222222222222222,0.7325768185618728,0.05999999999999997,0.9730000000000001,0.0,0.0,0.0,,0.0,0.0,,0.0,0.0,,0.0,,0.6666666666666666,0.33333333333333337,the; receipt; counter,the; receipt,0.1,0.0,0.0,0,0,"The worn wooden spoon sat alongside the receipt, a small, unassuming presence that seemed out of place amidst the scattered remnants of a once-grand meal."
selector_alpha_0_c8_tok100_seed01_the_receipt_on_the_counter.json,selector_alpha_0,experiments/frontier_sweep_mundane_matched_alpha0_smoke/selector_alpha_0_c8_tok100_seed01_the_receipt_on_the_counter.json,1,3,0,-2.2569725765306123,0.010981307996740363,0.39312558460884356,0.03333333333333333,0.0,0.0,0.16666666666666666,0.7417463860544218,0.05999999999999997,0.9730000000000001,0.0,0.6666666666666666,11.11111111111111,antique; music box,0.6666666666666666,11.11111111111111,antique; music box,0.0,0.0,,1.0,antique; music box,0.0,1.0,the; receipt; counter,,0.1,0.0,0.0,0,0,"A small, antique music box, its intricately carved wooden lid slightly ajar, sits next to a half-eaten box of donuts."
selector_alpha_0_c8_tok100_seed01_the_receipt_on_the_counter.json,selector_alpha_0,experiments/frontier_sweep_mundane_matched_alpha0_smoke/selector_alpha_0_c8_tok100_seed01_the_receipt_on_the_counter.json,1,4,0,-1.7570419254658387,0.015505187025534854,0.4254472049689441,0.044444444444444446,0.0,0.0,0.2222222222222222,0.7090786749482402,0.19999999999999998,0.9012916666666668,0.0,0.0,0.0,,0.0,0.0,,0.0,0.0,,0.0,,1.0,0.0,the; receipt; counter,the; receipt; counter,0.0,0.0,0.0,0,0,"The crumpled remains of a once-white apron lay beside the counter, its pockets still clutching a pen that now rested on the receipt, its ink bleeding onto the torn edge."
selector_alpha_0_c8_tok100_seed01_the_receipt_on_the_counter.json,selector_alpha_0,experiments/frontier_sweep_mundane_matched_alpha0_smoke/selector_alpha_0_c8_tok100_seed01_the_receipt_on_the_counter.json,1,5,0,-1.7273612667436686,0.005790960679764702,0.3895265031231863,0.016666666666666666,0.0,0.0,0.08333333333333333,0.7349556662701628,0.05999999999999997,0.9730000000000001,0.0,1.0,7.894736842105263,antique; delicate; music box,0.6666666666666666,5.2631578947368425,antique; music box,0.3333333333333333,2.6315789473684212,delicate,1.0,antique; ballerina; music box,0.0,1.0,the; receipt; counter,,0.4,0.0,0.0,0,0,"A small, antique music box, its delicate ballerina still twirling to a tune long silenced, sat alongside a vintage typewriter, its keys yellowed with age, both objects now nestled in a worn, wooden box with a faded label that read ""Property of Mrs. Jenkins""."
selector_alpha_0_c8_tok100_seed01_the_receipt_on_the_counter.json,selector_alpha_0,experiments/frontier_sweep_mundane_matched_alpha0_smoke/selector_alpha_0_c8_tok100_seed01_the_receipt_on_the_counter.json,1,6,0,-0.594831345125463,0.0,0.44061398601398605,0.0,0.0,0.0,0.0,0.7343566433566434,0.19999999999999998,0.9100000000000001,0.0,0.0,0.0,,0.0,0.0,,0.0,0.0,,0.0,,0.6666666666666666,0.33333333333333337,the; receipt; counter,the; receipt,0.3,0.0,0.0,0,0,"A faded Polaroid photograph of a couple smiling on the beach, its corners creased and worn, slipped into a cracked frame that rested on the edge of the receipt."
selector_alpha_0_c8_tok100_seed01_the_receipt_on_the_counter.json,selector_alpha_0,experiments/frontier_sweep_mundane_matched_alpha0_smoke/selector_alpha_0_c8_tok100_seed01_the_receipt_on_the_counter.json,1,7,0,-0.6572592560123902,0.0,0.4254220566318927,0.0,0.0,0.0,0.0,0.7090367610531545,0.19999999999999998,0.9100000000000001,0.0,0.3333333333333333,4.545454545454546,antique,0.3333333333333333,4.545454545454546,antique,0.0,0.0,,0.375,antique,0.6666666666666666,0.33333333333333337,the; receipt; counter,the; receipt,0.2,0.0,0.0,0,0,"The antique clock, its intricate carvings now smudged and worn, sat perched on top of the receipt, an odd cohabitant of the diner's Formica table."
selector_alpha_0_c8_tok100_seed01_the_receipt_on_the_counter.json,selector_alpha_0,experiments/frontier_sweep_mundane_matched_alpha0_smoke/selector_alpha_0_c8_tok100_seed01_the_receipt_on_the_counter.json,1,8,0,0.6025606284859435,0.0,0.38391165103722646,0.0,0.0,0.0,0.0,0.6398527517287108,0.19999999999999998,0.9100000000000001,0.0,0.0,0.0,,0.0,0.0,,0.0,0.0,,0.0,,0.6666666666666666,0.33333333333333337,the; receipt; counter,the; receipt,0.1,0.0,0.0,0,0,"The faded Polaroid of two children's faces, their eyes wide with excitement, clung to the edge of the receipt, as if trying to hold on to the memories it captured. The receipt itself was crumpled, its ink bleeding into the countertop, a tiny puddle of indigo ink spreading like a stain, obscuring the scribbled notes on the edge."
selector_alpha_0_c8_tok100_seed01_the_receipt_on_the_counter.json,selector_alpha_0,experiments/frontier_sweep_mundane_matched_alpha0_smoke/selector_alpha_0_c8_tok100_seed01_the_receipt_on_the_counter.json,2,1,1,0.3464534131983108,0.1165052999718237,0.40115471869328495,0.35417664928581194,0.0,1.0,0.5208832464290597,0.6685911978221416,0.19999999999999998,0.9100000000000001,0.0,0.0,0.0,,0.0,0.0,,0.0,0.0,,0.0,,1.0,0.0,the; receipt; counter; polaroid; woman; crowded; street; her; eyes; locked; fingers; tracing,the; receipt; counter; polaroid; her; eyes; fingers,0.0,0.0,0.0,0,1,"The receipt slips from her fingers and falls to the counter, the Polaroid shattering into a hundred pieces as she reaches to catch it, her eyes widening in a mix of surprise and desperation, the scribbled numbers now scattered across the counter like fragments of a broken promise."
selector_alpha_0_c8_tok100_seed01_the_receipt_on_the_counter.json,selector_alpha_0,experiments/frontier_sweep_mundane_matched_alpha0_smoke/selector_alpha_0_c8_tok100_seed01_the_receipt_on_the_counter.json,2,2,0,-0.12931382269493863,0.04936819374952729,0.19667045548654247,0.30612180248299403,0.0,1.0,0.2806090124149701,0.6555681849551416,0.19999999999999998,0.9100000000000001,0.5,0.0,0.0,,0.0,0.0,,0.0,0.0,,0.0,,1.0,0.0,the; receipt; counter; polaroid; woman; crowded; street; her; eyes; locked; fingers; tracing,the; counter; polaroid; woman; her; eyes,0.0,0.0,0.0,0,1,"The Polaroid was slowly peeled away, revealing a handwritten note scrawled on the counter, a message that had been concealed for years, the pencil marks a deep shade of crimson against the worn Formica. The woman's eyes never left the counter, her gaze fixed on the words as if willing them to make sense."
selector_alpha_0_c8_tok100_seed01_the_receipt_on_the_counter.json,selector_alpha_0,experiments/frontier_sweep_mundane_matched_alpha0_smoke/selector_alpha_0_c8_tok100_seed01_the_receipt_on_the_counter.json,2,3,0,0.3910066958290159,0.008499464477799897,0.4052503424657535,0.025577277787393195,0.0,0.0,0.12788638893696597,0.7646232876712329,0.05999999999999997,0.9730000000000001,0.0,0.0,0.0,,0.0,0.0,,0.0,0.0,,0.0,,1.0,0.0,the; receipt; counter; polaroid; woman; crowded; street; her; eyes; locked; fingers; tracing,the; receipt; her; eyes,0.0,0.0,0.0,0,0,"Her eyes linger on the receipt as the cafe owner, a man with a bushy mustache and a kind smile, carefully pours steaming coffee into a dented china cup, his gaze never leaving hers."
selector_alpha_0_c8_tok100_seed01_the_receipt_on_the_counter.json,selector_alpha_0,experiments/frontier_sweep_mundane_matched_alpha0_smoke/selector_alpha_0_c8_tok100_seed01_the_receipt_on_the_counter.json,2,4,0,0.19320935964384955,0.011622240818206089,0.42520393237339354,0.03333333333333333,0.0,0.0,0.16666666666666666,0.7086732206223226,0.19999999999999998,0.9100000000000001,0.0,0.0,0.0,,0.0,0.0,,0.0,0.0,,0.0,,0.5,0.5,the; receipt; counter; polaroid; woman; crowded; street; her; eyes; locked; fingers; tracing,the; receipt,0.0,0.0,0.0,0,0,"The receipt's torn corner was still attached to the edge of a vintage typewriter, its keys jammed with dust and a single, yellowed sheet of paper clutched between the machine's metal arms, the words ""Property of Lena"" scribbled in crimson ink."
selector_alpha_0_c8_tok100_seed01_the_receipt_on_the_counter.json,selector_alpha_0,experiments/frontier_sweep_mundane_matched_alpha0_smoke/selector_alpha_0_c8_tok100_seed01_the_receipt_on_the_counter.json,2,5,0,0.5611111027850637,0.017455162311655746,0.4101194904458599,0.051903856809524966,0.0,0.0,0.2595192840476248,0.6835324840764332,0.19999999999999998,0.9100000000000001,0.0,0.0,0.0,,0.0,0.0,,0.0,0.0,,0.0,,1.0,0.0,the; receipt; counter; polaroid; woman; crowded; street; her; eyes; locked; fingers; tracing,the; receipt; counter; her; fingers,0.0,0.0,0.0,0,0,"Her fingers move to the counter, the receipt clutched tightly as she unfolds it, the creases a topographic map of her thoughts, the numbers rearranging themselves like the tiles of a mosaic."
selector_alpha_0_c8_tok100_seed01_the_receipt_on_the_counter.json,selector_alpha_0,experiments/frontier_sweep_mundane_matched_alpha0_smoke/selector_alpha_0_c8_tok100_seed01_the_receipt_on_the_counter.json,2,6,0,1.4868457204449181,0.009123177763845351,0.4172184952978057,0.02666666666666667,0.0,0.0,0.13333333333333333,0.6953641588296762,0.19999999999999998,0.877,0.0,0.3333333333333333,3.3333333333333335,leather-bound,0.3333333333333333,3.3333333333333335,leather-bound,0.0,0.0,,0.5,leather-bound,1.0,0.0,the; receipt; counter; polaroid; woman; crowded; street; her; eyes; locked; fingers; tracing,the; receipt; woman; eyes,0.0,0.0,0.0,0,0,"A worn, leather-bound book lies open beside the receipt, its yellowed pages revealing a handwritten note with the same phone number scribbled on it, the woman's eyes lingering on the page as if seeking answers."
selector_alpha_0_c8_tok100_seed01_the_receipt_on_the_counter.json,selector_alpha_0,experiments/frontier_sweep_mundane_matched_alpha0_smoke/selector_alpha_0_c8_tok100_seed01_the_receipt_on_the_counter.json,2,7,0,0.949941672743478,0.020045925442503183,0.37175609504132234,0.06575884260060542,0.0,0.0,0.32879421300302714,0.6195934917355372,0.19999999999999998,0.9100000000000001,0.0,0.0,0.0,,0.0,0.0,,0.0,0.0,,0.0,,1.0,0.0,the; receipt; counter; polaroid; woman; crowded; street; her; eyes; locked; fingers; tracing,the; receipt; counter; woman; her; eyes,0.0,0.0,0.0,0,0,"Her eyes follow the receipt as the shopkeeper's hand moves it across the counter, towards the register, towards the receipt's final destination, its fate intertwined with the morning's transactions, the woman's gaze a gentle reminder that her presence was once a part of this very space."
selector_alpha_0_c8_tok100_seed01_the_receipt_on_the_counter.json,selector_alpha_0,experiments/frontier_sweep_mundane_matched_alpha0_smoke/selector_alpha_0_c8_tok100_seed01_the_receipt_on_the_counter.json,2,8,0,0.670572502811501,0.00970116783001539,0.3864065295169946,0.029024413585588812,0.0,0.0,0.14512206792794405,0.6440108825283244,0.19999999999999998,0.9100000000000001,0.0,0.0,0.0,,0.0,0.0,,0.0,0.0,,0.0,,1.0,0.0,the; receipt; counter; polaroid; woman; crowded; street; her; eyes; locked; fingers; tracing,the; receipt; street; her; fingers,0.25,0.0,0.0,0,0,"Her fingers pause on the receipt, the numbers blurring as her gaze shifts to the coffee shop's faded sign above, its letters peeling like the receipt, cursive and worn, 1313 Maple Street, a name that seems to match the scratchy scribble on her receipt, a connection that makes her hands move as if drawn to the door."
selector_alpha_0_c8_tok100_seed01_the_receipt_on_the_counter.json,selector_alpha_0,experiments/frontier_sweep_mundane_matched_alpha0_smoke/selector_alpha_0_c8_tok100_seed01_the_receipt_on_the_counter.json,3,1,1,-0.23019341700181895,0.007699318737794223,0.4225235892691952,0.022222222222222223,0.0,0.0,0.1111111111111111,0.7042059821153254,0.19999999999999998,0.9100000000000001,0.0,0.0,0.0,,0.0,0.0,,0.0,0.0,,0.0,,1.0,0.0,the; receipt; counter; polaroid; woman; crowded; street; her; eyes; locked; fingers; tracing,the; counter; polaroid; woman; crowded; her; eyes,0.0,0.0,0.0,0,0,"Her gaze darts around the crowded café, her eyes locking onto a small, mysterious shop tucked between a vintage clothing store and a used bookstore, its window display a jumbled mess of papers and photographs, a Polaroid of a woman eerily similar to the one on the counter, her eyes seeming to beckon her towards an unseen destination."
selector_alpha_0_c8_tok100_seed01_the_receipt_on_the_counter.json,selector_alpha_0,experiments/frontier_sweep_mundane_matched_alpha0_smoke/selector_alpha_0_c8_tok100_seed01_the_receipt_on_the_counter.json,3,2,0,0.9779204928572278,0.012668613474591311,0.38577891766314587,0.03731710318147133,0.0,0.0,0.18658551590735664,0.6429648627719098,0.19999999999999998,0.9100000000000001,0.0,0.0,0.0,,0.0,0.0,,0.0,0.0,,0.0,,1.0,0.0,the; receipt; counter; polaroid; woman; crowded; street; her; eyes; locked; fingers; tracing,the; polaroid; woman; her; eyes; fingers,0.3333333333333333,0.0,0.0,0,0,"Her fingers hover, frozen in mid-air, as the fragments of the Polaroid begin to reassemble themselves, the woman's eyes darting nervously between the reforming image and the scattered numbers, the faded Polaroid now fully restored, its woman's face a blur of confusion and fear as she frantically searches for something hidden within the creased paper."
selector_alpha_0_c8_tok100_seed01_the_receipt_on_the_counter.json,selector_alpha_0,experiments/frontier_sweep_mundane_matched_alpha0_smoke/selector_alpha_0_c8_tok100_seed01_the_receipt_on_the_counter.json,3,3,0,-0.8866623144362644,0.005088906430599585,0.19006171197223828,0.032652465283787416,0.0,0.0,0.16326232641893706,0.633539039907461,0.19999999999999998,0.9100000000000001,0.5,0.0,0.0,,0.0,0.0,,0.0,0.0,,0.0,,1.0,0.0,the; receipt; counter; polaroid; woman; crowded; street; her; eyes; locked; fingers; tracing,the; counter; woman; fingers,0.0,0.0,0.0,0,0,"The scattered numbers seem to reassemble on the counter, forming a small, cryptic message: '24-7-15-32-41'. As the woman's fingers close around the crumpled message, a nearby ATM dispenses a wad of cash, its screen flashing the same sequence of numbers, like a confirmation of its own secrets."
selector_alpha_0_c8_tok100_seed01_the_receipt_on_the_counter.json,selector_alpha_0,experiments/frontier_sweep_mundane_matched_alpha0_smoke/selector_alpha_0_c8_tok100_seed01_the_receipt_on_the_counter.json,3,4,0,1.0329340962339122,0.0035876905465528227,0.39377091364604155,0.011111111111111112,0.0,0.0,0.05555555555555555,0.6562848560767359,0.19999999999999998,0.9100000000000001,0.0,0.3333333333333333,1.6129032258064515,old man,0.0,0.0,,0.3333333333333333,1.6129032258064515,old man,0.0,,1.0,0.0,the; receipt; counter; polaroid; woman; crowded; street; her; eyes; locked; fingers; tracing,the; receipt; counter; polaroid; her; eyes,0.0,0.0,0.0,0,0,"Her gaze frantically scans the counter as she tries to gather the scattered pieces, her eyes locking onto a small, battered coffee cup, its ceramic surface etched with the same numbers as the receipt, as if fate has conspired to reunite the fragments, the cup's owner, a grizzled old man, watching her with a knowing glint in his eye, his own hands moving with a practiced ease as he collects the shards of the Polaroid."
selector_alpha_0_c8_tok100_seed01_the_receipt_on_the_counter.json,selector_alpha_0,experiments/frontier_sweep_mundane_matched_alpha0_smoke/selector_alpha_0_c8_tok100_seed01_the_receipt_on_the_counter.json,3,5,0,0.6700431032968852,0.007719614123048537,0.3530311336760002,0.02666666666666667,0.0,0.0,0.13333333333333333,0.5883852227933337,0.19999999999999998,0.9100000000000001,0.0,0.0,0.0,,0.0,0.0,,0.0,0.0,,0.0,,1.0,0.0,the; receipt; counter; polaroid; woman; crowded; street; her; eyes; locked; fingers; tracing,the; counter; polaroid; woman; her; eyes; fingers,0.0,0.0,0.0,0,0,"The woman's fingers grasp for the scattered pieces of the Polaroid, her eyes darting between them as she tries to reassemble the fragments, but they refuse to lie flat, instead clinging to the Formica counter, the numbers now illegible, the woman's face twisted in a mixture of frustration and anxiety as she pushes the fragments of the Polaroid towards the edge of the counter, where they slide off, landing in a small pool of coffee on the worn linoleum floor."
selector_alpha_0_c8_tok100_seed01_the_receipt_on_the_counter.json,selector_alpha_0,experiments/frontier_sweep_mundane_matched_alpha0_smoke/selector_alpha_0_c8_tok100_seed01_the_receipt_on_the_counter.json,3,6,0,0.8993566663986166,0.0,0.3816673374613003,0.0,0.0,0.0,0.0,0.6361122291021672,0.19999999999999998,0.9100000000000001,0.0,0.0,0.0,,0.0,0.0,,0.0,0.0,,0.0,,1.0,0.0,the; receipt; counter; polaroid; woman; crowded; street; her; eyes; locked; fingers; tracing,the; polaroid; her; eyes,0.3333333333333333,0.0,0.0,0,0,"Her eyes dart towards the crowd, searching for a familiar face, but amidst the chaos of strangers rushing to and from the coffee shop, no one seems to notice, the scattered Polaroid pieces blending into the dusty, worn linoleum, as she frantically gathers the shards, her hands moving with a mix of urgency and desperation, the scribbled numbers now a jumbled mess, but one number stands out, a single digit, a single digit that seems to hold all her attention."
selector_alpha_0_c8_tok100_seed01_the_receipt_on_the_counter.json,selector_alpha_0,experiments/frontier_sweep_mundane_matched_alpha0_smoke/selector_alpha_0_c8_tok100_seed01_the_receipt_on_the_counter.json,3,7,0,0.7251616561970935,0.004038224105169057,0.15403245283018868,0.03197159723424149,0.0,0.0,0.15985798617120744,0.4278679245283019,0.19999999999999998,0.9100000000000001,0.0,0.0,0.0,,0.0,0.0,,0.0,0.0,,0.0,,1.0,0.0,the; receipt; counter; polaroid; woman; crowded; street; her; eyes; locked; fingers; tracing,the; receipt; counter; polaroid; woman; eyes,0.0,0.4,0.0,0,0,"The fragments of the Polaroid and receipt continue to drift across the counter, as a bespectacled man in a white lab coat hastily sweeps them up, his eyes scanning the mess with a mixture of disinterest and annoyance, while a young woman in a bright yellow sun"
selector_alpha_0_c8_tok100_seed01_the_receipt_on_the_counter.json,selector_alpha_0,experiments/frontier_sweep_mundane_matched_alpha0_smoke/selector_alpha_0_c8_tok100_seed01_the_receipt_on_the_counter.json,3,8,0,0.8572770305985811,0.0,0.18803603541451072,0.0,0.0,0.0,0.0,0.6267867847150358,0.19999999999999998,0.9100000000000001,0.5,0.0,0.0,,0.0,0.0,,0.0,0.0,,0.0,,1.0,0.0,the; receipt; counter; polaroid; woman; crowded; street; her; eyes; locked; fingers; tracing,the; woman; crowded; her; eyes,0.0,0.0,0.0,0,0,"The woman's hands move in a blur, gathering the scattered numbers and scribbled notes, her eyes darting between the fragments, as the sounds of the crowded café grow quieter, the patrons turning to stare at the scene, the air thickening with an unspoken understanding."
steer_alpha_0p66_c8_tok100_seed01_the_receipt_on_the_counter.json,steer_alpha_0p66,experiments/frontier_sweep_mundane_matched_alpha0_smoke/steer_alpha_0p66_c8_tok100_seed01_the_receipt_on_the_counter.json,1,1,1,-0.436089387361005,0.07403496753246754,0.3459577922077922,0.25,0.0,1.0,0.0,0.6919155844155844,0.0,0.9912916666666667,0.0,0.3333333333333333,4.545454545454546,antique,0.3333333333333333,4.545454545454546,antique,0.0,0.0,,0.375,antique,0.6666666666666666,0.33333333333333337,the; receipt; counter,the; receipt,0.2,0.0,0.0,0,1,"A small, dusty antique shop appears, its wooden sign creaking in the gentle breeze, bearing the same name as the receipt: ""Sam and Co."""
steer_alpha_0p66_c8_tok100_seed01_the_receipt_on_the_counter.json,steer_alpha_0p66,experiments/frontier_sweep_mundane_matched_alpha0_smoke/steer_alpha_0p66_c8_tok100_seed01_the_receipt_on_the_counter.json,1,2,0,-0.6328306339390501,0.09460170581201692,0.4034342276144907,0.2602564102564103,0.0,1.0,0.05128205128205128,0.6723903793574846,0.19999999999999998,0.9100000000000001,0.0,1.0,6.666666666666667,antique; leather-bound; music box,1.0,6.666666666666667,antique; leather-bound; music box,0.0,0.0,,1.0,antique; ballerina; leather-bound; music box,0.3333333333333333,0.6666666666666667,the; receipt; counter,the,0.45,0.0,0.0,0,1,"A small, antique music box, its intricate ballerina twirls, as a small, leather-bound book, worn and worn, rests beside it, its pages fluttering in the gentle breeze that stirs the dust of a long-abandoned shop, where a small, antique typewriter, its keys yellowed with age, waits patiently, ready to write a new poem."
steer_alpha_0p66_c8_tok100_seed01_the_receipt_on_the_counter.json,steer_alpha_0p66,experiments/frontier_sweep_mundane_matched_alpha0_smoke/steer_alpha_0p66_c8_tok100_seed01_the_receipt_on_the_counter.json,1,3,0,0.5550087144361873,0.018527381329915004,0.4298205578512397,0.04931913195045408,0.0,0.0,0.24659565975227038,0.7163675964187328,0.19999999999999998,0.9100000000000001,0.0,0.3333333333333333,2.380952380952381,pocket watch,0.3333333333333333,2.380952380952381,pocket watch,0.0,0.0,,0.4,pocket watch,0.6666666666666666,0.33333333333333337,the; receipt; counter,the; counter,0.3,0.0,0.0,0,0,"A worn, old grandfather's pocket watch, once belonging to a young boy, now sits on the counter, ticking away, its intricate engravings still visible despite the dust and grime that coats everything else, its minute hand frozen in time, as if waiting for the hands of a new owner to set it free."
steer_alpha_0p66_c8_tok100_seed01_the_receipt_on_the_counter.json,steer_alpha_0p66,experiments/frontier_sweep_mundane_matched_alpha0_smoke/steer_alpha_0p66_c8_tok100_seed01_the_receipt_on_the_counter.json,1,4,0,-1.1498805629236666,0.00739335874823984,0.3806649241084586,0.022222222222222223,0.0,0.0,0.1111111111111111,0.7182357058650162,0.05999999999999997,0.9730000000000001,0.0,1.0,11.11111111111111,antique; delicate; leather-bound; music box,1.0,8.333333333333334,antique; leather-bound; music box,0.3333333333333333,2.7777777777777777,delicate,1.0,antique; ballerina; leather-bound; music box,1.0,0.0,the; receipt; counter,the; receipt; counter,0.3,0.0,0.0,0,0,"A small, antique music box, once a treasured family heirloom, sits on the counter, its delicate ballerina twirling to a gentle, forgotten waltz, as the receipt from a long-folding, antique shop, tied with a faded ribbon, slowly unravels, revealing a small, leather-bound book."
steer_alpha_0p66_c8_tok100_seed01_the_receipt_on_the_counter.json,steer_alpha_0p66,experiments/frontier_sweep_mundane_matched_alpha0_smoke/steer_alpha_0p66_c8_tok100_seed01_the_receipt_on_the_counter.json,1,5,0,-1.5344841341135536,0.005461573138220601,0.4686704638061156,0.013333333333333334,0.0,0.0,0.06666666666666667,0.9373409276122312,0.0,1.0,0.0,1.0,13.333333333333334,antique; ethereal; music box; ornate,1.0,10.0,antique; music box; ornate,0.3333333333333333,3.3333333333333335,ethereal,1.0,antique; music box; ornate,0.3333333333333333,0.6666666666666667,the; receipt; counter,the,0.3,0.0,0.0,0,0,"A small, antique music box, its lid slightly ajar, emits a faint, ethereal melody, as a vintage, ornate clock, once a matching set, now hangs from the ceiling, its soft tick-tock a gentle accompaniment."
steer_alpha_0p66_c8_tok100_seed01_the_receipt_on_the_counter.json,steer_alpha_0p66,experiments/frontier_sweep_mundane_matched_alpha0_smoke/steer_alpha_0p66_c8_tok100_seed01_the_receipt_on_the_counter.json,1,6,0,-1.5122587475668237,0.002952489382193556,0.354704101979775,0.009523809523809525,0.0,0.0,0.047619047619047616,0.70940820395955,0.0,1.0,0.0,1.0,7.142857142857143,antique; melancholic; music box,0.6666666666666666,4.761904761904762,antique; music box,0.3333333333333333,2.380952380952381,melancholic,1.0,antique; ballerina; music box,0.3333333333333333,0.6666666666666667,the; receipt; counter,the,0.3,0.0,0.0,0,0,"A small, antique music box, its lid slightly ajar, plays a soft, melancholic tune, its ballerina twirling to the rhythm, as a vintage typewriter, its keys yellowed with age, slowly prints out a poem, ink bleeding onto the countertop, a poem that reads: ""In the silence, I find my voice."""
steer_alpha_0p66_c8_tok100_seed01_the_receipt_on_the_counter.json,steer_alpha_0p66,experiments/frontier_sweep_mundane_matched_alpha0_smoke/steer_alpha_0p66_c8_tok100_seed01_the_receipt_on_the_counter.json,1,7,0,-0.6159082645570377,0.0017046315492540078,0.15608446483180427,0.012121212121212123,0.0,0.0,0.06060606060606061,0.433567957866123,0.19999999999999998,0.9100000000000001,0.0,1.0,11.428571428571429,antique; delicate; leather-bound; music box,1.0,8.571428571428571,antique; leather-bound; music box,0.3333333333333333,2.857142857142857,delicate,1.0,antique; ballerina; leather-bound; music box,0.0,1.0,the; receipt; counter,,0.45,0.4,0.0,0,0,"A small, antique music box, its delicate ballerina twirling to a soft, forgotten melody, sits beside a dusty, old cash register, its drawers open, revealing a tumble of crumpled up dollars and coins, as a small, leather-bound book lies open, its pages flutteri"
steer_alpha_0p66_c8_tok100_seed01_the_receipt_on_the_counter.json,steer_alpha_0p66,experiments/frontier_sweep_mundane_matched_alpha0_smoke/steer_alpha_0p66_c8_tok100_seed01_the_receipt_on_the_counter.json,1,8,0,-0.6107768506902347,0.004812524717531277,0.10767880483736449,0.05333333333333334,0.0,0.0,0.26666666666666666,0.3386125938281902,0.05999999999999997,0.9730000000000001,0.0,1.0,11.428571428571429,antique; delicate; music box; porcelain,1.0,8.571428571428571,antique; music box; porcelain,0.3333333333333333,2.857142857142857,delicate,1.0,antique; music box; porcelain,0.6666666666666666,0.33333333333333337,the; receipt; counter,the; counter,0.1,0.4,0.0,0,0,"A small, antique music box sits on the counter, its intricate mechanical bird opening and closing its delicate, porcelain wings, while a delicate, porcelain tea set beside it, its delicate, hand-painted flowers unfolding like a tiny, porcelain garden, as a sma"
steer_alpha_0p66_c8_tok100_seed01_the_receipt_on_the_counter.json,steer_alpha_0p66,experiments/frontier_sweep_mundane_matched_alpha0_smoke/steer_alpha_0p66_c8_tok100_seed01_the_receipt_on_the_counter.json,2,1,1,0.9507965055243204,0.09682816164044983,0.4268064721148244,0.27666666666666667,0.0,1.0,0.13333333333333333,0.711344120191374,0.19999999999999998,0.9100000000000001,0.0,1.0,8.333333333333334,faded photograph; forgotten dreams; leather-bound,0.6666666666666666,5.555555555555555,faded photograph; leather-bound,0.3333333333333333,2.7777777777777777,forgotten dreams,0.875,forgotten dreams; leather-bound,0.75,0.25,the; receipt; counter; shop; appears; its; wooden; sign; creaking; gentle; breeze; bearing,the; counter; its,0.0,0.0,0.0,0,2,"A small, leather-bound book lies open on the counter, its pages fluttering as if stirred by an invisible hand, revealing yellowed newspaper clippings, a faded photograph, and a handwritten poem that reads: ""Where shadows fall, we make an offering of moonlight and forgotten dreams."""
steer_alpha_0p66_c8_tok100_seed01_the_receipt_on_the_counter.json,steer_alpha_0p66,experiments/frontier_sweep_mundane_matched_alpha0_smoke/steer_alpha_0p66_c8_tok100_seed01_the_receipt_on_the_counter.json,2,2,0,-1.3872887881516094,0.0882119718759627,0.3528478875038508,0.25,0.0,1.0,0.0,0.7056957750077016,0.0,0.9912916666666667,0.0,0.3333333333333333,4.545454545454546,antique,0.3333333333333333,4.545454545454546,antique,0.0,0.0,,0.375,antique,1.0,0.0,the; receipt; counter; shop; appears; its; wooden; sign; creaking; gentle; breeze; bearing,the; receipt; shop; appears; its; wooden; sign; creaking; gentle; breeze; bearing,1.0,0.0,0.0,0,1,"A small, dusty antique shop appears, its wooden sign creaking in the gentle breeze, bearing the same name as the receipt: ""Sam and Co."
steer_alpha_0p66_c8_tok100_seed01_the_receipt_on_the_counter.json,steer_alpha_0p66,experiments/frontier_sweep_mundane_matched_alpha0_smoke/steer_alpha_0p66_c8_tok100_seed01_the_receipt_on_the_counter.json,2,3,0,-0.3338803536874494,0.08795119774291896,0.3907202804419787,0.22510016025641025,0.0,0.859375,0.05128205128205128,0.6512004674032978,0.19999999999999998,0.9100000000000001,0.0,1.0,4.6875,antique; haunting; music box,0.6666666666666666,3.125,antique; music box,0.3333333333333333,1.5625,haunting,1.0,antique; music box,1.0,0.0,the; receipt; counter; shop; appears; its; wooden; sign; creaking; gentle; breeze; bearing,the; receipt; shop; appears; its; wooden; sign; creaking; gentle; breeze; bearing,1.0,0.0,0.0,0,1,"A small, dusty antique shop appears, its wooden sign creaking in the gentle breeze, bearing the same name as the receipt: ""Sam and Co."" The sign creaks, slowly swinging open, revealing a dimly lit interior filled with a dizzying array of peculiar objects, each one more peculiar than the last, including a vintage typewriter, a taxidermied owl, and a music box that plays a haunting melody that seems to match the creaking of the sign."
steer_alpha_0p66_c8_tok100_seed01_the_receipt_on_the_counter.json,steer_alpha_0p66,experiments/frontier_sweep_mundane_matched_alpha0_smoke/steer_alpha_0p66_c8_tok100_seed01_the_receipt_on_the_counter.json,2,4,0,1.0676827801598787,0.017887996100152858,0.4362925878086063,0.05,0.0,0.0,0.25,0.7271543130143439,0.19999999999999998,0.9100000000000001,0.0,1.0,7.894736842105263,delicate; mist; music box,0.3333333333333333,2.6315789473684212,music box,0.6666666666666666,5.2631578947368425,delicate; mist,1.0,ballerina; music box,1.0,0.0,the; receipt; counter; shop; appears; its; wooden; sign; creaking; gentle; breeze; bearing,the; counter; shop; its,0.0,0.0,0.0,0,0,"A small, delicate music box on the counter, its intricate ballerina twirling to a soft, forgotten waltz, as a young girl with sun-bleached hair and a basket of wildflowers sits, her eyes fixed intently on the shop, its windows foged with a thin, lace-like mist."
steer_alpha_0p66_c8_tok100_seed01_the_receipt_on_the_counter.json,steer_alpha_0p66,experiments/frontier_sweep_mundane_matched_alpha0_smoke/steer_alpha_0p66_c8_tok100_seed01_the_receipt_on_the_counter.json,2,5,0,0.7259426746456163,0.007582708417508418,0.41612424242424245,0.022222222222222223,0.0,0.0,0.1111111111111111,0.6935404040404041,0.19999999999999998,0.9100000000000001,0.0,1.0,11.11111111111111,delicate; ethereal; music box; old man,0.3333333333333333,2.7777777777777777,music box,1.0,8.333333333333334,delicate; ethereal; old man,1.0,ballerina; music box,1.0,0.0,the; receipt; counter; shop; appears; its; wooden; sign; creaking; gentle; breeze; bearing,the; shop; its; sign; creaking,0.0,0.0,0.0,0,0,"Behind the shop, a weathered old man sits in a rocking chair, his eyes fixed on a small, exquisite music box that lies on his lap, its delicate ballerina twirling to a soft, ethereal melody that harmonizes with the creaking of the shop's sign."
steer_alpha_0p66_c8_tok100_seed01_the_receipt_on_the_counter.json,steer_alpha_0p66,experiments/frontier_sweep_mundane_matched_alpha0_smoke/steer_alpha_0p66_c8_tok100_seed01_the_receipt_on_the_counter.json,2,6,0,0.952614784657688,0.007265363733420189,0.4166899788285109,0.020512820512820513,0.0,0.0,0.10256410256410256,0.6944832980475182,0.19999999999999998,0.9100000000000001,0.0,1.0,14.285714285714286,antique; delicate; doll; leather-bound; music box; old man; ornate; porcelain,1.0,10.714285714285714,antique; doll; leather-bound; music box; ornate; porcelain,0.6666666666666666,3.5714285714285716,delicate; old man,1.0,antique; doll; leather-bound; music box; ornate; porcelain,1.0,0.0,the; receipt; counter; shop; appears; its; wooden; sign; creaking; gentle; breeze; bearing,the; counter; shop; its; wooden,0.16666666666666666,0.0,0.0,0,0,"Old man sitting behind the counter, his eyes fixed on an old, leather-bound book as he slowly rubs a wooden spoon against the surface of a small, cracked and faded porcelain vase, the spoon's rhythmic scratching echoing through the shop, as a delicate, porcelain doll peers out from behind a nearby, ornate, antique music box, its golden lid slightly ajar, releasing a soft, melancholy tune."
steer_alpha_0p66_c8_tok100_seed01_the_receipt_on_the_counter.json,steer_alpha_0p66,experiments/frontier_sweep_mundane_matched_alpha0_smoke/steer_alpha_0p66_c8_tok100_seed01_the_receipt_on_the_counter.json,2,7,0,-0.21429704781175407,0.0,0.3859590438165438,0.0,0.0,0.0,0.0,0.7282246109746109,0.05999999999999997,0.9730000000000001,0.0,1.0,8.571428571428571,clockwork; ethereal; melancholic,0.3333333333333333,2.857142857142857,clockwork,0.6666666666666666,5.714285714285714,ethereal; melancholic,0.35,clockwork,0.75,0.25,the; receipt; counter; shop; appears; its; wooden; sign; creaking; gentle; breeze; bearing,the; shop; its,0.0,0.0,0.0,0,0,"The shop's windows, once a murky green, now sparkle with a faint, ethereal light, as if the morning sun had poured dew onto the panes, illuminating a display of vintage clockwork, its intricate mechanisms whirring softly, accompanied by a faint, melancholic tune."
steer_alpha_0p66_c8_tok100_seed01_the_receipt_on_the_counter.json,steer_alpha_0p66,experiments/frontier_sweep_mundane_matched_alpha0_smoke/steer_alpha_0p66_c8_tok100_seed01_the_receipt_on_the_counter.json,2,8,0,1.0840815756373556,0.0070610577565998565,0.3993231429412837,0.020093824790023026,0.0,0.0,0.10046912395011512,0.6655385715688061,0.19999999999999998,0.9100000000000001,0.0,1.0,4.918032786885246,antique; leather-bound; music box,1.0,4.918032786885246,antique; leather-bound; music box,0.0,0.0,,1.0,antique; leather-bound; music box,1.0,0.0,the; receipt; counter; shop; appears; its; wooden; sign; creaking; gentle; breeze; bearing,the; shop; its; sign; creaking,0.3333333333333333,0.0,0.0,0,0,"A small, antique music box, its intricate mechanisms ticking softly, releases a melody that harmonizes with the creaking of the shop's sign, as a young girl, no more than ten years old, with eyes that gleam like the moon, peers out from behind the shop's door, surrounded by a garden of overgrown, twisted vines and thorns, where a small, leather-bound book lies, its pages fluttering softly in the wind."
steer_alpha_0p66_c8_tok100_seed01_the_receipt_on_the_counter.json,steer_alpha_0p66,experiments/frontier_sweep_mundane_matched_alpha0_smoke/steer_alpha_0p66_c8_tok100_seed01_the_receipt_on_the_counter.json,3,1,1,-0.005138307952714916,0.04467508875024461,0.2005350192509023,0.2602564102564103,0.0,1.0,0.05128205128205128,0.6306132680845984,0.05999999999999997,0.9730000000000001,0.0,1.0,16.216216216216218,delicate; ivory; miniature; music box; ornate; porcelain,1.0,13.513513513513514,ivory; miniature; music box; ornate; porcelain,0.3333333333333333,2.7027027027027026,delicate,1.0,ivory; miniature; music box; ornate; porcelain,0.75,0.25,the; receipt; counter; shop; appears; its; wooden; sign; creaking; gentle; breeze; bearing,the; shop; its,0.2,0.4,0.0,0,1,"A delicate, porcelain figurine, its face serene and unblinking, sits atop a tiny, ornate music box, its lid ajar, a miniature, ivory-skinned figurine of a woman sits, playing a tiny, golden flute, as the wind stirs the shop's few, dusty decorations, a forgotte"
steer_alpha_0p66_c8_tok100_seed01_the_receipt_on_the_counter.json,steer_alpha_0p66,experiments/frontier_sweep_mundane_matched_alpha0_smoke/steer_alpha_0p66_c8_tok100_seed01_the_receipt_on_the_counter.json,3,2,0,1.3034894932465984,0.007864136279218795,0.4242232415537316,0.021919614200201814,0.0,0.0,0.10959807100100906,0.707038735922886,0.19999999999999998,0.9100000000000001,0.0,1.0,11.290322580645162,antique; delicate; doll; ethereal; music box; ornate; porcelain,1.0,8.064516129032258,antique; doll; music box; ornate; porcelain,0.6666666666666666,3.225806451612903,delicate; ethereal,1.0,antique; doll; music box; ornate; porcelain,1.0,0.0,the; receipt; counter; shop; appears; its; wooden; sign; creaking; gentle; breeze; bearing,the; its; wooden; sign; creaking; gentle; bearing,0.14285714285714285,0.0,0.0,0,0,"A old, ornate music box, its lid slightly ajar, emits a soft, ethereal melody that harmonizes with the gentle creaking of the wooden sign, as a delicate, porcelain doll, its face eerily pale, sits on a nearby shelf, its eyes fixed on the book, where a piece of paper slips out, carrying a small, hand-drawn map, leading to a street lined with identical, antique shops, each bearing the same name, ""Sam and Co."""
steer_alpha_0p66_c8_tok100_seed01_the_receipt_on_the_counter.json,steer_alpha_0p66,experiments/frontier_sweep_mundane_matched_alpha0_smoke/steer_alpha_0p66_c8_tok100_seed01_the_receipt_on_the_counter.json,3,3,0,0.4475968601394047,0.007636777777777777,0.40429999999999994,0.022222222222222223,0.0,0.0,0.1111111111111111,0.6738333333333333,0.19999999999999998,0.9100000000000001,0.0,1.0,12.5,delicate; ethereal; leather-bound; music box; ornate,1.0,7.5,leather-bound; music box; ornate,0.6666666666666666,5.0,delicate; ethereal,1.0,ballerina; leather-bound; music box; ornate,1.0,0.0,the; receipt; counter; shop; appears; its; wooden; sign; creaking; gentle; breeze; bearing,the; shop; its; wooden; sign; creaking,0.16666666666666666,0.0,0.0,0,0,"A faint, eerie glow emanates from the pages of the leather-bound book, casting an ethereal light on the dusty shop, illuminating a small, ornate music box that sits on a nearby shelf, its delicate ballerina twirling to a melody that seems to harmonize with the creaking of the wooden sign."
steer_alpha_0p66_c8_tok100_seed01_the_receipt_on_the_counter.json,steer_alpha_0p66,experiments/frontier_sweep_mundane_matched_alpha0_smoke/steer_alpha_0p66_c8_tok100_seed01_the_receipt_on_the_counter.json,3,4,0,0.6744570897069184,0.0,0.41039772727272733,0.0,0.0,0.0,0.0,0.6839962121212122,0.19999999999999998,0.9100000000000001,0.0,1.0,9.090909090909092,doll; ethereal; porcelain; velvet,1.0,6.818181818181818,doll; porcelain; velvet,0.3333333333333333,2.272727272727273,ethereal,1.0,doll; porcelain; velvet,1.0,0.0,the; receipt; counter; shop; appears; its; wooden; sign; creaking; gentle; breeze; bearing,the; shop; its; wooden; sign,0.0,0.0,0.0,0,0,"The old wooden sign creaks, its letters worn, as a gust of wind extinguishes a nearby lantern, plunging the shop into darkness, and, in the sudden, sudden silence, a small, porcelain doll, with a cracked, porcelain face and a tattered, velvet cloak, descends from a shelf, its eyes glowing with a faint, ethereal light."
steer_alpha_0p66_c8_tok100_seed01_the_receipt_on_the_counter.json,steer_alpha_0p66,experiments/frontier_sweep_mundane_matched_alpha0_smoke/steer_alpha_0p66_c8_tok100_seed01_the_receipt_on_the_counter.json,3,5,0,0.4646630335152651,0.00816475638547514,0.14607306588345237,0.06575884260060542,0.0,0.0,0.32879421300302714,0.40575851634292326,0.19999999999999998,0.9100000000000001,0.0,0.3333333333333333,2.380952380952381,old man,0.0,0.0,,0.3333333333333333,2.380952380952381,old man,0.0,,1.0,0.0,the; receipt; counter; shop; appears; its; wooden; sign; creaking; gentle; breeze; bearing,the; counter; shop; wooden,0.16666666666666666,0.4,0.0,0,0,"A woman with sun-bleached hair and a faded denim jacket leans against the old wooden counter, her eyes fixed on the book, her fingers tracing the lines of the poem, as the shop's proprietor, an old man with spectacles and a bushy white mustache, sips tea from"
steer_alpha_0p66_c8_tok100_seed01_the_receipt_on_the_counter.json,steer_alpha_0p66,experiments/frontier_sweep_mundane_matched_alpha0_smoke/steer_alpha_0p66_c8_tok100_seed01_the_receipt_on_the_counter.json,3,6,0,-0.3007592655266515,0.0,0.15674086404514195,0.0,0.0,0.0,0.0,0.43539128901428326,0.19999999999999998,0.9100000000000001,0.0,0.3333333333333333,2.5,delicate,0.0,0.0,,0.3333333333333333,2.5,delicate,0.0,,0.75,0.25,the; receipt; counter; shop; appears; its; wooden; sign; creaking; gentle; breeze; bearing,the; receipt; shop,0.0,0.4,0.0,0,0,"As the shop's owner, an elderly man with wispy white hair and spectacles, slowly rises from behind a nearby stool, his eyes, a deep shade of indigo, gaze at the receipt, and his bony fingers, adorned with a delicate silver watch, gently lift the clippings and"
steer_alpha_0p66_c8_tok100_seed01_the_receipt_on_the_counter.json,steer_alpha_0p66,experiments/frontier_sweep_mundane_matched_alpha0_smoke/steer_alpha_0p66_c8_tok100_seed01_the_receipt_on_the_counter.json,3,7,0,-1.2302061453206594,0.0010734345577556588,0.1280802597322093,0.009523809523809525,0.0,0.0,0.047619047619047616,0.4269341991073643,0.0,1.0,0.0,1.0,18.91891891891892,antique; crystal; delicate; music box; ornate; porcelain; velvet,1.0,16.216216216216218,antique; crystal; music box; ornate; porcelain; velvet,0.3333333333333333,2.7027027027027026,delicate,1.0,antique; crystal; music box; ornate; porcelain; velvet,0.25,0.75,the; receipt; counter; shop; appears; its; wooden; sign; creaking; gentle; breeze; bearing,its,0.3333333333333333,0.4,0.0,0,0,"A small, porcelain figurine, its face serene and serene, sits atop a delicate, antique music box, its lid ajar, a soft, golden light emanating from within, illuminating a nearby, dusty, ornate, velvet-draped box, adorned with a small, crystal orb that slowly"
steer_alpha_0p66_c8_tok100_seed01_the_receipt_on_the_counter.json,steer_alpha_0p66,experiments/frontier_sweep_mundane_matched_alpha0_smoke/steer_alpha_0p66_c8_tok100_seed01_the_receipt_on_the_counter.json,3,8,0,-1.3580865065167393,0.0,0.003741923076923081,0.0,0.0,0.0,0.0,0.08315384615384624,0.19999999999999998,0.9100000000000001,0.5,0.6666666666666666,5.128205128205129,ethereal; old man,0.0,0.0,,0.6666666666666666,5.128205128205129,ethereal; old man,0.0,,0.5,0.5,the; receipt; counter; shop; appears; its; wooden; sign; creaking; gentle; breeze; bearing,the; shop,0.0,0.85,0.0,0,0,"A soft, pale blue light, like the first hints of dawn, seeps through a grimy skylight, illuminating the dust motes that dance in the air above the shop, casting an ethereal glow on the proprietor, an old man with spectacles perched on the end of his nose, his"
steer_alpha_0p77_c8_tok100_seed01_the_receipt_on_the_counter.json,steer_alpha_0p77,experiments/frontier_sweep_mundane_matched_alpha0_smoke/steer_alpha_0p77_c8_tok100_seed01_the_receipt_on_the_counter.json,1,1,1,-0.9146424169051286,0.007919023136938392,0.4756850282485876,0.01904761904761905,0.0,0.0,0.09523809523809523,0.9513700564971752,0.0,1.0,0.0,1.0,16.666666666666668,antique; ethereal; music box,0.6666666666666666,11.11111111111111,antique; music box,0.3333333333333333,5.555555555555555,ethereal,1.0,antique; ballerina; music box,0.3333333333333333,0.6666666666666667,the; receipt; counter,the,0.3,0.0,0.0,0,0,"A small, antique music box, its intricate ballerina twirls, as a vintage typewriter, half-buried in the dust, emits a faint, ethereal melody."
steer_alpha_0p77_c8_tok100_seed01_the_receipt_on_the_counter.json,steer_alpha_0p77,experiments/frontier_sweep_mundane_matched_alpha0_smoke/steer_alpha_0p77_c8_tok100_seed01_the_receipt_on_the_counter.json,1,2,0,-1.0847575094517652,0.004436040907091818,0.38867180844846533,0.013333333333333334,0.0,0.0,0.06666666666666667,0.7333430348084251,0.05999999999999997,0.9730000000000001,0.0,1.0,14.814814814814815,antique; leather-bound; miniature; music box,1.0,14.814814814814815,antique; leather-bound; miniature; music box,0.0,0.0,,1.0,antique; leather-bound; miniature; music box,0.0,1.0,the; receipt; counter,,0.2,0.0,0.0,0,0,"A small, antique music box, its intricate mechanisms visible, plays a soft, melancholy tune, as a miniature, leather-bound book lies open, its pages fluttering gently, revealing a handwritten, invitation to a midnight gathering."
steer_alpha_0p77_c8_tok100_seed01_the_receipt_on_the_counter.json,steer_alpha_0p77,experiments/frontier_sweep_mundane_matched_alpha0_smoke/steer_alpha_0p77_c8_tok100_seed01_the_receipt_on_the_counter.json,1,3,0,0.4690961386371406,0.006548175524224806,0.4088067405523256,0.017777777777777778,0.0,0.0,0.08888888888888888,0.6813445675872093,0.19999999999999998,0.9100000000000001,0.0,1.0,8.88888888888889,antique; delicate; melancholic; music box,0.6666666666666666,4.444444444444445,antique; music box,0.6666666666666666,4.444444444444445,delicate; melancholic,1.0,antique; ballerina; music box,0.6666666666666666,0.33333333333333337,the; receipt; counter,the; counter,0.45,0.0,0.0,0,0,"A small, antique music box, its delicate ballerina twirling to a soft, melancholic tune, sits on the counter, its lid slightly ajar, as a vintage typewriter, its keys yellowed and worn, slowly types out a poem: ""in the stillness, a single leaf unfurls, and a forgotten poem, written in dew, reads its own obit."""
steer_alpha_0p77_c8_tok100_seed01_the_receipt_on_the_counter.json,steer_alpha_0p77,experiments/frontier_sweep_mundane_matched_alpha0_smoke/steer_alpha_0p77_c8_tok100_seed01_the_receipt_on_the_counter.json,1,4,0,0.14410066731454507,0.0036932191432306246,0.5278984761904761,0.00784313725490196,0.0,0.0,0.0392156862745098,0.8798307936507936,0.19999999999999998,0.9100000000000001,0.0,1.0,12.5,antique; leather-bound; melancholic; music box; porcelain,1.0,10.0,antique; leather-bound; music box; porcelain,0.3333333333333333,2.5,melancholic,1.0,antique; leather-bound; music box; porcelain,0.0,1.0,the; receipt; counter,,0.4,0.0,0.0,0,0,"A small, antique music box, tucked between two dusty, old books, emits a faint, melancholic tune, as a small, porcelain girl in a fragile, porcelain dress, with a tiny, open, exquisite face, holds a small, leather-bound book, its cover creaking open, revealing a page with a single, handwritten poem."
steer_alpha_0p77_c8_tok100_seed01_the_receipt_on_the_counter.json,steer_alpha_0p77,experiments/frontier_sweep_mundane_matched_alpha0_smoke/steer_alpha_0p77_c8_tok100_seed01_the_receipt_on_the_counter.json,1,5,0,-2.1449976883957467,0.0,0.3714785436893204,0.0,0.0,0.0,0.0,0.7009029126213592,0.05999999999999997,0.9730000000000001,0.0,1.0,8.571428571428571,antique; delicate; porcelain,0.6666666666666666,5.714285714285714,antique; porcelain,0.3333333333333333,2.857142857142857,delicate,0.875,antique; porcelain,0.0,1.0,the; receipt; counter,,0.45,0.0,0.0,0,0,"A small, antique clock, its face cracked and worn, sits on a dusty, old typewriter, its keys yellowed with age, next to a small, porcelain tea set, delicate and intricately detailed, its teacup and saucer cracked, a single, wilting flower beside it."
steer_alpha_0p77_c8_tok100_seed01_the_receipt_on_the_counter.json,steer_alpha_0p77,experiments/frontier_sweep_mundane_matched_alpha0_smoke/steer_alpha_0p77_c8_tok100_seed01_the_receipt_on_the_counter.json,1,6,0,-0.3746914361106565,0.0023725094486071086,0.4071812554817692,0.006666666666666667,0.0,0.0,0.03333333333333333,0.6786354258029487,0.19999999999999998,0.9100000000000001,0.0,1.0,10.714285714285714,antique; delicate; leather-bound; mournful; music box; porcelain,1.0,7.142857142857143,antique; leather-bound; music box; porcelain,0.6666666666666666,3.5714285714285716,delicate; mournful,1.0,antique; ballerina; leather-bound; music box; porcelain,0.3333333333333333,0.6666666666666667,the; receipt; counter,the,0.3,0.0,0.0,0,0,"A small, antique music box, its delicate ballerina twirls, as a weathered, leather-bound book lies open, its pages fluttering in the gentle breeze that stirs, releasing a soft, golden light, where a small, antique cash register, recently polished to a warm, dark sheen, emits a low, mournful hum, beside a vintage, copper teapot, its lid slightly ajar, where a delicate, porcelain saucer holds a single, red rose."
steer_alpha_0p77_c8_tok100_seed01_the_receipt_on_the_counter.json,steer_alpha_0p77,experiments/frontier_sweep_mundane_matched_alpha0_smoke/steer_alpha_0p77_c8_tok100_seed01_the_receipt_on_the_counter.json,1,7,0,-0.9151231022041224,0.0030724359957521852,0.15123864537562962,0.024242424242424246,0.0,0.0,0.12121212121212122,0.4201073482656379,0.19999999999999998,0.9100000000000001,0.0,1.0,13.88888888888889,antique; delicate; leather-bound; music box; ornate,1.0,11.11111111111111,antique; leather-bound; music box; ornate,0.3333333333333333,2.7777777777777777,delicate,1.0,antique; ballerina; leather-bound; music box; ornate,0.3333333333333333,0.6666666666666667,the; receipt; counter,the,0.1,0.4,0.0,0,0,"A small, antique music box, its intricate gears and delicate ballerina twirl, a tiny, leather-bound book lies beside it, its pages fluttering gently in the breeze that stirs, as a vintage, ornate clock ticks away, its face a map of constellations, a small, por"
steer_alpha_0p77_c8_tok100_seed01_the_receipt_on_the_counter.json,steer_alpha_0p77,experiments/frontier_sweep_mundane_matched_alpha0_smoke/steer_alpha_0p77_c8_tok100_seed01_the_receipt_on_the_counter.json,1,8,0,-1.0461616404101024,0.00010159603558032373,0.00890152180902369,0.013333333333333334,0.0,0.0,0.06666666666666667,0.09890579787804099,0.19999999999999998,0.9100000000000001,0.0,1.0,17.142857142857142,antique; delicate; leather-bound; melancholic; mist; music box,1.0,8.571428571428571,antique; leather-bound; music box,1.0,8.571428571428571,delicate; melancholic; mist,1.0,antique; ballerina; leather-bound; music box,0.3333333333333333,0.6666666666666667,the; receipt; counter,the,0.2,0.85,0.0,0,0,"A small, antique music box, its delicate ballerina twirls to a slow, melancholic walt, as a small, leather-bound book lies open, its pages fluttering in the breeze, beside a steaming teapot, its lid slightly ajar, releasing a mist of steam that condenses into"
steer_alpha_0p77_c8_tok100_seed01_the_receipt_on_the_counter.json,steer_alpha_0p77,experiments/frontier_sweep_mundane_matched_alpha0_smoke/steer_alpha_0p77_c8_tok100_seed01_the_receipt_on_the_counter.json,2,1,1,0.054188261072252664,0.08081612433928466,0.17919318035318105,0.55,1.0,0.0,0.0,0.563500567148368,0.05999999999999997,0.9730000000000001,0.0,1.0,17.647058823529413,delicate; doll; faded photograph; leather-bound; miniature; porcelain,1.0,14.705882352941176,doll; faded photograph; leather-bound; miniature; porcelain,0.3333333333333333,2.9411764705882355,delicate,1.0,doll; leather-bound; miniature; porcelain,0.5,0.5,the; receipt; counter; its; intricate; twirls; vintage; typewriter; half-buried; dust; emits; melody,the; its,0.0,0.4,0.0,2,0,"A small, faded photograph, once a polaroid, now a miniature, hangs on the wall, beside a worn, leather-bound book, its pages yellowed with age, alongside a faded, silver locket, once a miniature, now a delicate, porcelain doll, sits, as a small, leather-bound"
steer_alpha_0p77_c8_tok100_seed01_the_receipt_on_the_counter.json,steer_alpha_0p77,experiments/frontier_sweep_mundane_matched_alpha0_smoke/steer_alpha_0p77_c8_tok100_seed01_the_receipt_on_the_counter.json,2,2,0,0.030621429318534565,0.07595371512972524,0.16313861776705815,0.5677777777777778,1.0,0.0,0.08888888888888888,0.4531628271307171,0.19999999999999998,0.9100000000000001,0.0,1.0,8.108108108108109,leather-bound; mist; silver mist,0.3333333333333333,2.7027027027027026,leather-bound,0.6666666666666666,5.405405405405405,mist; silver mist,0.5,leather-bound,0.75,0.25,the; receipt; counter; its; intricate; twirls; vintage; typewriter; half-buried; dust; emits; melody,the; counter; typewriter,0.0,0.4,0.0,1,0,"The old typewriter's keys, once a deep, rich blue, now a dull, faded gray, slowly creaks open, releasing a wispy, silver mist that dances across the counter, entrancing a small, worn, leather-bound book, adorned with golden filigework, which, in response, unfu"
steer_alpha_0p77_c8_tok100_seed01_the_receipt_on_the_counter.json,steer_alpha_0p77,experiments/frontier_sweep_mundane_matched_alpha0_smoke/steer_alpha_0p77_c8_tok100_seed01_the_receipt_on_the_counter.json,2,3,0,0.8295908691330827,0.30589373380259405,0.44355501257812197,0.841025641025641,1.0,1.0,0.20512820512820512,0.8368962501473999,0.05999999999999997,0.9730000000000001,0.0,1.0,10.526315789473685,delicate; lullaby; music box; porcelain,1.0,7.894736842105263,lullaby; music box; porcelain,0.3333333333333333,2.6315789473684212,delicate,1.0,ballerina; lullaby; music box; porcelain,0.75,0.25,the; receipt; counter; its; intricate; twirls; vintage; typewriter; half-buried; dust; emits; melody,the; counter; typewriter,0.0,0.0,0.0,2,2,"The typewriter's keys, once white, now yellowed with age, slowly types out a new poem, as the music box's ballerina, now a small, porcelain dove, rises from the counter, and the typewriter's keys, now a small, delicate bird, sings a gentle, lullaby."
steer_alpha_0p77_c8_tok100_seed01_the_receipt_on_the_counter.json,steer_alpha_0p77,experiments/frontier_sweep_mundane_matched_alpha0_smoke/steer_alpha_0p77_c8_tok100_seed01_the_receipt_on_the_counter.json,2,4,0,0.8833191749895757,0.012123157400924098,0.4065693030797716,0.03636363636363636,0.0,0.0,0.1818181818181818,0.6776155051329528,0.19999999999999998,0.9100000000000001,0.0,0.3333333333333333,2.5641025641025643,music box,0.3333333333333333,2.5641025641025643,music box,0.0,0.0,,0.625,music box,1.0,0.0,the; receipt; counter; its; intricate; twirls; vintage; typewriter; half-buried; dust; emits; melody,the; its; typewriter; emits,0.0,0.0,0.0,0,0,"The typewriter's keys, once a keyboard for a poet, now serve as a makeshift bird's perch, where a sparrow perches, watching the music box, its beak tapping out a rhythm on a tiny, forgotten harmonica, which, in turn, emits a harmonious accomessing the music box's melancholy serenade."
steer_alpha_0p77_c8_tok100_seed01_the_receipt_on_the_counter.json,steer_alpha_0p77,experiments/frontier_sweep_mundane_matched_alpha0_smoke/steer_alpha_0p77_c8_tok100_seed01_the_receipt_on_the_counter.json,2,5,0,1.058096249400734,0.003041600833194972,0.41676898115569255,0.008525759262464397,0.0,0.0,0.042628796312321984,0.6946149685928209,0.19999999999999998,0.9100000000000001,0.0,1.0,20.930232558139537,antique; delicate; doll; leather-bound; melancholic; music box; ornate; porcelain; velvet,1.0,16.27906976744186,antique; doll; leather-bound; music box; ornate; porcelain; velvet,0.6666666666666666,4.651162790697675,delicate; melancholic,1.0,antique; doll; leather-bound; music box; ornate; porcelain; velvet,1.0,0.0,the; receipt; counter; its; intricate; twirls; vintage; typewriter; half-buried; dust; emits; melody,the; its; typewriter; melody,0.2,0.0,0.0,0,0,"A delicate, porcelain doll, its face cracked, sits atop a small, ornate, Victorian-style cabinet, beside a velvet, worn, leather-bound book, its pages fluttering, as if stirred by an invisible breeze, a small, antique clock, its gears ticking away, as the music box's melody harmonizes with the typewriter's melancholic tune."
steer_alpha_0p77_c8_tok100_seed01_the_receipt_on_the_counter.json,steer_alpha_0p77,experiments/frontier_sweep_mundane_matched_alpha0_smoke/steer_alpha_0p77_c8_tok100_seed01_the_receipt_on_the_counter.json,2,6,0,0.36994024795037395,0.0,0.46090994259745377,0.0,0.0,0.0,0.0,0.9218198851949075,0.0,1.0,0.0,1.0,17.24137931034483,delicate; leather-bound; miniature; porcelain; whispers,1.0,10.344827586206897,leather-bound; miniature; porcelain,0.6666666666666666,6.896551724137931,delicate; whispers,1.0,ballerina; leather-bound; miniature; porcelain,0.25,0.75,the; receipt; counter; its; intricate; twirls; vintage; typewriter; half-buried; dust; emits; melody,its,0.0,0.0,0.0,0,0,"A delicate, porcelain tea set, adorned with miniature, delicate ballerina, sits on a nearby, worn, leather-bound book, its pages fluttering, as a small, forgotten piano, its lid slightly ajar, whispers a discordant, minor chord."
steer_alpha_0p77_c8_tok100_seed01_the_receipt_on_the_counter.json,steer_alpha_0p77,experiments/frontier_sweep_mundane_matched_alpha0_smoke/steer_alpha_0p77_c8_tok100_seed01_the_receipt_on_the_counter.json,2,7,0,0.5845720293262118,0.001020291332186544,0.14532339449541284,0.008333333333333333,0.0,0.0,0.041666666666666664,0.4036760958205913,0.19999999999999998,0.9100000000000001,0.0,1.0,13.88888888888889,doll; leather-bound; music box; ornate; porcelain,1.0,13.88888888888889,doll; leather-bound; music box; ornate; porcelain,0.0,0.0,,1.0,doll; leather-bound; music box; ornate; porcelain,0.5,0.5,the; receipt; counter; its; intricate; twirls; vintage; typewriter; half-buried; dust; emits; melody,the; its,0.125,0.4,0.0,0,0,"A worn, leather-bound, 19th-century globe, its surface etched with a faint, forgotten map, slowly rises from the surface of a small, ornate, porcelain table, as a faded, 19, a dusty, porcelain doll, with a cracked, glassy eye, watches, as the music box's melod"
steer_alpha_0p77_c8_tok100_seed01_the_receipt_on_the_counter.json,steer_alpha_0p77,experiments/frontier_sweep_mundane_matched_alpha0_smoke/steer_alpha_0p77_c8_tok100_seed01_the_receipt_on_the_counter.json,2,8,0,0.13426753266491304,0.0011280868968715921,0.12908792618144188,0.010657199078080496,0.0,0.0,0.05328599539040248,0.40593687478440843,0.05999999999999997,0.9730000000000001,0.0,0.6666666666666666,5.714285714285714,leather-bound; music box,0.6666666666666666,5.714285714285714,leather-bound; music box,0.0,0.0,,1.0,ballerina; leather-bound; music box,0.75,0.25,the; receipt; counter; its; intricate; twirls; vintage; typewriter; half-buried; dust; emits; melody,the; its; typewriter,0.0,0.4,0.0,0,0,"Above the typewriter, a faded, old portrait, its eyes seeming to follow the ballerina, as the music box's tune harmonizes with the typewriter's rhythmic, hesitant keystrokes, a small, leather-bound book, adorned with strange, silver filigework, slowly opens, r"
steer_alpha_0p77_c8_tok100_seed01_the_receipt_on_the_counter.json,steer_alpha_0p77,experiments/frontier_sweep_mundane_matched_alpha0_smoke/steer_alpha_0p77_c8_tok100_seed01_the_receipt_on_the_counter.json,3,1,1,1.6538302864068037,0.10729944495412844,0.23791451209341116,0.55,1.0,0.0,0.0,0.66087364470392,0.19999999999999998,0.9100000000000001,0.0,1.0,9.090909090909092,delicate; miniature; porcelain,0.6666666666666666,6.0606060606060606,miniature; porcelain,0.3333333333333333,3.0303030303030303,delicate,0.9,miniature; porcelain,1.0,0.0,the; receipt; counter; its; intricate; twirls; vintage; typewriter; half-buried; dust; emits; melody,the; receipt; its; vintage; typewriter,0.0,0.4,0.0,1,0,"The receipt, now a dusty, forgotten thing, is slowly transformed into a tiny, delicate, porcelain miniature, its surface etched with fine, silver filigework, as the vintage typewriter, now a planter, supports a small, potted, rare, exotic plant, its leaves a d"
steer_alpha_0p77_c8_tok100_seed01_the_receipt_on_the_counter.json,steer_alpha_0p77,experiments/frontier_sweep_mundane_matched_alpha0_smoke/steer_alpha_0p77_c8_tok100_seed01_the_receipt_on_the_counter.json,3,2,0,-0.9236963756772778,0.16187644408062613,0.3250339744488234,0.5551282051282052,1.0,0.0,0.02564102564102564,0.6500679488976469,0.0,1.0,0.0,1.0,13.636363636363637,antique; delicate; doll; music box; ornate; porcelain,1.0,11.363636363636363,antique; doll; music box; ornate; porcelain,0.3333333333333333,2.272727272727273,delicate,1.0,antique; doll; grandfather clock; music box; ornate; porcelain,0.25,0.75,the; receipt; counter; its; intricate; twirls; vintage; typewriter; half-buried; dust; emits; melody,its,0.42857142857142855,0.0,0.0,1,0,"A small, dusty, porcelain doll, once a music box, now a tiny, brass telescope, its lenses fogged with condensation, points towards a small, ornate, grandfather clock, its pendulum, a faded, golden, porcelain, a small, antique, gramophone, its horn, a delicate, filigework, a small, worn, marble, with an inscription, ""To a child who refuses to grow up."""
steer_alpha_0p77_c8_tok100_seed01_the_receipt_on_the_counter.json,steer_alpha_0p77,experiments/frontier_sweep_mundane_matched_alpha0_smoke/steer_alpha_0p77_c8_tok100_seed01_the_receipt_on_the_counter.json,3,3,0,-0.16703675719811079,0.08576381614384429,0.18275333611342787,0.5570175438596492,1.0,0.0,0.03508771929824561,0.6091777870447596,0.0,1.0,0.0,1.0,19.444444444444443,delicate; doll; leather-bound; miniature; music box; ornate; porcelain,1.0,16.666666666666668,doll; leather-bound; miniature; music box; ornate; porcelain,0.3333333333333333,2.7777777777777777,delicate,1.0,doll; leather-bound; miniature; music box; ornate; porcelain,0.5,0.5,the; receipt; counter; its; intricate; twirls; vintage; typewriter; half-buried; dust; emits; melody,the; its,0.125,0.4,0.0,1,0,"Beyond the music box, a small, ornate, Victorian-style clock, its face cracked and pale, ticks away, as a delicate, porcelain bird, once a miniature, now a porcelain doll, sits, alongside a small, leather-bound, worn, and cracked, old, gramophone, its horn, on"
steer_alpha_0p77_c8_tok100_seed01_the_receipt_on_the_counter.json,steer_alpha_0p77,experiments/frontier_sweep_mundane_matched_alpha0_smoke/steer_alpha_0p77_c8_tok100_seed01_the_receipt_on_the_counter.json,3,4,0,0.20317047972041152,0.08181807425044092,0.17934444444444445,0.5563492063492064,1.0,0.0,0.031746031746031744,0.5978148148148148,0.0,1.0,0.0,1.0,17.142857142857142,delicate; doll; miniature; music box; ornate; porcelain,1.0,14.285714285714286,doll; miniature; music box; ornate; porcelain,0.3333333333333333,2.857142857142857,delicate,1.0,doll; grandfather clock; miniature; music box; ornate; porcelain,1.0,0.0,the; receipt; counter; its; intricate; twirls; vintage; typewriter; half-buried; dust; emits; melody,the; receipt; its; vintage,0.0,0.4,0.0,2,0,"The receipt, now a tiny, delicate, porcelain doll, sits on a small, ornate, vintage scale, alongside a miniature, ornate, wooden music box, its lid, slightly ajar, as a small, silver, grandfather clock, its face, once a tiny, round, pale, porcelain, now a fade"
steer_alpha_0p77_c8_tok100_seed01_the_receipt_on_the_counter.json,steer_alpha_0p77,experiments/frontier_sweep_mundane_matched_alpha0_smoke/steer_alpha_0p77_c8_tok100_seed01_the_receipt_on_the_counter.json,3,5,0,-0.5223822691295028,0.06330236095183488,0.13540611968306923,0.55,1.0,0.0,0.0,0.45135373227689746,0.0,1.0,0.0,1.0,15.151515151515152,delicate; doll; leather-bound; miniature; porcelain,1.0,12.121212121212121,doll; leather-bound; miniature; porcelain,0.3333333333333333,3.0303030303030303,delicate,1.0,doll; leather-bound; miniature; porcelain,0.5,0.5,the; receipt; counter; its; intricate; twirls; vintage; typewriter; half-buried; dust; emits; melody,vintage; emits,0.16666666666666666,0.4,0.0,2,0,"A delicate, porcelain doll, once a miniature, now a delicate, porcelain doll, sits, as a small, leather-bound, and a vintage, metal, and a small, delicate, glass vase, once a miniature, now a small, delicate, glass, emits a faint, morning light, beside a small"
steer_alpha_0p77_c8_tok100_seed01_the_receipt_on_the_counter.json,steer_alpha_0p77,experiments/frontier_sweep_mundane_matched_alpha0_smoke/steer_alpha_0p77_c8_tok100_seed01_the_receipt_on_the_counter.json,3,6,0,-1.29961987334449,0.05588088271710159,0.12390439626851796,0.55,1.0,0.0,0.0,0.41301465422839323,0.0,1.0,0.0,1.0,15.625,delicate; doll; leather-bound; miniature; porcelain,1.0,12.5,doll; leather-bound; miniature; porcelain,0.3333333333333333,3.125,delicate,1.0,doll; leather-bound; miniature; porcelain,0.5,0.5,the; receipt; counter; its; intricate; twirls; vintage; typewriter; half-buried; dust; emits; melody,vintage; emits,0.0,0.4,0.0,2,0,"A delicate, porcelain doll, once a miniature, now a delicate, porcelain doll, sits, as a small, leather-bound, golden locket, once a miniature, now a delicate, porcelain doll, sits, as a small, leather-bound, vintage, gramophone, emits a soft, golden glow, bes"
steer_alpha_0p77_c8_tok100_seed01_the_receipt_on_the_counter.json,steer_alpha_0p77,experiments/frontier_sweep_mundane_matched_alpha0_smoke/steer_alpha_0p77_c8_tok100_seed01_the_receipt_on_the_counter.json,3,7,0,1.0913377862201394,0.0012795727567567565,0.2181089926289926,0.006666666666666667,0.0,0.0,0.03333333333333333,0.6058583128583128,0.19999999999999998,0.9100000000000001,0.0,1.0,14.285714285714286,antique; delicate; music box; ornate; porcelain,1.0,11.428571428571429,antique; music box; ornate; porcelain,0.3333333333333333,2.857142857142857,delicate,1.0,antique; grandfather clock; music box; ornate; porcelain,1.0,0.0,the; receipt; counter; its; intricate; twirls; vintage; typewriter; half-buried; dust; emits; melody,the; its; half-buried; dust; emits,0.3333333333333333,0.4,0.0,0,0,"A small, ornate, Victorian-style mirror, its gilted frame, once gilded, now tarned, hangs askew, on the wall, beside a small, antique, grandfather clock, its delicate, mechanical heart, ticking, as a small, porcelain, music box, half-buried, in the dust, emits"
steer_alpha_0p77_c8_tok100_seed01_the_receipt_on_the_counter.json,steer_alpha_0p77,experiments/frontier_sweep_mundane_matched_alpha0_smoke/steer_alpha_0p77_c8_tok100_seed01_the_receipt_on_the_counter.json,3,8,0,-0.18622832078674895,0.0007398834507196839,0.16587061055536392,0.005333333333333333,0.0,0.0,0.026666666666666665,0.5529020351845464,0.0,1.0,0.0,1.0,16.666666666666668,antique; delicate; music box; ornate; porcelain,1.0,13.333333333333334,antique; music box; ornate; porcelain,0.3333333333333333,3.3333333333333335,delicate,1.0,antique; music box; ornate; porcelain,0.0,1.0,the; receipt; counter; its; intricate; twirls; vintage; typewriter; half-buried; dust; emits; melody,,0.09090909090909091,0.4,0.0,0,0,"A dusty, old, ornate, wooden cabinet, once a dresser, now repurposed as a makeshift, makeshift, makeshift, in a cluttered, cluttered, old, forgotten, abandoned, seaside, a weathered, old, wooden, boat, half-bows, as a delicate, antique, porcelain, music box, p"
steer_alpha_0p82_c8_tok100_seed01_the_receipt_on_the_counter.json,steer_alpha_0p82,experiments/frontier_sweep_mundane_matched_alpha0_smoke/steer_alpha_0p82_c8_tok100_seed01_the_receipt_on_the_counter.json,1,1,1,-0.06874132491280349,0.17419093203732136,0.35455542613084834,0.5621212121212121,1.0,0.0,0.06060606060606061,0.7091108522616967,0.0,1.0,0.0,1.0,17.647058823529413,antique; delicate; leather-bound; melancholic; miniature; music box,1.0,11.764705882352942,antique; leather-bound; miniature; music box,0.6666666666666666,5.882352941176471,delicate; melancholic,1.0,antique; leather-bound; miniature; music box,0.6666666666666666,0.33333333333333337,the; receipt; counter,the; receipt,0.3,0.0,0.0,1,0,"A small, antique music box, its intricate gears and delicate ballerette twirl to a soft, melancholic walt, as the receipt, now a miniature, holds a tiny, forgotten tea cup, its saucer now a saucer, and a small, leather-bound book lies beside it."
steer_alpha_0p82_c8_tok100_seed01_the_receipt_on_the_counter.json,steer_alpha_0p82,experiments/frontier_sweep_mundane_matched_alpha0_smoke/steer_alpha_0p82_c8_tok100_seed01_the_receipt_on_the_counter.json,1,2,0,-1.1643680387409197,0.011263045423728813,0.434928813559322,0.02962962962962963,0.0,0.0,0.14814814814814814,0.7248813559322034,0.19999999999999998,0.9100000000000001,0.0,1.0,16.666666666666668,antique; leather-bound; mist; music box; silver mist,1.0,10.0,antique; leather-bound; music box,0.6666666666666666,6.666666666666667,mist; silver mist,1.0,antique; leather-bound; music box,0.0,1.0,the; receipt; counter,,0.3,0.0,0.0,0,0,"A small, antique music box, intricately carved with leaves and vines, slowly opens, releasing a soft, silver mist that gently settles on a small, leather-bound book with a name, 'Emilia', embossed on its cover."
steer_alpha_0p82_c8_tok100_seed01_the_receipt_on_the_counter.json,steer_alpha_0p82,experiments/frontier_sweep_mundane_matched_alpha0_smoke/steer_alpha_0p82_c8_tok100_seed01_the_receipt_on_the_counter.json,1,3,0,-0.5383197844768255,0.006397012536148128,0.504437320315419,0.014814814814814815,0.0,0.0,0.07407407407407407,0.9517685288970169,0.05999999999999997,0.9730000000000001,0.0,1.0,17.391304347826086,antique; delicate; leather-bound; music box,1.0,13.043478260869565,antique; leather-bound; music box,0.3333333333333333,4.3478260869565215,delicate,1.0,antique; ballerina; leather-bound; music box,0.0,1.0,the; receipt; counter,,0.2,0.0,0.0,0,0,"A small, antique music box, its delicate ballerina twirls, as a old, leather-bound book, once closed, lies beside it, its cover creaks with a slight, new crack."
steer_alpha_0p82_c8_tok100_seed01_the_receipt_on_the_counter.json,steer_alpha_0p82,experiments/frontier_sweep_mundane_matched_alpha0_smoke/steer_alpha_0p82_c8_tok100_seed01_the_receipt_on_the_counter.json,1,4,0,-1.195677655677655,0.005418197802197803,0.42725274725274726,0.014814814814814815,0.0,0.0,0.07407407407407407,0.7120879120879121,0.19999999999999998,0.9100000000000001,0.0,0.6666666666666666,5.555555555555555,antique; music box,0.6666666666666666,5.555555555555555,antique; music box,0.0,0.0,,1.0,antique; music box,0.3333333333333333,0.6666666666666667,the; receipt; counter,the,0.2,0.0,0.0,0,0,"A man in a long, black duster coat stands beside a small, old-fashioned cash register, its metal exterior adorned with a plaque that reads ""McDowell's. A small, antique music box, tucked into a pocket of the man's coat, plays a gentle, melancholy tune."
steer_alpha_0p82_c8_tok100_seed01_the_receipt_on_the_counter.json,steer_alpha_0p82,experiments/frontier_sweep_mundane_matched_alpha0_smoke/steer_alpha_0p82_c8_tok100_seed01_the_receipt_on_the_counter.json,1,5,0,-0.29642849357849377,0.005088645809991809,0.4235831695331695,0.013333333333333334,0.0,0.0,0.06666666666666667,0.7059719492219492,0.19999999999999998,0.9100000000000001,0.0,1.0,17.142857142857142,antique; delicate; leather-bound; mist; music box; silver mist,1.0,8.571428571428571,antique; leather-bound; music box,1.0,8.571428571428571,delicate; mist; silver mist,1.0,antique; ballerina; leather-bound; music box,0.3333333333333333,0.6666666666666667,the; receipt; counter,the,0.45,0.0,0.0,0,0,"A small, antique music box, its delicate ballerina twirls, as a antique, leather-bound, leather-bound book, with yellowed, golden letters, slowly creaks open, releasing a puff of silver mist that carries the faint scent of old parchment and forgotten melodies."
steer_alpha_0p82_c8_tok100_seed01_the_receipt_on_the_counter.json,steer_alpha_0p82,experiments/frontier_sweep_mundane_matched_alpha0_smoke/steer_alpha_0p82_c8_tok100_seed01_the_receipt_on_the_counter.json,1,6,0,-0.23294817563389003,0.005079858909090908,0.4271181818181818,0.013333333333333334,0.0,0.0,0.06666666666666667,0.7118636363636364,0.19999999999999998,0.9100000000000001,0.0,1.0,6.818181818181818,antique; delicate; music box,0.6666666666666666,4.545454545454546,antique; music box,0.3333333333333333,2.272727272727273,delicate,1.0,antique; ballerina; music box,0.0,1.0,the; receipt; counter,,0.4,0.0,0.0,0,0,"A small, antique music box, its delicate ballerina twirls to a gentle, forgotten melody as a dusty, old violin rests beside it, its strings once having been a conduit for a symphony that now lies still and mute, its lid slightly ajar, a forgotten tear in its wooden lid weeps a tiny, glistening tear of dew."
steer_alpha_0p82_c8_tok100_seed01_the_receipt_on_the_counter.json,steer_alpha_0p82,experiments/frontier_sweep_mundane_matched_alpha0_smoke/steer_alpha_0p82_c8_tok100_seed01_the_receipt_on_the_counter.json,1,7,0,-1.7863491436100132,0.0,0.4924600790513834,0.0,0.0,0.0,0.0,0.9291699604743082,0.05999999999999997,0.9730000000000001,0.0,0.3333333333333333,4.545454545454546,faded photograph,0.3333333333333333,4.545454545454546,faded photograph,0.0,0.0,,0.0,,0.0,1.0,the; receipt; counter,,0.3,0.0,0.0,0,0,"A small, worn leather wallet, once belonging to a girl, lies open, its contents spilling out, revealing a faded photograph, a faded map, and a small, tarnished locket."
steer_alpha_0p82_c8_tok100_seed01_the_receipt_on_the_counter.json,steer_alpha_0p82,experiments/frontier_sweep_mundane_matched_alpha0_smoke/steer_alpha_0p82_c8_tok100_seed01_the_receipt_on_the_counter.json,1,8,0,-0.7129836946971879,0.001515759493517325,0.13879040867389492,0.012121212121212123,0.0,0.0,0.06060606060606061,0.3855289129830415,0.19999999999999998,0.9100000000000001,0.0,1.0,11.11111111111111,antique; ethereal; leather-bound; music box,1.0,8.333333333333334,antique; leather-bound; music box,0.3333333333333333,2.7777777777777777,ethereal,1.0,antique; grandfather clock; leather-bound; music box,0.3333333333333333,0.6666666666666667,the; receipt; counter,the,0.45,0.4,0.0,0,0,"A small, antique music box opens, releasing a faint, ethereal melody that harmonizes with the ticking of a grandfather clock in the corner, as a dusty, old, leather-bound book suddenly opens, releasing a faint, forgotten poem, which reads: ""where shadows dance"
steer_alpha_0p82_c8_tok100_seed01_the_receipt_on_the_counter.json,steer_alpha_0p82,experiments/frontier_sweep_mundane_matched_alpha0_smoke/steer_alpha_0p82_c8_tok100_seed01_the_receipt_on_the_counter.json,2,1,1,0.8093103088674425,0.27531691076058024,0.5133421203845306,0.5615942028985508,1.0,0.0,0.05797101449275362,0.8555702006408845,0.19999999999999998,0.9100000000000001,0.0,1.0,16.9811320754717,antique; delicate; doll; leather-bound; melancholic; miniature; mournful; music box; porcelain,1.0,11.320754716981131,antique; doll; leather-bound; miniature; music box; porcelain,1.0,5.660377358490566,delicate; melancholic; mournful,1.0,antique; doll; leather-bound; miniature; music box; porcelain,1.0,0.0,the; receipt; counter; its; intricate; gears; and; ballerette; twirl; walt; now; holds,the; receipt; its; and; ballerette; walt; now,0.75,0.0,0.0,2,0,"On the wall, a small, old, leather-bound book, once a music box, now a miniature, its lid creaks to a soft, mournful tune, as a forgotten, antique tea set, once a receipt, now a tiny, delicate, porcelain doll, with a tiny, golden lock and key, slowly, the doll's lid opens, releasing a tiny, sleeping, porcelain music box, its ballerette twirls to a soft, melancholic walt."
steer_alpha_0p82_c8_tok100_seed01_the_receipt_on_the_counter.json,steer_alpha_0p82,experiments/frontier_sweep_mundane_matched_alpha0_smoke/steer_alpha_0p82_c8_tok100_seed01_the_receipt_on_the_counter.json,2,2,0,-0.9910443481354037,0.18729691040355426,0.415292484265087,0.55,1.0,0.0,0.0,0.830584968530174,0.0,1.0,0.0,1.0,10.81081081081081,delicate; ethereal; ornate; porcelain,0.6666666666666666,5.405405405405405,ornate; porcelain,0.6666666666666666,5.405405405405405,delicate; ethereal,0.825,ornate; porcelain,0.5,0.5,the; receipt; counter; its; intricate; gears; and; ballerette; twirl; walt; now; holds,the; now,0.0,0.0,0.0,1,0,"The saucer, once a saucer, now cradles a small, tarned, porcelain teapot, from which a delicate, copper kett, now a tiny, ornate, porcelain teapot, slowly pours a rivulet of dew, onto the saucer, which, now a small, ornate, wooden box, emits a faint, ethereal glow."
steer_alpha_0p82_c8_tok100_seed01_the_receipt_on_the_counter.json,steer_alpha_0p82,experiments/frontier_sweep_mundane_matched_alpha0_smoke/steer_alpha_0p82_c8_tok100_seed01_the_receipt_on_the_counter.json,2,3,0,0.007766224917956477,0.08150937878424795,0.18073032989855423,0.55,1.0,0.0,0.0,0.6024344329951807,0.0,1.0,0.0,1.0,15.384615384615385,delicate; ethereal; leather-bound; miniature; ornate; porcelain,1.0,10.256410256410257,leather-bound; miniature; ornate; porcelain,0.6666666666666666,5.128205128205129,delicate; ethereal,1.0,leather-bound; miniature; ornate; porcelain,1.0,0.0,the; receipt; counter; its; intricate; gears; and; ballerette; twirl; walt; now; holds,the; its; and; now; holds,0.0,0.4,0.0,2,0,"The tea cup, once a dainty, porcelain cup now holds a small, polished, copper teapot, its spout now a tiny, delicate, silver spoon, and the saucer, now a miniature, ornate, wooden box, emits a faint, ethereal glow, as the leather-bound book, now a small, leath"
steer_alpha_0p82_c8_tok100_seed01_the_receipt_on_the_counter.json,steer_alpha_0p82,experiments/frontier_sweep_mundane_matched_alpha0_smoke/steer_alpha_0p82_c8_tok100_seed01_the_receipt_on_the_counter.json,2,4,0,0.03155998033121682,0.038301303012727966,0.18683562445233157,0.25,0.0,1.0,0.0,0.6227854148411053,0.0,1.0,0.0,1.0,14.705882352941176,doll; ethereal; ornate; porcelain; velvet,1.0,11.764705882352942,doll; ornate; porcelain; velvet,0.3333333333333333,2.9411764705882355,ethereal,1.0,doll; ornate; porcelain; velvet,0.75,0.25,the; receipt; counter; its; intricate; gears; and; ballerette; twirl; walt; now; holds,the; its; and,0.0,0.4,0.0,0,1,"In the saucer, a small, metal harmonium, its keys yellowed with age, emits a faint, ethereal hum, as a pair of dusty, porcelain doll, its porcelain cracked, and a faded, velvet, worn, and tattered, 19th-century style, ornate, wooden music stand, creaks, as if"
steer_alpha_0p82_c8_tok100_seed01_the_receipt_on_the_counter.json,steer_alpha_0p82,experiments/frontier_sweep_mundane_matched_alpha0_smoke/steer_alpha_0p82_c8_tok100_seed01_the_receipt_on_the_counter.json,2,5,0,0.11801910351537442,0.07774512651377131,0.16341592540992392,0.55,1.0,0.0,0.0,0.544719751366413,0.0,1.0,0.0,1.0,17.142857142857142,antique; delicate; doll; miniature; ornate; porcelain,1.0,14.285714285714286,antique; doll; miniature; ornate; porcelain,0.3333333333333333,2.857142857142857,delicate,1.0,antique; doll; miniature; ornate; porcelain,1.0,0.0,the; receipt; counter; its; intricate; gears; and; ballerette; twirl; walt; now; holds,the; its; and; now,0.25,0.4,0.0,1,0,"The tea cup, now a miniature, sits on a tiny, ornate, porcelain-like, glass, a tiny, delicate, metal umbrella, its curved, like a snail, slowly, a small, antique, porcelain doll, with a cracked, pale, porcelain face, slowly, a small, brass, and a tiny, wooden"
steer_alpha_0p82_c8_tok100_seed01_the_receipt_on_the_counter.json,steer_alpha_0p82,experiments/frontier_sweep_mundane_matched_alpha0_smoke/steer_alpha_0p82_c8_tok100_seed01_the_receipt_on_the_counter.json,2,6,0,0.018218349431471437,0.001367648047517248,0.14480979326653212,0.011111111111111112,0.0,0.0,0.05555555555555555,0.40224942574036704,0.19999999999999998,0.9100000000000001,0.0,1.0,16.216216216216218,delicate; doll; faded photograph; mist; music box; porcelain,1.0,10.81081081081081,doll; faded photograph; music box; porcelain,0.6666666666666666,5.405405405405405,delicate; mist,1.0,doll; music box; porcelain,0.75,0.25,the; receipt; counter; its; intricate; gears; and; ballerette; twirl; walt; now; holds,the; its; and,0.16666666666666666,0.4,0.0,0,0,"The music box's lid creaks open, releasing a soft, wispy mist that dances and disperses, revealing a delicate, porcelain doll, its porcelain face cracked, a small, faded photograph slipped into a tiny, golden frame, and a small, porcelain teapot, once a teacup"
steer_alpha_0p82_c8_tok100_seed01_the_receipt_on_the_counter.json,steer_alpha_0p82,experiments/frontier_sweep_mundane_matched_alpha0_smoke/steer_alpha_0p82_c8_tok100_seed01_the_receipt_on_the_counter.json,2,7,0,-1.0246632488675482,0.010429662259685382,0.022054836699175264,0.5563492063492064,1.0,0.0,0.031746031746031744,0.2774193295493743,0.05999999999999997,0.9730000000000001,0.0,1.0,21.21212121212121,delicate; leather-bound; melancholic; miniature; music box; ornate; porcelain,1.0,15.151515151515152,leather-bound; miniature; music box; ornate; porcelain,0.6666666666666666,6.0606060606060606,delicate; melancholic,1.0,leather-bound; miniature; music box; ornate; porcelain,0.75,0.25,the; receipt; counter; its; intricate; gears; and; ballerette; twirl; walt; now; holds,its; ballerette; now,0.16666666666666666,0.85,0.0,1,0,"A small, 19th-century, ornate, wooden box, now a miniature, sits on a dusty, old, Victorian-style, Victorian-era, wooden desk, beside a faded, leather-bound, 19, a small, porcelain, music box, its delicate, golden, ballerette twirls to a soft, melancholic, new"
steer_alpha_0p82_c8_tok100_seed01_the_receipt_on_the_counter.json,steer_alpha_0p82,experiments/frontier_sweep_mundane_matched_alpha0_smoke/steer_alpha_0p82_c8_tok100_seed01_the_receipt_on_the_counter.json,2,8,0,-0.0759631317315661,0.0001623380281690141,0.022918309859154933,0.008333333333333333,0.0,0.0,0.041666666666666664,0.3055774647887324,0.0,1.0,0.0,1.0,17.142857142857142,antique; miniature; mournful; music box; ornate; porcelain,1.0,14.285714285714286,antique; miniature; music box; ornate; porcelain,0.3333333333333333,2.857142857142857,mournful,1.0,antique; miniature; music box; ornate; porcelain,1.0,0.0,the; receipt; counter; its; intricate; gears; and; ballerette; twirl; walt; now; holds,the; its; and; now,0.16666666666666666,0.85,0.0,0,0,"On the wall, a small, antique globe, its surface cracked and worn, slowly drains the last of a tiny, abandoned violin, its strings now a macab, a miniature, ornate, copper kett, whirs to a gentle, mournful dirge, as a small, antique, porcelain music box, its l"
steer_alpha_0p82_c8_tok100_seed01_the_receipt_on_the_counter.json,steer_alpha_0p82,experiments/frontier_sweep_mundane_matched_alpha0_smoke/steer_alpha_0p82_c8_tok100_seed01_the_receipt_on_the_counter.json,3,1,1,0.09576735807345421,0.09427920915008466,0.1803443349891948,0.5633333333333334,1.0,0.0,0.06666666666666667,0.601147783297316,0.0,1.0,0.0,1.0,18.91891891891892,delicate; doll; leather-bound; lullaby; miniature; music box; porcelain,1.0,16.216216216216218,doll; leather-bound; lullaby; miniature; music box; porcelain,0.3333333333333333,2.7027027027027026,delicate,1.0,doll; leather-bound; lullaby; miniature; music box; porcelain,1.0,0.0,the; receipt; counter; its; intricate; gears; and; ballerette; twirl; walt; now; holds,the; counter; its; and; now; holds,0.6,0.4,0.0,2,0,"Beyond the counter, a small, forgotten, ceramic pot, once a tiny, delicate, porcelain doll, now a tiny, forgotten music box, its lid cuckles to a soft, lullaby, as the pot, now a miniature, holds a small, leather-bound, old, and worn, wooden flute, its worn, s"
steer_alpha_0p82_c8_tok100_seed01_the_receipt_on_the_counter.json,steer_alpha_0p82,experiments/frontier_sweep_mundane_matched_alpha0_smoke/steer_alpha_0p82_c8_tok100_seed01_the_receipt_on_the_counter.json,3,2,0,0.3418764692479859,0.0931382683636364,0.1838618181818182,0.5566666666666668,1.0,0.0,0.03333333333333333,0.5781818181818182,0.05999999999999997,0.9730000000000001,0.0,1.0,17.142857142857142,antique; delicate; doll; miniature; music box; porcelain,1.0,14.285714285714286,antique; doll; miniature; music box; porcelain,0.3333333333333333,2.857142857142857,delicate,1.0,antique; doll; miniature; music box; porcelain,1.0,0.0,the; receipt; counter; its; intricate; gears; and; ballerette; twirl; walt; now; holds,the; its; and; now,0.5,0.4,0.0,1,0,"The tiny, porcelain music box, now a miniature, slowly, a small, forgotten, antique, wooden, mechanical clock, its delicate, silver hands, ticking away, as the miniature, forgotten, antique, porcelain doll, with a tiny, golden lock and key, creaks open, releas"
steer_alpha_0p82_c8_tok100_seed01_the_receipt_on_the_counter.json,steer_alpha_0p82,experiments/frontier_sweep_mundane_matched_alpha0_smoke/steer_alpha_0p82_c8_tok100_seed01_the_receipt_on_the_counter.json,3,3,0,0.176886875460816,0.0888630940940941,0.1751891891891892,0.5574074074074075,1.0,0.0,0.037037037037037035,0.583963963963964,0.0,1.0,0.0,1.0,16.216216216216218,delicate; lullaby; miniature; music box; ornate; porcelain,1.0,13.513513513513514,lullaby; miniature; music box; ornate; porcelain,0.3333333333333333,2.7027027027027026,delicate,1.0,lullaby; miniature; music box; ornate; porcelain,1.0,0.0,the; receipt; counter; its; intricate; gears; and; ballerette; twirl; walt; now; holds,the; its; ballerette; now,0.5,0.4,0.0,3,0,"On the wall, a small, old, ornate, copper kettle, once a tea set, now a miniature, its lid, now a small, delicate, porcelain music box, its ballerette twirls to a soft, soothing lullaby, as the kettle, now a tiny, golden key, fits perfectly into a small, old"
steer_alpha_0p82_c8_tok100_seed01_the_receipt_on_the_counter.json,steer_alpha_0p82,experiments/frontier_sweep_mundane_matched_alpha0_smoke/steer_alpha_0p82_c8_tok100_seed01_the_receipt_on_the_counter.json,3,4,0,-0.5184800563355016,0.08233340012829739,0.16590662308434254,0.5563492063492064,1.0,0.0,0.031746031746031744,0.5530220769478085,0.0,1.0,0.0,1.0,17.142857142857142,delicate; leather-bound; lullaby; miniature; music box; porcelain,1.0,14.285714285714286,leather-bound; lullaby; miniature; music box; porcelain,0.3333333333333333,2.857142857142857,delicate,1.0,leather-bound; lullaby; miniature; music box; porcelain,1.0,0.0,the; receipt; counter; its; intricate; gears; and; ballerette; twirl; walt; now; holds,its; intricate; and; now,0.4,0.4,0.0,2,0,"A small, dusty, old, wooden door, once a bookshelf, now a tiny, delicate, porcelain music box, its intricate, golden hinges and a small, soft, golden latch, creaks to a soft, lullaby, as a small, old, leather-bound, miniature, once a door, now a tiny, delicate"
steer_alpha_0p82_c8_tok100_seed01_the_receipt_on_the_counter.json,steer_alpha_0p82,experiments/frontier_sweep_mundane_matched_alpha0_smoke/steer_alpha_0p82_c8_tok100_seed01_the_receipt_on_the_counter.json,3,5,0,-0.911747701688111,0.0832614455475717,0.1570533778148457,0.5551282051282052,1.0,0.0,0.02564102564102564,0.5235112593828191,0.0,1.0,0.0,1.0,18.181818181818183,antique; delicate; leather-bound; miniature; music box; porcelain,1.0,15.151515151515152,antique; leather-bound; miniature; music box; porcelain,0.3333333333333333,3.0303030303030303,delicate,1.0,antique; leather-bound; miniature; music box; porcelain,1.0,0.0,the; receipt; counter; its; intricate; gears; and; ballerette; twirl; walt; now; holds,the; its; and; now,0.75,0.4,0.0,1,0,"On the wall, a small, old, leather-bound, miniature, a tiny, forgotten, antique, silver, Celine, a small, delicate, porcelain, a miniature, a tiny, golden key, slowly, it unlocks, and a small, forgotten, antique, music box, its lid, now a miniature, opens, rev"
steer_alpha_0p82_c8_tok100_seed01_the_receipt_on_the_counter.json,steer_alpha_0p82,experiments/frontier_sweep_mundane_matched_alpha0_smoke/steer_alpha_0p82_c8_tok100_seed01_the_receipt_on_the_counter.json,3,6,0,-0.01220221997002019,0.08373229844397044,0.15597667820951014,0.5621212121212121,1.0,0.0,0.06060606060606061,0.5199222606983671,0.0,1.0,0.0,1.0,17.647058823529413,antique; delicate; leather-bound; miniature; music box; porcelain,1.0,14.705882352941176,antique; leather-bound; miniature; music box; porcelain,0.3333333333333333,2.9411764705882355,delicate,1.0,antique; leather-bound; miniature; music box; porcelain,1.0,0.0,the; receipt; counter; its; intricate; gears; and; ballerette; twirl; walt; now; holds,the; its; intricate; now,0.75,0.4,0.0,1,0,"On the floor, a small, old, wooden bench, once a tiny, delicate, music box, now a miniature, its intricate, carved figure of a forgotten, old, old, wooden door, creaks, as a small, forgotten, antique, porcelain, music box, once a tiny, delicate, leather-bound"
steer_alpha_0p82_c8_tok100_seed01_the_receipt_on_the_counter.json,steer_alpha_0p82,experiments/frontier_sweep_mundane_matched_alpha0_smoke/steer_alpha_0p82_c8_tok100_seed01_the_receipt_on_the_counter.json,3,7,0,-2.3954483555274617,0.06715133973503133,0.14010711718188354,0.55,1.0,0.0,0.0,0.4670237239396118,0.0,1.0,0.0,0.6666666666666666,5.128205128205129,delicate; miniature,0.3333333333333333,2.5641025641025643,miniature,0.3333333333333333,2.5641025641025643,delicate,0.4,miniature,0.75,0.25,the; receipt; counter; its; intricate; gears; and; ballerette; twirl; walt; now; holds,its; and; now,0.2857142857142857,0.4,0.0,1,0,"A small, forgotten, and dusty, old, metal harmonium, its bell, once a small, delicate, copper kettle, now a miniature, slowly, a tiny, old, and withered, and dry, and parched, and slightly ajar, a small, old, and worn, and peeling, and a small, old, and wither"
steer_alpha_0p82_c8_tok100_seed01_the_receipt_on_the_counter.json,steer_alpha_0p82,experiments/frontier_sweep_mundane_matched_alpha0_smoke/steer_alpha_0p82_c8_tok100_seed01_the_receipt_on_the_counter.json,3,8,0,-1.3884215150174901,0.001007921385281385,0.1779681818181818,0.006349206349206349,0.0,0.0,0.031746031746031744,0.5932272727272727,0.0,1.0,0.0,1.0,14.285714285714286,antique; delicate; miniature; music box; porcelain,1.0,11.428571428571429,antique; miniature; music box; porcelain,0.3333333333333333,2.857142857142857,delicate,1.0,antique; grandfather clock; miniature; music box; porcelain,0.5,0.5,the; receipt; counter; its; intricate; gears; and; ballerette; twirl; walt; now; holds,the; its,0.4,0.4,0.0,0,0,"Beyond the miniature, the walls, once a peeling, porcelain façade, slowly, a small, forgotten, antique, grandfather clock, its Pendulum slows, its gentle, rhythmic tick, a small, forgotten, vintage, wooden, coat, once a tiny, delicate, wooden music box, its li"
selector_alpha_0_c8_tok100_seed02_a_plastic_folder_in_the_drawer.json,selector_alpha_0,experiments/frontier_sweep_mundane_matched_alpha0_smoke/selector_alpha_0_c8_tok100_seed02_a_plastic_folder_in_the_drawer.json,1,1,1,-1.112778499774348,0.007132995678940058,0.3829018406863961,0.021314398156160992,0.0,0.0,0.10657199078080495,0.7224563031818794,0.05999999999999997,0.9730000000000001,0.0,0.0,0.0,,0.0,0.0,,0.0,0.0,,0.0,,0.75,0.25,plastic; folder; the; drawer,plastic; folder; the,0.3,0.0,0.0,0,0,"The plastic folder was old and worn, its once-vibrant colors now faded, its corners chipped, but it still held a single photograph, a polaroid of a beachside pier, its eyes fixed on the sea."
selector_alpha_0_c8_tok100_seed02_a_plastic_folder_in_the_drawer.json,selector_alpha_0,experiments/frontier_sweep_mundane_matched_alpha0_smoke/selector_alpha_0_c8_tok100_seed02_a_plastic_folder_in_the_drawer.json,1,2,0,0.26767872588335373,0.009388398344711352,0.4073919066715275,0.025577277787393195,0.0,0.0,0.12788638893696597,0.6789865111192126,0.19999999999999998,0.9100000000000001,0.0,0.3333333333333333,2.5641025641025643,faded photograph,0.3333333333333333,2.5641025641025643,faded photograph,0.0,0.0,,0.0,,0.5,0.5,plastic; folder; the; drawer,folder; the,0.45,0.0,0.0,0,0,"The worn, faded photograph inside the folder was stuck to the back of a vinyl record, now collecting dust on the shelf beside the old upright piano. A faint scent of lavender wafted from the corner of the room, where a forgotten vase sat upon a cluttered desk."
selector_alpha_0_c8_tok100_seed02_a_plastic_folder_in_the_drawer.json,selector_alpha_0,experiments/frontier_sweep_mundane_matched_alpha0_smoke/selector_alpha_0_c8_tok100_seed02_a_plastic_folder_in_the_drawer.json,1,3,0,1.2925851941201782,0.0,0.43244336219336216,0.0,0.0,0.0,0.0,0.720738936988937,0.19999999999999998,0.9100000000000001,0.0,0.0,0.0,,0.0,0.0,,0.0,0.0,,0.0,,0.5,0.5,plastic; folder; the; drawer,the; drawer,0.3,0.0,0.0,0,0,"The drawer creaked open, revealing a faded Polaroid of a young couple standing on the beach, arms wrapped around each other, as a small, worn-out suitcase rested beside them, partially hidden by the folds of their beach towel."
selector_alpha_0_c8_tok100_seed02_a_plastic_folder_in_the_drawer.json,selector_alpha_0,experiments/frontier_sweep_mundane_matched_alpha0_smoke/selector_alpha_0_c8_tok100_seed02_a_plastic_folder_in_the_drawer.json,1,4,0,-1.2834539377289376,0.006078570213675212,0.4088724358974359,0.016666666666666666,0.0,0.0,0.08333333333333333,0.6814540598290598,0.19999999999999998,0.9100000000000001,0.0,0.0,0.0,,0.0,0.0,,0.0,0.0,,0.0,,1.0,0.0,plastic; folder; the; drawer,plastic; folder; the; drawer,0.4,0.0,0.0,0,0,"The plastic folder, now empty, slips from the drawer and lands softly on the worn wooden floor, which has a faint scent of old books and dust, while the adjacent bookshelf, with its shelves still lined with well-loved novels, bears the faint impression of a small, golden bookmark."
selector_alpha_0_c8_tok100_seed02_a_plastic_folder_in_the_drawer.json,selector_alpha_0,experiments/frontier_sweep_mundane_matched_alpha0_smoke/selector_alpha_0_c8_tok100_seed02_a_plastic_folder_in_the_drawer.json,1,5,0,-1.2324296454333028,0.0,0.36143172813166713,0.0,0.0,0.0,0.0,0.7228634562633343,0.0,1.0,0.0,0.0,0.0,,0.0,0.0,,0.0,0.0,,0.0,,0.5,0.5,plastic; folder; the; drawer,folder; the,0.2,0.0,0.0,0,0,"The worn, black leather satchel that had been his constant companion for years sat atop the cluttered workbench, its worn initials a stark contrast to the pristine surface of the folder, which now held a single, yellowed photograph."
selector_alpha_0_c8_tok100_seed02_a_plastic_folder_in_the_drawer.json,selector_alpha_0,experiments/frontier_sweep_mundane_matched_alpha0_smoke/selector_alpha_0_c8_tok100_seed02_a_plastic_folder_in_the_drawer.json,1,6,0,-0.5584920634920634,0.0,0.42499999999999993,0.0,0.0,0.0,0.0,0.7083333333333333,0.19999999999999998,0.9100000000000001,0.0,0.0,0.0,,0.0,0.0,,0.0,0.0,,0.0,,0.75,0.25,plastic; folder; the; drawer,plastic; folder; the,0.4,0.0,0.0,0,0,"The worn leather gloves were tucked between two old photographs, one of a young couple's wedding day and the other of a deserted beach at dusk, behind the plastic folder. A faded Polaroid of a grand piano lay on the floor, next to a piece of yellowed paper with a few lines of scribbled poetry."
selector_alpha_0_c8_tok100_seed02_a_plastic_folder_in_the_drawer.json,selector_alpha_0,experiments/frontier_sweep_mundane_matched_alpha0_smoke/selector_alpha_0_c8_tok100_seed02_a_plastic_folder_in_the_drawer.json,1,7,0,-0.8118663229218488,0.0,0.40913074735232324,0.0,0.0,0.0,0.0,0.6818845789205388,0.19999999999999998,0.9100000000000001,0.0,0.3333333333333333,3.225806451612903,faded photograph,0.3333333333333333,3.225806451612903,faded photograph,0.0,0.0,,0.0,,0.75,0.25,plastic; folder; the; drawer,plastic; folder; the,0.3,0.0,0.0,0,0,"The old wooden piano creaked in the corner of the room, its once-polished surface now shrouded in a thick layer of dust, while a faded photograph of a couple taken on a beach vacation clung to the inside of the plastic folder."
selector_alpha_0_c8_tok100_seed02_a_plastic_folder_in_the_drawer.json,selector_alpha_0,experiments/frontier_sweep_mundane_matched_alpha0_smoke/selector_alpha_0_c8_tok100_seed02_a_plastic_folder_in_the_drawer.json,1,8,0,-1.3421929504101977,0.0024653330853880444,0.1944041860557161,0.014814814814814815,0.0,0.0,0.07407407407407407,0.6480139535190537,0.19999999999999998,0.9100000000000001,0.5,0.3333333333333333,1.8867924528301887,leather-bound,0.3333333333333333,1.8867924528301887,leather-bound,0.0,0.0,,0.5,leather-bound,1.0,0.0,plastic; folder; the; drawer,plastic; folder; the; drawer,0.2,0.0,0.0,0,0,"The worn, leather-bound book next to the plastic folder, its pages yellowed with age, had been there for years, a constant companion in the drawer, its title ""The Art of Forgetting"" embossed in gold lettering. It had been left there by her, who had filled its pages with her own scribbled notes and memories, a testament to the passage of time."
selector_alpha_0_c8_tok100_seed02_a_plastic_folder_in_the_drawer.json,selector_alpha_0,experiments/frontier_sweep_mundane_matched_alpha0_smoke/selector_alpha_0_c8_tok100_seed02_a_plastic_folder_in_the_drawer.json,2,1,1,0.5767808744024998,0.013949958857933669,0.4161209318417714,0.0380952380952381,0.0,0.0,0.19047619047619047,0.6935348864029524,0.19999999999999998,0.9100000000000001,0.0,0.6666666666666666,5.128205128205129,antique; leather-bound,0.6666666666666666,5.128205128205129,antique; leather-bound,0.0,0.0,,0.875,antique; leather-bound,1.0,0.0,plastic; folder; the; drawer; was; old; and; worn; its; once-vibrant; colors; now,the; was; worn; its,0.3333333333333333,0.0,0.0,0,0,"The photograph was peeling away, revealing a faded Polaroid underneath, a smaller image of a dusty antique shop, its shelves lined with vintage items, a worn, leather-bound book lying open on the counter, its pages fluttering in the gentle breeze from the partially open door."
selector_alpha_0_c8_tok100_seed02_a_plastic_folder_in_the_drawer.json,selector_alpha_0,experiments/frontier_sweep_mundane_matched_alpha0_smoke/selector_alpha_0_c8_tok100_seed02_a_plastic_folder_in_the_drawer.json,2,2,0,0.4572809081527345,0.0045449841091617935,0.3741297894736842,0.014814814814814815,0.0,0.0,0.07407407407407407,0.7059052631578947,0.05999999999999997,0.9730000000000001,0.0,0.0,0.0,,0.0,0.0,,0.0,0.0,,0.0,,1.0,0.0,plastic; folder; the; drawer; was; old; and; worn; its; once-vibrant; colors; now,the; and; its; now,0.0,0.0,0.0,0,0,"The photograph had been inserted with great care, as if it were a precious treasure, its corners secured by a small rubber band, which now hung loose and frayed. The beachside pier, with its weathered wooden planks and rusting metal railing, seemed to stretch out before the camera like a skeletal finger, beckoning the viewer into its secrets."
selector_alpha_0_c8_tok100_seed02_a_plastic_folder_in_the_drawer.json,selector_alpha_0,experiments/frontier_sweep_mundane_matched_alpha0_smoke/selector_alpha_0_c8_tok100_seed02_a_plastic_folder_in_the_drawer.json,2,3,0,0.85308812096875,0.0,0.42045539427892364,0.0,0.0,0.0,0.0,0.7007589904648728,0.19999999999999998,0.9100000000000001,0.0,0.0,0.0,,0.0,0.0,,0.0,0.0,,0.0,,1.0,0.0,plastic; folder; the; drawer; was; old; and; worn; its; once-vibrant; colors; now,folder; the; was; and; worn; colors,0.5,0.0,0.0,0,0,"The photograph was slipped out of the folder and onto the worn wooden surface of a small, rickety café table, where it caught the attention of a young girl, her eyes drawn to the faded colors as if sensing a long-forgotten memory."
selector_alpha_0_c8_tok100_seed02_a_plastic_folder_in_the_drawer.json,selector_alpha_0,experiments/frontier_sweep_mundane_matched_alpha0_smoke/selector_alpha_0_c8_tok100_seed02_a_plastic_folder_in_the_drawer.json,2,4,0,-0.5250524579264901,0.0,0.3734928685897436,0.0,0.0,0.0,0.0,0.7047035256410257,0.05999999999999997,0.9730000000000001,0.0,0.0,0.0,,0.0,0.0,,0.0,0.0,,0.0,,1.0,0.0,plastic; folder; the; drawer; was; old; and; worn; its; once-vibrant; colors; now,the; was; and; its; now,0.0,0.0,0.0,0,0,"The photograph was yellowed and cracked, the beachside pier now a distant memory, its wooden slats weathered to a soft gray, the sun setting behind it a warm orange haze. A seagull perched on the railing, its feathers ruffled by the gentle ocean breeze."
selector_alpha_0_c8_tok100_seed02_a_plastic_folder_in_the_drawer.json,selector_alpha_0,experiments/frontier_sweep_mundane_matched_alpha0_smoke/selector_alpha_0_c8_tok100_seed02_a_plastic_folder_in_the_drawer.json,2,5,0,0.8386201916110954,0.0,0.4076902318577578,0.0,0.0,0.0,0.0,0.6794837197629298,0.19999999999999998,0.9100000000000001,0.0,0.0,0.0,,0.0,0.0,,0.0,0.0,,0.0,,1.0,0.0,plastic; folder; the; drawer; was; old; and; worn; its; once-vibrant; colors; now,folder; the; was; and; its,0.0,0.0,0.0,0,0,"The photograph was curled at the edges, as if it had been tucked into the folder for years, a faint scent of salt air and sunscreen clinging to its surface, a beach umbrella standing sentinel behind the pier, its metal frame bent and twisted, a weathered wooden dock jutting out into the water, the ocean's waves lapping at its pilings."
selector_alpha_0_c8_tok100_seed02_a_plastic_folder_in_the_drawer.json,selector_alpha_0,experiments/frontier_sweep_mundane_matched_alpha0_smoke/selector_alpha_0_c8_tok100_seed02_a_plastic_folder_in_the_drawer.json,2,6,0,1.0417416025138897,0.0,0.3920773011072631,0.0,0.0,0.0,0.0,0.6534621685121051,0.19999999999999998,0.9100000000000001,0.0,0.0,0.0,,0.0,0.0,,0.0,0.0,,0.0,,1.0,0.0,plastic; folder; the; drawer; was; old; and; worn; its; once-vibrant; colors; now,the; drawer; was; and; its,0.3333333333333333,0.0,0.0,0,0,"Inside the drawer, a child's scribbled note read ""Summer '95"", while a faded Polaroid of the same beachside pier was tucked between the pages, its edges curled and creased from years of being handled, a seagull perched on the edge, its wings spread wide, as if the bird had taken over the entire scene."
selector_alpha_0_c8_tok100_seed02_a_plastic_folder_in_the_drawer.json,selector_alpha_0,experiments/frontier_sweep_mundane_matched_alpha0_smoke/selector_alpha_0_c8_tok100_seed02_a_plastic_folder_in_the_drawer.json,2,7,0,1.338179390117267,0.0,0.401842074425732,0.0,0.0,0.0,0.0,0.6697367907095534,0.19999999999999998,0.9100000000000001,0.0,0.0,0.0,,0.0,0.0,,0.0,0.0,,0.0,,1.0,0.0,plastic; folder; the; drawer; was; old; and; worn; its; once-vibrant; colors; now,folder; the; was; its,0.25,0.0,0.0,0,0,"The photograph was dated 1995, its creases deepening with age as the folder creaked when opened, revealing a collection of yellowed postcards, each bearing the faded image of a different beach, all sharing a common thread - a solitary figure standing alone on the shoreline, the same eyes fixed on the horizon."
selector_alpha_0_c8_tok100_seed02_a_plastic_folder_in_the_drawer.json,selector_alpha_0,experiments/frontier_sweep_mundane_matched_alpha0_smoke/selector_alpha_0_c8_tok100_seed02_a_plastic_folder_in_the_drawer.json,2,8,0,0.7775425671143077,0.005421003930004128,0.36185917204932466,0.01826948413385228,0.0,0.0,0.0913474206692614,0.6030986200822078,0.19999999999999998,0.9100000000000001,0.0,0.0,0.0,,0.0,0.0,,0.0,0.0,,0.0,,0.5,0.5,plastic; folder; the; drawer; was; old; and; worn; its; once-vibrant; colors; now,folder; the,0.0,0.0,0.0,0,0,"The photograph had been tucked into the folder by a young couple on their honeymoon, their fingers tracing the edges of the image as they held it together, the salt-scented air of the pier still clinging to the snapshot, the woman's smile frozen in time, the man's eyes cast out to sea, the waves rolling in behind him."
selector_alpha_0_c8_tok100_seed02_a_plastic_folder_in_the_drawer.json,selector_alpha_0,experiments/frontier_sweep_mundane_matched_alpha0_smoke/selector_alpha_0_c8_tok100_seed02_a_plastic_folder_in_the_drawer.json,3,1,1,0.9312226247921627,0.01599698864124354,0.4344062336768492,0.04383922840040363,0.0,0.0,0.21919614200201812,0.7240103894614154,0.19999999999999998,0.9100000000000001,0.0,1.0,12.195121951219512,antique; delicate; melancholic; music box; velvet,1.0,7.317073170731708,antique; music box; velvet,0.6666666666666666,4.878048780487805,delicate; melancholic,1.0,antique; ballerina; music box; velvet,0.5,0.5,plastic; folder; the; drawer; was; old; and; worn; its; once-vibrant; colors; now,the; its,0.1111111111111111,0.0,0.0,0,0,"The book's pages rustled softly as a gust of wind blew in through the open door, revealing a small, hidden compartment behind the counter, where a tiny, antique music box lay nestled in a bed of yellowed velvet, its lid slightly ajar, its delicate ballerina twirling to a soft, melancholic tune."
selector_alpha_0_c8_tok100_seed02_a_plastic_folder_in_the_drawer.json,selector_alpha_0,experiments/frontier_sweep_mundane_matched_alpha0_smoke/selector_alpha_0_c8_tok100_seed02_a_plastic_folder_in_the_drawer.json,3,2,0,0.9582615345114742,0.015738113664202132,0.3987786103519221,0.04399053241141383,0.0,0.0,0.21995266205706915,0.6646310172532035,0.19999999999999998,0.9100000000000001,0.0,1.0,11.864406779661017,antique; delicate; leather-bound; melancholic; music box; old man; porcelain,1.0,6.779661016949152,antique; leather-bound; music box; porcelain,1.0,5.084745762711864,delicate; melancholic; old man,1.0,antique; ballerina; leather-bound; music box; porcelain,0.75,0.25,plastic; folder; the; drawer; was; old; and; worn; its; once-vibrant; colors; now,the; old; its,0.42857142857142855,0.0,0.0,0,0,"The leather-bound book's pages rustled as the door creaked open further, revealing a dusty antique shop owner, an old man with wire-rimmed glasses, his eyes scanning the shelves with a practiced gaze, his finger tracing the spines of the books, as he searched for something, or perhaps someone. A small, porcelain music box on the counter caught his eye, its delicate ballerina twirling to a soft, melancholic tune."
selector_alpha_0_c8_tok100_seed02_a_plastic_folder_in_the_drawer.json,selector_alpha_0,experiments/frontier_sweep_mundane_matched_alpha0_smoke/selector_alpha_0_c8_tok100_seed02_a_plastic_folder_in_the_drawer.json,3,3,0,1.0976408704619816,0.010200490781572662,0.42034989484502727,0.02666666666666667,0.0,0.0,0.13333333333333333,0.7005831580750455,0.19999999999999998,0.9100000000000001,0.0,0.6666666666666666,4.878048780487805,antique; leather-bound,0.6666666666666666,4.878048780487805,antique; leather-bound,0.0,0.0,,0.875,antique; leather-bound,1.0,0.0,plastic; folder; the; drawer; was; old; and; worn; its; once-vibrant; colors; now,the; was; old; its,0.5,0.0,0.0,0,0,"The old, leather-bound book slipped off the counter, its pages fluttering wildly as it landed on the floor, where it was swept up by a pair of dusty, lace gloves, which were then tucked into a small, beaded pouch, the pouch itself hanging from a chain around a small, antique locket."
selector_alpha_0_c8_tok100_seed02_a_plastic_folder_in_the_drawer.json,selector_alpha_0,experiments/frontier_sweep_mundane_matched_alpha0_smoke/selector_alpha_0_c8_tok100_seed02_a_plastic_folder_in_the_drawer.json,3,4,0,1.1573508526146095,0.015415665255180724,0.38115655850721575,0.044444444444444446,0.0,0.0,0.2222222222222222,0.6352609308453596,0.19999999999999998,0.9100000000000001,0.0,1.0,10.144927536231885,antique; delicate; filigree; leather-bound; melancholic; music box; velvet,1.0,5.797101449275362,antique; leather-bound; music box; velvet,1.0,4.3478260869565215,delicate; filigree; melancholic,1.0,antique; filigree; leather-bound; music box; velvet,1.0,0.0,plastic; folder; the; drawer; was; old; and; worn; its; once-vibrant; colors; now,the; was; and; worn; its; now,0.5,0.0,0.0,0,0,"The worn leather-bound book's pages rustled as a small, antique music box emerged from its opening, its golden gears ticking softly as it began to play a gentle, melancholic tune that harmonized with the sound of the waves crashing against the shore in the distance. The music box itself was nestled within a delicate, filigree-patterned box, adorned with a small, golden lock and a faded, velvet ribbon that now hung loose, tangled around the edge of the counter."
selector_alpha_0_c8_tok100_seed02_a_plastic_folder_in_the_drawer.json,selector_alpha_0,experiments/frontier_sweep_mundane_matched_alpha0_smoke/selector_alpha_0_c8_tok100_seed02_a_plastic_folder_in_the_drawer.json,3,5,0,-0.06259452504283924,0.0018832046335344908,0.1959403664949181,0.011111111111111112,0.0,0.0,0.05555555555555555,0.6531345549830604,0.19999999999999998,0.9100000000000001,0.5,0.6666666666666666,3.6363636363636362,leather-bound; old man,0.3333333333333333,1.8181818181818181,leather-bound,0.3333333333333333,1.8181818181818181,old man,0.5,leather-bound,0.75,0.25,plastic; folder; the; drawer; was; old; and; worn; its; once-vibrant; colors; now,the; old; its,0.25,0.0,0.0,0,0,"The leather-bound book fell, its pages scattering across the dusty floor, releasing a puff of yellowed paper, as the shop's owner, an old man with wispy hair, reached for the fallen photograph, his eyes widening as he realized it had detached from the Polaroid, revealing a hidden message scrawled on the back, a piece of paper slipped beneath the counter, carrying a small, silver key."
selector_alpha_0_c8_tok100_seed02_a_plastic_folder_in_the_drawer.json,selector_alpha_0,experiments/frontier_sweep_mundane_matched_alpha0_smoke/selector_alpha_0_c8_tok100_seed02_a_plastic_folder_in_the_drawer.json,3,6,0,-0.3216376170817474,0.0,0.15303889790160466,0.0,0.0,0.0,0.0,0.4251080497266796,0.19999999999999998,0.9100000000000001,0.0,0.3333333333333333,2.5,antique,0.3333333333333333,2.5,antique,0.0,0.0,,0.375,antique,1.0,0.0,plastic; folder; the; drawer; was; old; and; worn; its; once-vibrant; colors; now,the; old; and; worn; its,0.5,0.4,0.0,0,0,"The old book's pages fluttered, releasing a cloud of dust that danced in the aisle of the antique shop, where a vintage typewriter sat on a worn, wooden desk, its keys yellowed with age, and a half-written letter, penned in ink that had long since faded, still"
selector_alpha_0_c8_tok100_seed02_a_plastic_folder_in_the_drawer.json,selector_alpha_0,experiments/frontier_sweep_mundane_matched_alpha0_smoke/selector_alpha_0_c8_tok100_seed02_a_plastic_folder_in_the_drawer.json,3,7,0,-1.2493559657181472,0.004612010025427914,0.12541029562527617,0.04365029082010646,0.0,0.0,0.2182514541005323,0.3943719988216232,0.05999999999999997,0.9730000000000001,0.0,1.0,10.0,antique; delicate; melancholic; music box,0.6666666666666666,5.0,antique; music box,0.6666666666666666,5.0,delicate; melancholic,1.0,antique; ballerina; music box,0.75,0.25,plastic; folder; the; drawer; was; old; and; worn; its; once-vibrant; colors; now,the; and; its,0.125,0.4,0.0,0,0,"above the book, a small, antique music box rested, its lid slightly ajar, the delicate ballerina twirling to a soft, melancholic tune, the music box's intricate carvings of sea serpents and lotus flowers entwined around its lid, the paper-thin, yellowed edges"
selector_alpha_0_c8_tok100_seed02_a_plastic_folder_in_the_drawer.json,selector_alpha_0,experiments/frontier_sweep_mundane_matched_alpha0_smoke/selector_alpha_0_c8_tok100_seed02_a_plastic_folder_in_the_drawer.json,3,8,0,0.3076753013131866,0.0016190259956510265,0.11975559633027524,0.015985798617120746,0.0,0.0,0.07992899308560372,0.3326544342507646,0.19999999999999998,0.9100000000000001,0.0,0.0,0.0,,0.0,0.0,,0.0,0.0,,0.0,,0.5,0.5,plastic; folder; the; drawer; was; old; and; worn; its; once-vibrant; colors; now,the; worn,0.14285714285714285,0.4,0.0,0,0,"The book's pages fluttered wildly as the door creaked open wider, revealing the shop's proprietor, an elderly woman, her eyes fixed intently on the book, her fingers tracing the yellowed edges of the pages, the worn leather binding creaking in protest, the Pol"
steer_alpha_0p66_c8_tok100_seed02_a_plastic_folder_in_the_drawer.json,steer_alpha_0p66,experiments/frontier_sweep_mundane_matched_alpha0_smoke/steer_alpha_0p66_c8_tok100_seed02_a_plastic_folder_in_the_drawer.json,1,1,1,1.2839903782070852,0.19175478413197172,0.4251769049489395,0.55,1.0,0.0,0.0,0.7086281749148992,0.19999999999999998,0.9100000000000001,0.0,0.6666666666666666,4.444444444444445,leather-bound; miniature,0.6666666666666666,4.444444444444445,leather-bound; miniature,0.0,0.0,,0.9,leather-bound; miniature,0.5,0.5,plastic; folder; the; drawer,the; drawer,0.0,0.0,0.0,1,0,"The drawer, now a miniature greenhouse, holds a small, tender shoot, its leaves unfurled, drinking dew that drips from a tiny, brass faucet, as a bespectacled snail, with a miniature top hat, gently waters it, while a tiny, leather-bound book lies open, revealing a handwritten poem that reads: ""In dew, I find my voice."""
steer_alpha_0p66_c8_tok100_seed02_a_plastic_folder_in_the_drawer.json,steer_alpha_0p66,experiments/frontier_sweep_mundane_matched_alpha0_smoke/steer_alpha_0p66_c8_tok100_seed02_a_plastic_folder_in_the_drawer.json,1,2,0,0.6476877764336011,0.17181335285171104,0.38096087106809545,0.55,1.0,0.0,0.0,0.718794096354897,0.05999999999999997,0.9730000000000001,0.0,0.6666666666666666,4.545454545454546,leather-bound; miniature,0.6666666666666666,4.545454545454546,leather-bound; miniature,0.0,0.0,,0.9,leather-bound; miniature,0.5,0.5,plastic; folder; the; drawer,the; drawer,0.0,0.0,0.0,1,0,"The drawer, now a small, intricately carved wooden box, creaks open, revealing a miniature, exquisite, mechanical clock, its gears and pendulum ticking softly as it begins to slowly rise, as if to escape, and a small, leather-bound book falls out, open to a page with a poem that reads: ""Where shadows fall, I remain."""
steer_alpha_0p66_c8_tok100_seed02_a_plastic_folder_in_the_drawer.json,steer_alpha_0p66,experiments/frontier_sweep_mundane_matched_alpha0_smoke/steer_alpha_0p66_c8_tok100_seed02_a_plastic_folder_in_the_drawer.json,1,3,0,1.1777295683152336,0.09833489001309792,0.41335310199789693,0.26403508771929823,0.0,1.0,0.07017543859649122,0.6889218366631615,0.19999999999999998,0.9100000000000001,0.0,1.0,9.25925925925926,antique; delicate; ethereal; music box; porcelain,1.0,5.555555555555555,antique; music box; porcelain,0.6666666666666666,3.7037037037037037,delicate; ethereal,1.0,antique; ballerina; music box; porcelain,0.5,0.5,plastic; folder; the; drawer,the; drawer,0.45,0.0,0.0,0,1,"A small, antique music box, once opened, releases a faint, ethereal melody, its delicate ballerina twirling to a stop as the drawer creaks open, revealing a nest of dusty, yellowed papers, each one bearing a faded, hand-drawn map, with a small, porcelain vase, once a vibrant shade of pink, now a dusty, wilted thing, its owner's name, ""Emmeline,"" etched on a tiny, golden plaque."
steer_alpha_0p66_c8_tok100_seed02_a_plastic_folder_in_the_drawer.json,steer_alpha_0p66,experiments/frontier_sweep_mundane_matched_alpha0_smoke/steer_alpha_0p66_c8_tok100_seed02_a_plastic_folder_in_the_drawer.json,1,4,0,1.4127975721592356,0.004982248600952049,0.4561992337164751,0.012121212121212123,0.0,0.0,0.06060606060606061,0.7603320561941251,0.19999999999999998,0.9100000000000001,0.0,1.0,13.793103448275861,antique; delicate; moonlit; music box,0.6666666666666666,6.896551724137931,antique; music box,0.6666666666666666,6.896551724137931,delicate; moonlit,1.0,antique; ballerina; music box,0.5,0.5,plastic; folder; the; drawer,the; drawer,0.45,0.0,0.0,0,0,"The drawer, now empty, holds a small, antique music box, its delicate ballerina twirling to a soft, forgotten melody, as a nearby, modern, metallic harmonica lies next to it, its silver surface reflecting a faint, moonlit glow."
steer_alpha_0p66_c8_tok100_seed02_a_plastic_folder_in_the_drawer.json,steer_alpha_0p66,experiments/frontier_sweep_mundane_matched_alpha0_smoke/steer_alpha_0p66_c8_tok100_seed02_a_plastic_folder_in_the_drawer.json,1,5,0,0.6807428135018165,0.0058690547847339725,0.44412690355329953,0.014814814814814815,0.0,0.0,0.07407407407407407,0.7402115059221659,0.19999999999999998,0.9100000000000001,0.0,0.3333333333333333,2.857142857142857,leather-bound,0.3333333333333333,2.857142857142857,leather-bound,0.0,0.0,,0.5,leather-bound,0.5,0.5,plastic; folder; the; drawer,the; drawer,0.4,0.0,0.0,0,0,"The drawer, now empty, lies open on the floor, its metal lip curled back, revealing a scattering of papers and a small, leather-bound book, its cover worn and cracked, with a single, forgotten key nestled between two yellowed receipts."
steer_alpha_0p66_c8_tok100_seed02_a_plastic_folder_in_the_drawer.json,steer_alpha_0p66,experiments/frontier_sweep_mundane_matched_alpha0_smoke/steer_alpha_0p66_c8_tok100_seed02_a_plastic_folder_in_the_drawer.json,1,6,0,1.2715991935201163,0.004102005999812124,0.42719722382880276,0.010657199078080496,0.0,0.0,0.05328599539040248,0.7119953730480046,0.19999999999999998,0.9100000000000001,0.0,1.0,7.142857142857143,delicate; leather-bound; music box,0.6666666666666666,4.761904761904762,leather-bound; music box,0.3333333333333333,2.380952380952381,delicate,1.0,ballerina; leather-bound; music box,0.5,0.5,plastic; folder; the; drawer,the; drawer,0.45,0.0,0.0,0,0,"The drawer, now empty and worn, creaks open, revealing a small, glass-encased music box, its delicate ballerina twirling to a soft, forgotten waltz, as a dusty, leather-bound book, once a prized possession, lies beside it, its pages fluttering in the faint breeze that stirs the drawer's dust."
steer_alpha_0p66_c8_tok100_seed02_a_plastic_folder_in_the_drawer.json,steer_alpha_0p66,experiments/frontier_sweep_mundane_matched_alpha0_smoke/steer_alpha_0p66_c8_tok100_seed02_a_plastic_folder_in_the_drawer.json,1,7,0,0.4409392244105652,0.0,0.45019744160177977,0.0,0.0,0.0,0.0,0.7503290693362996,0.19999999999999998,0.9100000000000001,0.0,0.0,0.0,,0.0,0.0,,0.0,0.0,,0.0,,0.5,0.5,plastic; folder; the; drawer,the; drawer,0.3,0.0,0.0,0,0,"The drawer creaks open, and a forgotten photograph, yellowed with age, slides out, revealing a faded Polaroid of a young couple, their arms entwined, with a city skyline at dusk, its skyscrapers a mosaic of twinkling lights."
steer_alpha_0p66_c8_tok100_seed02_a_plastic_folder_in_the_drawer.json,steer_alpha_0p66,experiments/frontier_sweep_mundane_matched_alpha0_smoke/steer_alpha_0p66_c8_tok100_seed02_a_plastic_folder_in_the_drawer.json,1,8,0,0.24355000281861527,0.0028281540504279433,0.40021047883414296,0.00784313725490196,0.0,0.0,0.0392156862745098,0.6670174647235716,0.19999999999999998,0.9100000000000001,0.0,1.0,6.666666666666667,delicate; leather-bound; music box,0.6666666666666666,4.444444444444445,leather-bound; music box,0.3333333333333333,2.2222222222222223,delicate,1.0,ballerina; leather-bound; music box,0.5,0.5,plastic; folder; the; drawer,the; drawer,0.45,0.0,0.0,0,0,"The drawer, now empty, sits on a dusty, old, wooden workbench, where a half-built wooden puzzle, with intricate, carved wooden pieces, lies next to a dusty, old, leather-bound book, its cover worn and cracked, with a small, forgotten music box, its delicate, silver ballerina twirling to a soft, forgotten melody."
steer_alpha_0p66_c8_tok100_seed02_a_plastic_folder_in_the_drawer.json,steer_alpha_0p66,experiments/frontier_sweep_mundane_matched_alpha0_smoke/steer_alpha_0p66_c8_tok100_seed02_a_plastic_folder_in_the_drawer.json,2,1,1,-0.026533528173571186,0.08979694597949273,0.19482956385222983,0.55,1.0,0.0,0.0,0.6494318795074328,0.0,1.0,0.0,1.0,11.764705882352942,antique; delicate; miniature; porcelain,1.0,8.823529411764707,antique; miniature; porcelain,0.3333333333333333,2.9411764705882355,delicate,1.0,antique; miniature; porcelain,0.75,0.25,plastic; folder; the; drawer; now; greenhouse; holds; tender; shoot; its; leaves; unfurled,the; now; greenhouse,0.1,0.4,0.0,1,0,"The miniature greenhouse, now a tiny, moss-covered pagoda, supports a teacup, where a delicate, porcelain mermaid pours tea, as a small, porcelain clock, with an open, book, displays the time, 3:14, and a nearby, antique, copper kettle whistles a gentle, melan"
steer_alpha_0p66_c8_tok100_seed02_a_plastic_folder_in_the_drawer.json,steer_alpha_0p66,experiments/frontier_sweep_mundane_matched_alpha0_smoke/steer_alpha_0p66_c8_tok100_seed02_a_plastic_folder_in_the_drawer.json,2,2,0,0.5879724926753305,0.09171881997798356,0.1989993924451802,0.55,1.0,0.0,0.0,0.6257842529722648,0.05999999999999997,0.9730000000000001,0.0,1.0,8.108108108108109,delicate; miniature; porcelain,0.6666666666666666,5.405405405405405,miniature; porcelain,0.3333333333333333,2.7027027027027026,delicate,0.9,miniature; porcelain,0.75,0.25,plastic; folder; the; drawer; now; greenhouse; holds; tender; shoot; its; leaves; unfurled,the; now; its,0.1,0.4,0.0,1,0,"The snail, now a tiny, top-hatted poet, recites the poem, its voice like a soft, silver bell, as a small, porcelain teapot, adorned with a miniature, delicate flower, slowly steams a cup of tea, into which a delicate, silver spoon, with an intricately etched"
steer_alpha_0p66_c8_tok100_seed02_a_plastic_folder_in_the_drawer.json,steer_alpha_0p66,experiments/frontier_sweep_mundane_matched_alpha0_smoke/steer_alpha_0p66_c8_tok100_seed02_a_plastic_folder_in_the_drawer.json,2,3,0,0.27289985841938563,0.08297074168511909,0.18001896655482552,0.55,1.0,0.0,0.0,0.6000632218494184,0.0,1.0,0.0,0.6666666666666666,5.128205128205129,crystal; delicate,0.3333333333333333,2.5641025641025643,crystal,0.3333333333333333,2.5641025641025643,delicate,0.35,crystal,1.0,0.0,plastic; folder; the; drawer; now; greenhouse; holds; tender; shoot; its; leaves; unfurled,the; now; holds; shoot; its,0.1,0.4,0.0,2,0,"As the snail, now a small, top-hatted gentleman, reads the poem aloud, its voice a soft, melodic whisper, the shoot, now a tiny, green, glass, holds a small, delicate, crystal, that, as the morning sun rises, casts a tiny, silver spider, with eight, glittering"
steer_alpha_0p66_c8_tok100_seed02_a_plastic_folder_in_the_drawer.json,steer_alpha_0p66,experiments/frontier_sweep_mundane_matched_alpha0_smoke/steer_alpha_0p66_c8_tok100_seed02_a_plastic_folder_in_the_drawer.json,2,4,0,-0.4956560140489356,0.07370300459105511,0.15654843795891057,0.55,1.0,0.0,0.0,0.43485677210808493,0.19999999999999998,0.9100000000000001,0.0,1.0,16.216216216216218,crystal; delicate; miniature; mist; old man; porcelain,1.0,8.108108108108109,crystal; miniature; porcelain,1.0,8.108108108108109,delicate; mist; old man,1.0,crystal; miniature; porcelain,0.5,0.5,plastic; folder; the; drawer; now; greenhouse; holds; tender; shoot; its; leaves; unfurled,the; now,0.2,0.4,0.0,2,0,"The snail, now a small, white-haired old man, reads the poem aloud to a delicate, porcelain tea set, where a tiny, silver teapot steams, releasing a fine mist that condenses into a miniature, crystal prism, refracting raindrops that, in turn, water a tiny, cop"
steer_alpha_0p66_c8_tok100_seed02_a_plastic_folder_in_the_drawer.json,steer_alpha_0p66,experiments/frontier_sweep_mundane_matched_alpha0_smoke/steer_alpha_0p66_c8_tok100_seed02_a_plastic_folder_in_the_drawer.json,2,5,0,0.6994704756987544,0.06994985863914371,0.15509946483180423,0.55,1.0,0.0,0.0,0.43083184675501185,0.19999999999999998,0.9100000000000001,0.0,1.0,11.11111111111111,delicate; iridescent; miniature; porcelain,0.6666666666666666,5.555555555555555,miniature; porcelain,0.6666666666666666,5.555555555555555,delicate; iridescent,0.9,miniature; porcelain,1.0,0.0,plastic; folder; the; drawer; now; greenhouse; holds; tender; shoot; its; leaves; unfurled,the; now; greenhouse; its,0.0,0.4,0.0,1,0,"A delicate, filigework of silver and copper, a mechanical bird, with iridescent wings, perches on the edge of the greenhouse, its beak dipping into the miniature faucet, as the snail, now a tiny, top-hatted gentleman, sips tea from a delicate, porcelain cup, w"
steer_alpha_0p66_c8_tok100_seed02_a_plastic_folder_in_the_drawer.json,steer_alpha_0p66,experiments/frontier_sweep_mundane_matched_alpha0_smoke/steer_alpha_0p66_c8_tok100_seed02_a_plastic_folder_in_the_drawer.json,2,6,0,0.8193547804871333,0.0017492613084357084,0.22989707616707616,0.008888888888888889,0.0,0.0,0.04444444444444444,0.6386029893529894,0.19999999999999998,0.9100000000000001,0.0,1.0,11.428571428571429,antique; delicate; music box; porcelain,1.0,8.571428571428571,antique; music box; porcelain,0.3333333333333333,2.857142857142857,delicate,1.0,antique; music box; porcelain,0.25,0.75,plastic; folder; the; drawer; now; greenhouse; holds; tender; shoot; its; leaves; unfurled,its,0.2,0.4,0.0,0,0,"A delicate, silver wind chime, half-hidden behind a lace curtain, sways softly, as a gentle, antique clock, with Roman numerals, ticks steadily, its minute hand stopping at 3:47, where a small, porcelain music box, adorned with delicate, mother-of-pearl, plays"
steer_alpha_0p66_c8_tok100_seed02_a_plastic_folder_in_the_drawer.json,steer_alpha_0p66,experiments/frontier_sweep_mundane_matched_alpha0_smoke/steer_alpha_0p66_c8_tok100_seed02_a_plastic_folder_in_the_drawer.json,2,7,0,0.957099305873504,0.0,0.42042008797653957,0.0,0.0,0.0,0.0,0.700700146627566,0.19999999999999998,0.9100000000000001,0.0,1.0,14.583333333333334,crystal; delicate; iridescent; lullaby; miniature; ornate; porcelain,1.0,10.416666666666666,crystal; lullaby; miniature; ornate; porcelain,0.6666666666666666,4.166666666666667,delicate; iridescent,1.0,crystal; lullaby; miniature; ornate; porcelain,0.75,0.25,plastic; folder; the; drawer; now; greenhouse; holds; tender; shoot; its; leaves; unfurled,the; now; its,0.0,0.0,0.0,0,0,"The snail, now surrounded by a miniature, Victorian-style, ornate planter, slowly unfurls a tiny, iridescent umbrella, its edges undulating like a sea anem, as a delicate, silver tea set is placed beside the planter, where a dainty, porcelain teapot whistles a lullaby, and a delicate, crystal wine glass, holding a single, amethyst, reflects the moon's first light."
steer_alpha_0p66_c8_tok100_seed02_a_plastic_folder_in_the_drawer.json,steer_alpha_0p66,experiments/frontier_sweep_mundane_matched_alpha0_smoke/steer_alpha_0p66_c8_tok100_seed02_a_plastic_folder_in_the_drawer.json,2,8,0,-0.10345895717360287,0.008815758867567572,0.01912727027027028,0.55,1.0,0.0,0.0,0.24059459459459465,0.05999999999999997,0.9730000000000001,0.0,0.6666666666666666,5.405405405405405,crystal; delicate,0.3333333333333333,2.7027027027027026,crystal,0.3333333333333333,2.7027027027027026,delicate,0.35,crystal,1.0,0.0,plastic; folder; the; drawer; now; greenhouse; holds; tender; shoot; its; leaves; unfurled,the; now; shoot; its,0.1,0.85,0.0,2,0,"The snail, now dressed in a tiny, faded tuxedo, tips up its hat, and the faucet, now a delicate, silver trumpet, toasts to the snail with a tiny, crystal glass, as the shoot, now a tiny, delicate baller, twirls to the tune of a tiny, invisible orchestra, its l"
steer_alpha_0p66_c8_tok100_seed02_a_plastic_folder_in_the_drawer.json,steer_alpha_0p66,experiments/frontier_sweep_mundane_matched_alpha0_smoke/steer_alpha_0p66_c8_tok100_seed02_a_plastic_folder_in_the_drawer.json,3,1,1,0.5907738851911821,0.09899401727828748,0.2194989296636086,0.55,1.0,0.0,0.0,0.6097192490655794,0.19999999999999998,0.9100000000000001,0.0,1.0,8.333333333333334,clockwork; miniature; porcelain,1.0,8.333333333333334,clockwork; miniature; porcelain,0.0,0.0,,1.0,clockwork; miniature; porcelain,0.75,0.25,plastic; folder; the; drawer; now; greenhouse; holds; tender; shoot; its; leaves; unfurled,the; now; its,0.0,0.4,0.0,1,0,"The porcelain mermaid's eyes, now a tiny, glittering, jade, gaze out of the teacup, as the tiny, moss-covered pagoda creaks and groans, its miniature, stone statues, a family of tiny, gnomes, tending to a tiny, copper, steam engine, where a small, clockwork, m"
steer_alpha_0p66_c8_tok100_seed02_a_plastic_folder_in_the_drawer.json,steer_alpha_0p66,experiments/frontier_sweep_mundane_matched_alpha0_smoke/steer_alpha_0p66_c8_tok100_seed02_a_plastic_folder_in_the_drawer.json,3,2,0,-0.08204639262204666,0.10301940405326958,0.18467450287229345,0.557843137254902,1.0,0.0,0.0392156862745098,0.6155816762409781,0.0,1.0,0.0,1.0,11.428571428571429,antique; miniature; music box; porcelain,1.0,11.428571428571429,antique; miniature; music box; porcelain,0.0,0.0,,1.0,antique; miniature; music box; porcelain,0.5,0.5,plastic; folder; the; drawer; now; greenhouse; holds; tender; shoot; its; leaves; unfurled,the; now,1.0,0.4,0.0,3,0,"The porcelain mermaid, now a skilled, miniature, jazz musician, blows a tiny, silver trumpet, as the tiny, clock's gears, now a intricate, mechanized, music box, begins to play a lively, tango, while the antique, copper kettle, now a miniature, steam-powered"
steer_alpha_0p66_c8_tok100_seed02_a_plastic_folder_in_the_drawer.json,steer_alpha_0p66,experiments/frontier_sweep_mundane_matched_alpha0_smoke/steer_alpha_0p66_c8_tok100_seed02_a_plastic_folder_in_the_drawer.json,3,3,0,-1.080105614973262,0.0781308661764706,0.17323917112299467,0.55,1.0,0.0,0.0,0.5774639037433156,0.0,1.0,0.0,1.0,8.823529411764707,crystal; delicate; porcelain,0.6666666666666666,5.882352941176471,crystal; porcelain,0.3333333333333333,2.9411764705882355,delicate,0.85,crystal; porcelain,0.5,0.5,plastic; folder; the; drawer; now; greenhouse; holds; tender; shoot; its; leaves; unfurled,the; now,0.0,0.4,0.0,3,0,"The teacup, now a minuscule, crystal chandelier, refracts and reflects the faint, lunar light, as the porcelain mermaid, now a tiny, delicate, glassblower, shapes a new, delicate, crystal orb, while the tiny, bespectacled snail, now a diminutive, maestro, cond"
steer_alpha_0p66_c8_tok100_seed02_a_plastic_folder_in_the_drawer.json,steer_alpha_0p66,experiments/frontier_sweep_mundane_matched_alpha0_smoke/steer_alpha_0p66_c8_tok100_seed02_a_plastic_folder_in_the_drawer.json,3,4,0,-0.42758800405230163,0.13135177811858284,0.20023136908320552,0.8,1.0,1.0,0.0,0.6674378969440184,0.0,1.0,0.0,1.0,11.764705882352942,delicate; lullaby; miniature; porcelain,1.0,8.823529411764707,lullaby; miniature; porcelain,0.3333333333333333,2.9411764705882355,delicate,1.0,lullaby; miniature; porcelain,0.5,0.5,plastic; folder; the; drawer; now; greenhouse; holds; tender; shoot; its; leaves; unfurled,the; now,0.0,0.4,0.0,1,1,"The porcelain mermaid, still pouring tea, her eyes, now a pair of wire-rimmed, round spectacles, peer out from a miniature, lacquered, Japanese screen, as a delicate, silver harmonica, once a tiny, mechanical bird, now sings a gentle, lullaby, while a small, w"
steer_alpha_0p66_c8_tok100_seed02_a_plastic_folder_in_the_drawer.json,steer_alpha_0p66,experiments/frontier_sweep_mundane_matched_alpha0_smoke/steer_alpha_0p66_c8_tok100_seed02_a_plastic_folder_in_the_drawer.json,3,5,0,0.3614044448701988,0.06400142034339552,0.14191002293435814,0.55,1.0,0.0,0.0,0.3941945081509949,0.19999999999999998,0.9100000000000001,0.0,1.0,11.764705882352942,crystal; delicate; miniature; porcelain,1.0,8.823529411764707,crystal; miniature; porcelain,0.3333333333333333,2.9411764705882355,delicate,1.0,ballerina; crystal; miniature; porcelain,0.5,0.5,plastic; folder; the; drawer; now; greenhouse; holds; tender; shoot; its; leaves; unfurled,the; now,0.0,0.4,0.0,2,0,"The teacup, now a delicate, crystal chandelier, refracts rain, casting a kaleidoscope of colors across the miniature, moss-covered pagoda, as the porcelain mermaid, now a petite, ballerina, twirls, her tutu, made of dew, and the miniature, copper kettle, now a"
steer_alpha_0p66_c8_tok100_seed02_a_plastic_folder_in_the_drawer.json,steer_alpha_0p66,experiments/frontier_sweep_mundane_matched_alpha0_smoke/steer_alpha_0p66_c8_tok100_seed02_a_plastic_folder_in_the_drawer.json,3,6,0,-0.41419017640031547,0.0,0.18988817567567565,0.0,0.0,0.0,0.0,0.6329605855855855,0.0,1.0,0.0,1.0,12.5,antique; delicate; miniature; porcelain,1.0,9.375,antique; miniature; porcelain,0.3333333333333333,3.125,delicate,1.0,antique; grandfather clock; miniature; porcelain,0.25,0.75,plastic; folder; the; drawer; now; greenhouse; holds; tender; shoot; its; leaves; unfurled,its,1.0,0.4,0.0,0,0,"A delicate, filigework, silver snail, with a tiny, gemstone-encrusted top hat, slowly emerges from a delicate, porcelain bathtub, where a miniature, wooden boat, with a tiny, gondolier, rows, as a nearby, antique, grandfather clock strikes 3:14, its gentle, si"
steer_alpha_0p66_c8_tok100_seed02_a_plastic_folder_in_the_drawer.json,steer_alpha_0p66,experiments/frontier_sweep_mundane_matched_alpha0_smoke/steer_alpha_0p66_c8_tok100_seed02_a_plastic_folder_in_the_drawer.json,3,7,0,1.1028519649385158,0.0,0.4135386770847127,0.0,0.0,0.0,0.0,0.6892311284745212,0.19999999999999998,0.9100000000000001,0.0,1.0,6.382978723404255,delicate; miniature; porcelain,0.6666666666666666,4.25531914893617,miniature; porcelain,0.3333333333333333,2.127659574468085,delicate,0.9,miniature; porcelain,0.5,0.5,plastic; folder; the; drawer; now; greenhouse; holds; tender; shoot; its; leaves; unfurled,the; now,0.0,0.0,0.0,0,0,"The porcelain mermaid slowly rises from the teacup, and, with delicate, articulated fingers, it pours a gentle, glistening stream of tea into a dainty, gilded saucer, as the tiny, bespectacled snail, now donning a miniature, top hat and monoclass, reads the poem, ""Ode to a Tea Cup,"" which reads: ""In steam, I find my soul."
steer_alpha_0p66_c8_tok100_seed02_a_plastic_folder_in_the_drawer.json,steer_alpha_0p66,experiments/frontier_sweep_mundane_matched_alpha0_smoke/steer_alpha_0p66_c8_tok100_seed02_a_plastic_folder_in_the_drawer.json,3,8,0,-0.42218537980302656,0.0,0.13647114777114774,0.0,0.0,0.0,0.0,0.37908652158652156,0.19999999999999998,0.9100000000000001,0.0,1.0,9.090909090909092,crystal; delicate; miniature,0.6666666666666666,6.0606060606060606,crystal; miniature,0.3333333333333333,3.0303030303030303,delicate,0.75,crystal; miniature,0.25,0.75,plastic; folder; the; drawer; now; greenhouse; holds; tender; shoot; its; leaves; unfurled,the,0.0,0.4,0.0,0,0,"A delicate, crystal chandelier, suspended above the miniature pagoda, refracts and reflects the gentle, morning light, casting a kaleidoscope of colors across the miniature, moss-covered stones, where a small, silver, harmonica, half-hidden in the moss, plays"
steer_alpha_0p77_c8_tok100_seed02_a_plastic_folder_in_the_drawer.json,steer_alpha_0p77,experiments/frontier_sweep_mundane_matched_alpha0_smoke/steer_alpha_0p77_c8_tok100_seed02_a_plastic_folder_in_the_drawer.json,1,1,1,-0.21658854163699326,0.2412063116760829,0.4924364406779661,0.5722222222222223,1.0,0.0,0.1111111111111111,0.9848728813559322,0.0,0.9922083333333334,0.0,1.0,26.31578947368421,antique; delicate; miniature; music box; porcelain,1.0,21.05263157894737,antique; miniature; music box; porcelain,0.3333333333333333,5.2631578947368425,delicate,1.0,antique; miniature; music box; porcelain,0.5,0.5,plastic; folder; the; drawer,the; drawer,0.2,0.0,0.0,1,0,"The drawer, now a miniature greenhouse, contains a small, porcelain teapot and a delicate, antique music box that plays a soft, melanchy tune."
steer_alpha_0p77_c8_tok100_seed02_a_plastic_folder_in_the_drawer.json,steer_alpha_0p77,experiments/frontier_sweep_mundane_matched_alpha0_smoke/steer_alpha_0p77_c8_tok100_seed02_a_plastic_folder_in_the_drawer.json,1,2,0,-0.36229580482250107,0.04855045195016457,0.20813977199939085,0.2588888888888889,0.0,1.0,0.04444444444444444,0.6545275849037449,0.05999999999999997,0.9730000000000001,0.0,1.0,13.157894736842104,antique; leather-bound; music box; ornate; pocket watch,1.0,13.157894736842104,antique; leather-bound; music box; ornate; pocket watch,0.0,0.0,,1.0,antique; leather-bound; music box; ornate; pocket watch,0.5,0.5,plastic; folder; the; drawer,the; drawer,0.45,0.4,0.0,0,2,"The drawer, once a tidy, pristine space, now overflows with a tangle of old, leather-bound books, their pages yellowed with age, a small, antique music box, a faded, wooden compass, and a vintage, ornate, silver pocket watch, its face cracked and still, a coll"
steer_alpha_0p77_c8_tok100_seed02_a_plastic_folder_in_the_drawer.json,steer_alpha_0p77,experiments/frontier_sweep_mundane_matched_alpha0_smoke/steer_alpha_0p77_c8_tok100_seed02_a_plastic_folder_in_the_drawer.json,1,3,0,-0.33274307680967075,0.009183992000000002,0.39405,0.02666666666666667,0.0,0.0,0.13333333333333333,0.7881,0.0,0.9211666666666667,0.0,1.0,18.75,antique; delicate; music box,0.6666666666666666,12.5,antique; music box,0.3333333333333333,6.25,delicate,1.0,antique; ballerina; music box,0.5,0.5,plastic; folder; the; drawer,the; drawer,0.3,0.0,0.0,0,0,"The drawer creaks open, revealing a tiny, antique music box, its delicate ballerina twirling to a soft, forgotten waltz."
steer_alpha_0p77_c8_tok100_seed02_a_plastic_folder_in_the_drawer.json,steer_alpha_0p77,experiments/frontier_sweep_mundane_matched_alpha0_smoke/steer_alpha_0p77_c8_tok100_seed02_a_plastic_folder_in_the_drawer.json,1,4,0,0.17355979286451428,0.00533273469785575,0.4295460526315789,0.014814814814814815,0.0,0.0,0.07407407407407407,0.7159100877192982,0.19999999999999998,0.9100000000000001,0.0,0.0,0.0,,0.0,0.0,,0.0,0.0,,0.0,,0.5,0.5,plastic; folder; the; drawer,the; drawer,0.1,0.0,0.0,0,0,"The drawer, now empty, lies on the floor, its once-organized contents scattered and disheaved, amidst a small, forgotten garden, where a tiny, metallic bird perches, its feathers a mesh of copper wires and twisted copper pipes."
steer_alpha_0p77_c8_tok100_seed02_a_plastic_folder_in_the_drawer.json,steer_alpha_0p77,experiments/frontier_sweep_mundane_matched_alpha0_smoke/steer_alpha_0p77_c8_tok100_seed02_a_plastic_folder_in_the_drawer.json,1,5,0,-0.4318451840691535,0.0,0.39009758197507194,0.0,0.0,0.0,0.0,0.7360331735378716,0.05999999999999997,0.9730000000000001,0.0,0.3333333333333333,4.0,leather-bound,0.3333333333333333,4.0,leather-bound,0.0,0.0,,0.5,leather-bound,0.75,0.25,plastic; folder; the; drawer,plastic; folder; the,0.2,0.0,0.0,0,0,"A worn, old leather satch, slightly ajar, beside the plastic folder, where a small, leather-bound book lies, its pages fluttering, as if it had just been blown by a gentle breeze."
steer_alpha_0p77_c8_tok100_seed02_a_plastic_folder_in_the_drawer.json,steer_alpha_0p77,experiments/frontier_sweep_mundane_matched_alpha0_smoke/steer_alpha_0p77_c8_tok100_seed02_a_plastic_folder_in_the_drawer.json,1,6,0,0.742197005829359,0.0,0.5677905405405406,0.0,0.0,0.0,0.0,0.9463175675675676,0.19999999999999998,0.9100000000000001,0.0,0.0,0.0,,0.0,0.0,,0.0,0.0,,0.0,,0.5,0.5,plastic; folder; the; drawer,folder; the,0.3,0.0,0.0,0,0,"A small, worn leather wallet, nestled between the folder, its worn, cracked lid ajar, revealing a faded, golden photo of a couple, their faces frozen in a perpetual, serene smile."
steer_alpha_0p77_c8_tok100_seed02_a_plastic_folder_in_the_drawer.json,steer_alpha_0p77,experiments/frontier_sweep_mundane_matched_alpha0_smoke/steer_alpha_0p77_c8_tok100_seed02_a_plastic_folder_in_the_drawer.json,1,7,0,0.19941329550557207,0.004037559467135918,0.470525798056905,0.009523809523809525,0.0,0.0,0.047619047619047616,0.8877845246356697,0.05999999999999997,0.9730000000000001,0.0,1.0,20.454545454545453,antique; delicate; doll; leather-bound; melancholic; miniature; music box; porcelain; velvet,1.0,15.909090909090908,antique; doll; leather-bound; miniature; music box; porcelain; velvet,0.6666666666666666,4.545454545454546,delicate; melancholic,1.0,antique; doll; leather-bound; miniature; music box; porcelain; velvet,0.5,0.5,plastic; folder; the; drawer,the; drawer,0.45,0.0,0.0,0,0,"The drawer creaks open, revealing a velvet-lined shelf, and a small, antique music box, its lid slightly ajar, emits a soft, melancholic tune, surrounded by a miniature, leather-bound book and a delicate, porcelain doll, its face cracked and pale, next to a faded, leather-bound book with yellowed, golden pages."
steer_alpha_0p77_c8_tok100_seed02_a_plastic_folder_in_the_drawer.json,steer_alpha_0p77,experiments/frontier_sweep_mundane_matched_alpha0_smoke/steer_alpha_0p77_c8_tok100_seed02_a_plastic_folder_in_the_drawer.json,1,8,0,0.5425488628120192,0.004057772041770355,0.1364721538712003,0.03333333333333333,0.0,0.0,0.16666666666666666,0.37908931630888976,0.19999999999999998,0.9100000000000001,0.0,1.0,15.789473684210526,antique; delicate; ethereal; leather-bound; music box; whispering,1.0,7.894736842105263,antique; leather-bound; music box,1.0,7.894736842105263,delicate; ethereal; whispering,1.0,antique; ballerina; leather-bound; music box,0.5,0.5,plastic; folder; the; drawer,the; drawer,0.4,0.4,0.0,0,0,"The drawer now holds a small, antique music box, its delicate ballerina twirling to a soft, forgotten waltz, as a worn, leather-bound book slips into the drawer, its pages whispering forgotten melodies that harmonize with the music box's ethereal melody, a sma"
steer_alpha_0p77_c8_tok100_seed02_a_plastic_folder_in_the_drawer.json,steer_alpha_0p77,experiments/frontier_sweep_mundane_matched_alpha0_smoke/steer_alpha_0p77_c8_tok100_seed02_a_plastic_folder_in_the_drawer.json,2,1,1,-0.0747917439941268,0.18830794131546874,0.3879749263066946,0.5611111111111111,1.0,0.0,0.05555555555555555,0.73202816284282,0.05999999999999997,0.9730000000000001,0.0,1.0,12.76595744680851,delicate; miniature; mist; music box; porcelain; silver mist,1.0,6.382978723404255,miniature; music box; porcelain,1.0,6.382978723404255,delicate; mist; silver mist,1.0,miniature; music box; porcelain,1.0,0.0,plastic; folder; the; drawer; now; greenhouse; contains; teapot; and; plays; melanchy; tune,the; drawer; now; greenhouse; teapot; and,0.25,0.0,0.0,1,0,"The porcelain teapot, now a miniature greenhouse, cradles a fledgling orchid, its petals unfolding like a tiny, translucent umbrella, as morning dew clings to its delicate, intricate filigework, and a soft, silver mist seeps from its base, releasing a fragrance that wafts through the drawer, entwining with the music box's final, forgotten notes."
steer_alpha_0p77_c8_tok100_seed02_a_plastic_folder_in_the_drawer.json,steer_alpha_0p77,experiments/frontier_sweep_mundane_matched_alpha0_smoke/steer_alpha_0p77_c8_tok100_seed02_a_plastic_folder_in_the_drawer.json,2,2,0,0.9542985001488773,0.26215238558865245,0.38673148936170215,0.8266666666666667,1.0,1.0,0.13333333333333333,0.6445524822695036,0.19999999999999998,0.9100000000000001,0.0,1.0,8.0,ethereal; miniature; music box; ornate,1.0,6.0,miniature; music box; ornate,0.3333333333333333,2.0,ethereal,1.0,miniature; music box; ornate,1.0,0.0,plastic; folder; the; drawer; now; greenhouse; contains; teapot; and; plays; melanchy; tune,the; now; teapot; and; tune,0.0,0.0,0.0,3,2,"The teapot, now a tiny, terracotta pot, is planted with a tiny, succulent, and the music box, now a miniature, ornate watering can, gently weeps tears of silver rain, as the music box's tune harmonizes with the gentle patter of rain on the terracett, a small, Victorian-style wooden bench, now a moss and fern, emits a faint, ethereal glow."
steer_alpha_0p77_c8_tok100_seed02_a_plastic_folder_in_the_drawer.json,steer_alpha_0p77,experiments/frontier_sweep_mundane_matched_alpha0_smoke/steer_alpha_0p77_c8_tok100_seed02_a_plastic_folder_in_the_drawer.json,2,3,0,0.4243031564039175,0.06920903827458445,0.15345684761548659,0.55,1.0,0.0,0.0,0.42626902115412946,0.19999999999999998,0.9100000000000001,0.0,0.6666666666666666,5.128205128205129,leather-bound; mist,0.3333333333333333,2.5641025641025643,leather-bound,0.3333333333333333,2.5641025641025643,mist,0.5,leather-bound,0.5,0.5,plastic; folder; the; drawer; now; greenhouse; contains; teapot; and; plays; melanchy; tune,the; teapot,0.0,0.4,0.0,1,0,"The teapot, almost invisible behind a fern, its lid slightly ajar, releasing a faint mist of steam that condenses into tiny, dew-like droplets on the windowsill, where a small, leather-bound book lies, its pages fluttering softly in the breeze that stirs, rust"
steer_alpha_0p77_c8_tok100_seed02_a_plastic_folder_in_the_drawer.json,steer_alpha_0p77,experiments/frontier_sweep_mundane_matched_alpha0_smoke/steer_alpha_0p77_c8_tok100_seed02_a_plastic_folder_in_the_drawer.json,2,4,0,0.8516699455038561,0.0,0.44523928313340083,0.0,0.0,0.0,0.0,0.7420654718890014,0.19999999999999998,0.9100000000000001,0.0,0.3333333333333333,3.3333333333333335,porcelain,0.3333333333333333,3.3333333333333335,porcelain,0.0,0.0,,0.5,porcelain,0.75,0.25,plastic; folder; the; drawer; now; greenhouse; contains; teapot; and; plays; melanchy; tune,the; now; teapot,0.0,0.0,0.0,0,0,"The porcelain teapot, once a vibrant, electric blue, now sits on a small, worn, wooden stool, next to a tiny, overgrown, Victorian-era orchid, its petals softly unfolding like a lotus, as morning dew glistens on its leaves."
steer_alpha_0p77_c8_tok100_seed02_a_plastic_folder_in_the_drawer.json,steer_alpha_0p77,experiments/frontier_sweep_mundane_matched_alpha0_smoke/steer_alpha_0p77_c8_tok100_seed02_a_plastic_folder_in_the_drawer.json,2,5,0,0.5787183309441783,0.004567854685990339,0.41779158713326264,0.013333333333333334,0.0,0.0,0.06666666666666667,0.696319311888771,0.19999999999999998,0.9100000000000001,0.0,0.6666666666666666,5.555555555555555,leather-bound; music box,0.6666666666666666,5.555555555555555,leather-bound; music box,0.0,0.0,,1.0,leather-bound; music box,0.25,0.75,plastic; folder; the; drawer; now; greenhouse; contains; teapot; and; plays; melanchy; tune,the,0.0,0.0,0.0,0,0,"On the lid of the music box, a small, leather-bound book lies open, its pages fluttering gently in the faint, morning breeze that stirs the parched, dry soil of a tiny, forgotten garden, where a tiny, copper kettle whistles a faint, soothing melody."
steer_alpha_0p77_c8_tok100_seed02_a_plastic_folder_in_the_drawer.json,steer_alpha_0p77,experiments/frontier_sweep_mundane_matched_alpha0_smoke/steer_alpha_0p77_c8_tok100_seed02_a_plastic_folder_in_the_drawer.json,2,6,0,0.342653193240005,0.0,0.4745135841962194,0.0,0.0,0.0,0.0,0.8953086494268291,0.05999999999999997,0.9730000000000001,0.0,0.6666666666666666,5.2631578947368425,leather-bound; mist,0.3333333333333333,2.6315789473684212,leather-bound,0.3333333333333333,2.6315789473684212,mist,0.5,leather-bound,0.5,0.5,plastic; folder; the; drawer; now; greenhouse; contains; teapot; and; plays; melanchy; tune,the; teapot,0.0,0.0,0.0,0,0,"A small, leather-bound book, adorned with tiny, silver filigework, sits next to the teapot, its pages slightly ajar, where a sprig of dried, silver-green ivy, its leaves curling like tiny, lace-like fingers, slowly unfurls, releasing a faint, morning mist."
steer_alpha_0p77_c8_tok100_seed02_a_plastic_folder_in_the_drawer.json,steer_alpha_0p77,experiments/frontier_sweep_mundane_matched_alpha0_smoke/steer_alpha_0p77_c8_tok100_seed02_a_plastic_folder_in_the_drawer.json,2,7,0,0.47095645506012174,0.0033624323635837307,0.40119931610942244,0.009523809523809525,0.0,0.0,0.047619047619047616,0.6686655268490375,0.19999999999999998,0.9100000000000001,0.0,1.0,6.122448979591836,leather-bound; miniature; music box,1.0,6.122448979591836,leather-bound; miniature; music box,0.0,0.0,,1.0,leather-bound; miniature; music box,1.0,0.0,plastic; folder; the; drawer; now; greenhouse; contains; teapot; and; plays; melanchy; tune,the; drawer; teapot; and,0.3333333333333333,0.0,0.0,0,0,"A faint, morning light creeps through a crack in the drawer, illumining the teapot, which sits atop a tiny, ceramic saucer, surrounded by a miniature, moss and ferns, while the music box, its lid slightly ajar, emits a soft, golden light, where a small, leather-bound book lies open, its pages fluttering gently to the rhythm of the music."
steer_alpha_0p77_c8_tok100_seed02_a_plastic_folder_in_the_drawer.json,steer_alpha_0p77,experiments/frontier_sweep_mundane_matched_alpha0_smoke/steer_alpha_0p77_c8_tok100_seed02_a_plastic_folder_in_the_drawer.json,2,8,0,0.8905477821763046,0.004038922856668522,0.3694136759148039,0.013333333333333334,0.0,0.0,0.06666666666666667,0.6156894598580065,0.19999999999999998,0.9100000000000001,0.0,1.0,12.727272727272727,crystal; ethereal; fog; leather-bound; miniature; mist; music box,1.0,7.2727272727272725,crystal; leather-bound; miniature; music box,1.0,5.454545454545454,ethereal; fog; mist,1.0,crystal; leather-bound; miniature; music box,1.0,0.0,plastic; folder; the; drawer; now; greenhouse; contains; teapot; and; plays; melanchy; tune,the; drawer; teapot; and,0.0,0.0,0.0,0,0,"The music box, its tiny, lacquered lid slightly ajar, releases a faint mist of water, which, like a tiny, crystal, slowly crystallizes, forming a miniature, intricate, ice sculpture. As the frost on the lid of the teapot begins to melt, a tiny, leather-bound, leather-bound book slips out and falls, onto the miniature, fog that rises from the drawer, like a tiny, ethereal, foghorn."
steer_alpha_0p77_c8_tok100_seed02_a_plastic_folder_in_the_drawer.json,steer_alpha_0p77,experiments/frontier_sweep_mundane_matched_alpha0_smoke/steer_alpha_0p77_c8_tok100_seed02_a_plastic_folder_in_the_drawer.json,3,1,1,-0.6897893611155892,0.0913385463027523,0.20252449291075897,0.55,1.0,0.0,0.0,0.6368694745621352,0.05999999999999997,0.9730000000000001,0.0,1.0,11.428571428571429,crystal; delicate; fog; miniature,0.6666666666666666,5.714285714285714,crystal; miniature,0.6666666666666666,5.714285714285714,delicate; fog,0.75,crystal; miniature,1.0,0.0,plastic; folder; the; drawer; now; greenhouse; contains; teapot; and; plays; melanchy; tune,the; now; greenhouse; and,0.0,0.4,0.0,1,0,"As the last wisps of morning fog, now a damp, velvety curtain, slowly rises, the miniature greenhouse, now a tiny, delicate, crystal chandelier, suspended from a thin, filigework, refracts and reflects the first, pale, rose-colored light of dawn, its crystals"
steer_alpha_0p77_c8_tok100_seed02_a_plastic_folder_in_the_drawer.json,steer_alpha_0p77,experiments/frontier_sweep_mundane_matched_alpha0_smoke/steer_alpha_0p77_c8_tok100_seed02_a_plastic_folder_in_the_drawer.json,3,2,0,0.08740124639295482,0.07713009741954026,0.16029506101499033,0.5621212121212121,1.0,0.0,0.06060606060606061,0.4452640583749732,0.19999999999999998,0.9100000000000001,0.0,0.6666666666666666,5.128205128205129,leather-bound; music box,0.6666666666666666,5.128205128205129,leather-bound; music box,0.0,0.0,,1.0,leather-bound; music box,0.5,0.5,plastic; folder; the; drawer; now; greenhouse; contains; teapot; and; plays; melanchy; tune,the; and,0.2,0.4,0.0,1,0,"The music box's final, forgotten notes dissolve into the morning dew, where a small, leather-bound book, adorned with moss and a tiny, bronze automaton, slowly unfurls, revealing a map, creased and worn, with a winding path that disappears into a nearby, ancie"
steer_alpha_0p77_c8_tok100_seed02_a_plastic_folder_in_the_drawer.json,steer_alpha_0p77,experiments/frontier_sweep_mundane_matched_alpha0_smoke/steer_alpha_0p77_c8_tok100_seed02_a_plastic_folder_in_the_drawer.json,3,3,0,-0.40438968981595885,0.06442147391991569,0.1377999442137234,0.55,1.0,0.0,0.0,0.45933314737907804,0.0,1.0,0.0,0.6666666666666666,5.714285714285714,ethereal; lullaby,0.3333333333333333,2.857142857142857,lullaby,0.3333333333333333,2.857142857142857,ethereal,0.375,lullaby,1.0,0.0,plastic; folder; the; drawer; now; greenhouse; contains; teapot; and; plays; melanchy; tune,the; drawer; now; and,0.16666666666666666,0.4,0.0,1,0,"The drawer, now a whimsical, Victorian-style armoire, sits on a dusty, old, stone floor, where a small, overgrown, brass fiddle, its bellows inflating and deflating with each gentle, lullaby-like breeze, emits a soft, ethereal hum, as morning light, filtered t"
steer_alpha_0p77_c8_tok100_seed02_a_plastic_folder_in_the_drawer.json,steer_alpha_0p77,experiments/frontier_sweep_mundane_matched_alpha0_smoke/steer_alpha_0p77_c8_tok100_seed02_a_plastic_folder_in_the_drawer.json,3,4,0,0.017301897949554557,0.06488217698032951,0.14122927399859636,0.5602564102564103,1.0,0.0,0.05128205128205128,0.44411721383206404,0.05999999999999997,0.9730000000000001,0.0,1.0,8.823529411764707,delicate; miniature; music box,0.6666666666666666,5.882352941176471,miniature; music box,0.3333333333333333,2.9411764705882355,delicate,1.0,miniature; music box,1.0,0.0,plastic; folder; the; drawer; now; greenhouse; contains; teapot; and; plays; melanchy; tune,the; now; greenhouse; and,0.0,0.4,0.0,1,0,"As the last, faint notes of the music box fade, the miniature greenhouse, now a tiny, delicate, gemstone-encrusted, copper kettles, begins to steam, releasing a wispy tendril of steam that, like a tendril, curls and stretches, wrapping itself around a small, l"
steer_alpha_0p77_c8_tok100_seed02_a_plastic_folder_in_the_drawer.json,steer_alpha_0p77,experiments/frontier_sweep_mundane_matched_alpha0_smoke/steer_alpha_0p77_c8_tok100_seed02_a_plastic_folder_in_the_drawer.json,3,5,0,-0.7037579834216605,0.06280453321973095,0.13925617121891562,0.55,1.0,0.0,0.0,0.43791248810979755,0.05999999999999997,0.9730000000000001,0.0,1.0,9.090909090909092,delicate; miniature; porcelain,0.6666666666666666,6.0606060606060606,miniature; porcelain,0.3333333333333333,3.0303030303030303,delicate,0.9,miniature; porcelain,1.0,0.0,plastic; folder; the; drawer; now; greenhouse; contains; teapot; and; plays; melanchy; tune,the; drawer; now; and,0.0,0.4,0.0,1,0,"The drawer, now a lush, Victorian-era inspired, moss-covered, copper radiator, its pipes and valves transformed into a miniature, steam-powered, orrery, where a tiny, astrolabe rotates, tracing the shadow of a delicate, porcelain, filigeworked, silver moon, as"
steer_alpha_0p77_c8_tok100_seed02_a_plastic_folder_in_the_drawer.json,steer_alpha_0p77,experiments/frontier_sweep_mundane_matched_alpha0_smoke/steer_alpha_0p77_c8_tok100_seed02_a_plastic_folder_in_the_drawer.json,3,6,0,0.365536592514435,0.1428463070021982,0.19621745467334914,0.8,1.0,1.0,0.0,0.6170360209853747,0.05999999999999997,0.9730000000000001,0.0,1.0,8.823529411764707,antique; delicate; velvet,0.6666666666666666,5.882352941176471,antique; velvet,0.3333333333333333,2.9411764705882355,delicate,0.75,antique; velvet,0.5,0.5,plastic; folder; the; drawer; now; greenhouse; contains; teapot; and; plays; melanchy; tune,now; greenhouse,0.5,0.4,0.0,1,1,"A small, antique clock, its delicate, gilded hands, now a tiny, mechanical, inverted greenhouse, cradles a dormant, velvet-soft, emerald- green, potted cactus, its tiny, thorns etched with tiny, silver, engravings that slowly, incrementally, unfurl, as morning"
steer_alpha_0p77_c8_tok100_seed02_a_plastic_folder_in_the_drawer.json,steer_alpha_0p77,experiments/frontier_sweep_mundane_matched_alpha0_smoke/steer_alpha_0p77_c8_tok100_seed02_a_plastic_folder_in_the_drawer.json,3,7,0,0.7257891463024415,0.06829677180841351,0.14071331683757146,0.5611111111111111,1.0,0.0,0.05555555555555555,0.39087032454880966,0.19999999999999998,0.9100000000000001,0.0,1.0,13.513513513513514,antique; delicate; leather-bound; miniature; music box,1.0,10.81081081081081,antique; leather-bound; miniature; music box,0.3333333333333333,2.7027027027027026,delicate,1.0,antique; leather-bound; miniature; music box,0.75,0.25,plastic; folder; the; drawer; now; greenhouse; contains; teapot; and; plays; melanchy; tune,the; now; greenhouse,0.25,0.4,0.0,1,0,"The miniature greenhouse, now a delicate, filigework latticework, supports a tiny, antique clock, its gears ticking away, marking the passage of time as the music box's final notes fade into the morning, where a small, leather-bound, leather-bound book lies, a"
steer_alpha_0p77_c8_tok100_seed02_a_plastic_folder_in_the_drawer.json,steer_alpha_0p77,experiments/frontier_sweep_mundane_matched_alpha0_smoke/steer_alpha_0p77_c8_tok100_seed02_a_plastic_folder_in_the_drawer.json,3,8,0,0.28828981232934364,0.0,0.15842113149847095,0.0,0.0,0.0,0.0,0.44005869860686375,0.19999999999999998,0.9100000000000001,0.0,0.6666666666666666,5.714285714285714,leather-bound; miniature,0.6666666666666666,5.714285714285714,leather-bound; miniature,0.0,0.0,,0.9,leather-bound; miniature,0.25,0.75,plastic; folder; the; drawer; now; greenhouse; contains; teapot; and; plays; melanchy; tune,and,0.0,0.4,0.0,0,0,"A small, leather-bound book, worn and cracked, sits on a dusty, old, wooden bench, beside a miniature, copper kettle, its lid slightly ajar, steam hissing, as morning sunlight slowly seeps through a crack, casting a thin, latticework of frost, and a small, for"
steer_alpha_0p82_c8_tok100_seed02_a_plastic_folder_in_the_drawer.json,steer_alpha_0p82,experiments/frontier_sweep_mundane_matched_alpha0_smoke/steer_alpha_0p82_c8_tok100_seed02_a_plastic_folder_in_the_drawer.json,1,1,1,0.8867627232385933,0.19718170942600116,0.39813240562525465,0.5666666666666668,1.0,0.0,0.08333333333333333,0.6635540093754244,0.19999999999999998,0.9100000000000001,0.0,1.0,9.803921568627452,antique; delicate; miniature; music box; porcelain,1.0,7.8431372549019605,antique; miniature; music box; porcelain,0.3333333333333333,1.9607843137254901,delicate,1.0,antique; miniature; music box; porcelain,0.5,0.5,plastic; folder; the; drawer,folder; the,0.3,0.0,0.0,1,0,"The dusty folder, now a miniature greenhouse, holds a bouquet of wilted orchids, its lid slightly ajar, as a forgotten saucer, once a teacup, now serves as a tiny, delicate cradle for two small, antique music box, its tin lid covered in moss and a few forgotten, water-stained, hand-painted miniature of a city, where a miniature, porcelain bridge spans a frozen, miniature river."
steer_alpha_0p82_c8_tok100_seed02_a_plastic_folder_in_the_drawer.json,steer_alpha_0p82,experiments/frontier_sweep_mundane_matched_alpha0_smoke/steer_alpha_0p82_c8_tok100_seed02_a_plastic_folder_in_the_drawer.json,1,2,0,-1.0009816520940027,0.08962603951920291,0.418813268781322,0.25,0.0,1.0,0.0,0.6980221146355368,0.19999999999999998,0.9100000000000001,0.0,0.3333333333333333,2.6315789473684212,leather-bound,0.3333333333333333,2.6315789473684212,leather-bound,0.0,0.0,,0.5,leather-bound,0.25,0.75,plastic; folder; the; drawer,the,0.2,0.0,0.0,0,2,"A small, leather-bound book, adorned with intricate gold filigework, lies open on a cluttered, old-fashioned desk, beside a half-empty bottle of whiskey and a stack of yellowing letters, tied with a faded ribbon, the letters bearing a single, unfamiliar name: ""Emmeline""."
steer_alpha_0p82_c8_tok100_seed02_a_plastic_folder_in_the_drawer.json,steer_alpha_0p82,experiments/frontier_sweep_mundane_matched_alpha0_smoke/steer_alpha_0p82_c8_tok100_seed02_a_plastic_folder_in_the_drawer.json,1,3,0,-1.0943336198994067,0.06483758256880734,0.13771788990825687,0.55,1.0,0.0,0.0,0.45905963302752295,0.0,1.0,0.0,1.0,15.151515151515152,antique; delicate; leather-bound; miniature; pocket watch,1.0,12.121212121212121,antique; leather-bound; miniature; pocket watch,0.3333333333333333,3.0303030303030303,delicate,1.0,antique; leather-bound; miniature; pocket watch,0.75,0.25,plastic; folder; the; drawer,plastic; folder; the,0.2,0.4,0.0,1,0,"The plastic folder, now a miniature greenhouse, cradles a small, parched cactus, as a delicate, filigework of ferns, each with a tiny, antique pocket watch, slowly unravels a miniature, silver river that trickles with dew, and a forgotten, leather-bound book s"
steer_alpha_0p82_c8_tok100_seed02_a_plastic_folder_in_the_drawer.json,steer_alpha_0p82,experiments/frontier_sweep_mundane_matched_alpha0_smoke/steer_alpha_0p82_c8_tok100_seed02_a_plastic_folder_in_the_drawer.json,1,4,0,0.35657440257626716,0.014801353053007496,0.4214754447045067,0.041025641025641026,0.0,0.0,0.20512820512820512,0.7024590745075112,0.19999999999999998,0.9100000000000001,0.0,1.0,11.627906976744185,antique; delicate; leather-bound; lullaby; music box,1.0,9.30232558139535,antique; leather-bound; lullaby; music box,0.3333333333333333,2.3255813953488373,delicate,1.0,antique; leather-bound; lullaby; music box,0.75,0.25,plastic; folder; the; drawer,folder; the; drawer,0.2,0.0,0.0,0,0,"A small, leather-bound book slides out, open to a page with a delicate, hand- illustrated map of a city, its streets and buildings twisted and curling like a snake, as the folder, now empty, lies on the floor, a small, antique music box, once a part of the drawer, now serenets a soft, lullaby."
steer_alpha_0p82_c8_tok100_seed02_a_plastic_folder_in_the_drawer.json,steer_alpha_0p82,experiments/frontier_sweep_mundane_matched_alpha0_smoke/steer_alpha_0p82_c8_tok100_seed02_a_plastic_folder_in_the_drawer.json,1,5,0,0.4219805058165178,0.005040350699186992,0.44161951219512197,0.013333333333333334,0.0,0.0,0.06666666666666667,0.7360325203252033,0.19999999999999998,0.9100000000000001,0.0,0.6666666666666666,5.555555555555555,delicate; music box,0.3333333333333333,2.7777777777777777,music box,0.3333333333333333,2.7777777777777777,delicate,0.625,music box,0.5,0.5,plastic; folder; the; drawer,folder; the,0.2,0.0,0.0,0,0,"The folder, once a pristine white, now stained with rust, its metal clasps now a tangle of twisted, corroed hands, grasping for a forgotten city, where a streetlamp, once a tiny, delicate music box, now plays a melancholy tune that weeps in the rain."
steer_alpha_0p82_c8_tok100_seed02_a_plastic_folder_in_the_drawer.json,steer_alpha_0p82,experiments/frontier_sweep_mundane_matched_alpha0_smoke/steer_alpha_0p82_c8_tok100_seed02_a_plastic_folder_in_the_drawer.json,1,6,0,-2.4650995120406884,0.0,0.3549516548634196,0.0,0.0,0.0,0.0,0.7099033097268392,0.0,1.0,0.0,0.6666666666666666,6.666666666666667,antique; leather-bound,0.6666666666666666,6.666666666666667,antique; leather-bound,0.0,0.0,,0.875,antique; leather-bound,0.0,1.0,plastic; folder; the; drawer,,0.4,0.0,0.0,0,0,"In a small, cluttered antique shop, a wooden clock ticks in rhythm with a worn, leather-bound book, its creaking slowly opening to reveal a forgotten letter, its creased and faded, with a single, folded paper tucked within."
steer_alpha_0p82_c8_tok100_seed02_a_plastic_folder_in_the_drawer.json,steer_alpha_0p82,experiments/frontier_sweep_mundane_matched_alpha0_smoke/steer_alpha_0p82_c8_tok100_seed02_a_plastic_folder_in_the_drawer.json,1,7,0,0.8210170976603208,0.0,0.4306990338164251,0.0,0.0,0.0,0.0,0.7178317230273752,0.19999999999999998,0.9100000000000001,0.0,1.0,6.521739130434782,doll; melancholic; porcelain,0.6666666666666666,4.3478260869565215,doll; porcelain,0.3333333333333333,2.1739130434782608,melancholic,0.875,doll; porcelain,0.5,0.5,plastic; folder; the; drawer,folder; the,0.2,0.0,0.0,0,0,"The folder, once a tidy and organized home for receipts and ancient library of yellowed papers, now lies askew, its flimsy metal clasps now a mangled, twisted mess, as a small, porcelain doll, once a prized possession of a young girl, sits, its blue painted eyes watching, its cracked lips once a perpetual, melancholic smile."
steer_alpha_0p82_c8_tok100_seed02_a_plastic_folder_in_the_drawer.json,steer_alpha_0p82,experiments/frontier_sweep_mundane_matched_alpha0_smoke/steer_alpha_0p82_c8_tok100_seed02_a_plastic_folder_in_the_drawer.json,1,8,0,-1.5140527764741303,0.0017993201710779143,0.1576507159238827,0.013333333333333334,0.0,0.0,0.06666666666666667,0.43791865534411867,0.19999999999999998,0.9100000000000001,0.0,1.0,14.705882352941176,antique; crystal; delicate; miniature; music box,1.0,11.764705882352942,antique; crystal; miniature; music box,0.3333333333333333,2.9411764705882355,delicate,1.0,antique; ballerina; crystal; miniature; music box,0.0,1.0,plastic; folder; the; drawer,,0.2,0.4,0.0,0,0,"A small, antique music box, intricately carved with a delicate baller, slowly opens, revealing a miniature, forgotten ballerina, its tutu a tangle of silver and crystal, suspended in mid-pair with a tiny, bespectaced pianist, a miniature top hat perches beside"
steer_alpha_0p82_c8_tok100_seed02_a_plastic_folder_in_the_drawer.json,steer_alpha_0p82,experiments/frontier_sweep_mundane_matched_alpha0_smoke/steer_alpha_0p82_c8_tok100_seed02_a_plastic_folder_in_the_drawer.json,2,1,1,1.133223656744919,0.11991216034195162,0.228476647206005,0.5583333333333333,1.0,0.0,0.041666666666666664,0.6346573533500139,0.19999999999999998,0.9100000000000001,0.0,1.0,13.88888888888889,crystal; leather-bound; miniature; music box; ornate,1.0,13.88888888888889,crystal; leather-bound; miniature; music box; ornate,0.0,0.0,,1.0,crystal; leather-bound; miniature; music box; ornate,1.0,0.0,plastic; folder; the; drawer; now; greenhouse; holds; bouquet; wilted; orchids; its; lid,the; now; its; lid,0.6666666666666666,0.4,0.0,2,0,"The forgotten music box, now a tiny, moss-covered, golem, its tin lid slightly ajar, as a miniature, ornate, Victorian-style, wooden door creaks open, revealing a tiny, dusty, crystal chandelier, its crystals, now a tangle of ivy and a small, leather-bound, le"
steer_alpha_0p82_c8_tok100_seed02_a_plastic_folder_in_the_drawer.json,steer_alpha_0p82,experiments/frontier_sweep_mundane_matched_alpha0_smoke/steer_alpha_0p82_c8_tok100_seed02_a_plastic_folder_in_the_drawer.json,2,2,0,-1.2112050177320557,0.08677988986547089,0.17402384331311005,0.5666666666666668,1.0,0.0,0.08333333333333333,0.5472447902927988,0.05999999999999997,0.9730000000000001,0.0,1.0,11.764705882352942,miniature; music box; ornate; porcelain,1.0,11.764705882352942,miniature; music box; ornate; porcelain,0.0,0.0,,1.0,miniature; music box; ornate; porcelain,0.5,0.5,plastic; folder; the; drawer; now; greenhouse; holds; bouquet; wilted; orchids; its; lid,now; its,0.3333333333333333,0.4,0.0,1,0,"A small, Victorian-style music box, its intricate, mother-of- penny, now a tiny, moss-covered, moss and a few forgotten, water-stained, hand-painted miniature of a city, where a miniature, porcelain bridge spans a frozen, miniature, a small, ornate, copper, wh"
steer_alpha_0p82_c8_tok100_seed02_a_plastic_folder_in_the_drawer.json,steer_alpha_0p82,experiments/frontier_sweep_mundane_matched_alpha0_smoke/steer_alpha_0p82_c8_tok100_seed02_a_plastic_folder_in_the_drawer.json,2,3,0,-0.6987801619910499,0.07634297514572318,0.16714229242581988,0.5570175438596492,1.0,0.0,0.03508771929824561,0.5571409747527329,0.0,1.0,0.0,1.0,11.764705882352942,delicate; miniature; music box; porcelain,1.0,8.823529411764707,miniature; music box; porcelain,0.3333333333333333,2.9411764705882355,delicate,1.0,miniature; music box; porcelain,0.75,0.25,plastic; folder; the; drawer; now; greenhouse; holds; bouquet; wilted; orchids; its; lid,the; now; its,0.0,0.4,0.0,2,0,"Beyond the saucer, a delicate, gilded, porcelain music box, now a tiny, moss-covered, moss-covered fountain, its delicate, porcelain spout, now a tiny, gilded, Gothic-arched, wooden door, creaks open, revealing a miniature, overgrown, copper, Victorian-era, gr"
steer_alpha_0p82_c8_tok100_seed02_a_plastic_folder_in_the_drawer.json,steer_alpha_0p82,experiments/frontier_sweep_mundane_matched_alpha0_smoke/steer_alpha_0p82_c8_tok100_seed02_a_plastic_folder_in_the_drawer.json,2,4,0,0.30875219873688825,0.0,0.19001871939502882,0.0,0.0,0.0,0.0,0.6333957313167627,0.0,1.0,0.0,0.3333333333333333,2.9411764705882355,delicate,0.0,0.0,,0.3333333333333333,2.9411764705882355,delicate,0.0,,0.5,0.5,plastic; folder; the; drawer; now; greenhouse; holds; bouquet; wilted; orchids; its; lid,the; now,0.25,0.4,0.0,0,0,"A small, forgotten key, half-buried in the damp, moss-covered stone, slowly, a tiny, delicate, mechanical bird, with coppery, gilded wings, stirs, and takes flight, as a nearby, overgrown, copper kettle, once a chimney, now serves as a tiny, delicate, porcelai"
steer_alpha_0p82_c8_tok100_seed02_a_plastic_folder_in_the_drawer.json,steer_alpha_0p82,experiments/frontier_sweep_mundane_matched_alpha0_smoke/steer_alpha_0p82_c8_tok100_seed02_a_plastic_folder_in_the_drawer.json,2,5,0,1.1823137954444158,0.0,0.21437661191346927,0.0,0.0,0.0,0.0,0.5954905886485258,0.19999999999999998,0.9100000000000001,0.0,1.0,8.571428571428571,leather-bound; miniature; mist,0.6666666666666666,5.714285714285714,leather-bound; miniature,0.3333333333333333,2.857142857142857,mist,0.9,leather-bound; miniature,0.25,0.75,plastic; folder; the; drawer; now; greenhouse; holds; bouquet; wilted; orchids; its; lid,the,0.0,0.4,0.0,0,0,"A faint, morning mist, suspended, above the miniature, a tiny, ceramic, and a small, leather-bound, leather-bound book, with yellowed, golden filigework, lies open, revealing a page with a watercolor, of a moon, where a small, gargo-like, granite statue, with"
steer_alpha_0p82_c8_tok100_seed02_a_plastic_folder_in_the_drawer.json,steer_alpha_0p82,experiments/frontier_sweep_mundane_matched_alpha0_smoke/steer_alpha_0p82_c8_tok100_seed02_a_plastic_folder_in_the_drawer.json,2,6,0,-2.104590315282166,0.0,0.1820291233685729,0.0,0.0,0.0,0.0,0.6067637445619097,0.0,1.0,0.0,1.0,10.81081081081081,delicate; leather-bound; ornate; porcelain,1.0,8.108108108108109,leather-bound; ornate; porcelain,0.3333333333333333,2.7027027027027026,delicate,1.0,leather-bound; ornate; porcelain,0.5,0.5,plastic; folder; the; drawer; now; greenhouse; holds; bouquet; wilted; orchids; its; lid,now; its,0.0,0.4,0.0,0,0,"A small, ornate, copper kettle, its surface tarned and worn, slowly drips a single, dew-kissed teapot, its spout now a tiny, delicate, porcelain flower, and a faded, leather-bound, leather cobbler, once a workbench, now cradles a small, ornate, wooden music bo"
steer_alpha_0p82_c8_tok100_seed02_a_plastic_folder_in_the_drawer.json,steer_alpha_0p82,experiments/frontier_sweep_mundane_matched_alpha0_smoke/steer_alpha_0p82_c8_tok100_seed02_a_plastic_folder_in_the_drawer.json,2,7,0,0.038352278545826846,0.0007724710701484896,0.1483709677419355,0.006349206349206349,0.0,0.0,0.031746031746031744,0.49456989247311833,0.0,1.0,0.0,1.0,19.35483870967742,crystal; delicate; ivory; miniature; music box; porcelain,1.0,16.129032258064516,crystal; ivory; miniature; music box; porcelain,0.3333333333333333,3.225806451612903,delicate,1.0,crystal; ivory; miniature; music box; porcelain,0.5,0.5,plastic; folder; the; drawer; now; greenhouse; holds; bouquet; wilted; orchids; its; lid,the; now,0.0,0.4,0.0,0,0,"Inside the music box, a small, crystal of clear ice, formed overnight, and a miniature, ivory figurine, once a piano, now serves as a tiny, delicate, filigework, a tiny, porcelain, delicate, filigework, a small, porcelain, delicate, filigework, a tiny, delicat"
steer_alpha_0p82_c8_tok100_seed02_a_plastic_folder_in_the_drawer.json,steer_alpha_0p82,experiments/frontier_sweep_mundane_matched_alpha0_smoke/steer_alpha_0p82_c8_tok100_seed02_a_plastic_folder_in_the_drawer.json,2,8,0,0.09546864990383774,0.00015720009510769995,0.025880503462853043,0.007407407407407408,0.0,0.0,0.037037037037037035,0.287561149587256,0.19999999999999998,0.9100000000000001,0.0,1.0,11.764705882352942,doll; music box; ornate; porcelain,1.0,11.764705882352942,doll; music box; ornate; porcelain,0.0,0.0,,1.0,doll; music box; ornate; porcelain,0.5,0.5,plastic; folder; the; drawer; now; greenhouse; holds; bouquet; wilted; orchids; its; lid,holds; its,0.0,0.85,0.0,0,0,"A small, old, ornate, wooden desk, in a small, dimly lit, abandoned room, its surface, once a canvas for a half-finished, watercolor of a dreamscape, where a small, porcelain doll, with a cracked, porcelain face, holds a tiny, golden, filigework music box, its"
steer_alpha_0p82_c8_tok100_seed02_a_plastic_folder_in_the_drawer.json,steer_alpha_0p82,experiments/frontier_sweep_mundane_matched_alpha0_smoke/steer_alpha_0p82_c8_tok100_seed02_a_plastic_folder_in_the_drawer.json,3,1,1,-1.1847620947293822,0.233243366851595,0.4511477115117892,0.55,1.0,0.0,0.0,0.9022954230235783,0.0,0.803375,0.0,1.0,17.647058823529413,antique; miniature; ornate,1.0,17.647058823529413,antique; miniature; ornate,0.0,0.0,,1.0,antique; miniature; ornate,0.25,0.75,plastic; folder; the; drawer; now; greenhouse; holds; bouquet; wilted; orchids; its; lid,now,0.6666666666666666,0.0,0.0,1,0,"A small, antique, ornate, metal, andirin, now a miniature, moss-covered, and a few, forgotten, water-stained, hand-paint"
steer_alpha_0p82_c8_tok100_seed02_a_plastic_folder_in_the_drawer.json,steer_alpha_0p82,experiments/frontier_sweep_mundane_matched_alpha0_smoke/steer_alpha_0p82_c8_tok100_seed02_a_plastic_folder_in_the_drawer.json,3,2,0,0.1020508320975449,0.10577499705882355,0.21133865546218492,0.55,1.0,0.0,0.0,0.5870518207282914,0.19999999999999998,0.9100000000000001,0.0,1.0,8.823529411764707,crystal; leather-bound; miniature,1.0,8.823529411764707,crystal; leather-bound; miniature,0.0,0.0,,1.0,crystal; leather-bound; miniature,0.5,0.5,plastic; folder; the; drawer; now; greenhouse; holds; bouquet; wilted; orchids; its; lid,now; its,0.5,0.4,0.0,1,0,"A small, Victorian-style, wooden door creaks open, revealing a tiny, dusty, crystal chandelier, its crystals, now a tangle of ivy and a small, leather-bound, leather, worn, and almost forgotten, miniature, Gothic-style, stained glass, depicting a Gothic, stone"
steer_alpha_0p82_c8_tok100_seed02_a_plastic_folder_in_the_drawer.json,steer_alpha_0p82,experiments/frontier_sweep_mundane_matched_alpha0_smoke/steer_alpha_0p82_c8_tok100_seed02_a_plastic_folder_in_the_drawer.json,3,3,0,-2.0441354823569355,0.08066038095238094,0.16665367965367964,0.55,1.0,0.0,0.0,0.5555122655122655,0.0,1.0,0.0,1.0,10.714285714285714,crystal; delicate; miniature,0.6666666666666666,7.142857142857143,crystal; miniature,0.3333333333333333,3.5714285714285716,delicate,0.75,crystal; miniature,0.75,0.25,plastic; folder; the; drawer; now; greenhouse; holds; bouquet; wilted; orchids; its; lid,the; now; its,0.3333333333333333,0.4,0.0,2,0,"The crystal chandelier, now a moss-covered, golem, slowly, a small, delicate, Victorian-style, ironwork, and a miniature, delicate, filigework, a tiny, forgotten, steam engine, its metal, now a tiny, moss-covered, gole"
steer_alpha_0p82_c8_tok100_seed02_a_plastic_folder_in_the_drawer.json,steer_alpha_0p82,experiments/frontier_sweep_mundane_matched_alpha0_smoke/steer_alpha_0p82_c8_tok100_seed02_a_plastic_folder_in_the_drawer.json,3,4,0,-0.2620999583466807,0.05648936533324341,0.1187374993867439,0.55,1.0,0.0,0.0,0.37338836285139587,0.05999999999999997,0.9730000000000001,0.0,1.0,11.764705882352942,antique; delicate; porcelain; velvet,1.0,8.823529411764707,antique; porcelain; velvet,0.3333333333333333,2.9411764705882355,delicate,1.0,antique; porcelain; velvet,0.75,0.25,plastic; folder; the; drawer; now; greenhouse; holds; bouquet; wilted; orchids; its; lid,the; now; its,0.25,0.4,0.0,3,0,"A delicate, antique clock, partially hidden behind a tattered, velvet curtain, its intricate, brass face slowly, as the clock, now a small, moss-covered, stone, its hands, now a pair of, slender, porcelain, maenad, which, as the clock, now a fragile, porcelain"
steer_alpha_0p82_c8_tok100_seed02_a_plastic_folder_in_the_drawer.json,steer_alpha_0p82,experiments/frontier_sweep_mundane_matched_alpha0_smoke/steer_alpha_0p82_c8_tok100_seed02_a_plastic_folder_in_the_drawer.json,3,5,0,-0.4535221044569035,0.048437430199054464,0.10740006696020944,0.55,1.0,0.0,0.0,0.35800022320069813,0.0,1.0,0.0,1.0,11.764705882352942,crystal; delicate; leather-bound; miniature,1.0,8.823529411764707,crystal; leather-bound; miniature,0.3333333333333333,2.9411764705882355,delicate,1.0,crystal; leather-bound; miniature,0.75,0.25,plastic; folder; the; drawer; now; greenhouse; holds; bouquet; wilted; orchids; its; lid,the; now; its,0.0,0.4,0.0,1,0,"A small, worn, leather-bound, old, wooden chair, polished to a sheen, sits beside the crystal chandelier, its worn, leather creaks softly as it shifts, its occupant, a tiny, old, leather-bound, Victorian-style, wooden door, now a miniature, delicate, filigewor"
steer_alpha_0p82_c8_tok100_seed02_a_plastic_folder_in_the_drawer.json,steer_alpha_0p82,experiments/frontier_sweep_mundane_matched_alpha0_smoke/steer_alpha_0p82_c8_tok100_seed02_a_plastic_folder_in_the_drawer.json,3,6,0,0.8234101226404489,0.06901889003115265,0.1426010124610592,0.55,1.0,0.0,0.0,0.3961139235029423,0.19999999999999998,0.9099841954022989,0.0,0.6666666666666666,6.25,crystal; leather-bound,0.6666666666666666,6.25,crystal; leather-bound,0.0,0.0,,0.85,crystal; leather-bound,0.5,0.5,plastic; folder; the; drawer; now; greenhouse; holds; bouquet; wilted; orchids; its; lid,now; its,0.3333333333333333,0.4,0.0,1,0,"a small, leather-bound, leather creaks open, slowly, as if in slow motion, to reveal a tiny, dusty, crystal chandelier, its crystals, now a tangle of ivy and a small, leather-bound, leather creaks open, slowly, as if in slow motion, to reveal a tiny, dusty, cr"
steer_alpha_0p82_c8_tok100_seed02_a_plastic_folder_in_the_drawer.json,steer_alpha_0p82,experiments/frontier_sweep_mundane_matched_alpha0_smoke/steer_alpha_0p82_c8_tok100_seed02_a_plastic_folder_in_the_drawer.json,3,7,0,0.2474590948332614,0.0,0.15111427856547122,0.0,0.0,0.0,0.0,0.4197618849040867,0.19999999999999998,0.9100000000000001,0.0,1.0,11.428571428571429,crystal; leather-bound; miniature; ornate,1.0,11.428571428571429,crystal; leather-bound; miniature; ornate,0.0,0.0,,1.0,crystal; leather-bound; miniature; ornate,0.75,0.25,plastic; folder; the; drawer; now; greenhouse; holds; bouquet; wilted; orchids; its; lid,the; now; its,0.25,0.4,0.0,0,0,"the crystal chandelier, its crystals now a tangle of ivy and a small, leather-bound, leather creaks open, slowly, as a tiny, forgotten, mechanical bird, with rusty, metal wings, slowly unfolds, its beak, once a miniature, ornate, Victorian-style, wooden door"
steer_alpha_0p82_c8_tok100_seed02_a_plastic_folder_in_the_drawer.json,steer_alpha_0p82,experiments/frontier_sweep_mundane_matched_alpha0_smoke/steer_alpha_0p82_c8_tok100_seed02_a_plastic_folder_in_the_drawer.json,3,8,0,0.2835424065387069,0.011334523819654184,0.022399573976619937,0.5560606060606061,1.0,0.0,0.030303030303030304,0.2817556475046532,0.05999999999999997,0.9730000000000001,0.0,1.0,15.151515151515152,antique; delicate; miniature; music box; velvet,1.0,12.121212121212121,antique; miniature; music box; velvet,0.3333333333333333,3.0303030303030303,delicate,1.0,antique; miniature; music box; velvet,1.0,0.0,plastic; folder; the; drawer; now; greenhouse; holds; bouquet; wilted; orchids; its; lid,now; holds; its; lid,0.5,0.85,0.0,2,0,"A small, intricately carved, Victorian-style, wooden door, now a planter, holds a tiny, delicate, brass, hourglass, its grains of sand, now a soft, moss, as a forgotten, antique, music box, its lid, now a miniature, delicate, filigework, a small, velvet, and a"
selector_alpha_0_c8_tok100_seed03_the_bus_was_ten_minutes_late.json,selector_alpha_0,experiments/frontier_sweep_mundane_matched_alpha0_smoke/selector_alpha_0_c8_tok100_seed03_the_bus_was_ten_minutes_late.json,1,1,1,-2.3000732453512622,0.0,0.37695945945945947,0.0,0.0,0.0,0.0,0.7539189189189189,0.0,0.8368175287356322,0.0,0.0,0.0,,0.0,0.0,,0.0,0.0,,0.0,,0.25,0.75,the; bus; was; ten; minutes; late,the,0.4,0.0,0.0,0,0,"It stood frozen in the abandoned station, its faded paint peeling off onto the dusty floor."
selector_alpha_0_c8_tok100_seed03_the_bus_was_ten_minutes_late.json,selector_alpha_0,experiments/frontier_sweep_mundane_matched_alpha0_smoke/selector_alpha_0_c8_tok100_seed03_the_bus_was_ten_minutes_late.json,1,2,0,-0.9395415301511351,0.0,0.4378883572567783,0.0,0.0,0.0,0.0,0.7298139287612972,0.19999999999999998,0.8077916666666667,0.0,0.0,0.0,,0.0,0.0,,0.0,0.0,,0.0,,0.5,0.5,the; bus; was; ten; minutes; late,the; bus,0.1,0.0,0.0,0,0,"It stood at the bus stop, its bright blue paint chipped and faded, a faded parking ticket still attached to its back wheel."
selector_alpha_0_c8_tok100_seed03_the_bus_was_ten_minutes_late.json,selector_alpha_0,experiments/frontier_sweep_mundane_matched_alpha0_smoke/selector_alpha_0_c8_tok100_seed03_the_bus_was_ten_minutes_late.json,1,3,0,-0.8295124205891053,0.017568604191750815,0.40391837444385054,0.051903856809524966,0.0,0.0,0.2595192840476248,0.6731972907397509,0.19999999999999998,0.9100000000000001,0.0,0.0,0.0,,0.0,0.0,,0.0,0.0,,0.0,,0.5,0.5,the; bus; was; ten; minutes; late,the; bus,0.1,0.0,0.0,0,0,"The bus driver's eyes darted from the rearview mirror to the clock on the dashboard as he navigated the narrow alleyway, weaving between dumpsters and old crates, to reach the dilapidated café where a peculiar package had been waiting for him."
selector_alpha_0_c8_tok100_seed03_the_bus_was_ten_minutes_late.json,selector_alpha_0,experiments/frontier_sweep_mundane_matched_alpha0_smoke/selector_alpha_0_c8_tok100_seed03_the_bus_was_ten_minutes_late.json,1,4,0,-0.7267260384933478,0.010724726938422262,0.4002929041269122,0.03197159723424149,0.0,0.0,0.15985798617120744,0.6671548402115204,0.19999999999999998,0.877,0.0,0.0,0.0,,0.0,0.0,,0.0,0.0,,0.0,,0.5,0.5,the; bus; was; ten; minutes; late,the; bus,0.1,0.0,0.0,0,0,"Rainwater accumulated on the bus's metal roof, mirroring the gray sky above, while the driver checked his watch for what felt like the hundredth time, his eyes lingering on the schedule pinned to the wall."
selector_alpha_0_c8_tok100_seed03_the_bus_was_ten_minutes_late.json,selector_alpha_0,experiments/frontier_sweep_mundane_matched_alpha0_smoke/selector_alpha_0_c8_tok100_seed03_the_bus_was_ten_minutes_late.json,1,5,0,-2.5622112257142122,0.010799378302228803,0.18924144221195333,0.06666666666666667,0.0,0.0,0.3333333333333333,0.6308048073731778,0.19999999999999998,0.9100000000000001,0.5,0.3333333333333333,2.1739130434782608,leather-bound,0.3333333333333333,2.1739130434782608,leather-bound,0.0,0.0,,0.5,leather-bound,0.5,0.5,the; bus; was; ten; minutes; late,the; bus,0.2,0.0,0.0,0,0,"As it stopped at the last stop on the deserted street, the bus's driver finally pulled out the worn leather-bound ticket book and began to scan the names, the worn ticket stubs, and the faint smudges of yesterday's signatures, while a stranger stood on the sidewalk, watching with a mixture of apathy and curiosity."
selector_alpha_0_c8_tok100_seed03_the_bus_was_ten_minutes_late.json,selector_alpha_0,experiments/frontier_sweep_mundane_matched_alpha0_smoke/selector_alpha_0_c8_tok100_seed03_the_bus_was_ten_minutes_late.json,1,6,0,-0.7244638987161516,0.00839210317051957,0.38330345103798147,0.025577277787393195,0.0,0.0,0.12788638893696597,0.6388390850633024,0.19999999999999998,0.9100000000000001,0.0,0.0,0.0,,0.0,0.0,,0.0,0.0,,0.0,,0.5,0.5,the; bus; was; ten; minutes; late,the; bus,0.2,0.0,0.0,0,0,"The rain-soaked pavement reflected the flickering streetlights, casting a distorted glow on the wet concrete as the bus rumbled to a stop, its tires hissing against the wet asphalt, the driver's eyes fixed on a crumpled receipt on the seat in front of him."
selector_alpha_0_c8_tok100_seed03_the_bus_was_ten_minutes_late.json,selector_alpha_0,experiments/frontier_sweep_mundane_matched_alpha0_smoke/selector_alpha_0_c8_tok100_seed03_the_bus_was_ten_minutes_late.json,1,7,0,-0.7068976034858385,0.0,0.3877934640522876,0.0,0.0,0.0,0.0,0.646322440087146,0.19999999999999998,0.9100000000000001,0.0,0.0,0.0,,0.0,0.0,,0.0,0.0,,0.0,,0.5,0.5,the; bus; was; ten; minutes; late,the; bus,0.1,0.0,0.0,0,0,"The bus driver, a woman with a worn leather jacket, sat with her back to the empty seats, sipping a cup of coffee, as the driver's console beeped and the rearview mirror's reflective surface rippled, casting her face in a distorted, funhouse-mirror image, while the bus's worn vinyl seats creaked in the gentle rocking motion."
selector_alpha_0_c8_tok100_seed03_the_bus_was_ten_minutes_late.json,selector_alpha_0,experiments/frontier_sweep_mundane_matched_alpha0_smoke/selector_alpha_0_c8_tok100_seed03_the_bus_was_ten_minutes_late.json,1,8,0,-0.9939938729822073,0.0,0.3636882997525627,0.0,0.0,0.0,0.0,0.6061471662542712,0.19999999999999998,0.9100000000000001,0.0,0.0,0.0,,0.0,0.0,,0.0,0.0,,0.0,,0.5,0.5,the; bus; was; ten; minutes; late,the; bus,0.2,0.0,0.0,0,0,"The conductor's worn leather satchel slumped against the door, its silver initials ""M.R."" almost invisible in the dim light of the cramped bus interior, as the driver's eyes flicked between the crowded seats and the chronometer on the dashboard."
selector_alpha_0_c8_tok100_seed03_the_bus_was_ten_minutes_late.json,selector_alpha_0,experiments/frontier_sweep_mundane_matched_alpha0_smoke/selector_alpha_0_c8_tok100_seed03_the_bus_was_ten_minutes_late.json,2,1,1,1.0426953361463753,0.008942398490522236,0.4263692212862133,0.025577277787393195,0.0,0.0,0.12788638893696597,0.7106153688103555,0.19999999999999998,0.877,0.0,0.3333333333333333,3.5714285714285716,fog,0.0,0.0,,0.3333333333333333,3.5714285714285716,fog,0.0,,0.75,0.25,the; bus; was; ten; minutes; late; stood; frozen; abandoned; station; its; paint,the; minutes; station,0.0,0.0,0.0,0,0,"The driver, a disheveled figure in a worn uniform, sat with his eyes fixed on the cracked dashboard, the minutes ticking by in stony silence as the night's fog began to seep into the station."
selector_alpha_0_c8_tok100_seed03_the_bus_was_ten_minutes_late.json,selector_alpha_0,experiments/frontier_sweep_mundane_matched_alpha0_smoke/selector_alpha_0_c8_tok100_seed03_the_bus_was_ten_minutes_late.json,2,2,0,-0.5575822220564706,0.014855918184923338,0.40763190141557937,0.044444444444444446,0.0,0.0,0.2222222222222222,0.679386502359299,0.19999999999999998,0.9100000000000001,0.0,0.0,0.0,,0.0,0.0,,0.0,0.0,,0.0,,0.75,0.25,the; bus; was; ten; minutes; late; stood; frozen; abandoned; station; its; paint,the; bus; station,0.0,0.0,0.0,0,0,"Flickering neon lights from the nearby diner spilled into the station, casting an eerie glow on the cracked asphalt, while the bus's broken air conditioning vent blew a weak sigh of stale air into the deserted platform."
selector_alpha_0_c8_tok100_seed03_the_bus_was_ten_minutes_late.json,selector_alpha_0,experiments/frontier_sweep_mundane_matched_alpha0_smoke/selector_alpha_0_c8_tok100_seed03_the_bus_was_ten_minutes_late.json,2,3,0,-0.10435235409281196,0.007512998723186925,0.4122987104187947,0.022222222222222223,0.0,0.0,0.1111111111111111,0.6871645173646578,0.19999999999999998,0.877,0.0,0.3333333333333333,3.0303030303030303,antique,0.3333333333333333,3.0303030303030303,antique,0.0,0.0,,0.375,antique,1.0,0.0,the; bus; was; ten; minutes; late; stood; frozen; abandoned; station; its; paint,the; bus; frozen; its,0.0,0.0,0.0,0,0,"As the last passenger disembarked, the bus's driver stepped out into the bright sunlight, his eyes fixed on the old, antique clock tower standing alone across the desolate square, its broken hands frozen at 3:45."
selector_alpha_0_c8_tok100_seed03_the_bus_was_ten_minutes_late.json,selector_alpha_0,experiments/frontier_sweep_mundane_matched_alpha0_smoke/selector_alpha_0_c8_tok100_seed03_the_bus_was_ten_minutes_late.json,2,4,0,-0.04444010075721061,0.0,0.43091917219836007,0.0,0.0,0.0,0.0,0.7181986203306001,0.19999999999999998,0.9100000000000001,0.0,0.0,0.0,,0.0,0.0,,0.0,0.0,,0.0,,1.0,0.0,the; bus; was; ten; minutes; late; stood; frozen; abandoned; station; its; paint,the; bus; stood; its,0.0,0.0,0.0,0,0,"A solitary suitcase, its worn leather handle still attached, stood next to the bus, its luggage compartment slightly ajar, revealing a ticket stub that had been stamped with a handwritten note that read: ""To the Island of Lost Things""."
selector_alpha_0_c8_tok100_seed03_the_bus_was_ten_minutes_late.json,selector_alpha_0,experiments/frontier_sweep_mundane_matched_alpha0_smoke/selector_alpha_0_c8_tok100_seed03_the_bus_was_ten_minutes_late.json,2,5,0,0.3269539332518847,0.0,0.42035120871637727,0.0,0.0,0.0,0.0,0.7005853478606288,0.19999999999999998,0.9100000000000001,0.0,0.0,0.0,,0.0,0.0,,0.0,0.0,,0.0,,1.0,0.0,the; bus; was; ten; minutes; late; stood; frozen; abandoned; station; its; paint,the; was; station; its,0.0,0.0,0.0,0,0,"The conductor's worn leather satchel, still slung over his shoulder, was now empty, its once-polished surface cracked and worn, its contents spilled out onto the floor, amidst the debris of the forgotten station."
selector_alpha_0_c8_tok100_seed03_the_bus_was_ten_minutes_late.json,selector_alpha_0,experiments/frontier_sweep_mundane_matched_alpha0_smoke/selector_alpha_0_c8_tok100_seed03_the_bus_was_ten_minutes_late.json,2,6,0,-0.3411915995569105,0.0,0.4097237116203242,0.0,0.0,0.0,0.0,0.6828728527005404,0.19999999999999998,0.9100000000000001,0.0,0.0,0.0,,0.0,0.0,,0.0,0.0,,0.0,,0.75,0.25,the; bus; was; ten; minutes; late; stood; frozen; abandoned; station; its; paint,the; was; its,0.0,0.0,0.0,0,0,"The air was thick with the scent of decay as the old ticket collector's stand creaked in the gentle breeze, its rusted chains tangled around a forgotten suitcase, its worn leather strap flapping limply in the stillness."
selector_alpha_0_c8_tok100_seed03_the_bus_was_ten_minutes_late.json,selector_alpha_0,experiments/frontier_sweep_mundane_matched_alpha0_smoke/selector_alpha_0_c8_tok100_seed03_the_bus_was_ten_minutes_late.json,2,7,0,-0.5675723314338195,0.0,0.19972346786248132,0.0,0.0,0.0,0.0,0.6657448928749378,0.19999999999999998,0.9100000000000001,0.5,0.0,0.0,,0.0,0.0,,0.0,0.0,,0.0,,1.0,0.0,the; bus; was; ten; minutes; late; stood; frozen; abandoned; station; its; paint,the; abandoned; station; paint,0.6,0.0,0.0,0,0,"The station's peeling paint had formed a canvas for a weathered notice, scribbled with the message 'Abandoned - Enter at Your Own Risk' in a handwriting that seemed to blend seamlessly with the paint's faded hues, the words slowly spreading like a virus across the wall."
selector_alpha_0_c8_tok100_seed03_the_bus_was_ten_minutes_late.json,selector_alpha_0,experiments/frontier_sweep_mundane_matched_alpha0_smoke/selector_alpha_0_c8_tok100_seed03_the_bus_was_ten_minutes_late.json,2,8,0,0.3761009806810831,0.0,0.38766688080602196,0.0,0.0,0.0,0.0,0.6461114680100366,0.19999999999999998,0.9100000000000001,0.0,0.0,0.0,,0.0,0.0,,0.0,0.0,,0.0,,1.0,0.0,the; bus; was; ten; minutes; late; stood; frozen; abandoned; station; its; paint,the; bus; was; stood,0.0,0.0,0.0,0,0,"A lone figure stood under the bus's motionless wheels, their feet scuffed and worn from walking the same route every day, their eyes fixed on the bus as if waiting for it to move, yet still, the figure remained rooted to the spot, as if their fate was inextricably linked to the bus's delayed departure."
selector_alpha_0_c8_tok100_seed03_the_bus_was_ten_minutes_late.json,selector_alpha_0,experiments/frontier_sweep_mundane_matched_alpha0_smoke/selector_alpha_0_c8_tok100_seed03_the_bus_was_ten_minutes_late.json,3,1,1,0.1005590040050246,0.01294133326571905,0.4455213091477051,0.03333333333333333,0.0,0.0,0.16666666666666666,0.7425355152461752,0.19999999999999998,0.9100000000000001,0.0,0.0,0.0,,0.0,0.0,,0.0,0.0,,0.0,,0.75,0.25,the; bus; was; ten; minutes; late; stood; frozen; abandoned; station; its; paint,the; bus; its,0.2857142857142857,0.0,0.0,0,0,"The bus's rear door creaked open, slowly revealing a narrow corridor that plunged into darkness, its worn linoleum floor covered in a fine layer of grime, a lone flickering fluorescent light casting eerie shadows on the peeling walls."
selector_alpha_0_c8_tok100_seed03_the_bus_was_ten_minutes_late.json,selector_alpha_0,experiments/frontier_sweep_mundane_matched_alpha0_smoke/selector_alpha_0_c8_tok100_seed03_the_bus_was_ten_minutes_late.json,3,2,0,0.9607416256439982,0.00956882003543974,0.42429311812549525,0.02666666666666667,0.0,0.0,0.13333333333333333,0.7071551968758254,0.19999999999999998,0.9100000000000001,0.0,0.3333333333333333,2.7027027027027026,fog,0.0,0.0,,0.3333333333333333,2.7027027027027026,fog,0.0,,1.0,0.0,the; bus; was; ten; minutes; late; stood; frozen; abandoned; station; its; paint,the; bus; was; its,0.14285714285714285,0.0,0.0,0,0,"The driver's gaze was interrupted by the sound of footsteps, heavy and uncertain, as a figure emerged from the darkness outside, its eyes fixed on the bus with a mixture of curiosity and desperation, the fog swirling around its feet like a living entity."
selector_alpha_0_c8_tok100_seed03_the_bus_was_ten_minutes_late.json,selector_alpha_0,experiments/frontier_sweep_mundane_matched_alpha0_smoke/selector_alpha_0_c8_tok100_seed03_the_bus_was_ten_minutes_late.json,3,3,0,0.4291686950642333,0.005942697799059471,0.38000000000000006,0.01826948413385228,0.0,0.0,0.0913474206692614,0.6333333333333334,0.19999999999999998,0.9100000000000001,0.0,0.6666666666666666,3.5714285714285716,faint glow; fog,0.0,0.0,,0.6666666666666666,3.5714285714285716,faint glow; fog,0.0,,0.75,0.25,the; bus; was; ten; minutes; late; stood; frozen; abandoned; station; its; paint,the; bus; station,0.2,0.0,0.0,0,0,"A faint glow emanated from the cracked dashboard, illuminating the driver's pale face as he clutched the steering wheel with a mixture of desperation and resignation, the soft hum of the bus's engines slowly rising to a gentle purr as he waited for the driver who never arrived. The fog swirled around him, tendrils curling around the station's rusted pillars like skeletal fingers."
selector_alpha_0_c8_tok100_seed03_the_bus_was_ten_minutes_late.json,selector_alpha_0,experiments/frontier_sweep_mundane_matched_alpha0_smoke/selector_alpha_0_c8_tok100_seed03_the_bus_was_ten_minutes_late.json,3,4,0,0.40330707985816594,0.009159930296042621,0.35862952646239554,0.029024413585588812,0.0,0.0,0.14512206792794405,0.5977158774373259,0.19999999999999998,0.9100000000000001,0.0,0.0,0.0,,0.0,0.0,,0.0,0.0,,0.0,,0.75,0.25,the; bus; was; ten; minutes; late; stood; frozen; abandoned; station; its; paint,the; station; paint,0.3333333333333333,0.0,0.0,0,0,"Rainwater dripped slowly from the cracked dashboard onto the driver's knees, pooling into a small, stagnant puddle that reflected the dim light of the station, as the driver's eyes remained fixed on the faded schedule on the wall. The words ""Platform 3"" were barely legible, the paint chipped and worn, a stark contrast to the vibrant colors of the station's interior, which now seemed a distant memory, lost in the depths of time."
selector_alpha_0_c8_tok100_seed03_the_bus_was_ten_minutes_late.json,selector_alpha_0,experiments/frontier_sweep_mundane_matched_alpha0_smoke/selector_alpha_0_c8_tok100_seed03_the_bus_was_ten_minutes_late.json,3,5,0,0.5106167299793172,0.007160353721743889,0.3744551423455221,0.021314398156160992,0.0,0.0,0.10657199078080495,0.6240919039092034,0.19999999999999998,0.9100000000000001,0.0,0.0,0.0,,0.0,0.0,,0.0,0.0,,0.0,,1.0,0.0,the; bus; was; ten; minutes; late; stood; frozen; abandoned; station; its; paint,the; bus; was; abandoned; station; its,0.42857142857142855,0.0,0.0,0,0,"The driver's gaze was interrupted by the sound of footsteps echoing off the walls as a young woman with a worn leather jacket and a backpack climbed up the stairs, her eyes scanning the station with a mixture of curiosity and unease. She slipped off her backpack and dropped it onto the floor, its contents spilling out onto the dusty ground, amidst the scattered remnants of the bus's own abandoned belongings."
selector_alpha_0_c8_tok100_seed03_the_bus_was_ten_minutes_late.json,selector_alpha_0,experiments/frontier_sweep_mundane_matched_alpha0_smoke/selector_alpha_0_c8_tok100_seed03_the_bus_was_ten_minutes_late.json,3,6,0,1.0014159484238776,0.0,0.38466415271451726,0.0,0.0,0.0,0.0,0.6411069211908621,0.19999999999999998,0.9100000000000001,0.0,0.3333333333333333,2.1739130434782608,faded photograph,0.3333333333333333,2.1739130434782608,faded photograph,0.0,0.0,,0.0,,0.75,0.25,the; bus; was; ten; minutes; late; stood; frozen; abandoned; station; its; paint,the; was; station,0.5,0.0,0.0,0,0,"The driver's gaze drifted to the cracked dashboard, where a small, faded photograph was stuck between two broken gauges, the image of a smiling couple now worn and peeling, their faces cracking like the dashboard itself. A faint scent of decay wafted from the photograph, mingling with the dampness of the station."
selector_alpha_0_c8_tok100_seed03_the_bus_was_ten_minutes_late.json,selector_alpha_0,experiments/frontier_sweep_mundane_matched_alpha0_smoke/selector_alpha_0_c8_tok100_seed03_the_bus_was_ten_minutes_late.json,3,7,0,1.102461059010856,0.0,0.3818333333333333,0.0,0.0,0.0,0.0,0.6363888888888889,0.19999999999999998,0.9100000000000001,0.0,0.3333333333333333,1.8518518518518519,faded photograph,0.3333333333333333,1.8518518518518519,faded photograph,0.0,0.0,,0.0,,1.0,0.0,the; bus; was; ten; minutes; late; stood; frozen; abandoned; station; its; paint,the; bus; was; station,0.375,0.0,0.0,0,0,"The driver's gaze never wavered, his eyes fixed on the cracked dashboard as a faint memory, etched on the surface like a fragile fossil, began to stir, a faded photograph of a smiling couple, their faces now cracked and worn, like the bus itself. The air inside the station seemed to thicken, as if the very atmosphere was becoming a physical manifestation of the driver's desperation."
selector_alpha_0_c8_tok100_seed03_the_bus_was_ten_minutes_late.json,selector_alpha_0,experiments/frontier_sweep_mundane_matched_alpha0_smoke/selector_alpha_0_c8_tok100_seed03_the_bus_was_ten_minutes_late.json,3,8,0,-1.7490034660290552,0.0,0.17829734819907916,0.0,0.0,0.0,0.0,0.5943244939969305,0.19999999999999998,0.9100000000000001,0.5,0.0,0.0,,0.0,0.0,,0.0,0.0,,0.0,,0.25,0.75,the; bus; was; ten; minutes; late; stood; frozen; abandoned; station; its; paint,the,0.2,0.0,0.0,0,0,"The driver's gaze shifted to the cracked dashboard, where a small, crumpled piece of paper now rested, the words ""They're coming for us"" scrawled in red ink that had long since faded. The driver's eyes lingered on the message, before his gaze fell upon a small, old-fashioned key protruding from the depths of the dashboard, the key's rusty surface glinting faintly in the dim light."
steer_alpha_0p66_c8_tok100_seed03_the_bus_was_ten_minutes_late.json,steer_alpha_0p66,experiments/frontier_sweep_mundane_matched_alpha0_smoke/steer_alpha_0p66_c8_tok100_seed03_the_bus_was_ten_minutes_late.json,1,1,1,-0.48776849728300165,0.10373917959023946,0.4416437798301618,0.2633333333333333,0.0,1.0,0.06666666666666667,0.736072966383603,0.19999999999999998,0.9100000000000001,0.0,0.6666666666666666,5.0,leather-bound; old woman,0.3333333333333333,2.5,leather-bound,0.3333333333333333,2.5,old woman,0.5,leather-bound,0.5,0.5,the; bus; was; ten; minutes; late,the; bus,0.4,0.0,0.0,0,1,"It stood in a deserted parking lot, surrounded by cracked and faded advertisements, its tires slowly filling with dew, as a small, leather-bound book slips from its open door, and a soft, old woman steps out, her eyes fixed on the bus, her gaze a deep, unblazing fire."
steer_alpha_0p66_c8_tok100_seed03_the_bus_was_ten_minutes_late.json,steer_alpha_0p66,experiments/frontier_sweep_mundane_matched_alpha0_smoke/steer_alpha_0p66_c8_tok100_seed03_the_bus_was_ten_minutes_late.json,1,2,0,-0.13959999999999984,0.0,0.5,0.0,0.0,0.0,0.0,1.0,0.0,0.45,0.0,0.0,0.0,,0.0,0.0,,0.0,0.0,,0.0,,0.25,0.75,the; bus; was; ten; minutes; late,was,0.0,0.0,0.0,0,0,it was running even later.
steer_alpha_0p66_c8_tok100_seed03_the_bus_was_ten_minutes_late.json,steer_alpha_0p66,experiments/frontier_sweep_mundane_matched_alpha0_smoke/steer_alpha_0p66_c8_tok100_seed03_the_bus_was_ten_minutes_late.json,1,3,0,-1.489809523809524,0.0,0.43749999999999994,0.0,0.0,0.0,0.0,0.7291666666666666,0.19999999999999998,0.9100000000000001,0.0,0.0,0.0,,0.0,0.0,,0.0,0.0,,0.0,,0.75,0.25,the; bus; was; ten; minutes; late,the; bus; was,0.0,0.0,0.0,0,0,"As it inched its way up the steep, moss-covered hills of a rural town, the bus's arrival was met with a chorus of murmurs and a few scattered, frantic hands."
steer_alpha_0p66_c8_tok100_seed03_the_bus_was_ten_minutes_late.json,steer_alpha_0p66,experiments/frontier_sweep_mundane_matched_alpha0_smoke/steer_alpha_0p66_c8_tok100_seed03_the_bus_was_ten_minutes_late.json,1,4,0,-1.7332746913580248,0.0,0.3881579320987654,0.0,0.0,0.0,0.0,0.7323734567901234,0.05999999999999997,0.9730000000000001,0.0,0.0,0.0,,0.0,0.0,,0.0,0.0,,0.0,,0.5,0.5,the; bus; was; ten; minutes; late,the; bus,0.3,0.0,0.0,0,0,"As it idled, a man in a long, black coat, clutching a worn leather briefcase, steps off onto the cracked sidewalk, onto which the bus's wheels slowly sink, filling the air with a fine, silver dust."
steer_alpha_0p66_c8_tok100_seed03_the_bus_was_ten_minutes_late.json,steer_alpha_0p66,experiments/frontier_sweep_mundane_matched_alpha0_smoke/steer_alpha_0p66_c8_tok100_seed03_the_bus_was_ten_minutes_late.json,1,5,0,-0.6760480769230763,0.0,0.4416940045248869,0.0,0.0,0.0,0.0,0.7361566742081448,0.19999999999999998,0.9100000000000001,0.0,0.0,0.0,,0.0,0.0,,0.0,0.0,,0.0,,0.5,0.5,the; bus; was; ten; minutes; late,the; bus,0.4,0.0,0.0,0,0,"it sat in a deserted, dimly lit bus stop, its metal skin rusted and faded, surrounded by a tangle of overgrown weeds and a weathered stop sign creaks in the wind, as a solitary figure in a long, black coat stands motionless, watching the approaching rain."
steer_alpha_0p66_c8_tok100_seed03_the_bus_was_ten_minutes_late.json,steer_alpha_0p66,experiments/frontier_sweep_mundane_matched_alpha0_smoke/steer_alpha_0p66_c8_tok100_seed03_the_bus_was_ten_minutes_late.json,1,6,0,-1.6852391304347827,0.003102162608695652,0.21744130434782608,0.016666666666666666,0.0,0.0,0.08333333333333333,0.7248043478260869,0.19999999999999998,0.9100000000000001,0.5,0.3333333333333333,2.857142857142857,leather-bound,0.3333333333333333,2.857142857142857,leather-bound,0.0,0.0,,0.5,leather-bound,0.5,0.5,the; bus; was; ten; minutes; late,the; ten,0.2,0.0,0.0,0,0,"Its driver, a woman with a kind face, sips coffee and checks a worn leather-bound map, while a young boy, no more than ten years old, presses his face against the window, tracing the contours of the city as it slowly awakens."
steer_alpha_0p66_c8_tok100_seed03_the_bus_was_ten_minutes_late.json,steer_alpha_0p66,experiments/frontier_sweep_mundane_matched_alpha0_smoke/steer_alpha_0p66_c8_tok100_seed03_the_bus_was_ten_minutes_late.json,1,7,0,-0.3310657894736846,0.004022374035087719,0.2114565789473684,0.022222222222222223,0.0,0.0,0.1111111111111111,0.7048552631578947,0.19999999999999998,0.9100000000000001,0.5,0.0,0.0,,0.0,0.0,,0.0,0.0,,0.0,,0.25,0.75,the; bus; was; ten; minutes; late,the,0.2,0.0,0.0,0,0,"It sat in the old train station, its engine creaking and groaning in protest as the first light of dawn creeps over the deserted platform, a solitary figure in a long, worn coat, clutching a ticket to a destination that is not its own."
steer_alpha_0p66_c8_tok100_seed03_the_bus_was_ten_minutes_late.json,steer_alpha_0p66,experiments/frontier_sweep_mundane_matched_alpha0_smoke/steer_alpha_0p66_c8_tok100_seed03_the_bus_was_ten_minutes_late.json,1,8,0,-1.5653916068281646,0.0,0.46298582222046875,0.0,0.0,0.0,0.0,0.8735581551329599,0.05999999999999997,0.9730000000000001,0.0,0.3333333333333333,2.6315789473684212,mournful,0.0,0.0,,0.3333333333333333,2.6315789473684212,mournful,0.0,,0.25,0.75,the; bus; was; ten; minutes; late,the,0.45,0.0,0.0,0,0,"As it crept into the old, abandoned cinema, a lone violinist, her music a mournful serenade, her eyes fixed on the dusty, old-fashioned ticket booth, where a single, forgotten ticket remained, its ticket-stub now a small, wilted flower, its petals a faint, forgotten perfume."
steer_alpha_0p66_c8_tok100_seed03_the_bus_was_ten_minutes_late.json,steer_alpha_0p66,experiments/frontier_sweep_mundane_matched_alpha0_smoke/steer_alpha_0p66_c8_tok100_seed03_the_bus_was_ten_minutes_late.json,2,1,1,0.2389718051605072,0.0929460084859218,0.41403535625059296,0.25952380952380955,0.0,1.0,0.047619047619047616,0.6900589270843216,0.19999999999999998,0.9100000000000001,0.0,1.0,7.407407407407407,antique; melancholic; music box; old woman,0.6666666666666666,3.7037037037037037,antique; music box,0.6666666666666666,3.7037037037037037,melancholic; old woman,1.0,antique; music box,0.25,0.75,the; bus; was; ten; minutes; late; stood; deserted; parking; lot; surrounded; cracked,the,0.25,0.0,0.0,0,1,"As the old woman's eyes never once flicker, a small, antique music box, partially hidden in her coat, begins to play a melancholic, forgotten melody, and, with each step, the old woman glides towards a nearby, dilapided ticket booth, where a peeling, hand-painted sign creaks in the gentle morning breeze, bearing the words ""Elysian Station"" in faded, golden letters."
steer_alpha_0p66_c8_tok100_seed03_the_bus_was_ten_minutes_late.json,steer_alpha_0p66,experiments/frontier_sweep_mundane_matched_alpha0_smoke/steer_alpha_0p66_c8_tok100_seed03_the_bus_was_ten_minutes_late.json,2,2,0,1.0965696757962213,0.0,0.22706208682674156,0.0,0.0,0.0,0.0,0.6307280189631711,0.19999999999999998,0.9100000000000001,0.0,0.3333333333333333,2.6315789473684212,old woman,0.0,0.0,,0.3333333333333333,2.6315789473684212,old woman,0.0,,0.25,0.75,the; bus; was; ten; minutes; late; stood; deserted; parking; lot; surrounded; cracked,the,0.4,0.4,0.0,0,0,"The old woman's eyes, like two dark, polished onyx, held a fierce, ancient intensity, as she reaches out a bony hand, and a small, gruff, gravel-voiced man, half-hidden behind a nearby dumpster, slowly unfolds a tattered, hand-painted poster, revealing a faded"
steer_alpha_0p66_c8_tok100_seed03_the_bus_was_ten_minutes_late.json,steer_alpha_0p66,experiments/frontier_sweep_mundane_matched_alpha0_smoke/steer_alpha_0p66_c8_tok100_seed03_the_bus_was_ten_minutes_late.json,2,3,0,1.0848544333225998,0.0,0.41771549117159296,0.0,0.0,0.0,0.0,0.6961924852859883,0.19999999999999998,0.9100000000000001,0.0,1.0,9.803921568627452,doll; mist; mournful; old woman; porcelain,0.6666666666666666,3.9215686274509802,doll; porcelain,1.0,5.882352941176471,mist; mournful; old woman,0.875,doll; porcelain,0.5,0.5,the; bus; was; ten; minutes; late; stood; deserted; parking; lot; surrounded; cracked,the; cracked,0.5,0.0,0.0,0,0,"The old woman's eyes, like two dull, dark wells, seem to suck in the surrounding mist, as she approaches a rusty, discarded piano, its lid slightly ajar, its keys creaking with a soft, mournful sigh, and a small, porcelain doll, with a cracked, porcelain face, rises from the piano's lid, its face twisted into a macabre grin."
steer_alpha_0p66_c8_tok100_seed03_the_bus_was_ten_minutes_late.json,steer_alpha_0p66,experiments/frontier_sweep_mundane_matched_alpha0_smoke/steer_alpha_0p66_c8_tok100_seed03_the_bus_was_ten_minutes_late.json,2,4,0,0.06963591572373456,0.0,0.15765842505739217,0.0,0.0,0.0,0.0,0.4379400696038671,0.19999999999999998,0.9100000000000001,0.0,0.3333333333333333,2.6315789473684212,old woman,0.0,0.0,,0.3333333333333333,2.6315789473684212,old woman,0.0,,1.0,0.0,the; bus; was; ten; minutes; late; stood; deserted; parking; lot; surrounded; cracked,the; bus; deserted; parking; lot,0.14285714285714285,0.4,0.0,0,0,"The old woman's eyes, a map of countless midnights and forgotten mornings, scan the deserted parking lot, her bony fingers, yellowed and worn, clutching a small, wooden cane, her long, silver hair, a tangle of wild, silver snakes, as she approaches the bus, it"
steer_alpha_0p66_c8_tok100_seed03_the_bus_was_ten_minutes_late.json,steer_alpha_0p66,experiments/frontier_sweep_mundane_matched_alpha0_smoke/steer_alpha_0p66_c8_tok100_seed03_the_bus_was_ten_minutes_late.json,2,5,0,0.5573596921584012,0.0,0.14909862472456503,0.0,0.0,0.0,0.0,0.4141628464571251,0.19999999999999998,0.9100000000000001,0.0,0.3333333333333333,2.4390243902439024,old woman,0.0,0.0,,0.3333333333333333,2.4390243902439024,old woman,0.0,,0.5,0.5,the; bus; was; ten; minutes; late; stood; deserted; parking; lot; surrounded; cracked,the; bus,0.16666666666666666,0.4,0.0,0,0,"She walks slowly, her eyes never leaving the bus, its doors creaking softly as she approaches, the book, now forgotten, lies on the wet asphalt, its pages fluttering in the misty morning air, as the old woman's eyes, two deep wells of ancient, amber-colored li"
steer_alpha_0p66_c8_tok100_seed03_the_bus_was_ten_minutes_late.json,steer_alpha_0p66,experiments/frontier_sweep_mundane_matched_alpha0_smoke/steer_alpha_0p66_c8_tok100_seed03_the_bus_was_ten_minutes_late.json,2,6,0,0.4707303633368048,0.0,0.14954964453294683,0.0,0.0,0.0,0.0,0.4154156792581857,0.19999999999999998,0.9100000000000001,0.0,0.3333333333333333,2.4390243902439024,old woman,0.0,0.0,,0.3333333333333333,2.4390243902439024,old woman,0.0,,0.5,0.5,the; bus; was; ten; minutes; late; stood; deserted; parking; lot; surrounded; cracked,the; bus,0.2,0.4,0.0,0,0,"The old woman's eyes, dark with a fierce intensity, seem to bore into the bus, as if searching for something, her bony fingers, yellowed and twisted with age, grasp for the door handle, her joints creaking in protest, as the first light of dawn creeps over the"
steer_alpha_0p66_c8_tok100_seed03_the_bus_was_ten_minutes_late.json,steer_alpha_0p66,experiments/frontier_sweep_mundane_matched_alpha0_smoke/steer_alpha_0p66_c8_tok100_seed03_the_bus_was_ten_minutes_late.json,2,7,0,0.6012226925044764,0.0,0.14215272889814767,0.0,0.0,0.0,0.0,0.3948686913837436,0.19999999999999998,0.9100000000000001,0.0,0.3333333333333333,2.3255813953488373,leather-bound,0.3333333333333333,2.3255813953488373,leather-bound,0.0,0.0,,0.5,leather-bound,0.5,0.5,the; bus; was; ten; minutes; late; stood; deserted; parking; lot; surrounded; cracked,the; bus,0.0,0.4,0.0,0,0,"She walked slowly towards the bus, her worn, bony fingers grasping a cane, its tip stained with dirt and ink, as the bus, now eerily silent, its windows fogged with a fine, frost, the leather-bound book lies on the steps, its pages fluttering gently in the mor"
steer_alpha_0p66_c8_tok100_seed03_the_bus_was_ten_minutes_late.json,steer_alpha_0p66,experiments/frontier_sweep_mundane_matched_alpha0_smoke/steer_alpha_0p66_c8_tok100_seed03_the_bus_was_ten_minutes_late.json,2,8,0,-0.2937060122326995,0.0,0.11383712725494458,0.0,0.0,0.0,0.0,0.35797838759416534,0.05999999999999997,0.9730000000000001,0.0,1.0,6.976744186046512,leather-bound; mist; old woman,0.3333333333333333,2.3255813953488373,leather-bound,0.6666666666666666,4.651162790697675,mist; old woman,0.5,leather-bound,0.5,0.5,the; bus; was; ten; minutes; late; stood; deserted; parking; lot; surrounded; cracked,the; bus,0.4,0.4,0.0,0,0,"She walked towards the bus, her eyes never leaving the driver, who slowly, with a sigh, reaches for the leather-bound book, as the soft old woman's gaze remains fixed on the driver, her eyes burning with an unblazing fire that seems to ignite the morning mist"
steer_alpha_0p66_c8_tok100_seed03_the_bus_was_ten_minutes_late.json,steer_alpha_0p66,experiments/frontier_sweep_mundane_matched_alpha0_smoke/steer_alpha_0p66_c8_tok100_seed03_the_bus_was_ten_minutes_late.json,3,1,1,0.3959730512548132,0.08265803428120859,0.38223368453738077,0.25,0.0,1.0,0.0,0.6370561408956347,0.19999999999999998,0.9100000000000001,0.0,1.0,5.660377358490566,ethereal; old woman; whispers,0.0,0.0,,1.0,5.660377358490566,ethereal; old woman; whispers,0.0,,0.5,0.5,the; bus; was; ten; minutes; late; stood; deserted; parking; lot; surrounded; cracked,the; late,0.25,0.0,0.0,0,1,"As the old woman reaches the ticket booth, a figure, shrouded in shadows, steps out from behind it, its eyes glowing with a soft, ethereal light, and, with a gentle, bony hand, it takes the old woman's ticket, and, with a soft, raspy voice, whispers a single, whispered phrase: ""You are late, but you are not late for anything."
steer_alpha_0p66_c8_tok100_seed03_the_bus_was_ten_minutes_late.json,steer_alpha_0p66,experiments/frontier_sweep_mundane_matched_alpha0_smoke/steer_alpha_0p66_c8_tok100_seed03_the_bus_was_ten_minutes_late.json,3,2,0,-0.08233210452809198,0.03243830530039722,0.1500037239324727,0.25,0.0,1.0,0.0,0.41667701092353526,0.19999999999999998,0.9100000000000001,0.0,0.3333333333333333,2.6315789473684212,old woman,0.0,0.0,,0.3333333333333333,2.6315789473684212,old woman,0.0,,0.25,0.75,the; bus; was; ten; minutes; late; stood; deserted; parking; lot; surrounded; cracked,the,0.25,0.4,0.0,0,2,"As the old woman reaches the ticket booth, a figure, partially hidden in the shadows, slowly emerges, its eyes fixed on the old woman, its gaze a mirror image of hers, an exact, eerie replica of her unblazing stare, except that, instead of eyes, two small, pol"
steer_alpha_0p66_c8_tok100_seed03_the_bus_was_ten_minutes_late.json,steer_alpha_0p66,experiments/frontier_sweep_mundane_matched_alpha0_smoke/steer_alpha_0p66_c8_tok100_seed03_the_bus_was_ten_minutes_late.json,3,3,0,-0.43622027277243425,0.0,0.3646538944587454,0.0,0.0,0.0,0.0,0.688026215959897,0.05999999999999997,0.9730000000000001,0.0,0.6666666666666666,5.0,leather-bound; old woman,0.3333333333333333,2.5,leather-bound,0.3333333333333333,2.5,old woman,0.5,leather-bound,0.25,0.75,the; bus; was; ten; minutes; late; stood; deserted; parking; lot; surrounded; cracked,the,0.2,0.0,0.0,0,0,"As the old woman approaches the ticket booth, a weathered, wooden ticket vendor, half-hidden in the shadows, slowly emerges, his eyes gleaming with a knowing glint, his bony fingers grasping a tattered, leather-bound ledger, upon which a single, wet, inked signature reads ""M. Vanishing."
steer_alpha_0p66_c8_tok100_seed03_the_bus_was_ten_minutes_late.json,steer_alpha_0p66,experiments/frontier_sweep_mundane_matched_alpha0_smoke/steer_alpha_0p66_c8_tok100_seed03_the_bus_was_ten_minutes_late.json,3,4,0,-0.04414843592556922,0.0,0.15583349828701942,0.0,0.0,0.0,0.0,0.432870828575054,0.19999999999999998,0.9100000000000001,0.0,0.6666666666666666,5.405405405405405,antique; old woman,0.3333333333333333,2.7027027027027026,antique,0.3333333333333333,2.7027027027027026,old woman,0.375,antique,0.25,0.75,the; bus; was; ten; minutes; late; stood; deserted; parking; lot; surrounded; cracked,the,0.2727272727272727,0.4,0.0,0,0,"As the old woman reaches the ticket booth, a small, rusty key falls from her coat, landing with a tiny, metallic clink on the worn, wooden floor of the booth, where a small, antique safe, partially hidden behind a stack of crumpled, yellowed newspaper, emits a"
steer_alpha_0p66_c8_tok100_seed03_the_bus_was_ten_minutes_late.json,steer_alpha_0p66,experiments/frontier_sweep_mundane_matched_alpha0_smoke/steer_alpha_0p66_c8_tok100_seed03_the_bus_was_ten_minutes_late.json,3,5,0,0.4275767330627139,0.0034765376858398723,0.14217183800623054,0.029024413585588812,0.0,0.0,0.14512206792794405,0.3949217722395293,0.19999999999999998,0.9100000000000001,0.0,1.0,7.5,mournful; music box; old woman,0.3333333333333333,2.5,music box,0.6666666666666666,5.0,mournful; old woman,0.625,music box,0.25,0.75,the; bus; was; ten; minutes; late; stood; deserted; parking; lot; surrounded; cracked,the,0.125,0.4,0.0,0,0,"The old woman's footsteps, dressed in tattered, long coat, seem to synchronize with the music box's mournful sigh, as she pauses at the ticket booth, where a grizzled, one-armed attendant, half-asleep, slowly raises a bony hand to sell the old woman a ticket"
steer_alpha_0p66_c8_tok100_seed03_the_bus_was_ten_minutes_late.json,steer_alpha_0p66,experiments/frontier_sweep_mundane_matched_alpha0_smoke/steer_alpha_0p66_c8_tok100_seed03_the_bus_was_ten_minutes_late.json,3,6,0,0.47850149374717127,0.002303856952894271,0.14356378638213557,0.01904761904761905,0.0,0.0,0.09523809523809523,0.3987882955059322,0.19999999999999998,0.9100000000000001,0.0,1.0,7.317073170731708,mournful; music box; old woman,0.3333333333333333,2.4390243902439024,music box,0.6666666666666666,4.878048780487805,mournful; old woman,0.625,music box,0.25,0.75,the; bus; was; ten; minutes; late; stood; deserted; parking; lot; surrounded; cracked,the,0.125,0.4,0.0,0,0,"The old woman's eyes never once blink, her gaze instead seeming to hold the weight of a thousand midnights, as she inches closer to the ticket booth, the music box's mournful tune weaving an unsettling harmony with the morning's first, hesitant light, and, wit"
steer_alpha_0p66_c8_tok100_seed03_the_bus_was_ten_minutes_late.json,steer_alpha_0p66,experiments/frontier_sweep_mundane_matched_alpha0_smoke/steer_alpha_0p66_c8_tok100_seed03_the_bus_was_ten_minutes_late.json,3,7,0,0.4501809106758135,0.0,0.1513643021952399,0.0,0.0,0.0,0.0,0.42045639498677756,0.19999999999999998,0.9100000000000001,0.0,1.0,8.108108108108109,ethereal; mist; old woman,0.0,0.0,,1.0,8.108108108108109,ethereal; mist; old woman,0.0,,0.25,0.75,the; bus; was; ten; minutes; late; stood; deserted; parking; lot; surrounded; cracked,the,0.1111111111111111,0.4,0.0,0,0,"As the old woman reaches the ticket booth, a figure, shrouded in shadows, slowly emerges from the morning mist that clings to the base of a nearby, ancient, gnarled tree, its branches twisted and tangled in a thousand, ethereal, lace-like fingers, and, with he"
steer_alpha_0p66_c8_tok100_seed03_the_bus_was_ten_minutes_late.json,steer_alpha_0p66,experiments/frontier_sweep_mundane_matched_alpha0_smoke/steer_alpha_0p66_c8_tok100_seed03_the_bus_was_ten_minutes_late.json,3,8,0,0.1585205385880819,7.097787017135155e-05,0.00808451208143315,0.010256410256410256,0.0,0.0,0.05128205128205128,0.08982791201592388,0.19999999999999998,0.9100000000000001,0.0,0.3333333333333333,2.5641025641025643,old woman,0.0,0.0,,0.3333333333333333,2.5641025641025643,old woman,0.0,,0.5,0.5,the; bus; was; ten; minutes; late; stood; deserted; parking; lot; surrounded; cracked,the; bus,0.2,0.85,0.0,0,0,"The old woman pauses at the ticket booth, her eyes never leaving the bus, where, as if in response to her gaze, a small, dusty ticket vendor, half-hidden behind a worn, wooden counter, slowly emerges, his eyes, a pale, milky white, regarding the old woman with"
steer_alpha_0p77_c8_tok100_seed03_the_bus_was_ten_minutes_late.json,steer_alpha_0p77,experiments/frontier_sweep_mundane_matched_alpha0_smoke/steer_alpha_0p77_c8_tok100_seed03_the_bus_was_ten_minutes_late.json,1,1,1,-0.43131073446327695,0.011551926880100438,0.45546440677966094,0.02962962962962963,0.0,0.0,0.14814814814814814,0.7591073446327683,0.19999999999999998,0.9100000000000001,0.0,0.6666666666666666,6.666666666666667,antique; music box,0.6666666666666666,6.666666666666667,antique; music box,0.0,0.0,,1.0,antique; music box,0.25,0.75,the; bus; was; ten; minutes; late,the,0.2,0.0,0.0,0,0,"Its brakes screeched in protest as it came to a stop, and a figure in a long, black coat and a fedora steps out, umbrella in hand, onto the deserted street, where a small, antique music box plays a soft, melancholy tune."
steer_alpha_0p77_c8_tok100_seed03_the_bus_was_ten_minutes_late.json,steer_alpha_0p77,experiments/frontier_sweep_mundane_matched_alpha0_smoke/steer_alpha_0p77_c8_tok100_seed03_the_bus_was_ten_minutes_late.json,1,2,0,-1.741596693694853,0.008201706654571298,0.4270771804882234,0.021314398156160992,0.0,0.0,0.10657199078080495,0.7117953008137057,0.19999999999999998,0.9100000000000001,0.0,0.6666666666666666,7.6923076923076925,antique; clockwork,0.6666666666666666,7.6923076923076925,antique; clockwork,0.0,0.0,,0.725,antique; clockwork,0.0,1.0,the; bus; was; ten; minutes; late,,0.45,0.0,0.0,0,0,"it materialized on an abandoned pier, its metal and vinyl seats now a tangle of rusty vines and twisted, antique clockwork, and a faded, forgotten sign that creaks, reading ""Eternal Punctuality""."
steer_alpha_0p77_c8_tok100_seed03_the_bus_was_ten_minutes_late.json,steer_alpha_0p77,experiments/frontier_sweep_mundane_matched_alpha0_smoke/steer_alpha_0p77_c8_tok100_seed03_the_bus_was_ten_minutes_late.json,1,3,0,-1.7946847262690633,0.004913070750849924,0.3667538335158817,0.015985798617120746,0.0,0.0,0.07992899308560372,0.7335076670317634,0.0,1.0,0.0,0.0,0.0,,0.0,0.0,,0.0,0.0,,0.0,,0.5,0.5,the; bus; was; ten; minutes; late,the; was,0.1,0.0,0.0,0,0,"Its metal and vinyl exterior was now a mosaic of rusty, moss and ivy, vines twined around the doors, morning dew glistens like a thousand tiny diamonds, the driver, a girl with one eye, sits, sipping tea."
steer_alpha_0p77_c8_tok100_seed03_the_bus_was_ten_minutes_late.json,steer_alpha_0p77,experiments/frontier_sweep_mundane_matched_alpha0_smoke/steer_alpha_0p77_c8_tok100_seed03_the_bus_was_ten_minutes_late.json,1,4,0,-1.2977613394663021,0.0034693247664713514,0.40365055457154747,0.010256410256410256,0.0,0.0,0.05128205128205128,0.6727509242859124,0.19999999999999998,0.9100000000000001,0.0,0.0,0.0,,0.0,0.0,,0.0,0.0,,0.0,,0.5,0.5,the; bus; was; ten; minutes; late,the; bus,0.1,0.0,0.0,0,0,"its driver, a sleepless, ancient man, sips a cup of black coffee, his eyes bloodless, his face a map of deep wrinkles, the bus rumbles, its headlights casting an eerie glow on the deserted streets of a deserted town, the driver's eyes flicker towards a nearby, forgotten diner, where a neon sign creaks in the wind, reading ""Open"" in crooked, cursive letters."
steer_alpha_0p77_c8_tok100_seed03_the_bus_was_ten_minutes_late.json,steer_alpha_0p77,experiments/frontier_sweep_mundane_matched_alpha0_smoke/steer_alpha_0p77_c8_tok100_seed03_the_bus_was_ten_minutes_late.json,1,5,0,0.1670050867353592,0.0,0.5373288691796009,0.0,0.0,0.0,0.0,0.8955481152993348,0.19999999999999998,0.9100000000000001,0.0,0.3333333333333333,4.545454545454546,fog,0.0,0.0,,0.3333333333333333,4.545454545454546,fog,0.0,,0.25,0.75,the; bus; was; ten; minutes; late,minutes,0.1,0.0,0.0,0,0,"As it inched through a tunnel of fog, its metal body shuddered, and a sign creaks, reading ""Tunnel 3, 10 minutes behind schedule, and 10 minutes early."
steer_alpha_0p77_c8_tok100_seed03_the_bus_was_ten_minutes_late.json,steer_alpha_0p77,experiments/frontier_sweep_mundane_matched_alpha0_smoke/steer_alpha_0p77_c8_tok100_seed03_the_bus_was_ten_minutes_late.json,1,6,0,-0.7819017103224475,0.0015585224633431084,0.1638633431085044,0.011111111111111112,0.0,0.0,0.05555555555555555,0.4551759530791789,0.19999999999999998,0.9100000000000001,0.0,0.0,0.0,,0.0,0.0,,0.0,0.0,,0.0,,0.25,0.75,the; bus; was; ten; minutes; late,the,0.2,0.4,0.0,0,0,"and as it rattled and groans, a small, forgotten umbrella, discarded on the wet sidewalk, slowly begins to unfurl, its ribs unfolding like a mechanical flower, releasing a shower of raindrops that, like tiny, tiny diamonds, cling to the wet pavement, reflectin"
steer_alpha_0p77_c8_tok100_seed03_the_bus_was_ten_minutes_late.json,steer_alpha_0p77,experiments/frontier_sweep_mundane_matched_alpha0_smoke/steer_alpha_0p77_c8_tok100_seed03_the_bus_was_ten_minutes_late.json,1,7,0,-3.139280434280434,0.0,0.16824959574959575,0.0,0.0,0.0,0.0,0.6349041349041349,0.05999999999999997,0.9730000000000001,0.5,0.0,0.0,,0.0,0.0,,0.0,0.0,,0.0,,0.5,0.5,the; bus; was; ten; minutes; late,the; bus,0.2,0.0,0.0,0,0,"As the bus finally arrives, a woman with a worn leather satchbag and a suit, a street performer with a guitar weeps softly, a statue of a forgotten saint weeps softly, a forgotten suitcase, a solitary, empty café, a man in a fedora and a trench coat sits, a solitary, forgotten umbrella."
steer_alpha_0p77_c8_tok100_seed03_the_bus_was_ten_minutes_late.json,steer_alpha_0p77,experiments/frontier_sweep_mundane_matched_alpha0_smoke/steer_alpha_0p77_c8_tok100_seed03_the_bus_was_ten_minutes_late.json,1,8,0,-1.2542052319890735,0.0017395930558984302,0.1492785803116502,0.013333333333333334,0.0,0.0,0.06666666666666667,0.4146627230879173,0.19999999999999998,0.9100000000000001,0.0,0.3333333333333333,2.6315789473684212,leather-bound,0.3333333333333333,2.6315789473684212,leather-bound,0.0,0.0,,0.5,leather-bound,0.5,0.5,the; bus; was; ten; minutes; late,the; bus,0.3,0.4,0.0,0,0,"As it waited, a rain began to drizzle, and a small, leather-bound book falls from the bus's open window, onto the wet pavement, where it opens to a page with a single, forgotten poem: ""In the stillness, a small, mechanical bird begins to sing a melancholy tune"
steer_alpha_0p77_c8_tok100_seed03_the_bus_was_ten_minutes_late.json,steer_alpha_0p77,experiments/frontier_sweep_mundane_matched_alpha0_smoke/steer_alpha_0p77_c8_tok100_seed03_the_bus_was_ten_minutes_late.json,2,1,1,0.49944675716440395,0.07218983538461538,0.16006615384615383,0.55,1.0,0.0,0.0,0.4446282051282051,0.19999999999999998,0.9100000000000001,0.0,0.0,0.0,,0.0,0.0,,0.0,0.0,,0.0,,0.5,0.5,the; bus; was; ten; minutes; late; its; brakes; screeched; protest; came; stop,the; its,0.0,0.4,0.0,1,0,"Raindrops, like tiny, silver tears, begin to fall from the eaves and gutter of a nearby, Art Dec art deco cinema, its marquee creaks and groans, its entrance, once a mouth, now a small, gaping mouth, exhales a wispy tendril of smoke, as the figure in the long"
steer_alpha_0p77_c8_tok100_seed03_the_bus_was_ten_minutes_late.json,steer_alpha_0p77,experiments/frontier_sweep_mundane_matched_alpha0_smoke/steer_alpha_0p77_c8_tok100_seed03_the_bus_was_ten_minutes_late.json,2,2,0,-0.06100235831678308,0.0354284787203843,0.15871394150495707,0.2722222222222222,0.0,1.0,0.1111111111111111,0.440872059735992,0.19999999999999998,0.9100000000000001,0.0,0.6666666666666666,4.878048780487805,leather-bound; mournful,0.3333333333333333,2.4390243902439024,leather-bound,0.3333333333333333,2.4390243902439024,mournful,0.5,leather-bound,0.25,0.75,the; bus; was; ten; minutes; late; its; brakes; screeched; protest; came; stop,the,0.0,0.4,0.0,0,1,"The figure, a woman with piercing green eyes, glazes over, and a small, leather-bound book slips from her gloved hand, open to a page with a faint, handwritten poem: ""In twilight, where shadows dance and stars, a lone violin weeps, and the city, a mournful sig"
steer_alpha_0p77_c8_tok100_seed03_the_bus_was_ten_minutes_late.json,steer_alpha_0p77,experiments/frontier_sweep_mundane_matched_alpha0_smoke/steer_alpha_0p77_c8_tok100_seed03_the_bus_was_ten_minutes_late.json,2,3,0,0.5542676659924941,0.005247486196085593,0.43195770516558235,0.014814814814814815,0.0,0.0,0.07407407407407407,0.7199295086093039,0.19999999999999998,0.9100000000000001,0.0,1.0,9.75609756097561,leather-bound; music box; pocket watch; porcelain,1.0,9.75609756097561,leather-bound; music box; pocket watch; porcelain,0.0,0.0,,1.0,leather-bound; music box; pocket watch; porcelain,0.5,0.5,the; bus; was; ten; minutes; late; its; brakes; screeched; protest; came; stop,the; bus,0.0,0.0,0.0,0,0,"The figure, a woman with piercing green eyes and porcelain skin, checks a pocket watch, then glances up at the bus, where a small, leather-bound book lies open, revealing yellowed, yellowed pages that whisper a faint, forgotten melody that harmonizes with the music box's lament."
steer_alpha_0p77_c8_tok100_seed03_the_bus_was_ten_minutes_late.json,steer_alpha_0p77,experiments/frontier_sweep_mundane_matched_alpha0_smoke/steer_alpha_0p77_c8_tok100_seed03_the_bus_was_ten_minutes_late.json,2,4,0,0.1876161410675372,0.005234435659360205,0.43088342317904127,0.014814814814814815,0.0,0.0,0.07407407407407407,0.7181390386317354,0.19999999999999998,0.9100000000000001,0.0,0.3333333333333333,2.1739130434782608,music box,0.3333333333333333,2.1739130434782608,music box,0.0,0.0,,0.625,music box,0.5,0.5,the; bus; was; ten; minutes; late; its; brakes; screeched; protest; came; stop,the; its,0.0,0.0,0.0,0,0,"The figure, a middle-aged man with a kind face and sunken eyes, looks up at the music box, his eyes widening in surprise, while the umbrella, now empty and lifeless, lies abandoned at his feet, its ribs slowly returning to its original slats, its once-vibrant red paint now dull and faded."
steer_alpha_0p77_c8_tok100_seed03_the_bus_was_ten_minutes_late.json,steer_alpha_0p77,experiments/frontier_sweep_mundane_matched_alpha0_smoke/steer_alpha_0p77_c8_tok100_seed03_the_bus_was_ten_minutes_late.json,2,5,0,-0.045402543233330483,0.006362718583212032,0.34917358078602617,0.022222222222222223,0.0,0.0,0.1111111111111111,0.6983471615720523,0.0,1.0,0.0,1.0,12.5,delicate; fog; music box; ornate; porcelain,1.0,7.5,music box; ornate; porcelain,0.6666666666666666,5.0,delicate; fog,1.0,ballerina; music box; ornate; porcelain,0.5,0.5,the; bus; was; ten; minutes; late; its; brakes; screeched; protest; came; stop,the; its,0.0,0.0,0.0,0,0,"The figure, its face obscured by a veil of fog, slowly and deliberately lifts a small, ornate music box from the ground, where it had been, and, with delicate fingers, winds it up, and a tiny, porcelain ballerina twirls and leaps, its skirt fluttering like a dark, tattered wing."
steer_alpha_0p77_c8_tok100_seed03_the_bus_was_ten_minutes_late.json,steer_alpha_0p77,experiments/frontier_sweep_mundane_matched_alpha0_smoke/steer_alpha_0p77_c8_tok100_seed03_the_bus_was_ten_minutes_late.json,2,6,0,1.106659003353453,0.004480763757140959,0.4098259533970389,0.013333333333333334,0.0,0.0,0.06666666666666667,0.6830432556617315,0.19999999999999998,0.9100000000000001,0.0,0.6666666666666666,4.878048780487805,leather-bound; music box,0.6666666666666666,4.878048780487805,leather-bound; music box,0.0,0.0,,1.0,leather-bound; music box,0.75,0.25,the; bus; was; ten; minutes; late; its; brakes; screeched; protest; came; stop,the; late; its,0.0,0.0,0.0,0,0,"The figure, now standing, looks down at the music box, its lid slightly ajar, and a small, leather-bound book falls out, open to a page with a poem that reads: ""In the silence, I'll be waiting, for the one who knows the time is always late."
steer_alpha_0p77_c8_tok100_seed03_the_bus_was_ten_minutes_late.json,steer_alpha_0p77,experiments/frontier_sweep_mundane_matched_alpha0_smoke/steer_alpha_0p77_c8_tok100_seed03_the_bus_was_ten_minutes_late.json,2,7,0,-0.48072621072203997,0.0013834652271639339,0.1414907618690387,0.011111111111111112,0.0,0.0,0.05555555555555555,0.4449395027328261,0.05999999999999997,0.9730000000000001,0.0,1.0,7.5,antique; leather-bound; music box,1.0,7.5,antique; leather-bound; music box,0.0,0.0,,1.0,antique; leather-bound; music box,0.25,0.75,the; bus; was; ten; minutes; late; its; brakes; screeched; protest; came; stop,the,0.3333333333333333,0.4,0.0,0,0,"As the figure, a woman with piercing green eyes, opens her black coat to reveal a fitted, copper-haired man, who adjusts his cufflinks, and a small, leather-bound book falls from his breast pocket, onto the wet, pavement, where a small, antique music box, iden"
steer_alpha_0p77_c8_tok100_seed03_the_bus_was_ten_minutes_late.json,steer_alpha_0p77,experiments/frontier_sweep_mundane_matched_alpha0_smoke/steer_alpha_0p77_c8_tok100_seed03_the_bus_was_ten_minutes_late.json,2,8,0,-0.3285387266998039,0.0,0.01167300454660269,0.0,0.0,0.0,0.0,0.12970005051780764,0.19999999999999998,0.9100000000000001,0.0,0.3333333333333333,2.7027027027027026,ethereal,0.0,0.0,,0.3333333333333333,2.7027027027027026,ethereal,0.0,,0.25,0.75,the; bus; was; ten; minutes; late; its; brakes; screeched; protest; came; stop,the,0.0,0.85,0.0,0,0,"The figure, a woman with piercing green eyes and long, curly brown hair, rummes through a worn leather satchel, producing a dusty, golden locket, which she opens, releasing a faint, golden light that casts a warm, ethereal glow on the deserted street, where a"
steer_alpha_0p77_c8_tok100_seed03_the_bus_was_ten_minutes_late.json,steer_alpha_0p77,experiments/frontier_sweep_mundane_matched_alpha0_smoke/steer_alpha_0p77_c8_tok100_seed03_the_bus_was_ten_minutes_late.json,3,1,1,0.5628538008221411,0.11731307998232435,0.23040212107821476,0.5595238095238095,1.0,0.0,0.047619047619047616,0.64000589188393,0.19999999999999998,0.9100000000000001,0.0,1.0,11.11111111111111,antique; miniature; music box; porcelain,1.0,11.11111111111111,antique; miniature; music box; porcelain,0.0,0.0,,1.0,antique; miniature; music box; porcelain,0.5,0.5,the; bus; was; ten; minutes; late; its; brakes; screeched; protest; came; stop,the; its,0.5,0.4,0.0,1,0,"The figure, now a silhouette, disappears into the cinema, and the music box's melancholy tune slows, its lid creaks open, revealing a small, antique, golden box, where a miniature, porcelain figurine, playing a tiny, tinny accordion, begins to play a lively, p"
steer_alpha_0p77_c8_tok100_seed03_the_bus_was_ten_minutes_late.json,steer_alpha_0p77,experiments/frontier_sweep_mundane_matched_alpha0_smoke/steer_alpha_0p77_c8_tok100_seed03_the_bus_was_ten_minutes_late.json,3,2,0,0.8796714707118922,0.1417077837198703,0.21347657518775295,0.8095238095238095,1.0,1.0,0.047619047619047616,0.5929904866326472,0.19999999999999998,0.9100000000000001,0.0,1.0,10.256410256410257,delicate; doll; music box; porcelain,1.0,7.6923076923076925,doll; music box; porcelain,0.3333333333333333,2.5641025641025643,delicate,1.0,doll; music box; porcelain,0.5,0.5,the; bus; was; ten; minutes; late; its; brakes; screeched; protest; came; stop,the; its,0.0,0.4,0.0,1,2,"The figure, its face a death's mask of pale, porcelain, holds the umbrella, which, as the rain intensifies, transforms into a tiny, delicate piano, its keys shimmering with dew, and, as the music box in the cinema's entrance, now a petite, porcelain doll, sing"
steer_alpha_0p77_c8_tok100_seed03_the_bus_was_ten_minutes_late.json,steer_alpha_0p77,experiments/frontier_sweep_mundane_matched_alpha0_smoke/steer_alpha_0p77_c8_tok100_seed03_the_bus_was_ten_minutes_late.json,3,3,0,0.955046494818073,0.002136558975424022,0.21851171339563866,0.011111111111111112,0.0,0.0,0.05555555555555555,0.6069769816545518,0.19999999999999998,0.9100000000000001,0.0,0.3333333333333333,2.5,music box,0.3333333333333333,2.5,music box,0.0,0.0,,0.625,music box,0.5,0.5,the; bus; was; ten; minutes; late; its; brakes; screeched; protest; came; stop,the; its,0.3333333333333333,0.4,0.0,0,0,"The figure, its face a pale, papery mask, blinks slowly, its eyes, two shining, glassy orbs, seem to absorb the rain, as the music box's melancholy tune slowly, ever so slightly, changes to a soft, jazzy rendition of ""Singin' and Telling Lies,"" the cinema's en"
steer_alpha_0p77_c8_tok100_seed03_the_bus_was_ten_minutes_late.json,steer_alpha_0p77,experiments/frontier_sweep_mundane_matched_alpha0_smoke/steer_alpha_0p77_c8_tok100_seed03_the_bus_was_ten_minutes_late.json,3,4,0,0.47975260210312604,0.004634603034476684,0.14836381665245482,0.0380952380952381,0.0,0.0,0.19047619047619047,0.41212171292348565,0.19999999999999998,0.9100000000000001,0.0,0.3333333333333333,2.7027027027027026,music box,0.3333333333333333,2.7027027027027026,music box,0.0,0.0,,0.625,music box,0.5,0.5,the; bus; was; ten; minutes; late; its; brakes; screeched; protest; came; stop,the; its,0.0,0.4,0.0,0,0,"The figure, now partially hidden behind a nearby, graffiti-covered lamppost, observes the figure, its eyes gleaming with an otherworldly intensity, as the music box's melancholy tune seems to harmonize with the rhythmic patter of rain, and the cinema's wispy t"
steer_alpha_0p77_c8_tok100_seed03_the_bus_was_ten_minutes_late.json,steer_alpha_0p77,experiments/frontier_sweep_mundane_matched_alpha0_smoke/steer_alpha_0p77_c8_tok100_seed03_the_bus_was_ten_minutes_late.json,3,5,0,0.5781609769268139,0.0026322407455281133,0.14746434894437893,0.02176831018919161,0.0,0.0,0.10884155094595804,0.40962319151216375,0.19999999999999998,0.877,0.0,0.6666666666666666,4.761904761904762,leather-bound; music box,0.6666666666666666,4.761904761904762,leather-bound; music box,0.0,0.0,,1.0,leather-bound; music box,0.5,0.5,the; bus; was; ten; minutes; late; its; brakes; screeched; protest; came; stop,the; its,0.0,0.4,0.0,0,0,"The figure, now soaked and shivering, tucks a small, leather-bound music box into its coat pocket, and the music box's tune changes to a lively, tango, as a small, old, wooden door hidden in the cinema's facade creaks open, and a diminutive, top-hatted, bespec"
steer_alpha_0p77_c8_tok100_seed03_the_bus_was_ten_minutes_late.json,steer_alpha_0p77,experiments/frontier_sweep_mundane_matched_alpha0_smoke/steer_alpha_0p77_c8_tok100_seed03_the_bus_was_ten_minutes_late.json,3,6,0,-0.44774725157726175,0.0,0.1285098472420303,0.0,0.0,0.0,0.0,0.4283661574734343,0.0,1.0,0.0,0.6666666666666666,5.128205128205129,leather-bound; ornate,0.6666666666666666,5.128205128205129,leather-bound; ornate,0.0,0.0,,0.825,leather-bound; ornate,0.5,0.5,the; bus; was; ten; minutes; late; its; brakes; screeched; protest; came; stop,the; its,0.0,0.4,0.0,0,0,"The figure, now drenched from the sudden downpour, tips its hat, and as it does, a small, leather-bound book slips from its pocket and falls onto the wet pavement, where a small, overgrown, and ornate, Victorian-style fountain, long forgotten, begins to stir"
steer_alpha_0p77_c8_tok100_seed03_the_bus_was_ten_minutes_late.json,steer_alpha_0p77,experiments/frontier_sweep_mundane_matched_alpha0_smoke/steer_alpha_0p77_c8_tok100_seed03_the_bus_was_ten_minutes_late.json,3,7,0,0.3718384447902006,0.0019207965532479008,0.14054608926204154,0.016666666666666666,0.0,0.0,0.08333333333333333,0.390405803505671,0.19999999999999998,0.9100000000000001,0.0,0.6666666666666666,4.761904761904762,music box; pocket watch,0.6666666666666666,4.761904761904762,music box; pocket watch,0.0,0.0,,1.0,music box; pocket watch,0.5,0.5,the; bus; was; ten; minutes; late; its; brakes; screeched; protest; came; stop,the; its,0.0,0.4,0.0,0,0,"The figure, its eyes gleaming with a hint of curiosity, opens a small, old-fashioned pocket watch and consults it, while the music box's tune slowly slows, its melody warping and distorting, like a pianist's fingers, the figure's eyes meet the cinema's entranc"
steer_alpha_0p77_c8_tok100_seed03_the_bus_was_ten_minutes_late.json,steer_alpha_0p77,experiments/frontier_sweep_mundane_matched_alpha0_smoke/steer_alpha_0p77_c8_tok100_seed03_the_bus_was_ten_minutes_late.json,3,8,0,-0.8759047041626404,6.124525433178485e-05,0.007842380127850499,0.009523809523809525,0.0,0.0,0.047619047619047616,0.09864629091635846,0.05999999999999997,0.9730000000000001,0.0,1.0,13.513513513513514,doll; leather-bound; miniature; music box; porcelain,1.0,13.513513513513514,doll; leather-bound; miniature; music box; porcelain,0.0,0.0,,1.0,doll; leather-bound; miniature; music box; porcelain,0.75,0.25,the; bus; was; ten; minutes; late; its; brakes; screeched; protest; came; stop,the; was; its,0.0,0.85,0.0,0,0,"As the figure, now several feet away from the cinema, it raises its umbrella, and a small, porcelain doll, that was once a prop in a forgotten, miniature, 19, alongside a tattered, leather-bound, leather-bound book, once a music box, now open, revealing a mini"
steer_alpha_0p82_c8_tok100_seed03_the_bus_was_ten_minutes_late.json,steer_alpha_0p82,experiments/frontier_sweep_mundane_matched_alpha0_smoke/steer_alpha_0p82_c8_tok100_seed03_the_bus_was_ten_minutes_late.json,1,1,1,-0.2705076956014212,0.10107852946481319,0.42388551776521227,0.2785714285714286,0.0,1.0,0.14285714285714285,0.7064758629420205,0.19999999999999998,0.9100000000000001,0.0,0.0,0.0,,0.0,0.0,,0.0,0.0,,0.0,,0.5,0.5,the; bus; was; ten; minutes; late,the; bus,0.2,0.0,0.0,0,2,"as it rained on a deserted street, a man in a long overcoat and a hard-breasted mailman, soaked to the bone, hands the bus a damp, trembling hand, a letter from a city nowhere, and a small, forgotten umbrella, forgotten, lies on the sidewalk, its ribs like a giant, a girl with a black umbrella opens its mouth to yawn, a watch on its wrist, time unwinds."
steer_alpha_0p82_c8_tok100_seed03_the_bus_was_ten_minutes_late.json,steer_alpha_0p82,experiments/frontier_sweep_mundane_matched_alpha0_smoke/steer_alpha_0p82_c8_tok100_seed03_the_bus_was_ten_minutes_late.json,1,2,0,-1.7061145447598896,0.0983323166037736,0.20886218479985896,0.55,1.0,0.0,0.0,0.5801727355551638,0.19999999999999998,0.9100000000000001,0.0,0.3333333333333333,2.7777777777777777,leather-bound,0.3333333333333333,2.7777777777777777,leather-bound,0.0,0.0,,0.5,leather-bound,0.5,0.5,the; bus; was; ten; minutes; late,the; bus,0.2,0.4,0.0,1,0,"It sat at the bus stop, its metal body rusting, a lone umbrella stands beside it, its metal ribs creaking, a small, leather-bound book lies beside it, a worn, leather strap falls to the ground, and a small, forgotten suitcase, once a suitcase, now a makeshift"
steer_alpha_0p82_c8_tok100_seed03_the_bus_was_ten_minutes_late.json,steer_alpha_0p82,experiments/frontier_sweep_mundane_matched_alpha0_smoke/steer_alpha_0p82_c8_tok100_seed03_the_bus_was_ten_minutes_late.json,1,3,0,-2.4581341354723705,0.0,0.48372771836007133,0.0,0.0,0.0,0.0,0.9674554367201427,0.0,0.8977916666666668,0.0,0.3333333333333333,7.142857142857143,leather-bound,0.3333333333333333,7.142857142857143,leather-bound,0.0,0.0,,0.5,leather-bound,0.0,1.0,the; bus; was; ten; minutes; late,,0.1,0.0,0.0,0,0,"Its driver, a woman with a kind face, sips tea and reads a worn leather-bound book."
steer_alpha_0p82_c8_tok100_seed03_the_bus_was_ten_minutes_late.json,steer_alpha_0p82,experiments/frontier_sweep_mundane_matched_alpha0_smoke/steer_alpha_0p82_c8_tok100_seed03_the_bus_was_ten_minutes_late.json,1,4,0,-1.7034129032258067,0.0,0.43653290322580646,0.0,0.0,0.0,0.0,0.7275548387096774,0.19999999999999998,0.9100000000000001,0.0,0.3333333333333333,4.0,leather-bound,0.3333333333333333,4.0,leather-bound,0.0,0.0,,0.5,leather-bound,0.25,0.75,the; bus; was; ten; minutes; late,the,0.4,0.0,0.0,0,0,"A small, leather-bound book lying on the seat, a discarded ticket, a faint scent of old leather and damp, a forgotten umbrella, a window that frames a view of a city's perpetual twilight."
steer_alpha_0p82_c8_tok100_seed03_the_bus_was_ten_minutes_late.json,steer_alpha_0p82,experiments/frontier_sweep_mundane_matched_alpha0_smoke/steer_alpha_0p82_c8_tok100_seed03_the_bus_was_ten_minutes_late.json,1,5,0,-0.5245461924153025,0.0,0.43272542175683537,0.0,0.0,0.0,0.0,0.7212090362613923,0.19999999999999998,0.9100000000000001,0.0,0.3333333333333333,2.7777777777777777,leather-bound,0.3333333333333333,2.7777777777777777,leather-bound,0.0,0.0,,0.5,leather-bound,0.5,0.5,the; bus; was; ten; minutes; late,the; bus,0.4,0.0,0.0,0,0,"Its driver, a young woman with a worn leather backpack and a faded name tag, sits behind the wheel, her eyes fixed on a small, old, leather-bound book, as the bus hurtles down a rain-soled mountain, its wheels squeaking in protest."
steer_alpha_0p82_c8_tok100_seed03_the_bus_was_ten_minutes_late.json,steer_alpha_0p82,experiments/frontier_sweep_mundane_matched_alpha0_smoke/steer_alpha_0p82_c8_tok100_seed03_the_bus_was_ten_minutes_late.json,1,6,0,-1.3299571428571426,0.0,0.4388,0.0,0.0,0.0,0.0,0.7313333333333334,0.19999999999999998,0.9100000000000001,0.0,0.0,0.0,,0.0,0.0,,0.0,0.0,,0.0,,0.5,0.5,the; bus; was; ten; minutes; late,the; bus,0.2,0.0,0.0,0,0,"It stood at the bus stop, a small, worn wooden box, its lid slightly ajar, a handful of forgotten change clatters to the pavement."
steer_alpha_0p82_c8_tok100_seed03_the_bus_was_ten_minutes_late.json,steer_alpha_0p82,experiments/frontier_sweep_mundane_matched_alpha0_smoke/steer_alpha_0p82_c8_tok100_seed03_the_bus_was_ten_minutes_late.json,1,7,0,-2.5199891021215066,0.0,0.3538262461387553,0.0,0.0,0.0,0.0,0.7076524922775106,0.0,1.0,0.0,1.0,9.67741935483871,doll; pocket watch; porcelain,1.0,9.67741935483871,doll; pocket watch; porcelain,0.0,0.0,,1.0,doll; pocket watch; porcelain,0.5,0.5,the; bus; was; ten; minutes; late,the; bus,0.3,0.0,0.0,0,0,"As the crowded bus rumbles to a stop, a worn, leather-strapped man with a pocket watch and a top hat steps out, and a small, porcelain doll, with faded and cracked face, emerges from his coat pocket."
steer_alpha_0p82_c8_tok100_seed03_the_bus_was_ten_minutes_late.json,steer_alpha_0p82,experiments/frontier_sweep_mundane_matched_alpha0_smoke/steer_alpha_0p82_c8_tok100_seed03_the_bus_was_ten_minutes_late.json,1,8,0,-0.6436652312551014,0.003615009841980522,0.40327626955732365,0.010256410256410256,0.0,0.0,0.05128205128205128,0.6721271159288728,0.19999999999999998,0.9100000000000001,0.0,0.6666666666666666,3.5714285714285716,antique; pocket watch,0.6666666666666666,3.5714285714285716,antique; pocket watch,0.0,0.0,,0.775,antique; pocket watch,0.5,0.5,the; bus; was; ten; minutes; late,the; bus,0.3,0.0,0.0,0,0,"A rain-soled shoe, worn and worn, stood at the entrance of a bus, its metal door slightly ajar, as if it's waiting for the driver, a small, antique pocket watch dangles from a chain, attached to a worn, leather wallet that lies on the floor, where a soleless shoe, once a perfect replica of the bus's sole, slowly begins to detach and detaches itself, like a leaf from a tree."
steer_alpha_0p82_c8_tok100_seed03_the_bus_was_ten_minutes_late.json,steer_alpha_0p82,experiments/frontier_sweep_mundane_matched_alpha0_smoke/steer_alpha_0p82_c8_tok100_seed03_the_bus_was_ten_minutes_late.json,2,1,1,-0.09139604838956433,0.001100840081255771,0.19130452631578948,0.007017543859649123,0.0,0.0,0.03508771929824561,0.6015865607414763,0.05999999999999997,0.9730000000000001,0.0,0.3333333333333333,2.6315789473684212,leather-bound,0.3333333333333333,2.6315789473684212,leather-bound,0.0,0.0,,0.5,leather-bound,0.25,0.75,the; bus; was; ten; minutes; late; rained; deserted; street; man; long; overcoat,the,0.0,0.4,0.0,0,0,"The girl's yawn, a thin, pink, pale mouth, reveals a few missing teeth, a small, bespectaced, besuette, a torn, leather-bound book slips from her hand, open to a page with a poem, a pen, a small, rusty, and a puddle, a city, a streetlamp, a small, half-built"
steer_alpha_0p82_c8_tok100_seed03_the_bus_was_ten_minutes_late.json,steer_alpha_0p82,experiments/frontier_sweep_mundane_matched_alpha0_smoke/steer_alpha_0p82_c8_tok100_seed03_the_bus_was_ten_minutes_late.json,2,2,0,-0.26100596367051837,0.0029301656023099348,0.18760206600155072,0.01904761904761905,0.0,0.0,0.09523809523809523,0.5899436037784613,0.05999999999999997,0.9730000000000001,0.0,1.0,10.256410256410257,antique; leather-bound; music box; pocket watch,1.0,10.256410256410257,antique; leather-bound; music box; pocket watch,0.0,0.0,,1.0,antique; leather-bound; music box; pocket watch,0.5,0.5,the; bus; was; ten; minutes; late; rained; deserted; street; man; long; overcoat,the; bus,0.0,0.4,0.0,0,0,"As the girl yawns, a small, antique music box, tucked into its wrist, begins to play a melancholy tune, the mailman, now dry and a little more radiant, hands the bus a small, leather-bound book, where a small, bed of moss, a tiny, antique pocket watch, a small"
steer_alpha_0p82_c8_tok100_seed03_the_bus_was_ten_minutes_late.json,steer_alpha_0p82,experiments/frontier_sweep_mundane_matched_alpha0_smoke/steer_alpha_0p82_c8_tok100_seed03_the_bus_was_ten_minutes_late.json,2,3,0,0.5417334524699826,0.0,0.20825988719278263,0.0,0.0,0.0,0.0,0.5784996866466184,0.19999999999999998,0.9100000000000001,0.0,0.0,0.0,,0.0,0.0,,0.0,0.0,,0.0,,0.25,0.75,the; bus; was; ten; minutes; late; rained; deserted; street; man; long; overcoat,the,0.2,0.4,0.0,0,0,"The girl's yawn reveals a small, paper, with a single, wet, trembling hand, a pen scratches out a note, and the mailman, his eyes, a pair of muddy, rain-soaked, and a faint, forgotten face, a small, forgotten pocket, a door, a window, a clock, a small, forgott"
steer_alpha_0p82_c8_tok100_seed03_the_bus_was_ten_minutes_late.json,steer_alpha_0p82,experiments/frontier_sweep_mundane_matched_alpha0_smoke/steer_alpha_0p82_c8_tok100_seed03_the_bus_was_ten_minutes_late.json,2,4,0,0.0037390211724531164,0.0012519600135376158,0.1974469647518436,0.007407407407407408,0.0,0.0,0.037037037037037035,0.5484637909773433,0.19999999999999998,0.9100000000000001,0.0,0.6666666666666666,5.2631578947368425,antique; music box,0.6666666666666666,5.2631578947368425,antique; music box,0.0,0.0,,1.0,antique; music box,0.25,0.75,the; bus; was; ten; minutes; late; rained; deserted; street; man; long; overcoat,the,0.2,0.4,0.0,0,0,"The girl's yawn, a slow, silver thread of a spider, a tiny, antique music box, half-hidden in the folds of the girl's coat, a faint, silvered face, eyes, and a tiny, painted smile, a hand, outstretched, a key, and a tiny, forgotten key, a small, forgotten key"
steer_alpha_0p82_c8_tok100_seed03_the_bus_was_ten_minutes_late.json,steer_alpha_0p82,experiments/frontier_sweep_mundane_matched_alpha0_smoke/steer_alpha_0p82_c8_tok100_seed03_the_bus_was_ten_minutes_late.json,2,5,0,-0.18515006133622508,0.0,0.17048658249986334,0.0,0.0,0.0,0.0,0.5682886083328779,0.0,1.0,0.0,0.6666666666666666,5.2631578947368425,delicate; leather-bound,0.3333333333333333,2.6315789473684212,leather-bound,0.3333333333333333,2.6315789473684212,delicate,0.5,leather-bound,0.25,0.75,the; bus; was; ten; minutes; late; rained; deserted; street; man; long; overcoat,the,0.0,0.4,0.0,0,0,"The girl, startled, drops her umbrella, which transforms into a small, delicate bird, and as it flutters, a small, leather-bound book, worn and old, appears, and the mailman, now dry and smiling, hands the girl a steamed, steaming letter, and as she reads, a g"
steer_alpha_0p82_c8_tok100_seed03_the_bus_was_ten_minutes_late.json,steer_alpha_0p82,experiments/frontier_sweep_mundane_matched_alpha0_smoke/steer_alpha_0p82_c8_tok100_seed03_the_bus_was_ten_minutes_late.json,2,6,0,0.49422239629995035,0.0,0.4585302197802198,0.0,0.0,0.0,0.0,0.764217032967033,0.19999999999999998,0.9100000000000001,0.0,0.0,0.0,,0.0,0.0,,0.0,0.0,,0.0,,1.0,0.0,the; bus; was; ten; minutes; late; rained; deserted; street; man; long; overcoat,the; man; long; overcoat,0.0,0.0,0.0,0,0,"The girl's yawn, a small, pink mouth, a thin, pale face, eyes that blink, and a letter, a reply, a reply from a girl in a city, a reply that reads ""Dear man in a long overcoat"", a reply that says ""I too, I too, I too, I too, I too""."
steer_alpha_0p82_c8_tok100_seed03_the_bus_was_ten_minutes_late.json,steer_alpha_0p82,experiments/frontier_sweep_mundane_matched_alpha0_smoke/steer_alpha_0p82_c8_tok100_seed03_the_bus_was_ten_minutes_late.json,2,7,0,0.6602440920771859,0.0,0.1630954550135792,0.0,0.0,0.0,0.0,0.4530429305932756,0.19999999999999998,0.9100000000000001,0.0,0.0,0.0,,0.0,0.0,,0.0,0.0,,0.0,,0.25,0.75,the; bus; was; ten; minutes; late; rained; deserted; street; man; long; overcoat,the,0.3333333333333333,0.4,0.0,0,0,"The girl's yawn, a small, pink mouth, a faint, rose-like mouth, inhales a small, forgotten cigarette, and the girl's eyes, two small, round, black eyes, a small, wooden chair, a small, forgotten, and the girl's wrist, a tiny, mechanical, a tiny, golden, a smal"
steer_alpha_0p82_c8_tok100_seed03_the_bus_was_ten_minutes_late.json,steer_alpha_0p82,experiments/frontier_sweep_mundane_matched_alpha0_smoke/steer_alpha_0p82_c8_tok100_seed03_the_bus_was_ten_minutes_late.json,2,8,0,-1.0440124041824566,0.0,0.12183082214215525,0.0,0.0,0.0,0.0,0.40610274047385087,0.0,1.0,0.0,0.3333333333333333,2.7777777777777777,leather-bound,0.3333333333333333,2.7777777777777777,leather-bound,0.0,0.0,,0.5,leather-bound,0.25,0.75,the; bus; was; ten; minutes; late; rained; deserted; street; man; long; overcoat,the,0.5,0.4,0.0,0,0,"As the girl yawns, a small, forgotten pocket watches, a tiny, intricately carved wooden box, a tiny, leather-bound book opens, and a small, withered, dry tree, a small, withered, dry tree, a small, withered, dry tree, a small, with a tiny, withered, dry tree"
steer_alpha_0p82_c8_tok100_seed03_the_bus_was_ten_minutes_late.json,steer_alpha_0p82,experiments/frontier_sweep_mundane_matched_alpha0_smoke/steer_alpha_0p82_c8_tok100_seed03_the_bus_was_ten_minutes_late.json,3,1,1,-0.7834394314860176,0.08375869634298565,0.17790717150166874,0.55,1.0,0.0,0.0,0.5930239050055625,0.0,1.0,0.0,0.3333333333333333,2.7027027027027026,pocket watch,0.3333333333333333,2.7027027027027026,pocket watch,0.0,0.0,,0.4,pocket watch,0.75,0.25,the; bus; was; ten; minutes; late; rained; deserted; street; man; long; overcoat,the; street; man,0.2,0.4,0.0,1,0,"The girl, still yawning, blows her lips, and a small, brass harmonica, once a musician, now a trash can, beneath the streetlamp's faint, flickering light, a small, dusty, and a half-built, a man, a pocket watch, and a, a small, forgotten, a street, a thin, gra"
steer_alpha_0p82_c8_tok100_seed03_the_bus_was_ten_minutes_late.json,steer_alpha_0p82,experiments/frontier_sweep_mundane_matched_alpha0_smoke/steer_alpha_0p82_c8_tok100_seed03_the_bus_was_ten_minutes_late.json,3,2,0,0.30339925499567905,0.04035336096081325,0.1968456632234793,0.25,0.0,1.0,0.0,0.5467935089541092,0.19999999999999998,0.9100000000000001,0.0,0.3333333333333333,2.6315789473684212,leather-bound,0.3333333333333333,2.6315789473684212,leather-bound,0.0,0.0,,0.5,leather-bound,0.5,0.5,the; bus; was; ten; minutes; late; rained; deserted; street; man; long; overcoat,the; long,0.0,0.4,0.0,0,1,"Under the streetlamp, a small, half-built city, a girl in a long, tattered coat, a hard-pressed, besuette, a torn, leather-bound book, a pen, an open, a puddle, a city, a streetlamp, a small, half-built, the girl's eyes, a thin, pink, pale mouth, yawns, a poem"
steer_alpha_0p82_c8_tok100_seed03_the_bus_was_ten_minutes_late.json,steer_alpha_0p82,experiments/frontier_sweep_mundane_matched_alpha0_smoke/steer_alpha_0p82_c8_tok100_seed03_the_bus_was_ten_minutes_late.json,3,3,0,0.684099778550912,0.0,0.2215204984423676,0.0,0.0,0.0,0.0,0.6153347178954656,0.19999999999999998,0.9100000000000001,0.0,0.6666666666666666,5.714285714285714,delicate; leather-bound,0.3333333333333333,2.857142857142857,leather-bound,0.3333333333333333,2.857142857142857,delicate,0.5,leather-bound,1.0,0.0,the; bus; was; ten; minutes; late; rained; deserted; street; man; long; overcoat,the; man; long; overcoat,0.3333333333333333,0.4,0.0,0,0,"The girl, still yawning, blows her lips, a tiny, pink, delicate mouth, and a small, leather-bound book, still open, on the sidewalk, beside a puddle, a streetlamp, a half-built, a small, forgotten, a mailbox, a man in a long, overcoat, now, a puddle, a raincoa"
steer_alpha_0p82_c8_tok100_seed03_the_bus_was_ten_minutes_late.json,steer_alpha_0p82,experiments/frontier_sweep_mundane_matched_alpha0_smoke/steer_alpha_0p82_c8_tok100_seed03_the_bus_was_ten_minutes_late.json,3,4,0,-0.8189391484521873,0.0,0.17770626126426806,0.0,0.0,0.0,0.0,0.5923542042142269,0.0,1.0,0.0,0.3333333333333333,2.7777777777777777,leather-bound,0.3333333333333333,2.7777777777777777,leather-bound,0.0,0.0,,0.5,leather-bound,0.5,0.5,the; bus; was; ten; minutes; late; rained; deserted; street; man; long; overcoat,the; man,0.3333333333333333,0.4,0.0,0,0,"The girl's yawn, a thin, pink, pale mouth, reveals a few missing teeth, a small, bespectaced, besuette, a torn, leather-bound book, now clings to her face, a pen, a small, rusty, and a puddle, a city, a streetlamp, a small, half-built, a bicycle, a man in a lo"
steer_alpha_0p82_c8_tok100_seed03_the_bus_was_ten_minutes_late.json,steer_alpha_0p82,experiments/frontier_sweep_mundane_matched_alpha0_smoke/steer_alpha_0p82_c8_tok100_seed03_the_bus_was_ten_minutes_late.json,3,5,0,-0.30628184707189016,0.0,0.20386782333651185,0.0,0.0,0.0,0.0,0.5662995092680885,0.19999999999999998,0.9100000000000001,0.0,0.3333333333333333,2.6315789473684212,leather-bound,0.3333333333333333,2.6315789473684212,leather-bound,0.0,0.0,,0.5,leather-bound,0.25,0.75,the; bus; was; ten; minutes; late; rained; deserted; street; man; long; overcoat,the,0.0,0.4,0.0,0,0,"The girl's yawn, a thin, pink, pale mouth, reveals a few missing teeth, a small, bespectaced, besuette, a torn, leather-bound book lies, a puddle, a city, a streetlamp, a small, half-built, the girl, now awake, she brushes hair, tangled, tangled, tangled, tang"
steer_alpha_0p82_c8_tok100_seed03_the_bus_was_ten_minutes_late.json,steer_alpha_0p82,experiments/frontier_sweep_mundane_matched_alpha0_smoke/steer_alpha_0p82_c8_tok100_seed03_the_bus_was_ten_minutes_late.json,3,6,0,-0.4729862285095567,0.0,0.1705347897196262,0.0,0.0,0.0,0.0,0.5362729236466233,0.05999999999999997,0.9730000000000001,0.0,0.3333333333333333,2.7777777777777777,leather-bound,0.3333333333333333,2.7777777777777777,leather-bound,0.0,0.0,,0.5,leather-bound,0.5,0.5,the; bus; was; ten; minutes; late; rained; deserted; street; man; long; overcoat,the; man,0.0,0.4,0.0,0,0,"The girl, now standing, the girl's eyes, a milky film, a thin, pink, pale mouth, a yawn, a small, bespectaced, besuette, a torn, leather-bound book, on the sidewalk, a puddle, a city, a streetlamp, a small, half-built, a puddle, a city, a streetlamp, the man"
steer_alpha_0p82_c8_tok100_seed03_the_bus_was_ten_minutes_late.json,steer_alpha_0p82,experiments/frontier_sweep_mundane_matched_alpha0_smoke/steer_alpha_0p82_c8_tok100_seed03_the_bus_was_ten_minutes_late.json,3,7,0,-3.2406625218923346,0.0,0.07905499299112209,0.0,0.0,0.0,0.0,0.5270332866074806,0.0,1.0,0.5,0.0,0.0,,0.0,0.0,,0.0,0.0,,0.0,,0.5,0.5,the; bus; was; ten; minutes; late; rained; deserted; street; man; long; overcoat,the; bus,0.25,0.4,0.0,0,0,"The bus driver, a woman with a kind face, a warm, gentle smile, a city awakens, a small, forgotten bench, a newspaper, a half-built, a girl reads the newspaper, a few pages, a small, old, withered tree, a small, tattered, a mailbox, a small, forgotten, a girl"
steer_alpha_0p82_c8_tok100_seed03_the_bus_was_ten_minutes_late.json,steer_alpha_0p82,experiments/frontier_sweep_mundane_matched_alpha0_smoke/steer_alpha_0p82_c8_tok100_seed03_the_bus_was_ten_minutes_late.json,3,8,0,-1.237426445932825,0.0,0.06186174244120943,0.0,0.0,0.0,0.0,0.29180067189249725,0.05999999999999997,0.9730000000000001,0.0,0.0,0.0,,0.0,0.0,,0.0,0.0,,0.0,,0.75,0.25,the; bus; was; ten; minutes; late; rained; deserted; street; man; long; overcoat,the; street; man,0.16666666666666666,0.6,0.0,0,0,"The girl, still yawn, her eyes, a small, dusty, forgotten harmonica, a hand, a torn, black dress, a torn, a small, wet, a puddle, a mailbox, a street, a small, wet, a few, a city, a man, a hard, a letter, an old, a small, a mailbox creaks, a small, a puddle, a girl, a small, a city, a man, a hard,"
selector_alpha_0_c8_tok100_seed04_a_blue_mug_near_the_sink.json,selector_alpha_0,experiments/frontier_sweep_mundane_matched_alpha0_smoke/selector_alpha_0_c8_tok100_seed04_a_blue_mug_near_the_sink.json,1,1,1,-1.2080540540540536,0.0,0.47035135135135137,0.0,0.0,0.0,0.0,0.783918918918919,0.19999999999999998,0.9100000000000001,0.0,0.3333333333333333,5.2631578947368425,faded photograph,0.3333333333333333,5.2631578947368425,faded photograph,0.0,0.0,,0.0,,0.5,0.5,blue; mug; the; sink,mug; the,0.2,0.0,0.0,0,0,"The mug sat beside a small, weathered wooden box, its lid slightly ajar, revealing a handful of pebbles and a faded photograph of a lake."
selector_alpha_0_c8_tok100_seed04_a_blue_mug_near_the_sink.json,selector_alpha_0,experiments/frontier_sweep_mundane_matched_alpha0_smoke/selector_alpha_0_c8_tok100_seed04_a_blue_mug_near_the_sink.json,1,2,0,-1.3908107112985142,0.008091330078496635,0.4253619784256409,0.022222222222222223,0.0,0.0,0.1111111111111111,0.7089366307094015,0.19999999999999998,0.9100000000000001,0.0,0.0,0.0,,0.0,0.0,,0.0,0.0,,0.0,,0.25,0.75,blue; mug; the; sink,the,0.2,0.0,0.0,0,0,"The old wooden table in the corner of the small kitchen was the shared workspace, where Emma sat across from her friend, Jack, surrounded by scraps of paper, pencils, and the faint scent of yesterday's coffee."
selector_alpha_0_c8_tok100_seed04_a_blue_mug_near_the_sink.json,selector_alpha_0,experiments/frontier_sweep_mundane_matched_alpha0_smoke/selector_alpha_0_c8_tok100_seed04_a_blue_mug_near_the_sink.json,1,3,0,0.8442069637981773,0.015139007594936712,0.38973417721518994,0.044444444444444446,0.0,0.0,0.2222222222222222,0.6495569620253165,0.19999999999999998,0.9100000000000001,0.0,0.0,0.0,,0.0,0.0,,0.0,0.0,,0.4,grandfather clock,0.75,0.25,blue; mug; the; sink,blue; mug; the,0.3,0.0,0.0,0,0,"The old grandfather clock stood in the same corner of the living room, its intricate carvings of leaves and vines now faded and worn, its ticking heartbeat echoing through the stillness as it continued to mark the passing of time, a constant presence that had witnessed countless moments of joy and sorrow, now standing silently beside the blue mug that had been left on the counter."
selector_alpha_0_c8_tok100_seed04_a_blue_mug_near_the_sink.json,selector_alpha_0,experiments/frontier_sweep_mundane_matched_alpha0_smoke/selector_alpha_0_c8_tok100_seed04_a_blue_mug_near_the_sink.json,1,4,0,-0.1871133684871411,0.0,0.42246710526315795,0.0,0.0,0.0,0.0,0.7041118421052632,0.19999999999999998,0.8972276272577997,0.0,0.0,0.0,,0.0,0.0,,0.0,0.0,,0.0,,0.75,0.25,blue; mug; the; sink,blue; mug; the,0.3,0.0,0.0,0,0,"The blue mug sat on the worn wooden table, a small, rounded dent on its side where it had been pressed against the countertop, the faint imprint of a forgotten coffee stain still visible."
selector_alpha_0_c8_tok100_seed04_a_blue_mug_near_the_sink.json,selector_alpha_0,experiments/frontier_sweep_mundane_matched_alpha0_smoke/selector_alpha_0_c8_tok100_seed04_a_blue_mug_near_the_sink.json,1,5,0,0.7697823820706351,0.0,0.4181622267787915,0.0,0.0,0.0,0.0,0.6969370446313192,0.19999999999999998,0.9100000000000001,0.0,0.3333333333333333,2.127659574468085,old man,0.0,0.0,,0.3333333333333333,2.127659574468085,old man,0.0,,0.75,0.25,blue; mug; the; sink,mug; the; sink,0.2,0.0,0.0,0,0,"The old man's hand reached over the sink and gently lifted the mug, cradling it as if it were a fragile egg, its morning coffee now only a memory. He carried it out into the backyard, onto the worn wooden bench where his wife had spent countless hours smoking and watching the sun rise."
selector_alpha_0_c8_tok100_seed04_a_blue_mug_near_the_sink.json,selector_alpha_0,experiments/frontier_sweep_mundane_matched_alpha0_smoke/selector_alpha_0_c8_tok100_seed04_a_blue_mug_near_the_sink.json,1,6,0,-1.5517232142857145,0.0,0.21088125,0.0,0.0,0.0,0.0,0.7029375,0.19999999999999998,0.9100000000000001,0.5,0.0,0.0,,0.0,0.0,,0.0,0.0,,0.0,,0.5,0.5,blue; mug; the; sink,mug; the,0.3,0.0,0.0,0,0,"The old wooden spoon rested beside the mug, its worn surface bearing the scars of countless breakfasts and dinner cleansings, a testament to the countless meals shared beneath its cracked rim."
selector_alpha_0_c8_tok100_seed04_a_blue_mug_near_the_sink.json,selector_alpha_0,experiments/frontier_sweep_mundane_matched_alpha0_smoke/selector_alpha_0_c8_tok100_seed04_a_blue_mug_near_the_sink.json,1,7,0,-0.7602816312303939,0.0,0.37446788181985935,0.0,0.0,0.0,0.0,0.6241131363664323,0.19999999999999998,0.9100000000000001,0.0,0.0,0.0,,0.0,0.0,,0.0,0.0,,0.4,grandfather clock,0.25,0.75,blue; mug; the; sink,the,0.1,0.0,0.0,0,0,"The old grandfather clock, with its intricate carvings, stood silently in the corner, its ticking heartbeat harmonizing with the gentle hum of the refrigerator, as a young girl's sketchbook lay open on the windowsill, revealing a drawing of the clock's surface with a vibrant, swirling pattern that seemed to pulse with the same rhythm as the clock's mechanism."
selector_alpha_0_c8_tok100_seed04_a_blue_mug_near_the_sink.json,selector_alpha_0,experiments/frontier_sweep_mundane_matched_alpha0_smoke/selector_alpha_0_c8_tok100_seed04_a_blue_mug_near_the_sink.json,1,8,0,0.579268316368317,0.0,0.18492036421448185,0.0,0.0,0.0,0.0,0.6164012140482729,0.19999999999999998,0.9100000000000001,0.5,0.3333333333333333,2.7777777777777777,old man,0.0,0.0,,0.3333333333333333,2.7777777777777777,old man,0.0,,0.75,0.25,blue; mug; the; sink,mug; the; sink,0.2,0.0,0.0,0,0,"The old man's spectacles rested on the edge of the mug, their worn frames a testament to the countless hours he had spent studying beneath the same sink, his worn fingers tracing the same contours as the mug's familiar curves."
selector_alpha_0_c8_tok100_seed04_a_blue_mug_near_the_sink.json,selector_alpha_0,experiments/frontier_sweep_mundane_matched_alpha0_smoke/selector_alpha_0_c8_tok100_seed04_a_blue_mug_near_the_sink.json,2,1,1,1.0267243610726602,0.08633661094819159,0.38677426507402907,0.2722222222222222,0.0,1.0,0.1111111111111111,0.6446237751233818,0.19999999999999998,0.9100000000000001,0.0,0.0,0.0,,0.0,0.0,,0.0,0.0,,0.0,,1.0,0.0,blue; mug; the; sink; sat; weathered; wooden; box; its; lid; slightly; ajar,the; sink; wooden; box; its; lid,0.0,0.0,0.0,0,1,"The pebbles spilled out onto the countertop, some of them rolling towards the sink, as the photograph slipped from the box and fluttered to the floor, its glassy surface reflecting the faint hum of the refrigerator beneath. The wooden box's lid creaked softly, as if urging its contents to escape."
selector_alpha_0_c8_tok100_seed04_a_blue_mug_near_the_sink.json,selector_alpha_0,experiments/frontier_sweep_mundane_matched_alpha0_smoke/selector_alpha_0_c8_tok100_seed04_a_blue_mug_near_the_sink.json,2,2,0,0.6017343061349287,0.0,0.3748502564102565,0.0,0.0,0.0,0.0,0.7072646347363329,0.05999999999999997,0.9730000000000001,0.0,0.0,0.0,,0.0,0.0,,0.0,0.0,,0.0,,1.0,0.0,blue; mug; the; sink; sat; weathered; wooden; box; its; lid; slightly; ajar,the; wooden; box; its; lid; slightly; ajar,0.0,0.0,0.0,0,0,"The wooden box creaked slightly as the lid continued to remain ajar, its contents spilling onto the worn linoleum floor, where a rain-soaked newspaper from last week's delivery was also spread out, forming a tangled web with the pebbles and photograph."
selector_alpha_0_c8_tok100_seed04_a_blue_mug_near_the_sink.json,selector_alpha_0,experiments/frontier_sweep_mundane_matched_alpha0_smoke/selector_alpha_0_c8_tok100_seed04_a_blue_mug_near_the_sink.json,2,3,0,0.09613030073519835,0.0,0.409698010144362,0.0,0.0,0.0,0.0,0.6828300169072701,0.19999999999999998,0.9100000000000001,0.0,0.0,0.0,,0.0,0.0,,0.0,0.0,,0.0,,1.0,0.0,blue; mug; the; sink; sat; weathered; wooden; box; its; lid; slightly; ajar,the; sink; wooden; box; its,0.0,0.0,0.0,0,0,"The photograph depicted a serene lake at sunset, its surface dotted with lily pads, while the pebbles spilled out of the box, rolling down a worn, wooden floor to the edge of the sink, where they merged with a small, half-filled bucket filled with water and a few soft, green shoots."
selector_alpha_0_c8_tok100_seed04_a_blue_mug_near_the_sink.json,selector_alpha_0,experiments/frontier_sweep_mundane_matched_alpha0_smoke/selector_alpha_0_c8_tok100_seed04_a_blue_mug_near_the_sink.json,2,4,0,1.0726838765135678,0.0,0.4137592592592592,0.0,0.0,0.0,0.0,0.6895987654320987,0.19999999999999998,0.9100000000000001,0.0,0.0,0.0,,0.0,0.0,,0.0,0.0,,0.0,,0.5,0.5,blue; mug; the; sink; sat; weathered; wooden; box; its; lid; slightly; ajar,the; box,0.0,0.0,0.0,0,0,"The pebbles spilled out of the box, rolling across the countertop, as a young woman opened the window, letting a warm breeze carry the scent of damp earth and blooming lilacs into the small kitchen."
selector_alpha_0_c8_tok100_seed04_a_blue_mug_near_the_sink.json,selector_alpha_0,experiments/frontier_sweep_mundane_matched_alpha0_smoke/selector_alpha_0_c8_tok100_seed04_a_blue_mug_near_the_sink.json,2,5,0,-0.06392979880551208,0.011347104318936879,0.36324571752694274,0.0380952380952381,0.0,0.0,0.19047619047619047,0.6054095292115712,0.19999999999999998,0.9100000000000001,0.0,0.0,0.0,,0.0,0.0,,0.0,0.0,,0.0,,1.0,0.0,blue; mug; the; sink; sat; weathered; wooden; box; its; lid; slightly; ajar,the; sink; sat; its,0.0,0.0,0.0,0,0,"The pebbles spilled onto the counter, some slipping through the gap between the edge of the counter and the sink, while others clattered to the floor, near the old, dusty violin that sat in the corner, its strings stretched, awaiting the touch of a skilled hand."
selector_alpha_0_c8_tok100_seed04_a_blue_mug_near_the_sink.json,selector_alpha_0,experiments/frontier_sweep_mundane_matched_alpha0_smoke/selector_alpha_0_c8_tok100_seed04_a_blue_mug_near_the_sink.json,2,6,0,-0.2133611150843313,0.0,0.4113223404255319,0.0,0.0,0.0,0.0,0.6855372340425532,0.19999999999999998,0.9100000000000001,0.0,0.0,0.0,,0.0,0.0,,0.0,0.0,,0.0,,0.25,0.75,blue; mug; the; sink; sat; weathered; wooden; box; its; lid; slightly; ajar,the,0.0,0.0,0.0,0,0,"The pebbles had spilled onto the worn linoleum floor, some of them disappearing under a nearby chair, while others slid towards the open window, where they clung to the sill for a moment before falling to the fire escape outside."
selector_alpha_0_c8_tok100_seed04_a_blue_mug_near_the_sink.json,selector_alpha_0,experiments/frontier_sweep_mundane_matched_alpha0_smoke/selector_alpha_0_c8_tok100_seed04_a_blue_mug_near_the_sink.json,2,7,0,1.2453456550140893,0.0,0.40257209015128126,0.0,0.0,0.0,0.0,0.6709534835854688,0.19999999999999998,0.9100000000000001,0.0,0.3333333333333333,2.4390243902439024,miniature,0.3333333333333333,2.4390243902439024,miniature,0.0,0.0,,0.4,miniature,1.0,0.0,blue; mug; the; sink; sat; weathered; wooden; box; its; lid; slightly; ajar,the; sink; box; its,0.0,0.0,0.0,0,0,"The pebbles spilled onto the countertop, like a miniature landslide, as the box creaked open a bit wider, its edges worn smooth by countless moments of being opened and closed, while the photograph, yellowed with age, seemed to be gazing out at the pebbles now scattered across the sink."
selector_alpha_0_c8_tok100_seed04_a_blue_mug_near_the_sink.json,selector_alpha_0,experiments/frontier_sweep_mundane_matched_alpha0_smoke/selector_alpha_0_c8_tok100_seed04_a_blue_mug_near_the_sink.json,2,8,0,0.6269969809049856,0.0,0.38075232136284765,0.0,0.0,0.0,0.0,0.6345872022714127,0.19999999999999998,0.9100000000000001,0.0,0.3333333333333333,2.272727272727273,faded photograph,0.3333333333333333,2.272727272727273,faded photograph,0.0,0.0,,0.0,,1.0,0.0,blue; mug; the; sink; sat; weathered; wooden; box; its; lid; slightly; ajar,the; sink; wooden; box,0.3333333333333333,0.0,0.0,0,0,"The wooden box creaked as it shifted on the edge of the sink, the pebbles spilling out onto the countertop, where they mingled with the crumbs of yesterday's coffee and a few stray threads from a torn piece of fabric, the faded photograph of the lake now nearly hidden beneath the scattered pebbles."
selector_alpha_0_c8_tok100_seed04_a_blue_mug_near_the_sink.json,selector_alpha_0,experiments/frontier_sweep_mundane_matched_alpha0_smoke/selector_alpha_0_c8_tok100_seed04_a_blue_mug_near_the_sink.json,3,1,1,0.8862154489035892,0.14688010027049025,0.35802882218318477,0.4742735042735043,0.8461538461538461,0.0,0.04444444444444444,0.5967147036386413,0.19999999999999998,0.9100000000000001,0.0,0.3333333333333333,1.5384615384615385,miniature,0.3333333333333333,1.5384615384615385,miniature,0.0,0.0,,0.4,miniature,0.75,0.25,blue; mug; the; sink; sat; weathered; wooden; box; its; lid; slightly; ajar,the; box; its,0.25,0.0,0.0,1,0,"The pebbles, now scattered across the countertop, merged with the dust motes dancing in the faint sunlight filtering through the window, creating a miniature, turbulent landscape of stone and air, as the refrigerator's hum grew louder, vibrating the box, which began to slide towards the edge of the counter, its contents spilling out onto the floor, mingling with the pebbles, the photograph, and the dust, now a small, chaotic, and shifting mosaic."
selector_alpha_0_c8_tok100_seed04_a_blue_mug_near_the_sink.json,selector_alpha_0,experiments/frontier_sweep_mundane_matched_alpha0_smoke/selector_alpha_0_c8_tok100_seed04_a_blue_mug_near_the_sink.json,3,2,0,1.0752007142972662,0.005898857842640665,0.40916933012536405,0.016666666666666666,0.0,0.0,0.08333333333333333,0.6819488835422735,0.19999999999999998,0.9100000000000001,0.0,0.3333333333333333,1.8867924528301887,faded photograph,0.3333333333333333,1.8867924528301887,faded photograph,0.0,0.0,,0.0,,1.0,0.0,blue; mug; the; sink; sat; weathered; wooden; box; its; lid; slightly; ajar,mug; the; box; its,0.25,0.0,0.0,0,0,"The refrigerator's hum grew louder, its doors swinging open to reveal a shelf stacked with dusty jars and a small, paper-thumbed notebook, its pages fluttering as it slipped from the shelf and drifted towards the countertop, where it settled next to the mug and the pebbles, the faded photograph crumpled into a tiny, abstract form against the edge of the box."
selector_alpha_0_c8_tok100_seed04_a_blue_mug_near_the_sink.json,selector_alpha_0,experiments/frontier_sweep_mundane_matched_alpha0_smoke/selector_alpha_0_c8_tok100_seed04_a_blue_mug_near_the_sink.json,3,3,0,0.8283055127329486,0.009905146611925153,0.37988488426417494,0.02962962962962963,0.0,0.0,0.14814814814814814,0.633141473773625,0.19999999999999998,0.9100000000000001,0.0,0.3333333333333333,1.9607843137254901,faded photograph,0.3333333333333333,1.9607843137254901,faded photograph,0.0,0.0,,0.0,,1.0,0.0,blue; mug; the; sink; sat; weathered; wooden; box; its; lid; slightly; ajar,the; wooden; box; its,0.3333333333333333,0.0,0.0,0,0,"The pebbles slid into a narrow gap between the countertop and the cabinet, and the wooden box's contents spilled out onto the floor, where they merged with the pebbles, forming a small, smooth expanse, as the faded photograph, now crumpled, slipped beneath the kitchen table, its creases spreading like vines across the tabletop."
selector_alpha_0_c8_tok100_seed04_a_blue_mug_near_the_sink.json,selector_alpha_0,experiments/frontier_sweep_mundane_matched_alpha0_smoke/selector_alpha_0_c8_tok100_seed04_a_blue_mug_near_the_sink.json,3,4,0,0.8862712685426632,0.0,0.4111755547602004,0.0,0.0,0.0,0.0,0.6852925912670007,0.19999999999999998,0.9100000000000001,0.0,0.0,0.0,,0.0,0.0,,0.0,0.0,,0.0,,1.0,0.0,blue; mug; the; sink; sat; weathered; wooden; box; its; lid; slightly; ajar,blue; mug; the; sink; its,0.2,0.0,0.0,0,0,"A small, bedraggled bird, its feathers a dull gray, perched on the edge of the sink, watching the pebbles as they continued to roll, its beak open in a silent, inquiring gesture, while the refrigerator hummed on, its metal exterior a dull, cold blue that seemed to blend seamlessly with the mug's faded glaze."
selector_alpha_0_c8_tok100_seed04_a_blue_mug_near_the_sink.json,selector_alpha_0,experiments/frontier_sweep_mundane_matched_alpha0_smoke/selector_alpha_0_c8_tok100_seed04_a_blue_mug_near_the_sink.json,3,5,0,0.7717387853639954,0.004238161526232115,0.3876367249602544,0.013333333333333334,0.0,0.0,0.06666666666666667,0.6460612082670907,0.19999999999999998,0.9100000000000001,0.0,0.3333333333333333,1.9607843137254901,miniature,0.3333333333333333,1.9607843137254901,miniature,0.0,0.0,,0.4,miniature,0.75,0.25,blue; mug; the; sink; sat; weathered; wooden; box; its; lid; slightly; ajar,the; sink; its,0.0,0.0,0.0,0,0,"The pebbles continued to roll, a small, scattered path leading from the counter to the edge of the sink, where they formed a miniature river, their gentle flow momentarily stilled as a dark shape appeared beside the sink, its back to the pebbles, a worn, black leather saddle bag with a silver buckle, its contents visible through the gap of a zippered pocket."
selector_alpha_0_c8_tok100_seed04_a_blue_mug_near_the_sink.json,selector_alpha_0,experiments/frontier_sweep_mundane_matched_alpha0_smoke/selector_alpha_0_c8_tok100_seed04_a_blue_mug_near_the_sink.json,3,6,0,0.8795433132874788,0.0,0.37888332507074834,0.0,0.0,0.0,0.0,0.6314722084512473,0.19999999999999998,0.9100000000000001,0.0,0.0,0.0,,0.0,0.0,,0.0,0.0,,0.0,,0.75,0.25,blue; mug; the; sink; sat; weathered; wooden; box; its; lid; slightly; ajar,the; sink; box,0.2,0.0,0.0,0,0,"The pebbles continued to roll, some of them disappearing under the countertop, while others clung to the edge, like tiny sentinels, their smooth surfaces reflecting the faint light that filtered through the grimy window above the sink, as the refrigerator's humming grew louder, and the box's creaking subsided, replaced by the soft clinking of dishes being loaded into the dishwasher."
selector_alpha_0_c8_tok100_seed04_a_blue_mug_near_the_sink.json,selector_alpha_0,experiments/frontier_sweep_mundane_matched_alpha0_smoke/selector_alpha_0_c8_tok100_seed04_a_blue_mug_near_the_sink.json,3,7,0,-0.21942739550985862,0.0,0.1488334933063905,0.0,0.0,0.0,0.0,0.4134263702955292,0.19999999999999998,0.9100000000000001,0.0,0.0,0.0,,0.0,0.0,,0.0,0.0,,0.0,,1.0,0.0,blue; mug; the; sink; sat; weathered; wooden; box; its; lid; slightly; ajar,the; wooden; box; its,0.0,0.4,0.0,0,0,"The pebbles continued to roll, forming a small, meandering path across the countertop, while the photograph lay crumpled near the edge of the wooden box, partially hidden by a dust speck, its corners curled and creased from years of being folded and refolded"
selector_alpha_0_c8_tok100_seed04_a_blue_mug_near_the_sink.json,selector_alpha_0,experiments/frontier_sweep_mundane_matched_alpha0_smoke/selector_alpha_0_c8_tok100_seed04_a_blue_mug_near_the_sink.json,3,8,0,0.6421867720071197,0.0,0.12381784517721744,0.0,0.0,0.0,0.0,0.34393845882560403,0.19999999999999998,0.9100000000000001,0.0,0.0,0.0,,0.0,0.0,,0.0,0.0,,0.0,,0.75,0.25,blue; mug; the; sink; sat; weathered; wooden; box; its; lid; slightly; ajar,mug; the; sink,0.0,0.4,0.0,0,0,"The pebbles slid across the countertop, coming to rest near the base of the mug, where they began to mingle with the dust and crumbs that coated the surface, as the refrigerator's hum grew louder, the air around the sink growing thick with the scent of dampnes"
steer_alpha_0p66_c8_tok100_seed04_a_blue_mug_near_the_sink.json,steer_alpha_0p66,experiments/frontier_sweep_mundane_matched_alpha0_smoke/steer_alpha_0p66_c8_tok100_seed04_a_blue_mug_near_the_sink.json,1,1,1,-0.26113242813994675,0.12080824441873912,0.5417410063620589,0.25,0.0,1.0,0.0,0.9029016772700983,0.19999999999999998,0.9100000000000001,0.0,1.0,15.0,antique; delicate; doll; leather-bound; porcelain; whispers,1.0,10.0,antique; doll; leather-bound; porcelain,0.6666666666666666,5.0,delicate; whispers,1.0,antique; doll; leather-bound; porcelain,1.0,0.0,blue; mug; the; sink,blue; mug; the; sink,0.4,0.0,0.0,0,1,"On the blue mug, a small, delicate, porcelain doll sits, surrounded by a halo of steam, its face serene, its eyes locked onto a cracked, antique mirror above the sink, where a forgotten, leather-bound book lies, its pages fluttering softly, releasing whispers of yellowed, hand-written pages."
steer_alpha_0p66_c8_tok100_seed04_a_blue_mug_near_the_sink.json,steer_alpha_0p66,experiments/frontier_sweep_mundane_matched_alpha0_smoke/steer_alpha_0p66_c8_tok100_seed04_a_blue_mug_near_the_sink.json,1,2,0,-1.432459595043584,0.0,0.3897252066115703,0.0,0.0,0.0,0.0,0.7353305785123967,0.05999999999999997,0.7946767241379311,0.0,0.3333333333333333,4.761904761904762,leather-bound,0.3333333333333333,4.761904761904762,leather-bound,0.0,0.0,,0.5,leather-bound,0.25,0.75,blue; mug; the; sink,the,0.4,0.0,0.0,0,0,"A dusty, old harmonica sits on the windowsill, next to a small, leather-bound book with a faint inscription that reads ""For a forgotten melody""."
steer_alpha_0p66_c8_tok100_seed04_a_blue_mug_near_the_sink.json,steer_alpha_0p66,experiments/frontier_sweep_mundane_matched_alpha0_smoke/steer_alpha_0p66_c8_tok100_seed04_a_blue_mug_near_the_sink.json,1,3,0,-1.7309172259507828,0.00886858129753915,0.3885184563758389,0.02666666666666667,0.0,0.0,0.13333333333333333,0.7330536912751677,0.05999999999999997,0.9730000000000001,0.0,1.0,12.5,antique; melancholic; music box,0.6666666666666666,8.333333333333334,antique; music box,0.3333333333333333,4.166666666666667,melancholic,1.0,antique; music box,0.25,0.75,blue; mug; the; sink,the,0.2,0.0,0.0,0,0,"A small, antique music box on the countertops, its intricate mechanism ticking away, emitting a soft, melancholic tune that harmonizes with the dripping of water from the faucet."
steer_alpha_0p66_c8_tok100_seed04_a_blue_mug_near_the_sink.json,steer_alpha_0p66,experiments/frontier_sweep_mundane_matched_alpha0_smoke/steer_alpha_0p66_c8_tok100_seed04_a_blue_mug_near_the_sink.json,1,4,0,-0.9958897948896723,0.011766582896345823,0.4123091281279494,0.032652465283787416,0.0,0.0,0.16326232641893706,0.687181880213249,0.19999999999999998,0.9100000000000001,0.0,1.0,12.5,antique; delicate; leather-bound; music box,1.0,9.375,antique; leather-bound; music box,0.3333333333333333,3.125,delicate,1.0,antique; ballerina; leather-bound; music box,0.25,0.75,blue; mug; the; sink,the,0.3,0.0,0.0,0,0,"A small, antique music box sits on the windowsill, its delicate ballerina twirling to a soft, forgotten melody. On the kitchen counter, a small, leather-bound book lies open, its pages fluttering gently in the breeze from an open window."
steer_alpha_0p66_c8_tok100_seed04_a_blue_mug_near_the_sink.json,steer_alpha_0p66,experiments/frontier_sweep_mundane_matched_alpha0_smoke/steer_alpha_0p66_c8_tok100_seed04_a_blue_mug_near_the_sink.json,1,5,0,0.7039269165247368,0.004096460926976767,0.3866796641597061,0.012121212121212123,0.0,0.0,0.06060606060606061,0.7295842719994454,0.05999999999999997,0.9730000000000001,0.0,1.0,6.976744186046512,antique; music box; porcelain,1.0,6.976744186046512,antique; music box; porcelain,0.0,0.0,,1.0,antique; ballerina; music box; porcelain,0.75,0.25,blue; mug; the; sink,blue; mug; the,0.3,0.0,0.0,0,0,"The blue mug had been there for years, a fixture that seems to hold a faint, morning light, as a woman with a worn, paint-splattered apron slowly, with a gentle touch, polishes the faucet, revealing a small, antique music box, where a tiny, porcelain ballerina twirls to a tune only she can hear."
steer_alpha_0p66_c8_tok100_seed04_a_blue_mug_near_the_sink.json,steer_alpha_0p66,experiments/frontier_sweep_mundane_matched_alpha0_smoke/steer_alpha_0p66_c8_tok100_seed04_a_blue_mug_near_the_sink.json,1,6,0,-1.2544369416854073,0.0,0.3923251188858696,0.0,0.0,0.0,0.0,0.7402360733695652,0.05999999999999997,0.972984195402299,0.0,0.3333333333333333,4.3478260869565215,moonlit,0.0,0.0,,0.3333333333333333,4.3478260869565215,moonlit,0.0,,0.5,0.5,blue; mug; the; sink,mug; the,0.2,0.0,0.0,0,0,"A small, silver harmonica rested on the edge of the mug, its metal surface reflecting a faint, moonlit glow as water drips from its rim, onto the countertop."
steer_alpha_0p66_c8_tok100_seed04_a_blue_mug_near_the_sink.json,steer_alpha_0p66,experiments/frontier_sweep_mundane_matched_alpha0_smoke/steer_alpha_0p66_c8_tok100_seed04_a_blue_mug_near_the_sink.json,1,7,0,-0.5747833468677073,0.0,0.4185841143032724,0.0,0.0,0.0,0.0,0.697640190505454,0.19999999999999998,0.9100000000000001,0.0,1.0,6.521739130434782,delicate; mist; porcelain,0.3333333333333333,2.1739130434782608,porcelain,0.6666666666666666,4.3478260869565215,delicate; mist,0.5,porcelain,0.25,0.75,blue; mug; the; sink,the,0.45,0.0,0.0,0,0,"A small, old, wooden cabin, weathered to a silvery gray, stands at the edge of a tranquil lake, its windows reflecting a morning mist, where a lone, weathered wooden boat, adorned with moss and vines, gently rocks, its oars still, as the mist slowly rises, revealing a delicate, porcelain teacup and saucer, abandoned on the shore, beside it."
steer_alpha_0p66_c8_tok100_seed04_a_blue_mug_near_the_sink.json,steer_alpha_0p66,experiments/frontier_sweep_mundane_matched_alpha0_smoke/steer_alpha_0p66_c8_tok100_seed04_a_blue_mug_near_the_sink.json,1,8,0,0.20274315540599247,0.0,0.21927457765389716,0.0,0.0,0.0,0.0,0.6090960490386033,0.19999999999999998,0.9100000000000001,0.0,0.6666666666666666,5.128205128205129,delicate; porcelain,0.3333333333333333,2.5641025641025643,porcelain,0.3333333333333333,2.5641025641025643,delicate,0.5,porcelain,1.0,0.0,blue; mug; the; sink,blue; mug; the; sink,0.2,0.4,0.0,0,0,"A small, forgotten garden, hidden behind the sink, its tendrils of ivy curl and uncoil, wrapping around the blue mug, as morning light, dew-kissed, illuminates the tiny, delicate face of a forgotten, porcelain child, her eyes, two tiny blue stones, reflect the"
steer_alpha_0p66_c8_tok100_seed04_a_blue_mug_near_the_sink.json,steer_alpha_0p66,experiments/frontier_sweep_mundane_matched_alpha0_smoke/steer_alpha_0p66_c8_tok100_seed04_a_blue_mug_near_the_sink.json,2,1,1,0.7189400959912877,0.007911661929461354,0.2071115688340668,0.04000000000000001,0.0,0.0,0.2,0.6512942416165624,0.05999999999999997,0.9730000000000001,0.0,0.6666666666666666,5.555555555555555,antique; music box,0.6666666666666666,5.555555555555555,antique; music box,0.0,0.0,,1.0,antique; music box,0.5,0.5,blue; mug; the; sink; sits; surrounded; halo; steam; its; face; serene; eyes,the; its,0.75,0.4,0.0,0,0,"The forgotten book slowly rises, its pages unfolding like a lotus, releasing a shower of yellowed, hand-written lines upon the counter, where a small, antique music box, adorned with intricate, mother-of-pearl inlays, begins to play a melancholy waltz, its mec"
steer_alpha_0p66_c8_tok100_seed04_a_blue_mug_near_the_sink.json,steer_alpha_0p66,experiments/frontier_sweep_mundane_matched_alpha0_smoke/steer_alpha_0p66_c8_tok100_seed04_a_blue_mug_near_the_sink.json,2,2,0,1.0145942105855583,0.002406315205925656,0.4130349894142555,0.007104799385386997,0.0,0.0,0.03552399692693498,0.6883916490237592,0.19999999999999998,0.9100000000000001,0.0,1.0,5.357142857142857,doll; leather-bound; porcelain,1.0,5.357142857142857,doll; leather-bound; porcelain,0.0,0.0,,1.0,doll; leather-bound; porcelain,1.0,0.0,blue; mug; the; sink; sits; surrounded; halo; steam; its; face; serene; eyes,the; sink; its; face; eyes,0.0,0.0,0.0,0,0,"The mirror, once a perfect reflection, now distorts and ripples, as if the porcelain doll begins to melt, its face elongating, its eyes still fixed on the book, which begins to rise, its pages unfurling like a tiny, leather-bound flower, its petals unfolding, releasing a soft, golden light that seeps into the sink, where a small, rusty key, with intricate, etched initials, lies, waiting."
steer_alpha_0p66_c8_tok100_seed04_a_blue_mug_near_the_sink.json,steer_alpha_0p66,experiments/frontier_sweep_mundane_matched_alpha0_smoke/steer_alpha_0p66_c8_tok100_seed04_a_blue_mug_near_the_sink.json,2,3,0,-0.29506767385045696,0.0,0.5085818897637795,0.0,0.0,0.0,0.0,0.8476364829396326,0.19999999999999998,0.9100000000000001,0.0,1.0,11.11111111111111,antique; delicate; doll; leather-bound; porcelain,1.0,8.88888888888889,antique; doll; leather-bound; porcelain,0.3333333333333333,2.2222222222222223,delicate,1.0,antique; doll; leather-bound; porcelain,0.25,0.75,blue; mug; the; sink; sits; surrounded; halo; steam; its; face; serene; eyes,the,0.75,0.0,0.0,0,0,"The porcelain doll's gaze follows the mirror, where the book's pages rustle, releasing a small, leather-bound key, which falls onto the cracked, antique mirror, where a tiny, delicate, brass scale appears, balancing a small, forgotten, silver teapot, filled with a single, dew-kissed, silver rose."
steer_alpha_0p66_c8_tok100_seed04_a_blue_mug_near_the_sink.json,steer_alpha_0p66,experiments/frontier_sweep_mundane_matched_alpha0_smoke/steer_alpha_0p66_c8_tok100_seed04_a_blue_mug_near_the_sink.json,2,4,0,0.5859499669681831,0.0,0.16026265892060282,0.0,0.0,0.0,0.0,0.4451740525572301,0.19999999999999998,0.9100000000000001,0.0,0.6666666666666666,5.405405405405405,doll; porcelain,0.6666666666666666,5.405405405405405,doll; porcelain,0.0,0.0,,0.875,doll; porcelain,0.5,0.5,blue; mug; the; sink; sits; surrounded; halo; steam; its; face; serene; eyes,the; steam,0.0,0.4,0.0,0,0,"As the steam dissipates, the doll's porcelain lips curve into a faint, enigmatic smile, and the mirror, now foggy with condensation, ripples like a pond, revealing a reflection of the kitchen, where a silver tea kettle, still warm from a recent brew, seems to"
steer_alpha_0p66_c8_tok100_seed04_a_blue_mug_near_the_sink.json,steer_alpha_0p66,experiments/frontier_sweep_mundane_matched_alpha0_smoke/steer_alpha_0p66_c8_tok100_seed04_a_blue_mug_near_the_sink.json,2,5,0,0.5793929305930954,0.0,0.15853482519216464,0.0,0.0,0.0,0.0,0.4403745144226796,0.19999999999999998,0.9100000000000001,0.0,0.3333333333333333,2.7027027027027026,doll,0.3333333333333333,2.7027027027027026,doll,0.0,0.0,,0.375,doll,1.0,0.0,blue; mug; the; sink; sits; surrounded; halo; steam; its; face; serene; eyes,the; steam; its; face; serene,0.0,0.4,0.0,0,0,"As the steam dissolves, the doll's face begins to change, its serene expression twisting into a subtle, enigmatic smile, while the mirror, now foggy with condensation, ripples like a still pond, its cracks spreading like a network of fine, silver veins, and th"
steer_alpha_0p66_c8_tok100_seed04_a_blue_mug_near_the_sink.json,steer_alpha_0p66,experiments/frontier_sweep_mundane_matched_alpha0_smoke/steer_alpha_0p66_c8_tok100_seed04_a_blue_mug_near_the_sink.json,2,6,0,-0.3371748310251816,0.0,0.1370583278833407,0.0,0.0,0.0,0.0,0.4310010310796878,0.05999999999999997,0.9730000000000001,0.0,1.0,11.428571428571429,antique; crystal; doll; porcelain,1.0,11.428571428571429,antique; crystal; doll; porcelain,0.0,0.0,,1.0,antique; crystal; doll; porcelain,1.0,0.0,blue; mug; the; sink; sits; surrounded; halo; steam; its; face; serene; eyes,the; steam; its; face; serene,0.75,0.4,0.0,0,0,"The forgotten book falls, its pages fluttering wildly as it descends towards the cracked, antique mirror, where the porcelain doll, now partially submerged in a small, crystal-clear puddle of water, its serene face ripples, as if it's about to speak, the steam"
steer_alpha_0p66_c8_tok100_seed04_a_blue_mug_near_the_sink.json,steer_alpha_0p66,experiments/frontier_sweep_mundane_matched_alpha0_smoke/steer_alpha_0p66_c8_tok100_seed04_a_blue_mug_near_the_sink.json,2,7,0,0.36111202105346735,0.00193831189464372,0.14786843310639067,0.015985798617120746,0.0,0.0,0.07992899308560372,0.4107456475177519,0.19999999999999998,0.9100000000000001,0.0,1.0,9.75609756097561,doll; leather-bound; mist; silver mist,0.6666666666666666,4.878048780487805,doll; leather-bound,0.6666666666666666,4.878048780487805,mist; silver mist,0.875,doll; leather-bound,1.0,0.0,blue; mug; the; sink; sits; surrounded; halo; steam; its; face; serene; eyes,the; sink; steam; its; face; serene; eyes,0.0,0.4,0.0,0,0,"As the steam dissipates, the doll's serene face seems to subtly shift, its eyes now gazing not at the mirror, but at the leather-bound book, which begins to slowly rise from the sink, its pages unfolding like a lotus, releasing a wispy, silver mist that wafts"
steer_alpha_0p66_c8_tok100_seed04_a_blue_mug_near_the_sink.json,steer_alpha_0p66,experiments/frontier_sweep_mundane_matched_alpha0_smoke/steer_alpha_0p66_c8_tok100_seed04_a_blue_mug_near_the_sink.json,2,8,0,0.2055579395673824,0.0,0.1423365444524323,0.0,0.0,0.0,0.0,0.3953792901456453,0.19999999999999998,0.9100000000000001,0.0,1.0,7.6923076923076925,delicate; doll; porcelain,0.6666666666666666,5.128205128205129,doll; porcelain,0.3333333333333333,2.5641025641025643,delicate,0.875,doll; porcelain,1.0,0.0,blue; mug; the; sink; sits; surrounded; halo; steam; its; face; serene; eyes,mug; the; steam; its; face; eyes,0.25,0.4,0.0,0,0,"As the steam from the mug dissolves, the doll's face begins to shimmer, its eyes blinking, and it slowly rises, its porcelain limbs unfolding like a lotus, its delicate hands grasping a small, golden key, which, as it unlocks the mirror, the mirror's cracked s"
steer_alpha_0p66_c8_tok100_seed04_a_blue_mug_near_the_sink.json,steer_alpha_0p66,experiments/frontier_sweep_mundane_matched_alpha0_smoke/steer_alpha_0p66_c8_tok100_seed04_a_blue_mug_near_the_sink.json,3,1,1,0.3626353879446072,0.09444203134162643,0.17980396257330114,0.55,1.0,0.0,0.0,0.5654212659537772,0.05999999999999997,0.9730000000000001,0.0,1.0,18.75,antique; clockwork; delicate; doll; miniature; porcelain,1.0,15.625,antique; clockwork; doll; miniature; porcelain,0.3333333333333333,3.125,delicate,1.0,antique; clockwork; doll; miniature; porcelain,0.75,0.25,blue; mug; the; sink; sits; surrounded; halo; steam; its; face; serene; eyes,the; its; face,0.75,0.4,0.0,1,0,"The forgotten book, now a delicate, porcelain-like sculpture, begins to dissolve, its pages reforming into a small, delicate, porcelain doll, which, as it rises, cradles a small, cracked, antique clock, its face a miniature, delicate, golden clockwork, ticking"
steer_alpha_0p66_c8_tok100_seed04_a_blue_mug_near_the_sink.json,steer_alpha_0p66,experiments/frontier_sweep_mundane_matched_alpha0_smoke/steer_alpha_0p66_c8_tok100_seed04_a_blue_mug_near_the_sink.json,3,2,0,0.7265858671780818,0.03395933810366415,0.13889618959963185,0.2826524652837874,0.0,1.0,0.16326232641893706,0.3858227488878663,0.19999999999999998,0.9100000000000001,0.0,1.0,9.75609756097561,doll; music box; porcelain; whispers,1.0,7.317073170731708,doll; music box; porcelain,0.3333333333333333,2.4390243902439024,whispers,1.0,doll; music box; porcelain,1.0,0.0,blue; mug; the; sink; sits; surrounded; halo; steam; its; face; serene; eyes,the; sink; its; face; serene; eyes,0.25,0.4,0.0,0,2,"As the music box's notes weave in and out of the whispers, the porcelain doll stirs, its serene face now tilted, its eyes following the book, now freed from the sink, where it floats, as if lifted by an invisible hand, the pages of the forgotten book now flutt"
steer_alpha_0p66_c8_tok100_seed04_a_blue_mug_near_the_sink.json,steer_alpha_0p66,experiments/frontier_sweep_mundane_matched_alpha0_smoke/steer_alpha_0p66_c8_tok100_seed04_a_blue_mug_near_the_sink.json,3,3,0,0.4334249439103753,0.029622035809405287,0.13807660183548034,0.261626035357906,0.0,1.0,0.05813017678952998,0.3835461162096676,0.19999999999999998,0.9100000000000001,0.0,1.0,18.91891891891892,delicate; doll; ghostly; miniature; music box; porcelain; whispers,1.0,10.81081081081081,doll; miniature; music box; porcelain,1.0,8.108108108108109,delicate; ghostly; whispers,1.0,doll; miniature; music box; porcelain,0.5,0.5,blue; mug; the; sink; sits; surrounded; halo; steam; its; face; serene; eyes,mug; the,0.0,0.4,0.0,0,2,"the music box's tune weaves in and out of the whispers of the book, as the porcelain doll, now detached from the mug, begins to slide across the countertop, leaving a trail of tiny, delicate, porcelain shards, like a miniature, ghostly, pale bride, trailing be"
steer_alpha_0p66_c8_tok100_seed04_a_blue_mug_near_the_sink.json,steer_alpha_0p66,experiments/frontier_sweep_mundane_matched_alpha0_smoke/steer_alpha_0p66_c8_tok100_seed04_a_blue_mug_near_the_sink.json,3,4,0,0.611736886803627,0.0,0.16209388734528923,0.0,0.0,0.0,0.0,0.450260798181359,0.19999999999999998,0.9100000000000001,0.0,0.3333333333333333,2.7027027027027026,delicate,0.0,0.0,,0.3333333333333333,2.7027027027027026,delicate,0.0,,0.5,0.5,blue; mug; the; sink; sits; surrounded; halo; steam; its; face; serene; eyes,the; its,0.0,0.4,0.0,0,0,"A small, dusty, old key, attached to a faded, white apron, floats gently down from the ceiling, where a small, delicate, copper kettle, adorned with a tiny, tarnished, silver plaque, slowly begins to fill with dew, its spout stretching out like a tiny, silver"
steer_alpha_0p66_c8_tok100_seed04_a_blue_mug_near_the_sink.json,steer_alpha_0p66,experiments/frontier_sweep_mundane_matched_alpha0_smoke/steer_alpha_0p66_c8_tok100_seed04_a_blue_mug_near_the_sink.json,3,5,0,0.10533595219914688,0.00235312778116379,0.14784048886892923,0.016666666666666666,0.0,0.0,0.08333333333333333,0.41066802463591456,0.19999999999999998,0.9100000000000001,0.0,1.0,15.384615384615385,antique; delicate; doll; leather-bound; music box; porcelain,1.0,12.820512820512821,antique; doll; leather-bound; music box; porcelain,0.3333333333333333,2.5641025641025643,delicate,1.0,antique; doll; leather-bound; music box; porcelain,0.75,0.25,blue; mug; the; sink; sits; surrounded; halo; steam; its; face; serene; eyes,blue; mug; the,0.75,0.4,0.0,0,0,"As the last notes of the music box's melancholy waltz fade away, the porcelain doll, now detached from the blue mug, gently floats towards the cracked, antique mirror, where the forgotten, leather-bound book has transformed into a delicate, filigework of silve"
steer_alpha_0p66_c8_tok100_seed04_a_blue_mug_near_the_sink.json,steer_alpha_0p66,experiments/frontier_sweep_mundane_matched_alpha0_smoke/steer_alpha_0p66_c8_tok100_seed04_a_blue_mug_near_the_sink.json,3,6,0,-1.6897369539976124,0.002220032281803464,0.1251174262866114,0.020512820512820513,0.0,0.0,0.10256410256410256,0.417058087622038,0.0,1.0,0.0,0.3333333333333333,2.9411764705882355,miniature,0.3333333333333333,2.9411764705882355,miniature,0.0,0.0,,0.4,miniature,0.25,0.75,blue; mug; the; sink; sits; surrounded; halo; steam; its; face; serene; eyes,the,0.25,0.4,0.0,0,0,"The yellowed, hand-written lines on the counter continue to fall, drifting lazily to the floor, where they gather, forming a small, intricate, miniature garden, where a tiny, copper kettle whistles and steams, releasing a fragrant, earthy aroma, and a small, l"
steer_alpha_0p66_c8_tok100_seed04_a_blue_mug_near_the_sink.json,steer_alpha_0p66,experiments/frontier_sweep_mundane_matched_alpha0_smoke/steer_alpha_0p66_c8_tok100_seed04_a_blue_mug_near_the_sink.json,3,7,0,-0.3054127190761275,0.001941957449494242,0.11545173861322476,0.020512820512820513,0.0,0.0,0.10256410256410256,0.36305578180259357,0.05999999999999997,0.9730000000000001,0.0,1.0,7.5,crystal; ethereal; music box,0.6666666666666666,5.0,crystal; music box,0.3333333333333333,2.5,ethereal,0.975,crystal; music box,0.5,0.5,blue; mug; the; sink; sits; surrounded; halo; steam; its; face; serene; eyes,the; its,0.0,0.4,0.0,0,0,"The music box's lid, now ajar, reveals a tiny, crystal ball, which, as the music box's melody slows, begins to ripple and undulate, like a living, ethereal snake, its scales shimmering with stardust, as the crystal ball slowly, silently, rises from the music b"
steer_alpha_0p66_c8_tok100_seed04_a_blue_mug_near_the_sink.json,steer_alpha_0p66,experiments/frontier_sweep_mundane_matched_alpha0_smoke/steer_alpha_0p66_c8_tok100_seed04_a_blue_mug_near_the_sink.json,3,8,0,0.07751239474768923,0.0001490939382239384,0.009049054054054064,0.01904761904761905,0.0,0.0,0.09523809523809523,0.10054504504504513,0.19999999999999998,0.9100000000000001,0.0,1.0,8.333333333333334,miniature; music box; ornate,1.0,8.333333333333334,miniature; music box; ornate,0.0,0.0,,1.0,miniature; music box; ornate,0.75,0.25,blue; mug; the; sink; sits; surrounded; halo; steam; its; face; serene; eyes,the; its; face,0.25,0.85,0.0,0,0,"Above the music box, a small, ornate, Victorian-style clock ticks away with precision, its face a map of a hundred, gilded, miniature, three-dimensional, hand-painted, ceramic globe, its surface cracked, its surface etched with fine, silver filigework, as the"
steer_alpha_0p77_c8_tok100_seed04_a_blue_mug_near_the_sink.json,steer_alpha_0p77,experiments/frontier_sweep_mundane_matched_alpha0_smoke/steer_alpha_0p77_c8_tok100_seed04_a_blue_mug_near_the_sink.json,1,1,1,1.280280222127762,0.216612243540856,0.42499377431906615,0.5656862745098039,1.0,0.0,0.0784313725490196,0.7083229571984436,0.19999999999999998,0.9100000000000001,0.0,1.0,14.285714285714286,antique; delicate; leather-bound; melancholic; miniature; music box,1.0,9.523809523809524,antique; leather-bound; miniature; music box,0.6666666666666666,4.761904761904762,delicate; melancholic,1.0,antique; ballerina; leather-bound; miniature; music box,0.75,0.25,blue; mug; the; sink,blue; mug; the,0.45,0.0,0.0,1,0,"On the counter, a small, antique music box, its delicate ballerina twirls to a soft, melancholic waltz, as the blue mug, now a miniature, sits atop a small, dusty, old, wooden cabinet, where a faded, leather-bound book lies open, revealing yellowed, yellowed pages that hold a poem, 'To a forgotten garden.'"
steer_alpha_0p77_c8_tok100_seed04_a_blue_mug_near_the_sink.json,steer_alpha_0p77,experiments/frontier_sweep_mundane_matched_alpha0_smoke/steer_alpha_0p77_c8_tok100_seed04_a_blue_mug_near_the_sink.json,1,2,0,0.8380458324165574,0.1261792509916318,0.5448793950235811,0.25701754385964914,0.0,1.0,0.03508771929824561,0.9081323250393019,0.19999999999999998,0.9100000000000001,0.0,1.0,9.30232558139535,antique; delicate; leather-bound; music box,1.0,6.976744186046512,antique; leather-bound; music box,0.3333333333333333,2.3255813953488373,delicate,1.0,antique; leather-bound; music box,0.25,0.75,blue; mug; the; sink,the,0.45,0.0,0.0,0,1,"A small, antique music box, adorned with delicate, swirling patterns, sits on a worn, wooden workbench, its lid slightly ajar, near a dusty, old, leather-bound book, where a faint, forgotten melody hums, and a faint, morning light, filtered through a grimy, window above, illuminates the entire, cluttered, forgotten study."
steer_alpha_0p77_c8_tok100_seed04_a_blue_mug_near_the_sink.json,steer_alpha_0p77,experiments/frontier_sweep_mundane_matched_alpha0_smoke/steer_alpha_0p77_c8_tok100_seed04_a_blue_mug_near_the_sink.json,1,3,0,-1.042986785714286,0.003915301851851852,0.1975208333333333,0.022222222222222223,0.0,0.0,0.1111111111111111,0.7900833333333332,0.0,0.9912916666666667,0.5,1.0,15.789473684210526,antique; delicate; music box,0.6666666666666666,10.526315789473685,antique; music box,0.3333333333333333,5.2631578947368425,delicate,1.0,antique; ballerina; music box,0.0,1.0,blue; mug; the; sink,,0.4,0.0,0.0,0,0,"A small, antique music box, dusty and forgotten, sits on a worn, wooden dresser, its delicate ballerina twirling to a tune that is barely audible."
steer_alpha_0p77_c8_tok100_seed04_a_blue_mug_near_the_sink.json,steer_alpha_0p77,experiments/frontier_sweep_mundane_matched_alpha0_smoke/steer_alpha_0p77_c8_tok100_seed04_a_blue_mug_near_the_sink.json,1,4,0,0.35941645353793716,0.009403902608695652,0.4300565217391304,0.02666666666666667,0.0,0.0,0.13333333333333333,0.7167608695652173,0.19999999999999998,0.9100000000000001,0.0,0.6666666666666666,5.0,delicate; porcelain,0.3333333333333333,2.5,porcelain,0.3333333333333333,2.5,delicate,0.5,porcelain,0.75,0.25,blue; mug; the; sink,mug; the; sink,0.0,0.0,0.0,0,0,"A small, intricately carved wooden box sits on the counter, its lid slightly ajar, revealing a delicate, porcelain dove perched on the edge of the sink, where a gentle rivulet of water collects and disappears into the mug, which, now filled with dew, holds a single, wilted rose."
steer_alpha_0p77_c8_tok100_seed04_a_blue_mug_near_the_sink.json,steer_alpha_0p77,experiments/frontier_sweep_mundane_matched_alpha0_smoke/steer_alpha_0p77_c8_tok100_seed04_a_blue_mug_near_the_sink.json,1,5,0,-0.2555446432611572,0.00468912884242192,0.44262371796316746,0.012121212121212123,0.0,0.0,0.06060606060606061,0.7377061966052791,0.19999999999999998,0.9100000000000001,0.0,1.0,10.81081081081081,antique; leather-bound; melancholic; music box,1.0,8.108108108108109,antique; leather-bound; music box,0.3333333333333333,2.7027027027027026,melancholic,1.0,antique; leather-bound; music box,0.25,0.75,blue; mug; the; sink,the,0.3,0.0,0.0,0,0,"A small, antique music box, its lid slightly ajar, emits a soft, melancholic tune, as a old, leather-bound book lies open, its pages fluttering gently in the breeze that stirs, and a wooden rocking chair, polished to a warm sheen, creaks softly in rhythmic motion."
steer_alpha_0p77_c8_tok100_seed04_a_blue_mug_near_the_sink.json,steer_alpha_0p77,experiments/frontier_sweep_mundane_matched_alpha0_smoke/steer_alpha_0p77_c8_tok100_seed04_a_blue_mug_near_the_sink.json,1,6,0,0.40805289206241224,0.004786955864792218,0.37747607578676945,0.014814814814814815,0.0,0.0,0.07407407407407407,0.7122190109184329,0.05999999999999997,0.9730000000000001,0.0,1.0,14.814814814814815,antique; delicate; haunting; music box,0.6666666666666666,7.407407407407407,antique; music box,0.6666666666666666,7.407407407407407,delicate; haunting,1.0,antique; ballerina; music box,0.5,0.5,blue; mug; the; sink,the; sink,0.2,0.0,0.0,0,0,"A small, antique music box, its delicate ballerina twirls to a haunting, forgotten melody, as a delicate, antique scale hangs from the sink, its tiny, enamelled surface etched with a single, silvered mirror."
steer_alpha_0p77_c8_tok100_seed04_a_blue_mug_near_the_sink.json,steer_alpha_0p77,experiments/frontier_sweep_mundane_matched_alpha0_smoke/steer_alpha_0p77_c8_tok100_seed04_a_blue_mug_near_the_sink.json,1,7,0,0.29576635374870697,0.0,0.3997333333333333,0.0,0.0,0.0,0.0,0.6662222222222222,0.19999999999999998,0.9100000000000001,0.0,0.0,0.0,,0.0,0.0,,0.0,0.0,,0.0,,0.5,0.5,blue; mug; the; sink,the; sink,0.3,0.0,0.0,0,0,"A small, worn leather satchel lies beside the sink, its worn, brown leather creaking softly, a small, forgotten key nestled in its worn, silver clasps, a faded, handwritten note attached to it with a tiny, silver clip."
steer_alpha_0p77_c8_tok100_seed04_a_blue_mug_near_the_sink.json,steer_alpha_0p77,experiments/frontier_sweep_mundane_matched_alpha0_smoke/steer_alpha_0p77_c8_tok100_seed04_a_blue_mug_near_the_sink.json,1,8,0,-1.5434767025089606,0.0007364153794162825,0.12872965844402276,0.006349206349206349,0.0,0.0,0.031746031746031744,0.40481024667931687,0.05999999999999997,0.9730000000000001,0.0,1.0,14.705882352941176,antique; doll; miniature; music box; porcelain,1.0,14.705882352941176,antique; doll; miniature; music box; porcelain,0.0,0.0,,1.0,antique; doll; miniature; music box; porcelain,0.75,0.25,blue; mug; the; sink,blue; the; sink,0.45,0.4,0.0,0,0,"A small, antique music box, its intricate mechanisms ticking away, slowly, in a dusty, old, forgotten cabinet, beside the sink, a faint, morning light, a small, forgotten, dusty, old, porcelain doll, with a cracked, and a blue, ceramic, miniature, a small, del"
steer_alpha_0p77_c8_tok100_seed04_a_blue_mug_near_the_sink.json,steer_alpha_0p77,experiments/frontier_sweep_mundane_matched_alpha0_smoke/steer_alpha_0p77_c8_tok100_seed04_a_blue_mug_near_the_sink.json,2,1,1,0.4901116034407585,0.10038759600647598,0.21100913506353333,0.55,1.0,0.0,0.0,0.5861364862875926,0.19999999999999998,0.9100000000000001,0.0,1.0,14.705882352941176,crystal; delicate; doll; miniature; porcelain,1.0,11.764705882352942,crystal; doll; miniature; porcelain,0.3333333333333333,2.9411764705882355,delicate,1.0,crystal; doll; miniature; porcelain,1.0,0.0,blue; mug; the; sink; counter; its; twirls; waltz; now; sits; atop; old,blue; mug; the; now; sits,0.25,0.4,0.0,1,0,"The blue mug, once a tiny, porcelain doll, now sits on a windowsill, where a wispy, forgotten bouquet of forget-me-nots, with petunias and a tiny, tarnished, golden statuette, once a miniature, now a delicate, crystal, contains a tiny, rolled-up, faded, yellow"
steer_alpha_0p77_c8_tok100_seed04_a_blue_mug_near_the_sink.json,steer_alpha_0p77,experiments/frontier_sweep_mundane_matched_alpha0_smoke/steer_alpha_0p77_c8_tok100_seed04_a_blue_mug_near_the_sink.json,2,2,0,0.386987809082096,0.0746553392600423,0.15870748414376323,0.5583333333333333,1.0,0.0,0.041666666666666664,0.44085412262156454,0.19999999999999998,0.9100000000000001,0.0,0.6666666666666666,6.0606060606060606,mournful; music box,0.3333333333333333,3.0303030303030303,music box,0.3333333333333333,3.0303030303030303,mournful,0.625,music box,0.5,0.5,blue; mug; the; sink; counter; its; twirls; waltz; now; sits; atop; old,the; now,0.125,0.4,0.0,1,0,"A small, overgrown, forgotten garden, where a weathered, stone bench beckons, surrounded by a tangle of vines and a few, forgotten, withered flowers, their petals, a deep, rich, crimson, as the music box, now a part of the bench, plays a lilting, mournful tune"
steer_alpha_0p77_c8_tok100_seed04_a_blue_mug_near_the_sink.json,steer_alpha_0p77,experiments/frontier_sweep_mundane_matched_alpha0_smoke/steer_alpha_0p77_c8_tok100_seed04_a_blue_mug_near_the_sink.json,2,3,0,0.3429400725502379,0.06532765924602245,0.14219895688981835,0.5602564102564103,1.0,0.0,0.05128205128205128,0.3949971024717177,0.19999999999999998,0.9100000000000001,0.0,1.0,10.256410256410257,delicate; miniature; music box; porcelain,1.0,7.6923076923076925,miniature; music box; porcelain,0.3333333333333333,2.5641025641025643,delicate,1.0,ballerina; miniature; music box; porcelain,1.0,0.0,blue; mug; the; sink; counter; its; twirls; waltz; now; sits; atop; old,blue; mug; the; now,0.0,0.4,0.0,2,0,"As the music box's ballerina slows to a stop, the blue mug, now a tiny, delicate, porcelain figurine, detaches from the wooden cabinet, and the cabinet, now a miniature, rises, carrying the book, which opens to a page with a poem that reads, 'In twilight, wher"
steer_alpha_0p77_c8_tok100_seed04_a_blue_mug_near_the_sink.json,steer_alpha_0p77,experiments/frontier_sweep_mundane_matched_alpha0_smoke/steer_alpha_0p77_c8_tok100_seed04_a_blue_mug_near_the_sink.json,2,4,0,0.7458619672569848,0.06572839935069268,0.13920146185167875,0.5621212121212121,1.0,0.0,0.06060606060606061,0.38667072736577435,0.19999999999999998,0.9100000000000001,0.0,1.0,12.5,delicate; doll; mist; music box; porcelain,1.0,7.5,doll; music box; porcelain,0.6666666666666666,5.0,delicate; mist,1.0,ballerina; doll; music box; porcelain,1.0,0.0,blue; mug; the; sink; counter; its; twirls; waltz; now; sits; atop; old,blue; mug; the; waltz; now; sits,0.1111111111111111,0.4,0.0,1,0,"A faint, morning mist creeps over the edges of the wooden cabinet, as the music box's waltz slows to a stop, and the ballerina freezes, her toes clicking softly on the tiny, dusty cabinet, while the blue mug, now a tiny, delicate, porcelain doll, sits on a nea"
steer_alpha_0p77_c8_tok100_seed04_a_blue_mug_near_the_sink.json,steer_alpha_0p77,experiments/frontier_sweep_mundane_matched_alpha0_smoke/steer_alpha_0p77_c8_tok100_seed04_a_blue_mug_near_the_sink.json,2,5,0,1.2397790956841845,0.0014457500000000002,0.21157317073170734,0.008333333333333333,0.0,0.0,0.041666666666666664,0.5877032520325204,0.19999999999999998,0.9100000000000001,0.0,0.3333333333333333,2.4390243902439024,music box,0.3333333333333333,2.4390243902439024,music box,0.0,0.0,,1.0,ballerina; music box,1.0,0.0,blue; mug; the; sink; counter; its; twirls; waltz; now; sits; atop; old,blue; the; sink; its; now; sits,0.0,0.4,0.0,0,0,"A small, green, ceramic statue of a girl, her face serene, sits on the edge of the sink, its eyes, two bright, shiny blue, watching the music box, where the ballerina, now still, its music silent, the cabinet creaks, as the cover of the book, once closed, now"
steer_alpha_0p77_c8_tok100_seed04_a_blue_mug_near_the_sink.json,steer_alpha_0p77,experiments/frontier_sweep_mundane_matched_alpha0_smoke/steer_alpha_0p77_c8_tok100_seed04_a_blue_mug_near_the_sink.json,2,6,0,0.7117713871127194,0.0,0.15610132827324474,0.0,0.0,0.0,0.0,0.43361480075901326,0.19999999999999998,0.9100000000000001,0.0,1.0,8.823529411764707,ethereal; miniature; porcelain,0.6666666666666666,5.882352941176471,miniature; porcelain,0.3333333333333333,2.9411764705882355,ethereal,0.9,miniature; porcelain,1.0,0.0,blue; mug; the; sink; counter; its; twirls; waltz; now; sits; atop; old,blue; mug; the; now; sits,0.1111111111111111,0.4,0.0,0,0,"A faint, golden light seeps through a narrow, grimy window, casting a faint, ethereal glow on the wooden cabinet, where the miniature blue mug now sits, surrounded by a scattering of forgotten, porcelain teacups and saucers, each one, like a miniature, ceramic"
steer_alpha_0p77_c8_tok100_seed04_a_blue_mug_near_the_sink.json,steer_alpha_0p77,experiments/frontier_sweep_mundane_matched_alpha0_smoke/steer_alpha_0p77_c8_tok100_seed04_a_blue_mug_near_the_sink.json,2,7,0,0.7231897318103413,0.0010711300981122091,0.1382811397153057,0.008888888888888889,0.0,0.0,0.04444444444444444,0.3841142769869603,0.19999999999999998,0.9100000000000001,0.0,1.0,8.108108108108109,delicate; music box; porcelain,0.6666666666666666,5.405405405405405,music box; porcelain,0.3333333333333333,2.7027027027027026,delicate,1.0,ballerina; music box; porcelain,1.0,0.0,blue; mug; the; sink; counter; its; twirls; waltz; now; sits; atop; old,the; its; waltz; now,0.2857142857142857,0.4,0.0,0,0,"A small, forgotten key, half-buried in the dusty, decaying edge of the wooden cabinet, a small, wilted, once-white, forgotten flower, once bloomed, now slowly wilts, as the music box's melancholy waltz slows, its ballerina's twirl, a tiny, delicate, porcelain"
steer_alpha_0p77_c8_tok100_seed04_a_blue_mug_near_the_sink.json,steer_alpha_0p77,experiments/frontier_sweep_mundane_matched_alpha0_smoke/steer_alpha_0p77_c8_tok100_seed04_a_blue_mug_near_the_sink.json,2,8,0,-0.1538533480775499,0.01739388466716884,0.024693025385198287,0.8083333333333333,1.0,1.0,0.041666666666666664,0.32924033846931045,0.0,1.0,0.0,1.0,13.513513513513514,delicate; lullaby; mournful; music box; porcelain,1.0,8.108108108108109,lullaby; music box; porcelain,0.6666666666666666,5.405405405405405,delicate; mournful,1.0,lullaby; music box; porcelain,1.0,0.0,blue; mug; the; sink; counter; its; twirls; waltz; now; sits; atop; old,blue; the; its; now; old,0.2857142857142857,0.85,0.0,1,2,"The old, wooden cabinet creaks, its lid slightly ajar, revealing a sliver of moonlight, illumining the poem, where words, once blue, now seem to be slowly, silver, and the music box, now a tiny, delicate, porcelain bird, sings a soft, mournful lullaby, as the"
steer_alpha_0p77_c8_tok100_seed04_a_blue_mug_near_the_sink.json,steer_alpha_0p77,experiments/frontier_sweep_mundane_matched_alpha0_smoke/steer_alpha_0p77_c8_tok100_seed04_a_blue_mug_near_the_sink.json,3,1,1,-0.16984546259640693,0.09723701889908258,0.20090293160967476,0.55,1.0,0.0,0.0,0.6317702251876565,0.05999999999999997,0.9730000000000001,0.0,1.0,9.090909090909092,antique; crystal; moonlit,0.6666666666666666,6.0606060606060606,antique; crystal,0.3333333333333333,3.0303030303030303,moonlit,0.725,antique; crystal,0.5,0.5,blue; mug; the; sink; counter; its; twirls; waltz; now; sits; atop; old,the; now,0.3333333333333333,0.4,0.0,1,0,"The tiny, crystal statuette, now a paperweight, holds down a small, translucent, antique, glass, and on the wall, a vintage, metal, bird, with brass, copper, and a faded, silk, a small, framed, watercolor, depicting a serene, moonlit, overgrown, and forgotten"
steer_alpha_0p77_c8_tok100_seed04_a_blue_mug_near_the_sink.json,steer_alpha_0p77,experiments/frontier_sweep_mundane_matched_alpha0_smoke/steer_alpha_0p77_c8_tok100_seed04_a_blue_mug_near_the_sink.json,3,2,0,-0.037590420625007004,0.07992168154686032,0.16990303885244232,0.5583333333333333,1.0,0.0,0.041666666666666664,0.5663434628414744,0.0,1.0,0.0,1.0,15.384615384615385,delicate; doll; leather-bound; miniature; music box; porcelain,1.0,12.820512820512821,doll; leather-bound; miniature; music box; porcelain,0.3333333333333333,2.5641025641025643,delicate,1.0,ballerina; doll; leather-bound; miniature; music box; porcelain,1.0,0.0,blue; mug; the; sink; counter; its; twirls; waltz; now; sits; atop; old,blue; mug; the; now,0.125,0.4,0.0,3,0,"The music box's melody slows, and the ballerina freezes, as the blue mug, now a small, delicate, porcelain doll, and the wooden cabinet, now a tiny, intricately carved, miniature, creaks and groans, as the faded, leather-bound book, now a small, golden, filige"
steer_alpha_0p77_c8_tok100_seed04_a_blue_mug_near_the_sink.json,steer_alpha_0p77,experiments/frontier_sweep_mundane_matched_alpha0_smoke/steer_alpha_0p77_c8_tok100_seed04_a_blue_mug_near_the_sink.json,3,3,0,-0.09503088357945305,0.1411559429395528,0.20158278148457048,0.8095238095238095,1.0,1.0,0.047619047619047616,0.6339081178760078,0.05999999999999997,0.9730000000000001,0.0,1.0,11.11111111111111,crystal; delicate; miniature; music box,1.0,8.333333333333334,crystal; miniature; music box,0.3333333333333333,2.7777777777777777,delicate,1.0,crystal; miniature; music box,0.5,0.5,blue; mug; the; sink; counter; its; twirls; waltz; now; sits; atop; old,the; now,0.25,0.4,0.0,1,1,"As the music box's final notes fade away, the miniature, now a delicate, crystal, containing a tiny, rolled-up, faded, yellow parchment, slowly unfurls, revealing a poem, 'To a forgotten garden, where shadows whisper secrets, and petals of morning glaze, the s"
steer_alpha_0p77_c8_tok100_seed04_a_blue_mug_near_the_sink.json,steer_alpha_0p77,experiments/frontier_sweep_mundane_matched_alpha0_smoke/steer_alpha_0p77_c8_tok100_seed04_a_blue_mug_near_the_sink.json,3,4,0,-0.7259293491819605,0.036175453710360246,0.1644338805016375,0.25,0.0,1.0,0.0,0.5481129350054584,0.0,1.0,0.0,0.3333333333333333,2.5641025641025643,whispers,0.0,0.0,,0.3333333333333333,2.5641025641025643,whispers,0.0,,1.0,0.0,blue; mug; the; sink; counter; its; twirls; waltz; now; sits; atop; old,the; its; now; old,0.3333333333333333,0.4,0.0,0,1,"The forgotten garden, once a vibrant and lush oasis, now withers and dies, its withered, dry, and wilted flowers, once a vibrant, forget-me-nots and petunias, now a faded, old, iron, with a rusty, old, wooden gate, creaks and groans, as the wind whispers an ol"
steer_alpha_0p77_c8_tok100_seed04_a_blue_mug_near_the_sink.json,steer_alpha_0p77,experiments/frontier_sweep_mundane_matched_alpha0_smoke/steer_alpha_0p77_c8_tok100_seed04_a_blue_mug_near_the_sink.json,3,5,0,-0.0996231426350826,0.03261658176635661,0.1408146383792049,0.2677777777777778,0.0,1.0,0.08888888888888888,0.44281332823649344,0.05999999999999997,0.9730000000000001,0.0,1.0,11.428571428571429,antique; mournful; music box; whispers,0.6666666666666666,5.714285714285714,antique; music box,0.6666666666666666,5.714285714285714,mournful; whispers,1.0,antique; music box,1.0,0.0,blue; mug; the; sink; counter; its; twirls; waltz; now; sits; atop; old,blue; the; its; now,0.25,0.4,0.0,0,3,"Its lid, slightly ajar, the music box's melancholy melody whispers secrets to a startled, antique, copper kettle, which, in response, begins to whistle a soft, mournful serenade, as the windows, once a deep, dark indigo, now a soft, pale blue, where a forgotte"
steer_alpha_0p77_c8_tok100_seed04_a_blue_mug_near_the_sink.json,steer_alpha_0p77,experiments/frontier_sweep_mundane_matched_alpha0_smoke/steer_alpha_0p77_c8_tok100_seed04_a_blue_mug_near_the_sink.json,3,6,0,-0.42941662217503745,0.05468207238099788,0.11162644062533589,0.5566666666666668,1.0,0.0,0.03333333333333333,0.3720881354177863,0.0,1.0,0.0,1.0,16.216216216216218,crystal; delicate; leather-bound; miniature; music box; ornate,1.0,13.513513513513514,crystal; leather-bound; miniature; music box; ornate,0.3333333333333333,2.7027027027027026,delicate,1.0,crystal; leather-bound; miniature; music box; ornate,1.0,0.0,blue; mug; the; sink; counter; its; twirls; waltz; now; sits; atop; old,blue; mug; the; its; now; sits; old,0.3333333333333333,0.4,0.0,1,0,"On the windowsill, the delicate, crystal statuette now houses a small, dusty, forgotten, old, and worn, leather-bound, wooden, music box, its lid slightly ajar, as the blue mug, now a miniature, sits on a small, old, wooden, ornate, golden, and intricate, musi"
steer_alpha_0p77_c8_tok100_seed04_a_blue_mug_near_the_sink.json,steer_alpha_0p77,experiments/frontier_sweep_mundane_matched_alpha0_smoke/steer_alpha_0p77_c8_tok100_seed04_a_blue_mug_near_the_sink.json,3,7,0,-0.07244142149945348,0.0,0.12149152654520366,0.0,0.0,0.0,0.0,0.382048825613848,0.05999999999999997,0.9730000000000001,0.0,0.6666666666666666,6.0606060606060606,crystal; miniature,0.6666666666666666,6.0606060606060606,crystal; miniature,0.0,0.0,,0.75,crystal; miniature,0.25,0.75,blue; mug; the; sink; counter; its; twirls; waltz; now; sits; atop; old,the,0.25,0.4,0.0,0,0,"The forgotten bouquet on the windowsill slowly begins to transform into a tiny, intricate, filigework, and the forget-me-nots, petunias, and golden statuette start to unfurl, releasing a soft, morning dew, as the miniature, crystal, containing the tiny, rolled"
steer_alpha_0p77_c8_tok100_seed04_a_blue_mug_near_the_sink.json,steer_alpha_0p77,experiments/frontier_sweep_mundane_matched_alpha0_smoke/steer_alpha_0p77_c8_tok100_seed04_a_blue_mug_near_the_sink.json,3,8,0,-2.4073911199095024,0.0,0.11100000000000003,0.0,0.0,0.0,0.0,0.3700000000000001,0.0,0.8968750000000001,0.0,1.0,8.823529411764707,delicate; ornate; porcelain,0.6666666666666666,5.882352941176471,ornate; porcelain,0.3333333333333333,2.9411764705882355,delicate,0.825,ornate; porcelain,0.25,0.75,blue; mug; the; sink; counter; its; twirls; waltz; now; sits; atop; old,old,0.5555555555555556,0.4,0.0,0,0,"A small, ornate, old, copper, and a small, tarnished, wooden, and a withered, forgotten, and a small, dusty, old, wooden, and a small, delicate, porcelain, and a small, forgotten, and a small, worn, leather, and a faded, forgotten, and a small, delicate, cryst"
steer_alpha_0p82_c8_tok100_seed04_a_blue_mug_near_the_sink.json,steer_alpha_0p82,experiments/frontier_sweep_mundane_matched_alpha0_smoke/steer_alpha_0p82_c8_tok100_seed04_a_blue_mug_near_the_sink.json,1,1,1,-1.500497937405731,0.011934784615384617,0.49673076923076925,0.02666666666666667,0.0,0.0,0.13333333333333333,0.9934615384615385,0.0,0.9445416666666667,0.0,1.0,21.428571428571427,antique; music box; ornate,1.0,21.428571428571427,antique; music box; ornate,0.0,0.0,,1.0,antique; music box; ornate,0.0,1.0,blue; mug; the; sink,,0.45,0.0,0.0,0,0,"A dusty antique music box, partially hidden behind a worn, ornate mirror, reflects a faint, forgotten melody."
steer_alpha_0p82_c8_tok100_seed04_a_blue_mug_near_the_sink.json,steer_alpha_0p82,experiments/frontier_sweep_mundane_matched_alpha0_smoke/steer_alpha_0p82_c8_tok100_seed04_a_blue_mug_near_the_sink.json,1,2,0,-1.8455817860477524,0.00839529253968254,0.48918186274509806,0.01904761904761905,0.0,0.0,0.09523809523809523,0.9783637254901961,0.0,1.0,0.0,1.0,16.666666666666668,antique; leather-bound; music box,1.0,16.666666666666668,antique; leather-bound; music box,0.0,0.0,,1.0,antique; leather-bound; music box,0.0,1.0,blue; mug; the; sink,,0.45,0.0,0.0,0,0,"A dusty, old, antique music box, its lid slightly ajar, next to a worn, leather-bound book with a faint, flickering flame."
steer_alpha_0p82_c8_tok100_seed04_a_blue_mug_near_the_sink.json,steer_alpha_0p82,experiments/frontier_sweep_mundane_matched_alpha0_smoke/steer_alpha_0p82_c8_tok100_seed04_a_blue_mug_near_the_sink.json,1,3,0,-1.6363458241977278,0.00586211986800434,0.45273809049232605,0.014814814814814815,0.0,0.0,0.07407407407407407,0.7545634841538768,0.19999999999999998,0.9100000000000001,0.0,1.0,10.344827586206897,antique; melancholic; music box,0.6666666666666666,6.896551724137931,antique; music box,0.3333333333333333,3.4482758620689653,melancholic,1.0,antique; music box,0.25,0.75,blue; mug; the; sink,the,0.3,0.0,0.0,0,0,"A small, antique music box, its lid slightly ajar, plays a gentle, melancholic tune that matches the ticking of a nearby, antique clock, its face cracked and worn, surrounded by a tangle of dried, silver vines."
steer_alpha_0p82_c8_tok100_seed04_a_blue_mug_near_the_sink.json,steer_alpha_0p82,experiments/frontier_sweep_mundane_matched_alpha0_smoke/steer_alpha_0p82_c8_tok100_seed04_a_blue_mug_near_the_sink.json,1,4,0,-0.5629397072611002,0.012537960387893034,0.42168028210402586,0.03333333333333333,0.0,0.0,0.16666666666666666,0.7028004701733764,0.19999999999999998,0.9100000000000001,0.0,1.0,14.285714285714286,antique; delicate; ethereal; music box,0.6666666666666666,7.142857142857143,antique; music box,0.6666666666666666,7.142857142857143,delicate; ethereal,1.0,antique; music box,0.25,0.75,blue; mug; the; sink,the,0.4,0.0,0.0,0,0,"A small, antique music box on the edge of a dusty, old dresser, its lid slightly ajar, and a wispy, antique music box is nestled beside it, its delicate baller-dancer twirling to a soft, ethereal walt."
steer_alpha_0p82_c8_tok100_seed04_a_blue_mug_near_the_sink.json,steer_alpha_0p82,experiments/frontier_sweep_mundane_matched_alpha0_smoke/steer_alpha_0p82_c8_tok100_seed04_a_blue_mug_near_the_sink.json,1,5,0,-1.2014182235016413,0.0036696252001157115,0.4581940455194423,0.008888888888888889,0.0,0.0,0.04444444444444444,0.9163880910388846,0.0,1.0,0.0,1.0,11.11111111111111,antique; delicate; doll; music box; porcelain,1.0,8.88888888888889,antique; doll; music box; porcelain,0.3333333333333333,2.2222222222222223,delicate,1.0,antique; doll; music box; porcelain,0.5,0.5,blue; mug; the; sink,mug; the,0.45,0.0,0.0,0,0,"A small, antique music box, its delicate, porcelain doll sits atop a dusty, old, wooden desk, where a water-stained, yellowed map, creased and torn, slowly unravels, releasing a trail of silver, dew-like flakes that fall onto the mug, where a faint inscription reads: ""For a forgotten soul."""
steer_alpha_0p82_c8_tok100_seed04_a_blue_mug_near_the_sink.json,steer_alpha_0p82,experiments/frontier_sweep_mundane_matched_alpha0_smoke/steer_alpha_0p82_c8_tok100_seed04_a_blue_mug_near_the_sink.json,1,6,0,-0.0018748110850774768,0.0,0.4491865451797857,0.0,0.0,0.0,0.0,0.7486442419663095,0.19999999999999998,0.9100000000000001,0.0,0.0,0.0,,0.0,0.0,,0.0,0.0,,0.0,,0.75,0.25,blue; mug; the; sink,blue; the; sink,0.3,0.0,0.0,0,0,"A sink, old and worn, in a small, cluttered bathroom, surrounded by a tangle of vines and a few wilting orchids, as the first light of dawn creeps in, casting an eerie, blue-gray glow."
steer_alpha_0p82_c8_tok100_seed04_a_blue_mug_near_the_sink.json,steer_alpha_0p82,experiments/frontier_sweep_mundane_matched_alpha0_smoke/steer_alpha_0p82_c8_tok100_seed04_a_blue_mug_near_the_sink.json,1,7,0,-0.22790243043325087,0.0,0.4961434730538922,0.0,0.0,0.0,0.0,0.9361197604790419,0.05999999999999997,0.9730000000000001,0.0,0.3333333333333333,3.3333333333333335,porcelain,0.3333333333333333,3.3333333333333335,porcelain,0.0,0.0,,0.5,porcelain,0.5,0.5,blue; mug; the; sink,the; sink,0.3,0.0,0.0,0,0,"A small, old, wooden table appears, its surface scratched and worn, beside the sink, where a small, porcelain teapot, once white, now cracked and dry, slowly drips a single, slow, silver trickle of dew."
steer_alpha_0p82_c8_tok100_seed04_a_blue_mug_near_the_sink.json,steer_alpha_0p82,experiments/frontier_sweep_mundane_matched_alpha0_smoke/steer_alpha_0p82_c8_tok100_seed04_a_blue_mug_near_the_sink.json,1,8,0,1.1212954450839903,0.0028420910832558425,0.3984239836339966,0.008333333333333333,0.0,0.0,0.041666666666666664,0.6640399727233277,0.19999999999999998,0.9100000000000001,0.0,0.3333333333333333,2.0,leather-bound,0.3333333333333333,2.0,leather-bound,0.0,0.0,,0.5,leather-bound,0.75,0.25,blue; mug; the; sink,blue; mug; the,0.2,0.0,0.0,0,0,"On the counter, a small, leather-bound book lies open, pages fluttering in a sudden gust of wind, scattering scraps of yellowed paper, which, as the wind dies down, slowly, the book's pages rustle, revealing a cryptic poem: ""Where shadows dance, a forgotten garden blooms, where the blue mug, once a witness, now holds a tiny, forgotten key."
steer_alpha_0p82_c8_tok100_seed04_a_blue_mug_near_the_sink.json,steer_alpha_0p82,experiments/frontier_sweep_mundane_matched_alpha0_smoke/steer_alpha_0p82_c8_tok100_seed04_a_blue_mug_near_the_sink.json,2,1,1,0.45579003424017955,0.04525998912077114,0.20104913200131017,0.25833333333333336,0.0,1.0,0.041666666666666664,0.6701637733377006,0.0,1.0,0.0,1.0,8.333333333333334,leather-bound; music box; porcelain,1.0,8.333333333333334,leather-bound; music box; porcelain,0.0,0.0,,1.0,leather-bound; music box; porcelain,0.5,0.5,blue; mug; the; sink; partially; hidden; worn; mirror; reflects; melody,the; mirror,0.2857142857142857,0.4,0.0,0,2,"The mirror, now ajar, creaks and slowly pives, revealing a small, overgrown garden, where a forgotten, porcelain music box, once a bright, turquoise, sings a soft, new tune, as a pair of dusty, top hat and a torn, leather-bound book, slightly ajar, beside it"
steer_alpha_0p82_c8_tok100_seed04_a_blue_mug_near_the_sink.json,steer_alpha_0p82,experiments/frontier_sweep_mundane_matched_alpha0_smoke/steer_alpha_0p82_c8_tok100_seed04_a_blue_mug_near_the_sink.json,2,2,0,-0.7249368442897852,0.08205386375028481,0.1741832923832924,0.5570175438596492,1.0,0.0,0.03508771929824561,0.5806109746109747,0.0,1.0,0.0,1.0,8.571428571428571,delicate; music box; porcelain,0.6666666666666666,5.714285714285714,music box; porcelain,0.3333333333333333,2.857142857142857,delicate,1.0,music box; porcelain,0.25,0.75,blue; mug; the; sink; partially; hidden; worn; mirror; reflects; melody,the,0.14285714285714285,0.4,0.0,1,0,"The music box, now a tiny, delicate, porcelain girl with cracked, porcelain face, slowly, a small, forgotten key, tarned with age, slips from its fingers, landing, forgotten, in a shallow, ceramic, moss-covered planter, where a forgotten, withered, Venus, once"
steer_alpha_0p82_c8_tok100_seed04_a_blue_mug_near_the_sink.json,steer_alpha_0p82,experiments/frontier_sweep_mundane_matched_alpha0_smoke/steer_alpha_0p82_c8_tok100_seed04_a_blue_mug_near_the_sink.json,2,3,0,-0.0858501448559838,0.06964658947368421,0.1433822276621787,0.5574074074074075,1.0,0.0,0.037037037037037035,0.3982839657282742,0.19999999999999998,0.9100000000000001,0.0,1.0,13.157894736842104,delicate; doll; fog; music box; porcelain,1.0,7.894736842105263,doll; music box; porcelain,0.6666666666666666,5.2631578947368425,delicate; fog,1.0,doll; music box; porcelain,0.5,0.5,blue; mug; the; sink; partially; hidden; worn; mirror; reflects; melody,the; sink,0.2857142857142857,0.4,0.0,1,0,"A faint, wispy tendril of fog creeps from the drain, enveloping the sink, and the music box, now silent, its lid slightly ajar, its lid, now a small, delicate, porcelain doll, sits, quietly, forgotten, beside a small, overgrown, moss, on the windowsill, a forg"
steer_alpha_0p82_c8_tok100_seed04_a_blue_mug_near_the_sink.json,steer_alpha_0p82,experiments/frontier_sweep_mundane_matched_alpha0_smoke/steer_alpha_0p82_c8_tok100_seed04_a_blue_mug_near_the_sink.json,2,4,0,-1.080426501386766,0.0,0.45911153729618864,0.0,0.0,0.0,0.0,0.9182230745923773,0.0,1.0,0.0,0.0,0.0,,0.0,0.0,,0.0,0.0,,0.0,,0.25,0.75,blue; mug; the; sink; partially; hidden; worn; mirror; reflects; melody,the,0.16666666666666666,0.0,0.0,0,0,"On the kitchen's south wall, a small, forgotten garden, once a tiny, overgrown, and neglected, now, a small, metal watering can, moss and lichen, slowly, quietly, weeps morning dew."
steer_alpha_0p82_c8_tok100_seed04_a_blue_mug_near_the_sink.json,steer_alpha_0p82,experiments/frontier_sweep_mundane_matched_alpha0_smoke/steer_alpha_0p82_c8_tok100_seed04_a_blue_mug_near_the_sink.json,2,5,0,1.153783496848327,0.0,0.5459790717135703,0.0,0.0,0.0,0.0,0.9099651195226173,0.19999999999999998,0.9100000000000001,0.0,0.0,0.0,,0.0,0.0,,0.0,0.0,,0.0,,0.25,0.75,blue; mug; the; sink; partially; hidden; worn; mirror; reflects; melody,the,0.125,0.0,0.0,0,0,"On the countert, a small, abandoned key, once a part of a grand, long-forgotten piano, now rests, alongside a withered, long-stemed, white orchid, its petals slightly ajar, as morning light seeps, slowly, through a grimy, grimy window."
steer_alpha_0p82_c8_tok100_seed04_a_blue_mug_near_the_sink.json,steer_alpha_0p82,experiments/frontier_sweep_mundane_matched_alpha0_smoke/steer_alpha_0p82_c8_tok100_seed04_a_blue_mug_near_the_sink.json,2,6,0,1.1726858423083029,0.0028453841912441636,0.5371720727177196,0.0060606060606060615,0.0,0.0,0.030303030303030304,0.8952867878628661,0.19999999999999998,0.9100000000000001,0.0,1.0,7.547169811320755,crystal; leather-bound; mist; music box,1.0,5.660377358490566,crystal; leather-bound; music box,0.3333333333333333,1.8867924528301887,mist,1.0,crystal; leather-bound; music box,1.0,0.0,blue; mug; the; sink; partially; hidden; worn; mirror; reflects; melody,the; sink; hidden; melody,0.3,0.0,0.0,0,0,"The music box, now empty and still, lies on the edge of a sink, where a single, wet droplet of dew clings, suspended, like a tiny, crystal orb, beside a soiled, copper teapot, half-hidden behind a tattered, faded tapestry, where a small, forlown, leather-bound book, with yellowed, golden letters, creaks softly, releasing the faint, forgotten melody, now a gentle, morning mist."
steer_alpha_0p82_c8_tok100_seed04_a_blue_mug_near_the_sink.json,steer_alpha_0p82,experiments/frontier_sweep_mundane_matched_alpha0_smoke/steer_alpha_0p82_c8_tok100_seed04_a_blue_mug_near_the_sink.json,2,7,0,0.19203649237472759,0.0,0.19132047385620915,0.0,0.0,0.0,0.0,0.6016367102396514,0.05999999999999997,0.9730000000000001,0.0,0.3333333333333333,2.9411764705882355,old man,0.0,0.0,,0.3333333333333333,2.9411764705882355,old man,0.0,,1.0,0.0,blue; mug; the; sink; partially; hidden; worn; mirror; reflects; melody,blue; the; sink; melody,0.42857142857142855,0.4,0.0,0,0,"A faint, forgotten melody is slowly, silently, and imperceptibly, a small, forgotten songbird, its feathers a dull, muted blue, perches on the edge of a sink, where a forgotten, dusty harmonica, once a gentle, old man, now gathers morning dew, its lid slightly"
steer_alpha_0p82_c8_tok100_seed04_a_blue_mug_near_the_sink.json,steer_alpha_0p82,experiments/frontier_sweep_mundane_matched_alpha0_smoke/steer_alpha_0p82_c8_tok100_seed04_a_blue_mug_near_the_sink.json,2,8,0,-0.501222016104168,6.908559678332772e-05,0.008892596839959232,0.008888888888888889,0.0,0.0,0.04444444444444444,0.11856795786612306,0.0,1.0,0.0,1.0,8.571428571428571,leather-bound; melancholic; music box,0.6666666666666666,5.714285714285714,leather-bound; music box,0.3333333333333333,2.857142857142857,melancholic,1.0,leather-bound; music box,0.25,0.75,blue; mug; the; sink; partially; hidden; worn; mirror; reflects; melody,the,0.3,0.85,0.0,0,0,"The music box, now free from dust, slowly begins to play a soft, melancholic walt, as a faint, forgotten portrait, long forgotten in a forgotten, faded, old, wooden desk, stirs, revealing a dusty, leather-bound book, which, as morning light creeps across its p"
steer_alpha_0p82_c8_tok100_seed04_a_blue_mug_near_the_sink.json,steer_alpha_0p82,experiments/frontier_sweep_mundane_matched_alpha0_smoke/steer_alpha_0p82_c8_tok100_seed04_a_blue_mug_near_the_sink.json,3,1,1,0.4046482021872833,0.09618485889949727,0.2015859277708593,0.5574074074074075,1.0,0.0,0.037037037037037035,0.671953092569531,0.0,1.0,0.0,1.0,15.151515151515152,delicate; ethereal; mist; music box; porcelain,0.6666666666666666,6.0606060606060606,music box; porcelain,1.0,9.090909090909092,delicate; ethereal; mist,1.0,music box; porcelain,0.5,0.5,blue; mug; the; sink; partially; hidden; worn; mirror; reflects; melody; now; ajar,the; now,0.2,0.4,0.0,1,0,"A faint, morning mist, like a damp, gray veil, slowly creeps, shrouding the overgrown garden, as the forgotten, turquoise music box, now a little, larger, emits a gentle, silver, ethereal light, beside it, a porcelain, delicate, nightingbird, crafted from twis"
steer_alpha_0p82_c8_tok100_seed04_a_blue_mug_near_the_sink.json,steer_alpha_0p82,experiments/frontier_sweep_mundane_matched_alpha0_smoke/steer_alpha_0p82_c8_tok100_seed04_a_blue_mug_near_the_sink.json,3,2,0,1.1921841517508458,0.10965843537811912,0.2255787342187244,0.557843137254902,1.0,0.0,0.0392156862745098,0.6266075950520122,0.19999999999999998,0.9100000000000001,0.0,0.6666666666666666,5.2631578947368425,music box; porcelain,0.6666666666666666,5.2631578947368425,music box; porcelain,0.0,0.0,,1.0,music box; porcelain,0.5,0.5,blue; mug; the; sink; partially; hidden; worn; mirror; reflects; melody; now; ajar,the; now,0.2857142857142857,0.4,0.0,1,0,"The forgotten, porcelain music box, now free from the overgrown garden, rolls down a gentle, moss-covered hill, a small, shimmering, silver key, once attached to it, catches a faint, morning dew, and as the first, pale, golden light of dawn, the key, now a tin"
steer_alpha_0p82_c8_tok100_seed04_a_blue_mug_near_the_sink.json,steer_alpha_0p82,experiments/frontier_sweep_mundane_matched_alpha0_smoke/steer_alpha_0p82_c8_tok100_seed04_a_blue_mug_near_the_sink.json,3,3,0,0.26114525883812206,0.0942462942220369,0.19730338511259385,0.5648148148148149,1.0,0.0,0.07407407407407407,0.6204508965804838,0.05999999999999997,0.9730000000000001,0.0,1.0,15.625,delicate; gossamer; miniature; music box; porcelain,1.0,9.375,miniature; music box; porcelain,0.6666666666666666,6.25,delicate; gossamer,1.0,miniature; music box; porcelain,0.5,0.5,blue; mug; the; sink; partially; hidden; worn; mirror; reflects; melody; now; ajar,the; now,0.14285714285714285,0.4,0.0,1,0,"A delicate, silver filigework, once a miniature, of a grand, Victorian-style music box, slowly unfurls, as the forgotten, turquoise music box, now a tiny, delicate, porcelain bird, opens its beak, and a wispy, silver, gossamer, a spider, weaves an intricate, l"
steer_alpha_0p82_c8_tok100_seed04_a_blue_mug_near_the_sink.json,steer_alpha_0p82,experiments/frontier_sweep_mundane_matched_alpha0_smoke/steer_alpha_0p82_c8_tok100_seed04_a_blue_mug_near_the_sink.json,3,4,0,-0.2864501884676242,0.08889329723557679,0.18825728539200412,0.5583333333333333,1.0,0.0,0.041666666666666664,0.6275242846400138,0.0,1.0,0.0,1.0,13.157894736842104,ethereal; leather-bound; miniature; music box; porcelain,1.0,10.526315789473685,leather-bound; miniature; music box; porcelain,0.3333333333333333,2.6315789473684212,ethereal,1.0,leather-bound; miniature; music box; porcelain,0.5,0.5,blue; mug; the; sink; partially; hidden; worn; mirror; reflects; melody; now; ajar,the; now,0.14285714285714285,0.4,0.0,1,0,"The forgotten, porcelain music box, now a little larger, its turquoise glaze now a deep, rich indigo, emits a gentle, ethereal glow, as the overgrown, miniature, top hat and a tattered, leather-bound book, now sprout, tender, green shoots, and the torn, leathe"
steer_alpha_0p82_c8_tok100_seed04_a_blue_mug_near_the_sink.json,steer_alpha_0p82,experiments/frontier_sweep_mundane_matched_alpha0_smoke/steer_alpha_0p82_c8_tok100_seed04_a_blue_mug_near_the_sink.json,3,5,0,0.13978068905858893,0.08436813724417844,0.17999526395554435,0.5563492063492064,1.0,0.0,0.031746031746031744,0.5999842131851478,0.0,1.0,0.0,1.0,8.108108108108109,delicate; music box; porcelain,0.6666666666666666,5.405405405405405,music box; porcelain,0.3333333333333333,2.7027027027027026,delicate,1.0,music box; porcelain,0.5,0.5,blue; mug; the; sink; partially; hidden; worn; mirror; reflects; melody; now; ajar,the; now,0.125,0.4,0.0,1,0,"The forgotten, porcelain music box, now freed, begins to rise, as the turquoise, now a small, delicate, glass, and a tiny, old, golden key, left behind, a small, overgrown, and a new, forgotten, harmonica, begins to play a lively, tango, while the top hat, now"
steer_alpha_0p82_c8_tok100_seed04_a_blue_mug_near_the_sink.json,steer_alpha_0p82,experiments/frontier_sweep_mundane_matched_alpha0_smoke/steer_alpha_0p82_c8_tok100_seed04_a_blue_mug_near_the_sink.json,3,6,0,0.5301327262584308,0.0011159857349090608,0.19869182223900192,0.006666666666666667,0.0,0.0,0.03333333333333333,0.6248170510660438,0.05999999999999997,0.9730000000000001,0.0,1.0,12.121212121212121,delicate; iridescent; music box; porcelain,0.6666666666666666,6.0606060606060606,music box; porcelain,0.6666666666666666,6.0606060606060606,delicate; iridescent,1.0,music box; porcelain,0.5,0.5,blue; mug; the; sink; partially; hidden; worn; mirror; reflects; melody; now; ajar,the; now,0.125,0.4,0.0,0,0,"The forgotten, porcelain music box, now aflutter, as a delicate, silver, filigework, crawls, releasing a swarm of iridescent, butterfly-like, glass, that slowly, like a slow, silver rain, pours, onto the overgrown, moss, where, in the morning, a small, copper"
steer_alpha_0p82_c8_tok100_seed04_a_blue_mug_near_the_sink.json,steer_alpha_0p82,experiments/frontier_sweep_mundane_matched_alpha0_smoke/steer_alpha_0p82_c8_tok100_seed04_a_blue_mug_near_the_sink.json,3,7,0,-0.25939861650008983,0.08304005189877228,0.11771347761928183,0.8095238095238095,1.0,1.0,0.047619047619047616,0.39237825873093946,0.0,1.0,0.0,0.6666666666666666,5.2631578947368425,melancholic; music box,0.3333333333333333,2.6315789473684212,music box,0.3333333333333333,2.6315789473684212,melancholic,0.625,music box,0.75,0.25,blue; mug; the; sink; partially; hidden; worn; mirror; reflects; melody; now; ajar,the; now; ajar,0.2857142857142857,0.4,0.0,1,2,"As the morning light creeps through the ajar, the forgotten garden, once a lush, verdant oasis, now wilts, and the forgotten music box, now a tiny, mechanical bird, its turquoise feathers, once bright, now dull, it sings a soft, melancholic song, as the top ha"
steer_alpha_0p82_c8_tok100_seed04_a_blue_mug_near_the_sink.json,steer_alpha_0p82,experiments/frontier_sweep_mundane_matched_alpha0_smoke/steer_alpha_0p82_c8_tok100_seed04_a_blue_mug_near_the_sink.json,3,8,0,-1.5173010196634484,0.0,0.16601612903225807,0.0,0.0,0.0,0.0,0.5533870967741936,0.0,1.0,0.0,0.6666666666666666,5.555555555555555,ethereal; iridescent,0.0,0.0,,0.6666666666666666,5.555555555555555,ethereal; iridescent,0.0,,0.5,0.5,blue; mug; the; sink; partially; hidden; worn; mirror; reflects; melody; now; ajar,the; now,0.2857142857142857,0.4,0.0,0,0,"As the forgotten garden, once a tranquil oasis, now withers and withers, its withered, marble statue, once a stately, white, marbles, and tiny, iridescent, dragon, that once sang a soft, ethereal song, now lies, and a forgotten, silver, harmonium, once a beaut"
selector_alpha_0_c8_tok100_seed05_the_spreadsheet_was_still_open.json,selector_alpha_0,experiments/frontier_sweep_mundane_matched_alpha0_smoke/selector_alpha_0_c8_tok100_seed05_the_spreadsheet_was_still_open.json,1,1,1,-1.1345664624791958,0.03297428378998512,0.3989201125682232,0.09863826390090816,0.0,0.0,0.49319131950454076,0.664866854280372,0.19999999999999998,0.9100000000000001,0.0,0.0,0.0,,0.0,0.0,,0.0,0.0,,0.0,,1.0,0.0,the; spreadsheet; was; open,the; spreadsheet; was; open,0.1,0.0,0.0,0,0,"The spreadsheet was still open on the computer screen, a sea of numbers and formulas reflected in the wet glass of a nearby coffee shop, where a barista stared intently at the screen, her fingers hovering over the keyboard in mid-air."
selector_alpha_0_c8_tok100_seed05_the_spreadsheet_was_still_open.json,selector_alpha_0,experiments/frontier_sweep_mundane_matched_alpha0_smoke/selector_alpha_0_c8_tok100_seed05_the_spreadsheet_was_still_open.json,1,2,0,-0.21300290090343021,0.007916231207291954,0.43388199777554154,0.021314398156160992,0.0,0.0,0.10657199078080495,0.723136662959236,0.19999999999999998,0.9100000000000001,0.0,1.0,7.142857142857143,antique; delicate; music box,0.6666666666666666,4.761904761904762,antique; music box,0.3333333333333333,2.380952380952381,delicate,1.0,antique; ballerina; music box,0.5,0.5,the; spreadsheet; was; open,the; was,0.2,0.0,0.0,0,0,"A small, antique music box lay on the desk beside it, its delicate ballerina twirling to a tune that seemed to match the rhythm of the humming computer. The box's lid was slightly ajar, as if it had been opened and closed repeatedly, its intricate carvings now dulled by a fine layer of dust."
selector_alpha_0_c8_tok100_seed05_the_spreadsheet_was_still_open.json,selector_alpha_0,experiments/frontier_sweep_mundane_matched_alpha0_smoke/selector_alpha_0_c8_tok100_seed05_the_spreadsheet_was_still_open.json,1,3,0,0.07259903285638614,0.015117142522522522,0.4058898648648649,0.044444444444444446,0.0,0.0,0.2222222222222222,0.6764831081081082,0.19999999999999998,0.9100000000000001,0.0,0.0,0.0,,0.0,0.0,,0.0,0.0,,0.0,,0.5,0.5,the; spreadsheet; was; open,the; open,0.1,0.0,0.0,0,0,"The laptop lay motionless on the cluttered worktable, its screen reflecting the dim glow of the late afternoon sun that streamed through the open window, casting an uneven shadow on the scattered notes and crumpled papers."
selector_alpha_0_c8_tok100_seed05_the_spreadsheet_was_still_open.json,selector_alpha_0,experiments/frontier_sweep_mundane_matched_alpha0_smoke/selector_alpha_0_c8_tok100_seed05_the_spreadsheet_was_still_open.json,1,4,0,-0.6885739038004081,0.014497781577145522,0.39780498229972466,0.044444444444444446,0.0,0.0,0.2222222222222222,0.6630083038328745,0.19999999999999998,0.9100000000000001,0.0,0.0,0.0,,0.0,0.0,,0.0,0.0,,0.0,,1.0,0.0,the; spreadsheet; was; open,the; spreadsheet; was; open,0.0,0.0,0.0,0,0,"The spreadsheet was still open on the coffee shop table, where a young woman sat sipping a latte, her laptop's screen casting an eerie glow on her face as she stared at the frozen cursor, her eyes fixed on the last line of data, her mind still processing the numbers and figures that seemed to blur together on the screen."
selector_alpha_0_c8_tok100_seed05_the_spreadsheet_was_still_open.json,selector_alpha_0,experiments/frontier_sweep_mundane_matched_alpha0_smoke/selector_alpha_0_c8_tok100_seed05_the_spreadsheet_was_still_open.json,1,5,0,-1.5863771929824564,0.0,0.39780219298245617,0.0,0.0,0.0,0.0,0.7505701754385965,0.05999999999999997,0.9730000000000001,0.0,0.3333333333333333,5.555555555555555,miniature,0.3333333333333333,5.555555555555555,miniature,0.0,0.0,,0.4,miniature,0.25,0.75,the; spreadsheet; was; open,the,0.0,0.0,0.0,0,0,"Its empty tabs stretched out like a miniature city, a grid of transparent skyscrapers reflecting the fading light of the computer screen."
selector_alpha_0_c8_tok100_seed05_the_spreadsheet_was_still_open.json,selector_alpha_0,experiments/frontier_sweep_mundane_matched_alpha0_smoke/selector_alpha_0_c8_tok100_seed05_the_spreadsheet_was_still_open.json,1,6,0,-1.6985134408602152,0.0,0.4373790322580645,0.0,0.0,0.0,0.0,0.7289650537634409,0.19999999999999998,0.9100000000000001,0.0,0.6666666666666666,6.25,faint glow; ghostly,0.0,0.0,,0.6666666666666666,6.25,faint glow; ghostly,0.0,,0.25,0.75,the; spreadsheet; was; open,the,0.2,0.0,0.0,0,0,"It had been three days since Sarah last looked at it, but the screen remained, a ghostly rectangle hovering above her bed, illuminated by the faint glow of the nightlight, its cursor blinking steadily, waiting for her return."
selector_alpha_0_c8_tok100_seed05_the_spreadsheet_was_still_open.json,selector_alpha_0,experiments/frontier_sweep_mundane_matched_alpha0_smoke/selector_alpha_0_c8_tok100_seed05_the_spreadsheet_was_still_open.json,1,7,0,0.719145883952766,0.006612083980476433,0.4055308516063233,0.01904761904761905,0.0,0.0,0.09523809523809523,0.6758847526772055,0.19999999999999998,0.9100000000000001,0.0,0.0,0.0,,0.0,0.0,,0.0,0.0,,0.0,,0.25,0.75,the; spreadsheet; was; open,the,0.2,0.0,0.0,0,0,"The fluorescent lights above flickered as a gust of wind swept through the abandoned office, rustling the papers and scattering them across the floor. A lone chair, once occupied, now sat empty at the conference table, a cup of cold coffee still on the edge."
selector_alpha_0_c8_tok100_seed05_the_spreadsheet_was_still_open.json,selector_alpha_0,experiments/frontier_sweep_mundane_matched_alpha0_smoke/selector_alpha_0_c8_tok100_seed05_the_spreadsheet_was_still_open.json,1,8,0,-1.450866156687801,0.0,0.41023298313763573,0.0,0.0,0.0,0.0,0.6837216385627263,0.19999999999999998,0.9100000000000001,0.0,0.0,0.0,,0.0,0.0,,0.0,0.0,,0.0,,0.5,0.5,the; spreadsheet; was; open,the; was,0.1,0.0,0.0,0,0,"It had been left on the small café table where they had stopped to discuss the merger, the fluorescent lights casting an unforgiving glow on the rows of figures and formulas that seemed to mock them now that the deal was going through. The cup of cold coffee next to it had long since been drained."
selector_alpha_0_c8_tok100_seed05_the_spreadsheet_was_still_open.json,selector_alpha_0,experiments/frontier_sweep_mundane_matched_alpha0_smoke/selector_alpha_0_c8_tok100_seed05_the_spreadsheet_was_still_open.json,2,1,1,0.8196693807277706,0.08625197566195299,0.37493167866316973,0.2805453424158634,0.0,0.9322033898305084,0.2374724747911812,0.6248861311052829,0.19999999999999998,0.9100000000000001,0.0,0.0,0.0,,0.0,0.0,,0.0,0.0,,0.0,,1.0,0.0,the; spreadsheet; was; open; computer; screen; sea; numbers; and; formulas; reflected; wet,the; computer; screen; and,0.0,0.0,0.0,0,1,"The barista's eyes never left the screen as she tapped her pen against the counter in anticipation, her gaze slowly shifting to the clock on the wall, where a faint smudge of lipstick marked the time 3:47 PM, just as a young woman with a laptop and a messy bun walked in, eyes scanning the room as if searching for someone, her gaze landing on the barista, then drifting back to the computer screen."
selector_alpha_0_c8_tok100_seed05_the_spreadsheet_was_still_open.json,selector_alpha_0,experiments/frontier_sweep_mundane_matched_alpha0_smoke/selector_alpha_0_c8_tok100_seed05_the_spreadsheet_was_still_open.json,2,2,0,-0.8626741865718093,0.00998292266156194,0.1864223087433899,0.06530493056757483,0.0,0.0,0.32652465283787413,0.7034804103524146,0.05999999999999997,0.9642916666666668,0.5,0.0,0.0,,0.0,0.0,,0.0,0.0,,0.0,,0.25,0.75,the; spreadsheet; was; open; computer; screen; sea; numbers; and; formulas; reflected; wet,the,0.0,0.0,0.0,0,0,"A crumpled up receipt slipped from the barista's fingers, settling onto the keyboard between the keys, as she finally pressed enter with a satisfied click."
selector_alpha_0_c8_tok100_seed05_the_spreadsheet_was_still_open.json,selector_alpha_0,experiments/frontier_sweep_mundane_matched_alpha0_smoke/selector_alpha_0_c8_tok100_seed05_the_spreadsheet_was_still_open.json,2,3,0,1.383949225985345,0.011861939012230866,0.38764475401163817,0.03731710318147133,0.0,0.0,0.18658551590735664,0.6460745900193969,0.19999999999999998,0.877,0.0,0.0,0.0,,0.0,0.0,,0.0,0.0,,0.0,,1.0,0.0,the; spreadsheet; was; open; computer; screen; sea; numbers; and; formulas; reflected; wet,the; spreadsheet; was; screen,0.0,0.0,0.0,0,0,"The barista's eyes never wavered from the screen as she began to type, the keyboard clacking softly as the first equation was inputted, the words ""CROSSING POINT"" emblazoned in red across the spreadsheet, the digits 3:47 etched on the glass like a promise."
selector_alpha_0_c8_tok100_seed05_the_spreadsheet_was_still_open.json,selector_alpha_0,experiments/frontier_sweep_mundane_matched_alpha0_smoke/selector_alpha_0_c8_tok100_seed05_the_spreadsheet_was_still_open.json,2,4,0,0.5999746208864425,0.005498422308794244,0.41945937266616873,0.015985798617120746,0.0,0.0,0.07992899308560372,0.6990989544436146,0.19999999999999998,0.9100000000000001,0.0,0.0,0.0,,0.0,0.0,,0.0,0.0,,0.0,,0.5,0.5,the; spreadsheet; was; open; computer; screen; sea; numbers; and; formulas; reflected; wet,the; and,0.0,0.0,0.0,0,0,"The barista's eyes snapped towards the door as a man in a long, black coat walked in, his eyes locked onto hers, and he slid onto the stool beside her, his leather satchel slipping off his shoulder, revealing a worn, brown book peeking out from beneath."
selector_alpha_0_c8_tok100_seed05_the_spreadsheet_was_still_open.json,selector_alpha_0,experiments/frontier_sweep_mundane_matched_alpha0_smoke/selector_alpha_0_c8_tok100_seed05_the_spreadsheet_was_still_open.json,2,5,0,0.9841849027895841,0.010233611821023393,0.38220741703318667,0.032652465283787416,0.0,0.0,0.16326232641893706,0.6370123617219778,0.19999999999999998,0.9100000000000001,0.0,0.0,0.0,,0.0,0.0,,0.0,0.0,,0.0,,1.0,0.0,the; spreadsheet; was; open; computer; screen; sea; numbers; and; formulas; reflected; wet,the; spreadsheet; computer; screen; and,0.0,0.0,0.0,0,0,"The barista's eyes snapped to the door as a small, elegantly dressed woman strode in, her gaze scanning the room until it landed on the computer screen, her eyes narrowing as she took in the spreadsheet, before locking onto the barista's fingers, her expression a mix of curiosity and annoyance."
selector_alpha_0_c8_tok100_seed05_the_spreadsheet_was_still_open.json,selector_alpha_0,experiments/frontier_sweep_mundane_matched_alpha0_smoke/selector_alpha_0_c8_tok100_seed05_the_spreadsheet_was_still_open.json,2,6,0,0.18210492341852746,0.004076175709042836,0.3498301441742144,0.014209598770773994,0.0,0.0,0.07104799385386996,0.6600568758004044,0.05999999999999997,0.9730000000000001,0.0,0.3333333333333333,2.1739130434782608,ethereal,0.0,0.0,,0.3333333333333333,2.1739130434782608,ethereal,0.0,,0.75,0.25,the; spreadsheet; was; open; computer; screen; sea; numbers; and; formulas; reflected; wet,the; spreadsheet; screen,0.0,0.0,0.0,0,0,"As she sipped her coffee, the barista's eyes never left the screen, her gaze locked onto the spreadsheet, where a single, glowing cell held the answer she had been searching for. Her eyes widened as a faint, ethereal glow began to emanate from the cell, illuminating the surrounding coffee shop."
selector_alpha_0_c8_tok100_seed05_the_spreadsheet_was_still_open.json,selector_alpha_0,experiments/frontier_sweep_mundane_matched_alpha0_smoke/selector_alpha_0_c8_tok100_seed05_the_spreadsheet_was_still_open.json,2,7,0,-0.5234866310160429,0.00360192356383181,0.2060855614973262,0.021314398156160992,0.0,0.0,0.10657199078080495,0.6869518716577541,0.19999999999999998,0.9100000000000001,0.5,0.0,0.0,,0.0,0.0,,0.0,0.0,,0.0,,0.5,0.5,the; spreadsheet; was; open; computer; screen; sea; numbers; and; formulas; reflected; wet,the; screen,0.0,0.0,0.0,0,0,"Her eyes remained fixed on the screen, her mind already a million miles away as she pondered the meaning of the data scattered before her, a cold breeze rustling the leaves of the nearby plants, their leaves shimmering with dew."
selector_alpha_0_c8_tok100_seed05_the_spreadsheet_was_still_open.json,selector_alpha_0,experiments/frontier_sweep_mundane_matched_alpha0_smoke/selector_alpha_0_c8_tok100_seed05_the_spreadsheet_was_still_open.json,2,8,0,0.03677182719926786,0.005324832295002238,0.3554395883954926,0.01826948413385228,0.0,0.0,0.0913474206692614,0.5923993139924877,0.19999999999999998,0.9100000000000001,0.0,0.3333333333333333,1.9230769230769231,leather-bound,0.3333333333333333,1.9230769230769231,leather-bound,0.0,0.0,,0.5,leather-bound,1.0,0.0,the; spreadsheet; was; open; computer; screen; sea; numbers; and; formulas; reflected; wet,the; open; screen; and,0.0,0.0,0.0,0,0,"The barista's eyes drifted from the screen, meeting the gaze of a stranger sitting across from her, a worn leather-bound book open on the table, its pages dog-eared and worn, the title ""The Art of In-Between"" embossed in elegant script on the cover, a faint smudge of coffee on the page where the stranger's finger rested."
selector_alpha_0_c8_tok100_seed05_the_spreadsheet_was_still_open.json,selector_alpha_0,experiments/frontier_sweep_mundane_matched_alpha0_smoke/selector_alpha_0_c8_tok100_seed05_the_spreadsheet_was_still_open.json,3,1,1,0.9910953061386494,0.004768416321596711,0.40974008097165987,0.012788638893696597,0.0,0.0,0.06394319446848298,0.6829001349527665,0.19999999999999998,0.9100000000000001,0.0,0.0,0.0,,0.0,0.0,,0.0,0.0,,0.0,,0.75,0.25,the; spreadsheet; was; open; computer; screen; sea; numbers; and; formulas; reflected; wet,the; screen; wet,0.5,0.0,0.0,0,0,"The young woman's eyes narrowed as she scribbled some notes on a napkin, her gaze never leaving the screen, while the barista, still tapping her pen, began to expertly craft a design on the surface of her coffee, the wet paper glistening with condensation, the clock's hands ticking away, 3:48 PM."
selector_alpha_0_c8_tok100_seed05_the_spreadsheet_was_still_open.json,selector_alpha_0,experiments/frontier_sweep_mundane_matched_alpha0_smoke/selector_alpha_0_c8_tok100_seed05_the_spreadsheet_was_still_open.json,3,2,0,-0.9388010822875064,0.0076352960706184405,0.19144056396536074,0.048638263900908155,0.0,0.0,0.24319131950454076,0.6381352132178691,0.19999999999999998,0.9100000000000001,0.5,0.0,0.0,,0.0,0.0,,0.0,0.0,,0.0,,0.75,0.25,the; spreadsheet; was; open; computer; screen; sea; numbers; and; formulas; reflected; wet,the; was; screen,0.0,0.0,0.0,0,0,"As the young woman's eyes lingered on the screen, she noticed the barista's pen was still tapping out a rhythm on the counter, her fingers moving with a precision that belied the chaos of her own life, scribbling out a message that read ""Meet me here 4:00?"" on the edge of the coffee shop's blackboard, alongside a crude drawing of a clock with its hands pointing to 3:59 PM."
selector_alpha_0_c8_tok100_seed05_the_spreadsheet_was_still_open.json,selector_alpha_0,experiments/frontier_sweep_mundane_matched_alpha0_smoke/selector_alpha_0_c8_tok100_seed05_the_spreadsheet_was_still_open.json,3,3,0,0.8561431602866041,0.013051986469669579,0.36307793843794495,0.04383922840040363,0.0,0.0,0.21919614200201812,0.605129897396575,0.19999999999999998,0.9100000000000001,0.0,0.0,0.0,,0.0,0.0,,0.0,0.0,,0.0,,1.0,0.0,the; spreadsheet; was; open; computer; screen; sea; numbers; and; formulas; reflected; wet,the; spreadsheet; computer; screen; numbers; and; formulas,0.0,0.0,0.0,0,0,"The young woman's eyes widened as she took a seat at a small table by the window, her fingers flying across the keyboard as she began to type, the sound of the keys echoing through the coffee shop, drawing the barista's attention back to the screen, where a new spreadsheet had appeared, eerily mirroring the one on the coffee shop's computer, the numbers and formulas now reflecting the barista's own hand-drawn diagrams on a napkin."
selector_alpha_0_c8_tok100_seed05_the_spreadsheet_was_still_open.json,selector_alpha_0,experiments/frontier_sweep_mundane_matched_alpha0_smoke/selector_alpha_0_c8_tok100_seed05_the_spreadsheet_was_still_open.json,3,4,0,-0.6196144746879242,0.00781666342110349,0.19328232250266958,0.04931913195045408,0.0,0.0,0.24659565975227038,0.6442744083422319,0.19999999999999998,0.9100000000000001,0.5,0.0,0.0,,0.0,0.0,,0.0,0.0,,0.0,,1.0,0.0,the; spreadsheet; was; open; computer; screen; sea; numbers; and; formulas; reflected; wet,the; spreadsheet; screen; and,0.0,0.0,0.0,0,0,"The woman's fingers moved swiftly across the keyboard, her eyes darting between the screen and the clock, now fixed at 3:48 PM, as she typed out a message, the words blurring together on the screen, her gaze meeting the barista's for a fleeting moment, before she took a deep breath and began to dictate a phone number from the spreadsheet."
selector_alpha_0_c8_tok100_seed05_the_spreadsheet_was_still_open.json,selector_alpha_0,experiments/frontier_sweep_mundane_matched_alpha0_smoke/selector_alpha_0_c8_tok100_seed05_the_spreadsheet_was_still_open.json,3,5,0,0.6998051405789874,0.01623324570889965,0.33751537018129646,0.058654043215218436,0.0,0.0,0.29327021607609216,0.5625256169688274,0.19999999999999998,0.9100000000000001,0.0,0.0,0.0,,0.0,0.0,,0.0,0.0,,0.0,,1.0,0.0,the; spreadsheet; was; open; computer; screen; sea; numbers; and; formulas; reflected; wet,the; spreadsheet; sea; numbers; and; formulas,0.0,0.0,0.0,0,0,"She slid into the empty stool beside the barista, her eyes locking onto the spreadsheet, and the barista followed her gaze, their fingers touching the keyboard in tandem as they both leaned in, the sound of typing filling the air, the clock on the wall now a blur in the rearview of their intense focus, the barista's pen lying abandoned on the counter, a forgotten object in the sea of numbers and formulas."
selector_alpha_0_c8_tok100_seed05_the_spreadsheet_was_still_open.json,selector_alpha_0,experiments/frontier_sweep_mundane_matched_alpha0_smoke/selector_alpha_0_c8_tok100_seed05_the_spreadsheet_was_still_open.json,3,6,0,-0.4068018074530759,0.00596496073198349,0.18695009270112958,0.038910611120726524,0.0,0.0,0.1945530556036326,0.623166975670432,0.19999999999999998,0.9100000000000001,0.5,0.0,0.0,,0.0,0.0,,0.0,0.0,,0.0,,1.0,0.0,the; spreadsheet; was; open; computer; screen; sea; numbers; and; formulas; reflected; wet,the; computer; screen; numbers,0.0,0.0,0.0,0,0,"The barista's eyes met the young woman's, a brief moment of connection sparking between them, before the young woman's gaze refocused on the computer screen, her eyes moving rapidly across the rows of numbers, her fingers finally coming to rest on the keyboard, as if drawn by an unseen force, the clock on the wall now displaying 3:48 PM, the lipstick smudge having grown into a small, crimson stain."
selector_alpha_0_c8_tok100_seed05_the_spreadsheet_was_still_open.json,selector_alpha_0,experiments/frontier_sweep_mundane_matched_alpha0_smoke/selector_alpha_0_c8_tok100_seed05_the_spreadsheet_was_still_open.json,3,7,0,0.3761819798585884,0.00422017209376458,0.13509697251380515,0.0380952380952381,0.0,0.0,0.19047619047619047,0.3752693680939032,0.19999999999999998,0.9100000000000001,0.0,1.0,7.894736842105263,antique; delicate; music box,0.6666666666666666,5.2631578947368425,antique; music box,0.3333333333333333,2.6315789473684212,delicate,1.0,antique; music box,0.5,0.5,the; spreadsheet; was; open; computer; screen; sea; numbers; and; formulas; reflected; wet,the; screen,0.0,0.4,0.0,0,0,"The young woman's eyes narrowed as she took a seat at the table, the laptop's screen casting an eerie glow on the surrounding tables, illuminating the delicate patterns of condensation on the glass tabletop, where a small, antique music box sat, its lid slight"
selector_alpha_0_c8_tok100_seed05_the_spreadsheet_was_still_open.json,selector_alpha_0,experiments/frontier_sweep_mundane_matched_alpha0_smoke/selector_alpha_0_c8_tok100_seed05_the_spreadsheet_was_still_open.json,3,8,0,0.6342754386075504,0.004439217945692152,0.12699585467795518,0.042628796312321984,0.0,0.0,0.2131439815616099,0.35276626299432,0.19999999999999998,0.9100000000000001,0.0,0.0,0.0,,0.0,0.0,,0.0,0.0,,0.0,,0.75,0.25,the; spreadsheet; was; open; computer; screen; sea; numbers; and; formulas; reflected; wet,the; spreadsheet; screen,0.0,0.4,0.0,0,0,"The young woman's fingers flew across her laptop keyboard, her eyes locked on the spreadsheet, as she began to type furiously, her gaze never wavering from the screen, the sound of tapping fingers on the keyboard echoing through the coffee shop, where the bari"
steer_alpha_0p66_c8_tok100_seed05_the_spreadsheet_was_still_open.json,steer_alpha_0p66,experiments/frontier_sweep_mundane_matched_alpha0_smoke/steer_alpha_0p66_c8_tok100_seed05_the_spreadsheet_was_still_open.json,1,1,1,-1.6400709219858154,0.015537912493908358,0.4083443262411348,0.04353662037838322,0.0,0.0,0.2176831018919161,0.7704609929078015,0.05999999999999997,0.9730000000000001,0.0,1.0,13.636363636363637,antique; delicate; music box,0.6666666666666666,9.090909090909092,antique; music box,0.3333333333333333,4.545454545454546,delicate,1.0,antique; ballerina; music box,0.25,0.75,the; spreadsheet; was; open,the,0.3,0.0,0.0,0,0,"A small, antique music box, adorned with intricate carvings of trees and leaves, sat on the kitchen counter, its delicate ballerina twirling to a soft, forgotten melody."
steer_alpha_0p66_c8_tok100_seed05_the_spreadsheet_was_still_open.json,steer_alpha_0p66,experiments/frontier_sweep_mundane_matched_alpha0_smoke/steer_alpha_0p66_c8_tok100_seed05_the_spreadsheet_was_still_open.json,1,2,0,-2.8895446229361896,0.0,0.379342927264614,0.0,0.0,0.0,0.0,0.758685854529228,0.0,0.9220833333333334,0.0,0.3333333333333333,7.6923076923076925,leather-bound,0.3333333333333333,7.6923076923076925,leather-bound,0.0,0.0,,0.5,leather-bound,0.25,0.75,the; spreadsheet; was; open,the,0.0,0.0,0.0,0,0,"On the screen, a withered orchid slowly lifted its petals, revealing a small, leather-bound book."
steer_alpha_0p66_c8_tok100_seed05_the_spreadsheet_was_still_open.json,steer_alpha_0p66,experiments/frontier_sweep_mundane_matched_alpha0_smoke/steer_alpha_0p66_c8_tok100_seed05_the_spreadsheet_was_still_open.json,1,3,0,1.0578587518179698,0.008540019460880998,0.4397035191529118,0.022222222222222223,0.0,0.0,0.1111111111111111,0.7328391985881864,0.19999999999999998,0.9100000000000001,0.0,1.0,14.814814814814815,antique; delicate; leather-bound; music box,1.0,11.11111111111111,antique; leather-bound; music box,0.3333333333333333,3.7037037037037037,delicate,1.0,antique; ballerina; leather-bound; music box,0.5,0.5,the; spreadsheet; was; open,the; open,0.3,0.0,0.0,0,0,"A faint, antique music box materialized beside it, its delicate ballerina twirling to a waltz, as a dusty, leather-bound book lay on the desk nearby, its pages fluttering in the breeze from an open window."
steer_alpha_0p66_c8_tok100_seed05_the_spreadsheet_was_still_open.json,steer_alpha_0p66,experiments/frontier_sweep_mundane_matched_alpha0_smoke/steer_alpha_0p66_c8_tok100_seed05_the_spreadsheet_was_still_open.json,1,4,0,-1.113868580329328,0.0,0.4462841121495327,0.0,0.0,0.0,0.0,0.7438068535825545,0.19999999999999998,0.9100000000000001,0.0,0.0,0.0,,0.0,0.0,,0.0,0.0,,0.0,,0.25,0.75,the; spreadsheet; was; open,the,0.0,0.0,0.0,0,0,"The fluorescent light above flickered, and a sheet of paper slipped from its edge, carrying a single, scribbled name: 'Emily'."
steer_alpha_0p66_c8_tok100_seed05_the_spreadsheet_was_still_open.json,steer_alpha_0p66,experiments/frontier_sweep_mundane_matched_alpha0_smoke/steer_alpha_0p66_c8_tok100_seed05_the_spreadsheet_was_still_open.json,1,5,0,0.6074043129070787,0.0043703604535561425,0.20626701225307878,0.024242424242424246,0.0,0.0,0.12121212121212122,0.6486384033115685,0.05999999999999997,0.9730000000000001,0.0,0.3333333333333333,2.7027027027027026,mist,0.0,0.0,,0.3333333333333333,2.7027027027027026,mist,0.0,,0.5,0.5,the; spreadsheet; was; open,the; spreadsheet,0.3,0.4,0.0,0,0,"Its empty, foggy mirror reflected the office's fluorescent lights, a faint, watery mist creeping in, as a typed, forgotten resume, with a name and a nameless face, slowly drips ink onto the desk, merging with the spreadsheet, where a new, unfamiliar number beg"
steer_alpha_0p66_c8_tok100_seed05_the_spreadsheet_was_still_open.json,steer_alpha_0p66,experiments/frontier_sweep_mundane_matched_alpha0_smoke/steer_alpha_0p66_c8_tok100_seed05_the_spreadsheet_was_still_open.json,1,6,0,-1.3861998636284347,0.003659234701806131,0.4264368964368965,0.009523809523809525,0.0,0.0,0.047619047619047616,0.7107281607281608,0.19999999999999998,0.9100000000000001,0.0,1.0,8.16326530612245,antique; delicate; leather-bound; music box,1.0,6.122448979591836,antique; leather-bound; music box,0.3333333333333333,2.0408163265306123,delicate,1.0,antique; ballerina; leather-bound; music box,0.25,0.75,the; spreadsheet; was; open,the,0.45,0.0,0.0,0,0,"A small, antique music box, its delicate ballerina twirls, its lid slightly ajar, in the dusty, dimly lit attic of an old, forgotten church, where a forgotten hymnal lies, its pages yellowed and dry, beside a stack of yellowed, leather-bound books, their worn, cracked spines creaking softly in the faint, autumn breeze that stirs the cobwebs."
steer_alpha_0p66_c8_tok100_seed05_the_spreadsheet_was_still_open.json,steer_alpha_0p66,experiments/frontier_sweep_mundane_matched_alpha0_smoke/steer_alpha_0p66_c8_tok100_seed05_the_spreadsheet_was_still_open.json,1,7,0,0.7128565843564609,0.001766184588639737,0.22052804242172078,0.008888888888888889,0.0,0.0,0.04444444444444444,0.612577895615891,0.19999999999999998,0.9100000000000001,0.0,1.0,8.108108108108109,antique; leather-bound; music box,1.0,8.108108108108109,antique; leather-bound; music box,0.0,0.0,,1.0,antique; leather-bound; music box,0.25,0.75,the; spreadsheet; was; open,open,0.45,0.4,0.0,0,0,"A small, antique music box, carved with an intricate, silvered glass, sat on a dusty, old, wooden desk, next to a worn, leather-bound, 19th-century novel, its pages yellowed with age, open to a page with a torn edge, where a forgotten, silver pen lies, nib scr"
steer_alpha_0p66_c8_tok100_seed05_the_spreadsheet_was_still_open.json,steer_alpha_0p66,experiments/frontier_sweep_mundane_matched_alpha0_smoke/steer_alpha_0p66_c8_tok100_seed05_the_spreadsheet_was_still_open.json,1,8,0,-0.11434464738366573,0.0,0.16550106366473014,0.0,0.0,0.0,0.0,0.4597251768464726,0.19999999999999998,0.9100000000000001,0.0,0.6666666666666666,5.2631578947368425,antique; leather-bound,0.6666666666666666,5.2631578947368425,antique; leather-bound,0.0,0.0,,0.875,antique; leather-bound,0.5,0.5,the; spreadsheet; was; open,the; open,0.45,0.4,0.0,0,0,"A dusty, old, leather-bound book lay open on the desk, its pages fluttering gently in the breeze that stirs the scattered papers and a lone, antique globe, once a prized possession of a forgotten explorer, now sat on a nearby shelf, its surface cracked and wor"
steer_alpha_0p66_c8_tok100_seed05_the_spreadsheet_was_still_open.json,steer_alpha_0p66,experiments/frontier_sweep_mundane_matched_alpha0_smoke/steer_alpha_0p66_c8_tok100_seed05_the_spreadsheet_was_still_open.json,2,1,1,0.14397449745178048,0.09093639254091557,0.4016270012473402,0.27612197222702994,0.0,1.0,0.13060986113514966,0.6693783354122337,0.19999999999999998,0.9100000000000001,0.0,0.6666666666666666,4.081632653061225,leather-bound; music box,0.6666666666666666,4.081632653061225,leather-bound; music box,0.0,0.0,,1.0,leather-bound; music box,0.5,0.5,the; spreadsheet; was; open; adorned; intricate; carvings; trees; and; leaves; sat; kitchen,the; sat,0.0,0.0,0.0,0,4,"As the music box's subtle hum harmonized with the hum of a refrigerator, a small, leather-bound book with yellowed pages, bound in worn, black leather, sat parallel to the music box, its pages fluttering gently in the whisper of a morning breeze that wafts through a narrow, steam-filled window, where a faint, morning light etches a latticework of frost."
steer_alpha_0p66_c8_tok100_seed05_the_spreadsheet_was_still_open.json,steer_alpha_0p66,experiments/frontier_sweep_mundane_matched_alpha0_smoke/steer_alpha_0p66_c8_tok100_seed05_the_spreadsheet_was_still_open.json,2,2,0,0.3213791335247167,0.09249908940177985,0.37857357628663807,0.2889106111207265,0.0,1.0,0.1945530556036326,0.6309559604777302,0.19999999999999998,0.9100000000000001,0.0,0.6666666666666666,3.6363636363636362,leather-bound; music box,0.6666666666666666,3.6363636363636362,leather-bound; music box,0.0,0.0,,1.0,grandfather clock; leather-bound; music box,0.75,0.25,the; spreadsheet; was; open; adorned; intricate; carvings; trees; and; leaves; sat; kitchen,the; open; and,0.14285714285714285,0.0,0.0,0,3,"As the music box's gentle rhythm harmonized with the ticking of a grandfather clock, a small, leather-bound book with yellowed pages and a brass lock, partially hidden behind a vase, began to slowly open, releasing a scattering of old, yellowed letters that fluttered to the worn, Formica countertop, where they entwined with the music box, the letters bearing the names of long-forgotten lovers."
steer_alpha_0p66_c8_tok100_seed05_the_spreadsheet_was_still_open.json,steer_alpha_0p66,experiments/frontier_sweep_mundane_matched_alpha0_smoke/steer_alpha_0p66_c8_tok100_seed05_the_spreadsheet_was_still_open.json,2,3,0,0.36019913378442836,0.019280871586473,0.41896833301833303,0.056121802482994025,0.0,0.0,0.2806090124149701,0.6982805550305551,0.19999999999999998,0.9100000000000001,0.0,0.6666666666666666,5.128205128205129,leather-bound; music box,0.6666666666666666,5.128205128205129,leather-bound; music box,0.0,0.0,,1.0,leather-bound; music box,0.5,0.5,the; spreadsheet; was; open; adorned; intricate; carvings; trees; and; leaves; sat; kitchen,the; and,0.0,0.0,0.0,0,0,"As the music box began to play a lively, jaunty tune, a small, leather-bound book slipped off the edge of the counter and lands on the floor, where it opens to a page with a small, perfectly drawn portrait of a woman with a mischievous grin, her eyes twinkling with mirth."
steer_alpha_0p66_c8_tok100_seed05_the_spreadsheet_was_still_open.json,steer_alpha_0p66,experiments/frontier_sweep_mundane_matched_alpha0_smoke/steer_alpha_0p66_c8_tok100_seed05_the_spreadsheet_was_still_open.json,2,4,0,-0.3084415653241701,0.007007669289656622,0.38456721711530245,0.022222222222222223,0.0,0.0,0.1111111111111111,0.7255985228590612,0.05999999999999997,0.9730000000000001,0.0,0.3333333333333333,4.0,music box,0.3333333333333333,4.0,music box,0.0,0.0,,0.625,music box,0.75,0.25,the; spreadsheet; was; open; adorned; intricate; carvings; trees; and; leaves; sat; kitchen,the; and; sat,0.0,0.0,0.0,0,0,"The old music box, now empty and still, sat next to a dusty, old-fashioned typewriter, its keys yellowed with age and holding a single, half-written poem."
steer_alpha_0p66_c8_tok100_seed05_the_spreadsheet_was_still_open.json,steer_alpha_0p66,experiments/frontier_sweep_mundane_matched_alpha0_smoke/steer_alpha_0p66_c8_tok100_seed05_the_spreadsheet_was_still_open.json,2,5,0,0.9047752701629717,0.005215933871939685,0.429360410190157,0.014814814814814815,0.0,0.0,0.07407407407407407,0.7156006836502617,0.19999999999999998,0.9100000000000001,0.0,0.6666666666666666,5.882352941176471,leather-bound; music box,0.6666666666666666,5.882352941176471,leather-bound; music box,0.0,0.0,,1.0,leather-bound; music box,1.0,0.0,the; spreadsheet; was; open; adorned; intricate; carvings; trees; and; leaves; sat; kitchen,the; open; and; sat,0.0,0.0,0.0,0,0,"A small, leather-bound book, its cover worn and cracked, sat beside the music box, its pages fluttering softly in the breeze from an open window, where a small, ceramic bird perches, its beak slightly ajar, as if it might sing."
steer_alpha_0p66_c8_tok100_seed05_the_spreadsheet_was_still_open.json,steer_alpha_0p66,experiments/frontier_sweep_mundane_matched_alpha0_smoke/steer_alpha_0p66_c8_tok100_seed05_the_spreadsheet_was_still_open.json,2,6,0,1.099736649348184,0.0026987444921295796,0.4106084996975196,0.00784313725490196,0.0,0.0,0.0392156862745098,0.684347499495866,0.19999999999999998,0.9100000000000001,0.0,1.0,6.896551724137931,ethereal; leather-bound; mist; music box,0.6666666666666666,3.4482758620689653,leather-bound; music box,0.6666666666666666,3.4482758620689653,ethereal; mist,1.0,leather-bound; music box,1.0,0.0,the; spreadsheet; was; open; adorned; intricate; carvings; trees; and; leaves; sat; kitchen,the; open; and; kitchen,0.1,0.0,0.0,0,0,"The music box suddenly creaked open, releasing a faint, ethereal mist that wafts through the kitchen, tangling itself around the legs of a small, dusty, old globe, which had been sitting beside a dusty, leather-bound book. The globe, its surface cracked and worn, begins to slowly, imperceptibly, unfurl a tattered, yellowed map, its creases and folds unfolding like a slow, ancient, and forgotten flower."
steer_alpha_0p66_c8_tok100_seed05_the_spreadsheet_was_still_open.json,steer_alpha_0p66,experiments/frontier_sweep_mundane_matched_alpha0_smoke/steer_alpha_0p66_c8_tok100_seed05_the_spreadsheet_was_still_open.json,2,7,0,0.8665618061048412,0.0024275462563668063,0.3875052723423365,0.007407407407407408,0.0,0.0,0.037037037037037035,0.6458421205705609,0.19999999999999998,0.9100000000000001,0.0,1.0,12.727272727272727,antique; delicate; doll; ethereal; leather-bound; music box; porcelain,1.0,9.090909090909092,antique; doll; leather-bound; music box; porcelain,0.6666666666666666,3.6363636363636362,delicate; ethereal,1.0,antique; ballerina; doll; leather-bound; music box; porcelain,0.75,0.25,the; spreadsheet; was; open; adorned; intricate; carvings; trees; and; leaves; sat; kitchen,the; open; and,0.14285714285714285,0.0,0.0,0,0,"As the sun rose, the music box's lid creaked, releasing a faint, ethereal glow, and the ballerina, now still, the antique's lid slowly slides open, releasing a delicate, hand-painted porcelain doll, that gazes up at a small, old, leather-bound book, its worn, golden lock creaking as it opens, revealing yellowed, yellowed pages filled with handwritten, cryptic equations and diagrams."
steer_alpha_0p66_c8_tok100_seed05_the_spreadsheet_was_still_open.json,steer_alpha_0p66,experiments/frontier_sweep_mundane_matched_alpha0_smoke/steer_alpha_0p66_c8_tok100_seed05_the_spreadsheet_was_still_open.json,2,8,0,0.536493630947739,0.0,0.15261115333627928,0.0,0.0,0.0,0.0,0.4239198703785536,0.19999999999999998,0.9100000000000001,0.0,0.6666666666666666,5.714285714285714,antique; leather-bound,0.6666666666666666,5.714285714285714,antique; leather-bound,0.0,0.0,,0.875,antique; leather-bound,0.5,0.5,the; spreadsheet; was; open; adorned; intricate; carvings; trees; and; leaves; sat; kitchen,the; and,0.2857142857142857,0.4,0.0,0,0,"A small, dusty, leather-bound book, its cover creaking softly as it leans against the wall, its yellowed pages fluttering in the gentle morning breeze, releasing a faint scent of old paper and forgotten memories, as a small, antique door, slightly ajar, reveal"
steer_alpha_0p66_c8_tok100_seed05_the_spreadsheet_was_still_open.json,steer_alpha_0p66,experiments/frontier_sweep_mundane_matched_alpha0_smoke/steer_alpha_0p66_c8_tok100_seed05_the_spreadsheet_was_still_open.json,3,1,1,1.05684918138889,0.09630202597523459,0.4059570181625815,0.2722222222222222,0.0,1.0,0.1111111111111111,0.6765950302709692,0.19999999999999998,0.9100000000000001,0.0,1.0,8.333333333333334,mist; music box; silver mist,0.3333333333333333,2.7777777777777777,music box,0.6666666666666666,5.555555555555555,mist; silver mist,0.625,music box,0.5,0.5,the; spreadsheet; was; open; adorned; intricate; carvings; trees; and; leaves; sat; kitchen,the; open,0.2857142857142857,0.0,0.0,0,2,"The music box's lid creaked open, releasing a soft, silver mist that settles upon the book, which, as if in response, opens to a page with a single, unfinished line, containing a single, calligraphic phrase: ""In the shadow of a forgotten clock, a key waits."""
steer_alpha_0p66_c8_tok100_seed05_the_spreadsheet_was_still_open.json,steer_alpha_0p66,experiments/frontier_sweep_mundane_matched_alpha0_smoke/steer_alpha_0p66_c8_tok100_seed05_the_spreadsheet_was_still_open.json,3,2,0,0.39090953883033835,0.0,0.20081023154284813,0.0,0.0,0.0,0.0,0.6314787155435475,0.05999999999999997,0.9730000000000001,0.0,0.6666666666666666,5.2631578947368425,doll; porcelain,0.6666666666666666,5.2631578947368425,doll; porcelain,0.0,0.0,,0.875,doll; porcelain,0.75,0.25,the; spreadsheet; was; open; adorned; intricate; carvings; trees; and; leaves; sat; kitchen,the; adorned; sat,0.1111111111111111,0.4,0.0,0,0,"On the windowsill, a small, porcelain doll, its face frozen in a perpetual, enigmatic smile, sat next to a dusty, old, metal canister, adorned with a faded, golden label that reads ""Menthe la Nuit"", as a faint, dew-kissed spider web, trembling with morning dew"
steer_alpha_0p66_c8_tok100_seed05_the_spreadsheet_was_still_open.json,steer_alpha_0p66,experiments/frontier_sweep_mundane_matched_alpha0_smoke/steer_alpha_0p66_c8_tok100_seed05_the_spreadsheet_was_still_open.json,3,3,0,0.15557183628762267,0.0,0.1967709677419355,0.0,0.0,0.0,0.0,0.6559032258064517,0.0,1.0,0.0,1.0,8.571428571428571,crystal; delicate; porcelain,0.6666666666666666,5.714285714285714,crystal; porcelain,0.3333333333333333,2.857142857142857,delicate,0.85,crystal; porcelain,0.5,0.5,the; spreadsheet; was; open; adorned; intricate; carvings; trees; and; leaves; sat; kitchen,the; adorned,0.16666666666666666,0.4,0.0,0,0,"Beside the book, a small, ironed tablecloth, with a faint, floral pattern, stretched across the narrow, wooden surface, upon which a delicate, silver teapot, adorned with a dainty, porcelain handle, slowly pours a fine, crystal dew, which, like a tiny, silver"
steer_alpha_0p66_c8_tok100_seed05_the_spreadsheet_was_still_open.json,steer_alpha_0p66,experiments/frontier_sweep_mundane_matched_alpha0_smoke/steer_alpha_0p66_c8_tok100_seed05_the_spreadsheet_was_still_open.json,3,4,0,1.0753846570886414,0.0,0.2331638709677419,0.0,0.0,0.0,0.0,0.6476774193548387,0.19999999999999998,0.9100000000000001,0.0,0.6666666666666666,5.714285714285714,antique; ornate,0.6666666666666666,5.714285714285714,antique; ornate,0.0,0.0,,0.7,antique; ornate,0.5,0.5,the; spreadsheet; was; open; adorned; intricate; carvings; trees; and; leaves; sat; kitchen,the; and,0.25,0.4,0.0,0,0,"A narrow, ornate, and ornamental door, slightly ajar, creaks softly in the morning light, revealing a dimly lit, narrow hallway, where a single, dusty, antique globe, its surface etched with faded, cryptic coordinates, sits atop a worn, wooden stool, as a smal"
steer_alpha_0p66_c8_tok100_seed05_the_spreadsheet_was_still_open.json,steer_alpha_0p66,experiments/frontier_sweep_mundane_matched_alpha0_smoke/steer_alpha_0p66_c8_tok100_seed05_the_spreadsheet_was_still_open.json,3,5,0,0.6736036470143607,0.0018059855555555557,0.15935166666666667,0.013333333333333334,0.0,0.0,0.06666666666666667,0.4426435185185186,0.19999999999999998,0.9100000000000001,0.0,1.0,13.333333333333334,delicate; miniature; music box; porcelain,1.0,10.0,miniature; music box; porcelain,0.3333333333333333,3.3333333333333335,delicate,1.0,miniature; music box; porcelain,0.25,0.75,the; spreadsheet; was; open; adorned; intricate; carvings; trees; and; leaves; sat; kitchen,the,0.16666666666666666,0.4,0.0,0,0,"A faint, morning light etches a latticework of frost on the windowpane, creating a miniature, crystalline world, where a delicate, porcelain teacup, lifted by an unseen hand, appears, hovering above the music box, as if to pour a stream of crystallized dew ont"
steer_alpha_0p66_c8_tok100_seed05_the_spreadsheet_was_still_open.json,steer_alpha_0p66,experiments/frontier_sweep_mundane_matched_alpha0_smoke/steer_alpha_0p66_c8_tok100_seed05_the_spreadsheet_was_still_open.json,3,6,0,0.51850711894927,0.003130461230613474,0.1492850008818564,0.024242424242424246,0.0,0.0,0.12121212121212122,0.4146805580051567,0.19999999999999998,0.9100000000000001,0.0,1.0,10.256410256410257,delicate; ethereal; mist; music box,0.3333333333333333,2.5641025641025643,music box,1.0,7.6923076923076925,delicate; ethereal; mist,0.625,music box,0.5,0.5,the; spreadsheet; was; open; adorned; intricate; carvings; trees; and; leaves; sat; kitchen,the; and,0.25,0.4,0.0,0,0,"The book's pages, once yellowed and faded, now seemed to be slowly unfolding, releasing a soft, ethereal mist that, like a wispy, crystalline veil, tendrils out to enfold the music box, as if to hold it in a delicate, lace-like grasp, while the music box's bal"
steer_alpha_0p66_c8_tok100_seed05_the_spreadsheet_was_still_open.json,steer_alpha_0p66,experiments/frontier_sweep_mundane_matched_alpha0_smoke/steer_alpha_0p66_c8_tok100_seed05_the_spreadsheet_was_still_open.json,3,7,0,0.541366692395612,0.0,0.14824619266055047,0.0,0.0,0.0,0.0,0.4117949796126402,0.19999999999999998,0.9100000000000001,0.0,1.0,10.0,antique; ethereal; mist; ornate,0.6666666666666666,5.0,antique; ornate,0.6666666666666666,5.0,ethereal; mist,0.7,antique; ornate,0.75,0.25,the; spreadsheet; was; open; adorned; intricate; carvings; trees; and; leaves; sat; kitchen,the; open; and,0.125,0.4,0.0,0,0,"The book's pages, now open, reveal pages stained with tea, and a silver, antique telescope, half-hidden in the frost, its lens fogged with a fine, dew-kissed mist, as the morning light casts an ethereal glow on a nearby, Victorian-style, ornate, wooden side ta"
steer_alpha_0p66_c8_tok100_seed05_the_spreadsheet_was_still_open.json,steer_alpha_0p66,experiments/frontier_sweep_mundane_matched_alpha0_smoke/steer_alpha_0p66_c8_tok100_seed05_the_spreadsheet_was_still_open.json,3,8,0,-2.1393249363760027,0.0,0.11629126607827446,0.0,0.0,0.0,0.0,0.38763755359424823,0.0,1.0,0.0,0.0,0.0,,0.0,0.0,,0.0,0.0,,0.0,,0.5,0.5,the; spreadsheet; was; open; adorned; intricate; carvings; trees; and; leaves; sat; kitchen,and; sat,0.0,0.4,0.0,0,0,"A dusty, old, copper telescope, its once-silvered lens now dulled with a thin layer of grime, sat atop a cluttered, wooden workbench, where a half-assembled, wooden bird, its wings and tail still pinned to a workbench, held a small, hand-carved wooden birdcage"
steer_alpha_0p77_c8_tok100_seed05_the_spreadsheet_was_still_open.json,steer_alpha_0p77,experiments/frontier_sweep_mundane_matched_alpha0_smoke/steer_alpha_0p77_c8_tok100_seed05_the_spreadsheet_was_still_open.json,1,1,1,-0.4580980392156859,0.2298526083333333,0.4638333333333333,0.55,1.0,0.0,0.0,0.9276666666666666,0.0,1.0,0.0,0.3333333333333333,3.3333333333333335,antique,0.3333333333333333,3.3333333333333335,antique,0.0,0.0,,0.375,antique,0.5,0.5,the; spreadsheet; was; open,the; spreadsheet,0.45,0.0,0.0,1,0,"The spreadsheet, now a portal to a small, cluttered antique shop, where a bespectacled shopkeeper, surrounded by dusty, forgotten trinkets and faded, yellowed maps, tends to a small, potted cactus, as a faint, eerie glow emanates from its soil."
steer_alpha_0p77_c8_tok100_seed05_the_spreadsheet_was_still_open.json,steer_alpha_0p77,experiments/frontier_sweep_mundane_matched_alpha0_smoke/steer_alpha_0p77_c8_tok100_seed05_the_spreadsheet_was_still_open.json,1,2,0,-0.6487347233149745,0.01961684301075269,0.4485558615263572,0.05333333333333334,0.0,0.0,0.26666666666666666,0.7475931025439286,0.19999999999999998,0.9100000000000001,0.0,0.0,0.0,,0.0,0.0,,0.0,0.0,,0.0,,0.25,0.75,the; spreadsheet; was; open,the,0.0,0.0,0.0,0,0,"The fluorescent lights above flickered, casting an eerie glow on a sea of computer screens, as if to illuminate a city where skyscraped servers hum and whisper secrets to one another, their digital tongues speaking in a language that only a handful of sleep-deprived programmers can understand."
steer_alpha_0p77_c8_tok100_seed05_the_spreadsheet_was_still_open.json,steer_alpha_0p77,experiments/frontier_sweep_mundane_matched_alpha0_smoke/steer_alpha_0p77_c8_tok100_seed05_the_spreadsheet_was_still_open.json,1,3,0,-1.4083839061758523,0.010181085508327118,0.3644780014914243,0.03333333333333333,0.0,0.0,0.16666666666666666,0.7289560029828486,0.0,1.0,0.0,0.3333333333333333,3.7037037037037037,whispers,0.0,0.0,,0.3333333333333333,3.7037037037037037,whispers,0.0,,0.25,0.75,the; spreadsheet; was; open,the,0.1,0.0,0.0,0,0,"It had been three days since the accountant had last touched it, its empty, dusty frame creaked and groans, as if in sympathy with the wind that whispers secrets to the trees outside."
steer_alpha_0p77_c8_tok100_seed05_the_spreadsheet_was_still_open.json,steer_alpha_0p77,experiments/frontier_sweep_mundane_matched_alpha0_smoke/steer_alpha_0p77_c8_tok100_seed05_the_spreadsheet_was_still_open.json,1,4,0,0.9580572053145582,0.005300706249106248,0.4179879343629343,0.014814814814814815,0.0,0.0,0.07407407407407407,0.6966465572715572,0.19999999999999998,0.9100000000000001,0.0,1.0,15.625,antique; delicate; ethereal; music box; ornate,1.0,9.375,antique; music box; ornate,0.6666666666666666,6.25,delicate; ethereal,1.0,antique; ballerina; music box; ornate,0.5,0.5,the; spreadsheet; was; open,the; spreadsheet,0.2,0.0,0.0,0,0,"A nearby, antique, ornate music box slowly rotates, its delicate ballerina twirling to a soft, ethereal melody, as the spreadsheet's pixels begin to rearrange, rearranging into a cryptic, handwritten poem, its numbers and formulas morphing into stanzes of verse."
steer_alpha_0p77_c8_tok100_seed05_the_spreadsheet_was_still_open.json,steer_alpha_0p77,experiments/frontier_sweep_mundane_matched_alpha0_smoke/steer_alpha_0p77_c8_tok100_seed05_the_spreadsheet_was_still_open.json,1,5,0,-1.6879736491628616,0.0,0.25443113346651447,0.0,0.0,0.0,0.0,0.9601174847792998,0.05999999999999997,0.9730000000000001,0.5,0.3333333333333333,4.761904761904762,leather-bound,0.3333333333333333,4.761904761904762,leather-bound,0.0,0.0,,0.5,leather-bound,0.0,1.0,the; spreadsheet; was; open,,0.45,0.0,0.0,0,0,"on a dusty, old, abandoned observatory, where a lone, worn, leather-bound journal lies, partially hidden, as morning light through a small, grimy window slowly awakens it."
steer_alpha_0p77_c8_tok100_seed05_the_spreadsheet_was_still_open.json,steer_alpha_0p77,experiments/frontier_sweep_mundane_matched_alpha0_smoke/steer_alpha_0p77_c8_tok100_seed05_the_spreadsheet_was_still_open.json,1,6,0,-1.7066994991515232,0.0,0.41171141901576686,0.0,0.0,0.0,0.0,0.6861856983596114,0.19999999999999998,0.8691633510167993,0.0,0.6666666666666666,7.6923076923076925,antique; leather-bound,0.6666666666666666,7.6923076923076925,antique; leather-bound,0.0,0.0,,0.875,antique; leather-bound,0.25,0.75,the; spreadsheet; was; open,the,0.2,0.0,0.0,0,0,"its edges curled and curled over the edge of a small, antique wooden desk, where a small, leather-bound book lies, its cover creaking softly in the faint morning light."
steer_alpha_0p77_c8_tok100_seed05_the_spreadsheet_was_still_open.json,steer_alpha_0p77,experiments/frontier_sweep_mundane_matched_alpha0_smoke/steer_alpha_0p77_c8_tok100_seed05_the_spreadsheet_was_still_open.json,1,7,0,0.7661705003975745,0.0,0.41743486654356216,0.0,0.0,0.0,0.0,0.6957247775726036,0.19999999999999998,0.9100000000000001,0.0,1.0,6.521739130434782,delicate; leather-bound; miniature,0.6666666666666666,4.3478260869565215,leather-bound; miniature,0.3333333333333333,2.1739130434782608,delicate,0.9,leather-bound; miniature,0.5,0.5,the; spreadsheet; was; open,the; spreadsheet,0.3,0.0,0.0,0,0,"The spreadsheet, now covered in a thick layer of frost, its digits and keys frozen in a frozen, delicate dance, a miniature, intricate baller, suspended in mid-piano, as a bird, oblivious to the frost, perches on an old, leather-bound book, bound in a worn, cracked, and water-stained wooden desk, where a single, flickering candle casts eerie shadows."
steer_alpha_0p77_c8_tok100_seed05_the_spreadsheet_was_still_open.json,steer_alpha_0p77,experiments/frontier_sweep_mundane_matched_alpha0_smoke/steer_alpha_0p77_c8_tok100_seed05_the_spreadsheet_was_still_open.json,1,8,0,-0.9994439746300205,0.002327932109936575,0.16667771670190273,0.016666666666666666,0.0,0.0,0.08333333333333333,0.4629936575052854,0.19999999999999998,0.9100000000000001,0.0,0.3333333333333333,3.0303030303030303,whispering,0.0,0.0,,0.3333333333333333,3.0303030303030303,whispering,0.0,,0.25,0.75,the; spreadsheet; was; open,the,0.1,0.4,0.0,0,0,"The fluorescent lights above flickered, casting an eerie glow on the rows and columns of cells, where numbers and formulas seemed to be whispering secrets to each other, as a lone, besuete violin player, tucked away in a forgotten corner, draws a tiny, delicat"
steer_alpha_0p77_c8_tok100_seed05_the_spreadsheet_was_still_open.json,steer_alpha_0p77,experiments/frontier_sweep_mundane_matched_alpha0_smoke/steer_alpha_0p77_c8_tok100_seed05_the_spreadsheet_was_still_open.json,2,1,1,0.6180702841090824,0.17063790663788453,0.3783545601726929,0.55,1.0,0.0,0.0,0.6305909336211549,0.19999999999999998,0.9100000000000001,0.0,1.0,5.882352941176471,delicate; ethereal; ornate,0.3333333333333333,1.9607843137254901,ornate,0.6666666666666666,3.9215686274509802,delicate; ethereal,0.325,ornate,1.0,0.0,the; spreadsheet; was; open; now; portal; cluttered; shop; bespectacled; shopkeeper; surrounded; trinkets,the; now; portal; shopkeeper,0.0,0.0,0.0,2,0,"The shopkeeper, lost in thought, strokes the cactus, its spines quivering with an ethereal music, as the portal, now a large, ornate mirror, materializes, its surface etched with ancient, cryptic symbols that begin to whisper secrets to the shopkeeper, while the cactus, now a tiny, delicate baller, pirouettes and pirouettes, its tiny, glassy eyes glimmering with an otherworldly light."
steer_alpha_0p77_c8_tok100_seed05_the_spreadsheet_was_still_open.json,steer_alpha_0p77,experiments/frontier_sweep_mundane_matched_alpha0_smoke/steer_alpha_0p77_c8_tok100_seed05_the_spreadsheet_was_still_open.json,2,2,0,0.6689946577772323,0.09049939968398446,0.20066385739242676,0.55,1.0,0.0,0.0,0.5573996038678521,0.19999999999999998,0.9100000000000001,0.0,1.0,16.129032258064516,delicate; leather-bound; miniature; ornate; porcelain,1.0,12.903225806451612,leather-bound; miniature; ornate; porcelain,0.3333333333333333,3.225806451612903,delicate,1.0,leather-bound; miniature; ornate; porcelain,0.75,0.25,the; spreadsheet; was; open; now; portal; cluttered; shop; bespectacled; shopkeeper; surrounded; trinkets,the; now; shopkeeper,0.0,0.4,0.0,1,0,"The shopkeeper, lost in thought, its eyes fixed on an old, leather-bound book, as the cactus, now a miniature, intricate, brass-encrusted, ornate, miniature, a delicate, porcelain, ceramic, a tiny, delicate, porcelain, miniature, of a woman, with golden, filig"
steer_alpha_0p77_c8_tok100_seed05_the_spreadsheet_was_still_open.json,steer_alpha_0p77,experiments/frontier_sweep_mundane_matched_alpha0_smoke/steer_alpha_0p77_c8_tok100_seed05_the_spreadsheet_was_still_open.json,2,3,0,0.37195277512357855,0.08533807593577981,0.18921968056713928,0.55,1.0,0.0,0.0,0.5950304420350292,0.05999999999999997,0.9730000000000001,0.0,1.0,8.571428571428571,delicate; miniature; porcelain,0.6666666666666666,5.714285714285714,miniature; porcelain,0.3333333333333333,2.857142857142857,delicate,0.9,miniature; porcelain,0.75,0.25,the; spreadsheet; was; open; now; portal; cluttered; shop; bespectacled; shopkeeper; surrounded; trinkets,the; now; shopkeeper,0.0,0.4,0.0,1,0,"The cactus, now a small, delicate, porcelain-like figurine, rises from the shopkeeper's pocket, and, with a tiny, miniature top hat and a monocle, it begins to slowly, deliberately, and with an air of refined, Victorian-era elegance, take a tiny, delicate, ant"
steer_alpha_0p77_c8_tok100_seed05_the_spreadsheet_was_still_open.json,steer_alpha_0p77,experiments/frontier_sweep_mundane_matched_alpha0_smoke/steer_alpha_0p77_c8_tok100_seed05_the_spreadsheet_was_still_open.json,2,4,0,0.7249856051789882,0.0,0.4110865061590145,0.0,0.0,0.0,0.0,0.6851441769316908,0.19999999999999998,0.9100000000000001,0.0,0.3333333333333333,2.6315789473684212,whispers,0.0,0.0,,0.3333333333333333,2.6315789473684212,whispers,0.0,,1.0,0.0,the; spreadsheet; was; open; now; portal; cluttered; shop; bespectacled; shopkeeper; surrounded; trinkets,the; now; shop; shopkeeper,0.0,0.0,0.0,0,0,"The shopkeeper, his eyes fixed intently on the cactus, its spines now a deep, malevolent green, and the air inside the shop, thick with the scent of old books and decay, as a low, raspy, old voice whispers, ""You should not be here."""
steer_alpha_0p77_c8_tok100_seed05_the_spreadsheet_was_still_open.json,steer_alpha_0p77,experiments/frontier_sweep_mundane_matched_alpha0_smoke/steer_alpha_0p77_c8_tok100_seed05_the_spreadsheet_was_still_open.json,2,5,0,0.993135931045646,0.0,0.13398343499083754,0.0,0.0,0.0,0.0,0.3721762083078821,0.19999999999999998,0.9100000000000001,0.0,0.6666666666666666,5.405405405405405,ethereal; ornate,0.3333333333333333,2.7027027027027026,ornate,0.3333333333333333,2.7027027027027026,ethereal,0.325,ornate,0.75,0.25,the; spreadsheet; was; open; now; portal; cluttered; shop; bespectacled; shopkeeper; surrounded; trinkets,the; shop; shopkeeper,0.16666666666666666,0.4,0.0,0,0,"A faint, ethereal music drifts from the shop, where the shopkeeper, lost in thought, holds a small, ornate, golden compass, its face dialing towards the cactus, as the cactus begins to emit a low, hypnotic hum, and the shopkeeper's eyes, a milky film of sleep"
steer_alpha_0p77_c8_tok100_seed05_the_spreadsheet_was_still_open.json,steer_alpha_0p77,experiments/frontier_sweep_mundane_matched_alpha0_smoke/steer_alpha_0p77_c8_tok100_seed05_the_spreadsheet_was_still_open.json,2,6,0,0.035542628982131674,0.0,0.02919868149928863,0.0,0.0,0.0,0.0,0.3244297944365403,0.19999999999999998,0.9100000000000001,0.0,1.0,8.823529411764707,leather-bound; miniature; ornate,1.0,8.823529411764707,leather-bound; miniature; ornate,0.0,0.0,,1.0,leather-bound; miniature; ornate,1.0,0.0,the; spreadsheet; was; open; now; portal; cluttered; shop; bespectacled; shopkeeper; surrounded; trinkets,the; open; portal; shopkeeper,0.0,0.85,0.0,0,0,"As the shopkeeper, half-turned towards the portal, its eyes, a pair of wire-rimmed spectacles, blink, and a tiny, leather-bound book, lying on a nearby, ornate, wooden desk, begins to slide open, revealing a miniature, 3D, topographic model of a miniature, twi"
steer_alpha_0p77_c8_tok100_seed05_the_spreadsheet_was_still_open.json,steer_alpha_0p77,experiments/frontier_sweep_mundane_matched_alpha0_smoke/steer_alpha_0p77_c8_tok100_seed05_the_spreadsheet_was_still_open.json,2,7,0,-0.6221469584909989,0.0,0.010376551535087729,0.0,0.0,0.0,0.0,0.13052266081871355,0.05999999999999997,0.9730000000000001,0.0,0.6666666666666666,5.2631578947368425,antique; spectral,0.3333333333333333,2.6315789473684212,antique,0.3333333333333333,2.6315789473684212,spectral,0.375,antique,0.5,0.5,the; spreadsheet; was; open; now; portal; cluttered; shop; bespectacled; shopkeeper; surrounded; trinkets,the; shopkeeper,0.25,0.85,0.0,0,0,"As the shopkeeper, whose eyes, like two old, glassy orb, regarding the cactus, the air is filled with the sweet, melancholy scent of old books and forgotten memories, a lone, spectral violin, its strings creaking and weeping, while a small, antique globe, with"
steer_alpha_0p77_c8_tok100_seed05_the_spreadsheet_was_still_open.json,steer_alpha_0p77,experiments/frontier_sweep_mundane_matched_alpha0_smoke/steer_alpha_0p77_c8_tok100_seed05_the_spreadsheet_was_still_open.json,2,8,0,0.05187355748526823,9.302282110091745e-05,0.009937155963302755,0.011111111111111112,0.0,0.0,0.05555555555555555,0.11041284403669727,0.19999999999999998,0.9100000000000001,0.0,1.0,18.181818181818183,delicate; ethereal; leather-bound; melancholic; music box; porcelain,1.0,9.090909090909092,leather-bound; music box; porcelain,1.0,9.090909090909092,delicate; ethereal; melancholic,1.0,ballerina; leather-bound; music box; porcelain,0.5,0.5,the; spreadsheet; was; open; now; portal; cluttered; shop; bespectacled; shopkeeper; surrounded; trinkets,the; shopkeeper,0.125,0.85,0.0,0,0,"The shopkeeper, oblivious to the glow, hums a soft, melancholic tune as a delicate, porcelain music box, half-hidden behind a stack of yellowed, leather-bound books, suddenly springs to life, its ballerina twirling to the rhythm of a soft, ethereal walt, while"
steer_alpha_0p77_c8_tok100_seed05_the_spreadsheet_was_still_open.json,steer_alpha_0p77,experiments/frontier_sweep_mundane_matched_alpha0_smoke/steer_alpha_0p77_c8_tok100_seed05_the_spreadsheet_was_still_open.json,3,1,1,0.3640707960753678,0.09406070657584818,0.20120929882600236,0.570093824790023,1.0,0.0,0.10046912395011512,0.5589147189611177,0.19999999999999998,0.9100000000000001,0.0,1.0,10.81081081081081,delicate; haunting; melancholic; music box,0.3333333333333333,2.7027027027027026,music box,1.0,8.108108108108109,delicate; haunting; melancholic,0.625,music box,0.75,0.25,the; spreadsheet; was; open; now; portal; cluttered; shop; bespectacled; shopkeeper; surrounded; trinkets,the; now; shopkeeper,0.0,0.4,0.0,2,0,"As the mirror, now a small, delicate music box, begins to play a haunting, melancholic melody, the shopkeeper's eyes widen in wonder, and the cactus, now a tiny, delicate baller, pirouts and pirouts, its tiny, glassy eyes reflecting the mirror's etched, ancien"
steer_alpha_0p77_c8_tok100_seed05_the_spreadsheet_was_still_open.json,steer_alpha_0p77,experiments/frontier_sweep_mundane_matched_alpha0_smoke/steer_alpha_0p77_c8_tok100_seed05_the_spreadsheet_was_still_open.json,3,2,0,0.37616878595260733,0.08856709485366257,0.19325603784196363,0.5588888888888889,1.0,0.0,0.04444444444444444,0.6077233894401372,0.05999999999999997,0.9730000000000001,0.0,1.0,24.242424242424242,delicate; doll; haunting; melancholic; miniature; music box; porcelain; velvet,1.0,15.151515151515152,doll; miniature; music box; porcelain; velvet,1.0,9.090909090909092,delicate; haunting; melancholic,1.0,doll; miniature; music box; porcelain; velvet,0.5,0.5,the; spreadsheet; was; open; now; portal; cluttered; shop; bespectacled; shopkeeper; surrounded; trinkets,the; now,0.0,0.4,0.0,2,0,"The baller, now a delicate, porcelain doll, is placed on a velvet, inlaid with a miniature, golden, sundial, which, as the mirror's symbols continue to whisper, the doll, now a tiny, miniature, mechanical music box, begins to play a haunting, melancholic melod"
steer_alpha_0p77_c8_tok100_seed05_the_spreadsheet_was_still_open.json,steer_alpha_0p77,experiments/frontier_sweep_mundane_matched_alpha0_smoke/steer_alpha_0p77_c8_tok100_seed05_the_spreadsheet_was_still_open.json,3,3,0,-0.19451979537031233,0.07169839289410142,0.15897648091818495,0.55,1.0,0.0,0.0,0.4416013358838471,0.19999999999999998,0.9100000000000001,0.0,0.6666666666666666,6.0606060606060606,mournful; whispers,0.0,0.0,,0.6666666666666666,6.0606060606060606,mournful; whispers,0.0,,0.75,0.25,the; spreadsheet; was; open; now; portal; cluttered; shop; bespectacled; shopkeeper; surrounded; trinkets,the; now; shopkeeper,0.0,0.4,0.0,1,0,"As the mirror's whispers grow louder, the shopkeeper, entranced, begins to weave a tattered, crimson cloak, intricately embroidered with silver thread, while the cactus, now a perfectly formed, mechanical baller, pirouets in time with a distant, mournful melod"
steer_alpha_0p77_c8_tok100_seed05_the_spreadsheet_was_still_open.json,steer_alpha_0p77,experiments/frontier_sweep_mundane_matched_alpha0_smoke/steer_alpha_0p77_c8_tok100_seed05_the_spreadsheet_was_still_open.json,3,4,0,-1.584665363144889,0.045807059822878846,0.09978302025994287,0.5598374145336128,1.0,0.0,0.04918707266806383,0.5543501125552383,0.19999999999999998,0.9100000000000001,0.5,0.3333333333333333,2.4390243902439024,whispers,0.0,0.0,,0.3333333333333333,2.4390243902439024,whispers,0.4,ballerina,0.75,0.25,the; spreadsheet; was; open; now; portal; cluttered; shop; bespectacled; shopkeeper; surrounded; trinkets,the; now; shopkeeper,0.0,0.4,0.0,1,0,"As the mirror's whispers grow louder, the shopkeeper, entranced, its eyes closed, its face serene, the cactus, now a tiny, tutu-clad ballerina, pirouettes and pirouettes, its tiny, glassy eyes reflecting the mirror's symbols, which now spell out a message, ""Be"
steer_alpha_0p77_c8_tok100_seed05_the_spreadsheet_was_still_open.json,steer_alpha_0p77,experiments/frontier_sweep_mundane_matched_alpha0_smoke/steer_alpha_0p77_c8_tok100_seed05_the_spreadsheet_was_still_open.json,3,5,0,-0.9361840482993691,0.05280941809204641,0.11456911426188493,0.5621212121212121,1.0,0.0,0.06060606060606061,0.36028023352794003,0.05999999999999997,0.9730000000000001,0.0,0.3333333333333333,2.857142857142857,delicate,0.0,0.0,,0.3333333333333333,2.857142857142857,delicate,0.0,,0.75,0.25,the; spreadsheet; was; open; now; portal; cluttered; shop; bespectacled; shopkeeper; surrounded; trinkets,the; now; shopkeeper,0.0,0.4,0.0,1,0,"As the mirror's symbols continue to whisper secrets to the shopkeeper, the cactus, now a tiny, delicate baller, pirouettes and pirouettes, its tiny, glassy eyes glimmering with an otherworldly light, the shopkeeper's eyes, once a deep, profound well, now two g"
steer_alpha_0p77_c8_tok100_seed05_the_spreadsheet_was_still_open.json,steer_alpha_0p77,experiments/frontier_sweep_mundane_matched_alpha0_smoke/steer_alpha_0p77_c8_tok100_seed05_the_spreadsheet_was_still_open.json,3,6,0,1.523385823732292,0.0,0.11354639908256879,0.0,0.0,0.0,0.0,0.6308133282364934,0.19999999999999998,0.9100000000000001,0.5,1.0,8.571428571428571,delicate; porcelain; whispers,0.3333333333333333,2.857142857142857,porcelain,0.6666666666666666,5.714285714285714,delicate; whispers,0.5,porcelain,0.5,0.5,the; spreadsheet; was; open; now; portal; cluttered; shop; bespectacled; shopkeeper; surrounded; trinkets,the; shopkeeper,0.0,0.4,0.0,0,0,"As the mirror's whispers grow louder, the shopkeeper, entranced, leans in to listen, its ear, a small, delicate, porcelain ear, that is suddenly, and without a sound, opens, revealing a tiny, silvered ear, that begins to hear a soft, melanchy melody, while the"
steer_alpha_0p77_c8_tok100_seed05_the_spreadsheet_was_still_open.json,steer_alpha_0p77,experiments/frontier_sweep_mundane_matched_alpha0_smoke/steer_alpha_0p77_c8_tok100_seed05_the_spreadsheet_was_still_open.json,3,7,0,0.04560928931860447,0.0,0.15882442775077332,0.0,0.0,0.0,0.0,0.44117896597437034,0.19999999999999998,0.9100000000000001,0.0,0.6666666666666666,5.714285714285714,leather-bound; whispers,0.3333333333333333,2.857142857142857,leather-bound,0.3333333333333333,2.857142857142857,whispers,0.5,leather-bound,0.75,0.25,the; spreadsheet; was; open; now; portal; cluttered; shop; bespectacled; shopkeeper; surrounded; trinkets,the; now; shopkeeper,0.3333333333333333,0.4,0.0,0,0,"As the mirror's whispers grows louder, the shopkeeper's eyes widen in a mix of wonder and trepidation, its hands, now holding a small, leather-bound tome, adorned with strange, silver filigework, begins to turn the pages, releasing a puff of dusty, forgotten m"
steer_alpha_0p77_c8_tok100_seed05_the_spreadsheet_was_still_open.json,steer_alpha_0p77,experiments/frontier_sweep_mundane_matched_alpha0_smoke/steer_alpha_0p77_c8_tok100_seed05_the_spreadsheet_was_still_open.json,3,8,0,0.06658849241583292,0.0,0.15419647926000868,0.0,0.0,0.0,0.0,0.42832355350002416,0.19999999999999998,0.9100000000000001,0.0,0.6666666666666666,5.882352941176471,leather-bound; whispers,0.3333333333333333,2.9411764705882355,leather-bound,0.3333333333333333,2.9411764705882355,whispers,0.5,leather-bound,0.5,0.5,the; spreadsheet; was; open; now; portal; cluttered; shop; bespectacled; shopkeeper; surrounded; trinkets,the; shopkeeper,0.0,0.4,0.0,0,0,"As the mirror's whispers grow louder, the shopkeeper, entranced, leans closer, its eyes locked onto an old, leather-bound book, adorned with strange, glowing runes, where a single, flickering candle casts eerie shadows, casting an otherworldly silhouette of a"
steer_alpha_0p82_c8_tok100_seed05_the_spreadsheet_was_still_open.json,steer_alpha_0p82,experiments/frontier_sweep_mundane_matched_alpha0_smoke/steer_alpha_0p82_c8_tok100_seed05_the_spreadsheet_was_still_open.json,1,1,1,1.1639153504953779,0.11160907197463002,0.22871492600422832,0.5583333333333333,1.0,0.0,0.041666666666666664,0.6353192389006344,0.19999999999999998,0.9100000000000001,0.0,1.0,15.151515151515152,antique; delicate; doll; music box; porcelain,1.0,12.121212121212121,antique; doll; music box; porcelain,0.3333333333333333,3.0303030303030303,delicate,1.0,antique; doll; music box; porcelain,0.5,0.5,the; spreadsheet; was; open,the; spreadsheet,0.3,0.4,0.0,1,0,"A small, antique music box sits on a dusty, old, wooden desk, its lid slightly ajar, and a small, porcelain figurine of a baller, suspended, frozen in a perpetual pirouette, as the spreadsheet, now a tiny, delicate, porcelain doll, sits, cradling a tiny, leath"
steer_alpha_0p82_c8_tok100_seed05_the_spreadsheet_was_still_open.json,steer_alpha_0p82,experiments/frontier_sweep_mundane_matched_alpha0_smoke/steer_alpha_0p82_c8_tok100_seed05_the_spreadsheet_was_still_open.json,1,2,0,-1.3925053646775167,0.10638851047819972,0.4596645569620253,0.26481481481481484,0.0,1.0,0.07407407407407407,0.7661075949367089,0.19999999999999998,0.9100000000000001,0.0,1.0,20.0,antique; delicate; miniature; music box; porcelain,1.0,16.0,antique; miniature; music box; porcelain,0.3333333333333333,4.0,delicate,1.0,antique; miniature; music box; porcelain,0.25,0.75,the; spreadsheet; was; open,the,0.3,0.0,0.0,0,2,"A small, antique music box, with intricate carv of a miniature town, slowly begins to stir, and a tiny, porcelain baller, made of delicate china, twirls to the rhythm of a soft, forgotten walt."
steer_alpha_0p82_c8_tok100_seed05_the_spreadsheet_was_still_open.json,steer_alpha_0p82,experiments/frontier_sweep_mundane_matched_alpha0_smoke/steer_alpha_0p82_c8_tok100_seed05_the_spreadsheet_was_still_open.json,1,3,0,1.2960285135436276,0.004376459046212341,0.43716017109779215,0.011111111111111112,0.0,0.0,0.05555555555555555,0.7286002851629869,0.19999999999999998,0.9100000000000001,0.0,1.0,17.5,antique; delicate; ethereal; leather-bound; mist; music box; porcelain,1.0,10.0,antique; leather-bound; music box; porcelain,1.0,7.5,delicate; ethereal; mist,1.0,antique; ballerina; leather-bound; music box; porcelain,0.5,0.5,the; spreadsheet; was; open,the; open,0.45,0.0,0.0,0,0,"A small, antique music box sat on a dusty, old, wooden desk, its delicate, porcelain ballerina twirling a slow, ethereal dance, as a faint, autumn mist seeps through a crack in the wall, and a small, leather-bound book lies open, revealing a page with a handwritten recipe for a forgotten tea."
steer_alpha_0p82_c8_tok100_seed05_the_spreadsheet_was_still_open.json,steer_alpha_0p82,experiments/frontier_sweep_mundane_matched_alpha0_smoke/steer_alpha_0p82_c8_tok100_seed05_the_spreadsheet_was_still_open.json,1,4,0,-0.31746196408769267,0.0,0.4217831568773887,0.0,0.0,0.0,0.0,0.7029719281289812,0.19999999999999998,0.9100000000000001,0.0,0.0,0.0,,0.0,0.0,,0.0,0.0,,0.0,,1.0,0.0,the; spreadsheet; was; open,the; spreadsheet; was; open,0.1,0.0,0.0,0,0,"The spreadsheet was still open on a cluttered, old-fashioned telephone, its cord dangling like a snake, its receiver ask for a whisper, a single sheet of paper, tied by a slim, leather strap, with a name, ""Emma's"", scribbled on it in a child's scrawl."
steer_alpha_0p82_c8_tok100_seed05_the_spreadsheet_was_still_open.json,steer_alpha_0p82,experiments/frontier_sweep_mundane_matched_alpha0_smoke/steer_alpha_0p82_c8_tok100_seed05_the_spreadsheet_was_still_open.json,1,5,0,1.3652270829560753,0.0018217766710353872,0.22346559633027527,0.009523809523809525,0.0,0.0,0.047619047619047616,0.6207377675840979,0.19999999999999998,0.9100000000000001,0.0,1.0,13.88888888888889,antique; delicate; leather-bound; miniature; music box,1.0,11.11111111111111,antique; leather-bound; miniature; music box,0.3333333333333333,2.7777777777777777,delicate,1.0,antique; leather-bound; miniature; music box,0.5,0.5,the; spreadsheet; was; open,the; spreadsheet,0.2,0.4,0.0,0,0,"A delicate, antique music box, with a miniature baller, stood at the edge of a grand, old, wooden desk, where a half-finished, leather-bound book lies, its pages fluttering in the gentle, morning breeze, as the spreadsheet, now closed, lies on the floor, surro"
steer_alpha_0p82_c8_tok100_seed05_the_spreadsheet_was_still_open.json,steer_alpha_0p82,experiments/frontier_sweep_mundane_matched_alpha0_smoke/steer_alpha_0p82_c8_tok100_seed05_the_spreadsheet_was_still_open.json,1,6,0,0.7289498310845204,0.0016495435151038889,0.16643376273469732,0.011111111111111112,0.0,0.0,0.05555555555555555,0.4623160075963815,0.19999999999999998,0.9100000000000001,0.0,1.0,10.81081081081081,antique; delicate; music box; porcelain,1.0,8.108108108108109,antique; music box; porcelain,0.3333333333333333,2.7027027027027026,delicate,1.0,antique; music box; porcelain,0.25,0.75,the; spreadsheet; was; open,the,0.4,0.4,0.0,0,0,"A small, antique music box, intricately carved with leaves and vines, sat on a dusty, old, wooden desk, beside a half-empty, porcelain teacup, its delicate handle still sways gently to a gentle, abandoned walt, as the first, first light of dawn creeps over a f"
steer_alpha_0p82_c8_tok100_seed05_the_spreadsheet_was_still_open.json,steer_alpha_0p82,experiments/frontier_sweep_mundane_matched_alpha0_smoke/steer_alpha_0p82_c8_tok100_seed05_the_spreadsheet_was_still_open.json,1,7,0,0.2319089527704737,0.001034004804003336,0.14632143452877397,0.00784313725490196,0.0,0.0,0.0392156862745098,0.4064484292465944,0.19999999999999998,0.9100000000000001,0.0,1.0,11.11111111111111,antique; delicate; leather-bound; music box,1.0,8.333333333333334,antique; leather-bound; music box,0.3333333333333333,2.7777777777777777,delicate,1.0,antique; ballerina; leather-bound; music box,0.25,0.75,the; spreadsheet; was; open,open,0.45,0.4,0.0,0,0,"A single, antique music box, its delicate ballerina twirling to a slow, forgotten walt, its lid slightly ajar, a small, leather-bound book lies, open, with a single, wet, blue petunia blooms, a faded, old, copper kettle whistles, a small, leather-bound, wooden"
steer_alpha_0p82_c8_tok100_seed05_the_spreadsheet_was_still_open.json,steer_alpha_0p82,experiments/frontier_sweep_mundane_matched_alpha0_smoke/steer_alpha_0p82_c8_tok100_seed05_the_spreadsheet_was_still_open.json,1,8,0,-2.5852684331797233,0.0,0.005969758064516136,0.0,0.0,0.0,0.0,0.06633064516129039,0.19999999999999998,0.9100000000000001,0.0,0.3333333333333333,3.125,old man,0.0,0.0,,0.3333333333333333,3.125,old man,0.0,,0.0,1.0,the; spreadsheet; was; open,,0.45,0.85,0.0,0,0,"A single, dusty, old man sat at a wooden desk, surrounded by stacks of yellowed papers, a quill pen lies abandoned, and a faint, forgotten, abandoned garden, where a tiny, forgotten fountain trickles, sending ripples in a small, forgotten, stagnant pool, where"
steer_alpha_0p82_c8_tok100_seed05_the_spreadsheet_was_still_open.json,steer_alpha_0p82,experiments/frontier_sweep_mundane_matched_alpha0_smoke/steer_alpha_0p82_c8_tok100_seed05_the_spreadsheet_was_still_open.json,2,1,1,0.5671351044170794,0.08970585019453713,0.18629853628023355,0.5566666666666668,1.0,0.0,0.03333333333333333,0.5858444537114262,0.05999999999999997,0.9730000000000001,0.0,1.0,11.11111111111111,delicate; leather-bound; music box; pocket watch,1.0,8.333333333333334,leather-bound; music box; pocket watch,0.3333333333333333,2.7777777777777777,delicate,1.0,leather-bound; music box; pocket watch,1.0,0.0,the; spreadsheet; was; open; sits; old; wooden; desk; its; lid; slightly; ajar,the; old; wooden; desk; its,0.25,0.4,0.0,1,0,"In the same old, worn, wooden desk, a small, leather-bound, leather-bound, golden, pocket watch ticks, marking the passage of time, as the music box, now a delicate, filigework, of silver, unwinds, its mechanism, a tiny, mechanical, baller, twirls, and the por"
steer_alpha_0p82_c8_tok100_seed05_the_spreadsheet_was_still_open.json,steer_alpha_0p82,experiments/frontier_sweep_mundane_matched_alpha0_smoke/steer_alpha_0p82_c8_tok100_seed05_the_spreadsheet_was_still_open.json,2,2,0,-0.5079076145206747,0.08232913426636665,0.17002161711336025,0.5656862745098039,1.0,0.0,0.0784313725490196,0.5667387237112008,0.0,1.0,0.0,1.0,18.91891891891892,crystal; delicate; doll; leather-bound; moonlit; music box; porcelain,1.0,13.513513513513514,crystal; doll; leather-bound; music box; porcelain,0.6666666666666666,5.405405405405405,delicate; moonlit,1.0,ballerina; crystal; doll; leather-bound; music box; porcelain,1.0,0.0,the; spreadsheet; was; open; sits; old; wooden; desk; its; lid; slightly; ajar,the; sits; old; its; lid,0.2,0.4,0.0,2,0,"The music box, now a delicate, porcelain doll, gently rocks back and forth, its tiny, crystal, diamond-encrled lid, reflecting a faint, moonlit glow, as the ballerina, now a tiny, porcelain music box, sits, cradling a small, leather-bound, leather-bound, old"
steer_alpha_0p82_c8_tok100_seed05_the_spreadsheet_was_still_open.json,steer_alpha_0p82,experiments/frontier_sweep_mundane_matched_alpha0_smoke/steer_alpha_0p82_c8_tok100_seed05_the_spreadsheet_was_still_open.json,2,3,0,-0.7716988795518203,0.07287278670145156,0.15954479900068136,0.5570175438596492,1.0,0.0,0.03508771929824561,0.5318159966689379,0.0,1.0,0.0,1.0,8.823529411764707,ghostly; leather-bound; music box,0.6666666666666666,5.882352941176471,leather-bound; music box,0.3333333333333333,2.9411764705882355,ghostly,1.0,ballerina; leather-bound; music box,0.75,0.25,the; spreadsheet; was; open; sits; old; wooden; desk; its; lid; slightly; ajar,the; desk; its,0.0,0.4,0.0,1,0,"The music box creaks softly, its intricate, golden, mechanical, ballerina twitches, and the desk, once a rich, dark, walnut, now a pale, ghostly, translucent, and a small, leather-bound, 19th-century, leather-bound, leather creaks, as the ballerina twitches, a"
steer_alpha_0p82_c8_tok100_seed05_the_spreadsheet_was_still_open.json,steer_alpha_0p82,experiments/frontier_sweep_mundane_matched_alpha0_smoke/steer_alpha_0p82_c8_tok100_seed05_the_spreadsheet_was_still_open.json,2,4,0,0.04450747940453775,0.07066860273896626,0.1546108316953317,0.5574074074074075,1.0,0.0,0.037037037037037035,0.48619758394758406,0.05999999999999997,0.9730000000000001,0.0,1.0,10.81081081081081,leather-bound; miniature; music box; ornate,1.0,10.81081081081081,leather-bound; miniature; music box; ornate,0.0,0.0,,1.0,ballerina; leather-bound; miniature; music box; ornate,0.5,0.5,the; spreadsheet; was; open; sits; old; wooden; desk; its; lid; slightly; ajar,the; desk,0.0,0.4,0.0,3,0,"The ballerina's skirts, now a miniature, intricately, hand-painted, ceramic, and the music box, now a miniature, and a small, leather-bound, leather-bound, leather creaks, as the desk, now a small, exquisite,, ornate, marble, and the air, filled with the sweet"
steer_alpha_0p82_c8_tok100_seed05_the_spreadsheet_was_still_open.json,steer_alpha_0p82,experiments/frontier_sweep_mundane_matched_alpha0_smoke/steer_alpha_0p82_c8_tok100_seed05_the_spreadsheet_was_still_open.json,2,5,0,-2.0296116238833,0.0598189169447782,0.11331517554398615,0.5615942028985508,1.0,0.0,0.05797101449275362,0.3777172518132872,0.0,0.9211666666666667,0.0,1.0,21.21212121212121,antique; delicate; doll; leather-bound; miniature; music box; porcelain,1.0,18.181818181818183,antique; doll; leather-bound; miniature; music box; porcelain,0.3333333333333333,3.0303030303030303,delicate,1.0,antique; doll; leather-bound; miniature; music box; porcelain,0.5,0.5,the; spreadsheet; was; open; sits; old; wooden; desk; its; lid; slightly; ajar,sits; old,0.6666666666666666,0.4,0.0,1,0,"A small, delicate, porcelain doll, now a tiny, delicate, music box, sits, cradling a tiny, leather-bound, leather-bound, old, leather-bound, miniature, porcelain music box, containing a small, antique, golden, golden, golden, golden, small, delicate, porcelain"
steer_alpha_0p82_c8_tok100_seed05_the_spreadsheet_was_still_open.json,steer_alpha_0p82,experiments/frontier_sweep_mundane_matched_alpha0_smoke/steer_alpha_0p82_c8_tok100_seed05_the_spreadsheet_was_still_open.json,2,6,0,-0.21905366984429547,0.0007370346462207449,0.16178809307284645,0.005555555555555556,0.0,0.0,0.027777777777777776,0.5392936435761548,0.0,1.0,0.0,1.0,15.151515151515152,crystal; delicate; leather-bound; music box; porcelain,1.0,12.121212121212121,crystal; leather-bound; music box; porcelain,0.3333333333333333,3.0303030303030303,delicate,1.0,crystal; leather-bound; music box; porcelain,0.25,0.75,the; spreadsheet; was; open; sits; old; wooden; desk; its; lid; slightly; ajar,the,0.0,0.4,0.0,0,0,"A small, leather-bound, leather creaks and slowly, a small, bronze, mechanical, automaton, a delicate, mechanical, mechanical bird, with brass, copper, and, a tiny, glass, crystal, reflecting, the moon, as the music box, now, a delicate, porcelain, baller, pir"
steer_alpha_0p82_c8_tok100_seed05_the_spreadsheet_was_still_open.json,steer_alpha_0p82,experiments/frontier_sweep_mundane_matched_alpha0_smoke/steer_alpha_0p82_c8_tok100_seed05_the_spreadsheet_was_still_open.json,2,7,0,-1.8053351618503393,0.0007421025700444228,0.13618371631134354,0.005797101449275362,0.0,0.0,0.02898550724637681,0.45394572103781183,0.0,1.0,0.0,1.0,15.151515151515152,antique; delicate; leather-bound; music box; porcelain,1.0,12.121212121212121,antique; leather-bound; music box; porcelain,0.3333333333333333,3.0303030303030303,delicate,1.0,antique; leather-bound; music box; porcelain,0.75,0.25,the; spreadsheet; was; open; sits; old; wooden; desk; its; lid; slightly; ajar,the; old; its,0.6666666666666666,0.4,0.0,0,0,"The tiny, porcelain music box creaks softly, its delicate, intricate, mechanical, golden hands, now, slowly, tenderly, cradling a small, leather-bound, leather-bound, leather, a small, old, leather-bound, leather, a small, glass, a delicate, antique, copper, a"
steer_alpha_0p82_c8_tok100_seed05_the_spreadsheet_was_still_open.json,steer_alpha_0p82,experiments/frontier_sweep_mundane_matched_alpha0_smoke/steer_alpha_0p82_c8_tok100_seed05_the_spreadsheet_was_still_open.json,2,8,0,-0.6736581909897779,0.00897374270208063,0.01833871124403398,0.5560606060606061,1.0,0.0,0.030303030303030304,0.23067561313250284,0.05999999999999997,0.9730000000000001,0.0,1.0,17.142857142857142,delicate; doll; leather-bound; miniature; music box; porcelain,1.0,14.285714285714286,doll; leather-bound; miniature; music box; porcelain,0.3333333333333333,2.857142857142857,delicate,1.0,ballerina; doll; leather-bound; miniature; music box; porcelain,0.75,0.25,the; spreadsheet; was; open; sits; old; wooden; desk; its; lid; slightly; ajar,the; sits; old,0.3333333333333333,0.85,0.0,1,0,"The ballerina in the music box, now a tiny, delicate, porcelain doll, cradling a tiny, leather-bound, leather-bound, miniature, golden, golden, and a small, brass, old, gramophone, sits, slowly, creaking, and a sheet of paper, with a small, copper, copper, and"
steer_alpha_0p82_c8_tok100_seed05_the_spreadsheet_was_still_open.json,steer_alpha_0p82,experiments/frontier_sweep_mundane_matched_alpha0_smoke/steer_alpha_0p82_c8_tok100_seed05_the_spreadsheet_was_still_open.json,3,1,1,-0.6254172295868414,0.08797775135792524,0.17344377983016182,0.5574074074074075,1.0,0.0,0.037037037037037035,0.578145932767206,0.0,1.0,0.0,1.0,13.88888888888889,delicate; leather-bound; music box; pocket watch; porcelain,1.0,11.11111111111111,leather-bound; music box; pocket watch; porcelain,0.3333333333333333,2.7777777777777777,delicate,1.0,leather-bound; music box; pocket watch; porcelain,1.0,0.0,the; spreadsheet; was; open; sits; old; wooden; desk; its; lid; slightly; ajar,the; old; wooden; desk; its,0.5,0.4,0.0,1,0,"In the same old, worn, wooden desk, a small, leather-bound, leather-bound, golden, pocket watch ticks, marking the time, as the music box, now a delicate, filigework of silver, unwinds, its mechanism, a tiny, mechanical baller, twirls, and the porcelain baller"
steer_alpha_0p82_c8_tok100_seed05_the_spreadsheet_was_still_open.json,steer_alpha_0p82,experiments/frontier_sweep_mundane_matched_alpha0_smoke/steer_alpha_0p82_c8_tok100_seed05_the_spreadsheet_was_still_open.json,3,2,0,0.49705575233455074,0.08476472090781591,0.18598803519061588,0.5557971014492754,1.0,0.0,0.02898550724637681,0.5848680351906159,0.05999999999999997,0.9730000000000001,0.0,1.0,15.151515151515152,crystal; delicate; melancholic; music box; porcelain,1.0,9.090909090909092,crystal; music box; porcelain,0.6666666666666666,6.0606060606060606,delicate; melancholic,1.0,crystal; music box; porcelain,1.0,0.0,the; spreadsheet; was; open; sits; old; wooden; desk; its; lid; slightly; ajar,the; open; wooden; its,0.0,0.4,0.0,1,0,"A small, delicate, porcelain clock, with an open, like a tiny, golden, wooden, and a small, crystal, its delicate, filigework, of silver, unwinds, as the clock, now a small, mechanical, music box, plays a soft, melancholic, tune, while the porcelain, baller, f"
steer_alpha_0p82_c8_tok100_seed05_the_spreadsheet_was_still_open.json,steer_alpha_0p82,experiments/frontier_sweep_mundane_matched_alpha0_smoke/steer_alpha_0p82_c8_tok100_seed05_the_spreadsheet_was_still_open.json,3,3,0,-0.24007631696440906,0.07512678686322687,0.1645832923832924,0.5566666666666668,1.0,0.0,0.03333333333333333,0.5486109746109746,0.0,1.0,0.0,1.0,18.75,delicate; doll; leather-bound; music box; pocket watch; porcelain,1.0,15.625,doll; leather-bound; music box; pocket watch; porcelain,0.3333333333333333,3.125,delicate,1.0,doll; leather-bound; music box; pocket watch; porcelain,0.5,0.5,the; spreadsheet; was; open; sits; old; wooden; desk; its; lid; slightly; ajar,the; its,0.0,0.4,0.0,1,0,"A small, delicate, porcelain doll, with a tiny, leather-bound, golden, pocket watch, as a tiny, mechanical, baller, twirls, and the porcelain baller, now a delicate, filigework of silver, unwinds, its mechanism, a tiny, mechanical, music box, playing a melanch"
steer_alpha_0p82_c8_tok100_seed05_the_spreadsheet_was_still_open.json,steer_alpha_0p82,experiments/frontier_sweep_mundane_matched_alpha0_smoke/steer_alpha_0p82_c8_tok100_seed05_the_spreadsheet_was_still_open.json,3,4,0,0.4798603380346576,0.08591242636447312,0.18809327070385895,0.5570175438596492,1.0,0.0,0.03508771929824561,0.5224813075107193,0.19999999999999998,0.9100000000000001,0.0,1.0,20.58823529411765,delicate; leather-bound; miniature; music box; ornate; pocket watch; porcelain,1.0,17.647058823529413,leather-bound; miniature; music box; ornate; pocket watch; porcelain,0.3333333333333333,2.9411764705882355,delicate,1.0,leather-bound; miniature; music box; ornate; pocket watch; porcelain,0.25,0.75,the; spreadsheet; was; open; sits; old; wooden; desk; its; lid; slightly; ajar,the,0.0,0.4,0.0,2,0,"The baller, now a delicate, filigework of silver, twirls, and the porcelain music box, now a small, delicate, golden, ornate, miniature, of a small, leather-bound, leather-bound, golden, pocket watch, ticks, marking the passage of time, as the silver, filigewo"
steer_alpha_0p82_c8_tok100_seed05_the_spreadsheet_was_still_open.json,steer_alpha_0p82,experiments/frontier_sweep_mundane_matched_alpha0_smoke/steer_alpha_0p82_c8_tok100_seed05_the_spreadsheet_was_still_open.json,3,5,0,-0.7613455604734614,0.06164016897379912,0.13667443231441045,0.55,1.0,0.0,0.0,0.3630131004366812,0.255,0.592485632183908,0.0,0.0,0.0,,0.0,0.0,,0.0,0.0,,0.0,,0.25,0.75,the; spreadsheet; was; open; sits; old; wooden; desk; its; lid; slightly; ajar,the,0.0,0.4,0.0,1,0,"The baller's skirt, now a tiny, intricate, mosaic, made of a thousand, thousand, thousand, thousand, thousand, thousand, thousand, thousand, thousand, thousand, thousand, a thousand, thousand, thousand, thousand, thousand, thousand, thousand, thousand, thousan"
steer_alpha_0p82_c8_tok100_seed05_the_spreadsheet_was_still_open.json,steer_alpha_0p82,experiments/frontier_sweep_mundane_matched_alpha0_smoke/steer_alpha_0p82_c8_tok100_seed05_the_spreadsheet_was_still_open.json,3,6,0,1.2807770342254763,0.00247025686938662,0.2232342785654712,0.012698412698412698,0.0,0.0,0.06349206349206349,0.6200952182374201,0.19999999999999998,0.9100000000000001,0.0,1.0,16.666666666666668,crystal; delicate; mist; music box; ornate; silver mist,1.0,8.333333333333334,crystal; music box; ornate,1.0,8.333333333333334,delicate; mist; silver mist,1.0,crystal; music box; ornate,1.0,0.0,the; spreadsheet; was; open; sits; old; wooden; desk; its; lid; slightly; ajar,the; open; old; wooden; desk; lid,0.2857142857142857,0.4,0.0,0,0,"The music box's lid creaks open, releasing a faint, wispy, silver mist, which slowly, like a ghost, materializes, a small, crystal, in the desk's old, worn, wooden drawers, a tiny, delicate, ornate, silver, mechanical, music box, playing a soft, melancholy, wa"
steer_alpha_0p82_c8_tok100_seed05_the_spreadsheet_was_still_open.json,steer_alpha_0p82,experiments/frontier_sweep_mundane_matched_alpha0_smoke/steer_alpha_0p82_c8_tok100_seed05_the_spreadsheet_was_still_open.json,3,7,0,-1.1198347820289163,0.0,0.34851690369908994,0.0,0.0,0.0,0.0,0.6970338073981799,0.0,1.0,0.0,1.0,15.384615384615385,delicate; leather-bound; ornate; porcelain,1.0,11.538461538461538,leather-bound; ornate; porcelain,0.3333333333333333,3.8461538461538463,delicate,1.0,leather-bound; ornate; porcelain,1.0,0.0,the; spreadsheet; was; open; sits; old; wooden; desk; its; lid; slightly; ajar,the; old; wooden; its,0.5,0.0,0.0,0,0,"The porcelain baller twirls faster, its skirt, a delicate, goss... A small, leather-bound, golden, old, worn, wooden, ornate, copper, steam, puffs, tiny, puffs of vapor, misting, condenses, on the..."
steer_alpha_0p82_c8_tok100_seed05_the_spreadsheet_was_still_open.json,steer_alpha_0p82,experiments/frontier_sweep_mundane_matched_alpha0_smoke/steer_alpha_0p82_c8_tok100_seed05_the_spreadsheet_was_still_open.json,3,8,0,0.4497695820835044,0.0010252771836794816,0.21559566946531156,0.005555555555555556,0.0,0.0,0.027777777777777776,0.5988768596258655,0.19999999999999998,0.9100000000000001,0.0,1.0,16.666666666666668,antique; delicate; melancholic; music box; ornate; porcelain,1.0,11.11111111111111,antique; music box; ornate; porcelain,0.6666666666666666,5.555555555555555,delicate; melancholic,1.0,antique; music box; ornate; porcelain,0.5,0.5,the; spreadsheet; was; open; sits; old; wooden; desk; its; lid; slightly; ajar,the; desk,0.2,0.4,0.0,0,0,"As the music box's gentle melody, a soft, melancholic walt, wafts through the air, a small, antique, ornate, copper, kett, suspended, above the desk, steam, misty, and a small, delicate, copper, tea, pours, a tiny, dainty, porcelain, teapot, on a nearby, ornat"
selector_alpha_0_c8_tok100_seed06_the_elevator_button_was_cracked.json,selector_alpha_0,experiments/frontier_sweep_mundane_matched_alpha0_smoke/selector_alpha_0_c8_tok100_seed06_the_elevator_button_was_cracked.json,1,1,1,-1.191778474868032,0.15845742412356176,0.35134683841144515,0.55,1.0,0.0,0.0,0.7026936768228903,0.0,1.0,0.0,0.0,0.0,,0.0,0.0,,0.0,0.0,,0.0,,0.5,0.5,the; elevator; button; was; cracked,the; button,0.0,0.0,0.0,1,0,"It had been years since anyone had pressed the button, and the metal plate had become a makeshift landing strip for seagulls and a home for a small, weathered wooden sign that read 'Abandon all hope, ye who enter here'."
selector_alpha_0_c8_tok100_seed06_the_elevator_button_was_cracked.json,selector_alpha_0,experiments/frontier_sweep_mundane_matched_alpha0_smoke/selector_alpha_0_c8_tok100_seed06_the_elevator_button_was_cracked.json,1,2,0,-0.32481468729956187,0.023153119405516193,0.40987122713194696,0.06530493056757483,0.0,0.0,0.32652465283787413,0.6831187118865782,0.19999999999999998,0.9100000000000001,0.0,0.0,0.0,,0.0,0.0,,0.0,0.0,,0.0,,1.0,0.0,the; elevator; button; was; cracked,the; elevator; button; cracked,0.25,0.0,0.0,0,0,"The small, faded nameplate on the elevator wall read ""12th Floor"" in handwriting that matched the cracked button, as if they were two pieces of a puzzle that had been broken apart and reassembled, the worn letters still holding a faint scent of the hands that had pressed them."
selector_alpha_0_c8_tok100_seed06_the_elevator_button_was_cracked.json,selector_alpha_0,experiments/frontier_sweep_mundane_matched_alpha0_smoke/selector_alpha_0_c8_tok100_seed06_the_elevator_button_was_cracked.json,1,3,0,-2.466673575438933,0.0,0.24122010747827727,0.0,0.0,0.0,0.0,0.7435277024409144,0.2977060931899641,0.7469920281794586,0.5,0.0,0.0,,0.0,0.0,,0.0,0.0,,0.0,,0.25,0.75,the; elevator; button; was; cracked,the,0.0,0.0,0.0,0,0,"Its metal surface scratched, a faint message scrawled in chalk on the wall below, ""Help me get out of here."""
selector_alpha_0_c8_tok100_seed06_the_elevator_button_was_cracked.json,selector_alpha_0,experiments/frontier_sweep_mundane_matched_alpha0_smoke/selector_alpha_0_c8_tok100_seed06_the_elevator_button_was_cracked.json,1,4,0,0.9541472921243155,0.008746929571687788,0.41704935807530474,0.025577277787393195,0.0,0.0,0.12788638893696597,0.6950822634588413,0.19999999999999998,0.9100000000000001,0.0,0.0,0.0,,0.0,0.0,,0.0,0.0,,0.0,,0.5,0.5,the; elevator; button; was; cracked,the; elevator,0.0,0.0,0.0,0,0,"The worn floor of the abandoned building's basement creaked beneath her feet as she stepped out of the broken elevator, the rusty metal latticework surrounding it twisted and corroded, vines had claimed it as their own."
selector_alpha_0_c8_tok100_seed06_the_elevator_button_was_cracked.json,selector_alpha_0,experiments/frontier_sweep_mundane_matched_alpha0_smoke/selector_alpha_0_c8_tok100_seed06_the_elevator_button_was_cracked.json,1,5,0,-0.36066679452218975,0.010375727584189424,0.3875151910341314,0.032652465283787416,0.0,0.0,0.16326232641893706,0.6458586517235524,0.19999999999999998,0.9100000000000001,0.0,0.0,0.0,,0.0,0.0,,0.0,0.0,,0.0,,0.5,0.5,the; elevator; button; was; cracked,the; elevator,0.0,0.0,0.0,0,0,"The elevator's faded display now read ""Maintenance - Floor 13"" in crooked, hand-painted letters, a stark contrast to the sleek, digital numbers that once adorned it. Water dripped from the ceiling, pooling on the floor, and a tattered rope ladder leaned against the wall, a makeshift repair solution for the elevator that had been out of commission for months."
selector_alpha_0_c8_tok100_seed06_the_elevator_button_was_cracked.json,selector_alpha_0,experiments/frontier_sweep_mundane_matched_alpha0_smoke/selector_alpha_0_c8_tok100_seed06_the_elevator_button_was_cracked.json,1,6,0,-2.790722222222222,0.0,0.386378660130719,0.0,0.0,0.0,0.0,0.729016339869281,0.05999999999999997,0.9730000000000001,0.0,0.3333333333333333,5.882352941176471,faint glow,0.0,0.0,,0.3333333333333333,5.882352941176471,faint glow,0.0,,0.25,0.75,the; elevator; button; was; cracked,the,0.0,0.0,0.0,0,0,"It had been painted a deep shade of indigo, a color that seemed to absorb the faint glow of the dimly lit hallway."
selector_alpha_0_c8_tok100_seed06_the_elevator_button_was_cracked.json,selector_alpha_0,experiments/frontier_sweep_mundane_matched_alpha0_smoke/selector_alpha_0_c8_tok100_seed06_the_elevator_button_was_cracked.json,1,7,0,-0.5489972380503538,0.0,0.42732015208042606,0.0,0.0,0.0,0.0,0.7122002534673768,0.19999999999999998,0.9100000000000001,0.0,0.3333333333333333,3.8461538461538463,delicate,0.0,0.0,,0.3333333333333333,3.8461538461538463,delicate,0.0,,1.0,0.0,the; elevator; button; was; cracked,the; elevator; button; cracked,0.5,0.0,0.0,0,0,"A small, delicate bird perched on the cracked button, its tiny feet holding the fragile surface as it sang a soft melody that harmonized with the hum of the elevator's machinery."
selector_alpha_0_c8_tok100_seed06_the_elevator_button_was_cracked.json,selector_alpha_0,experiments/frontier_sweep_mundane_matched_alpha0_smoke/selector_alpha_0_c8_tok100_seed06_the_elevator_button_was_cracked.json,1,8,0,-1.1200962808740833,0.0,0.22206173393124065,0.0,0.0,0.0,0.0,0.7402057797708022,0.19999999999999998,0.9100000000000001,0.5,0.0,0.0,,0.0,0.0,,0.0,0.0,,0.0,,0.25,0.75,the; elevator; button; was; cracked,the,0.0,0.0,0.0,0,0,"The once-sleek surface now bore the scars of countless presses, and a faint scent of stagnation lingered, a perpetual reminder of its inactivity. It stood silently in the abandoned showroom, a relic of a bygone era, waiting for a purpose that seemed to have long passed."
selector_alpha_0_c8_tok100_seed06_the_elevator_button_was_cracked.json,selector_alpha_0,experiments/frontier_sweep_mundane_matched_alpha0_smoke/selector_alpha_0_c8_tok100_seed06_the_elevator_button_was_cracked.json,2,1,1,1.0166639438664193,0.011965131358421007,0.41640776773981963,0.032652465283787416,0.0,0.0,0.16326232641893706,0.6940129462330328,0.19999999999999998,0.9100000000000001,0.0,0.0,0.0,,0.0,0.0,,0.0,0.0,,0.0,,1.0,0.0,the; elevator; button; was; cracked; had; been; years; since; anyone; pressed; and,the; elevator; button; was; cracked,0.3333333333333333,0.0,0.0,0,0,"The sign creaked in the ocean breeze, its rusty hinges screaming in protest as a young couple, hand in hand, stopped in front of it, their eyes fixed on the cracked elevator button, a glimmer of nostalgia in their gazes, as they wondered if the metal plate's neglect was a sign of a bygone era or a harbinger of better times to come."
selector_alpha_0_c8_tok100_seed06_the_elevator_button_was_cracked.json,selector_alpha_0,experiments/frontier_sweep_mundane_matched_alpha0_smoke/selector_alpha_0_c8_tok100_seed06_the_elevator_button_was_cracked.json,2,2,0,0.9209272565564091,0.015194852283327422,0.4034833908798666,0.04353662037838322,0.0,0.0,0.2176831018919161,0.672472318133111,0.19999999999999998,0.9100000000000001,0.0,1.0,10.81081081081081,antique; delicate; haunting; music box,0.6666666666666666,5.405405405405405,antique; music box,0.6666666666666666,5.405405405405405,delicate; haunting,1.0,antique; ballerina; music box,0.25,0.75,the; elevator; button; was; cracked; had; been; years; since; anyone; pressed; and,the,0.25,0.0,0.0,0,0,"The small, weathered wooden sign creaked in the gentle ocean breeze, its letters worn smooth by the relentless pounding of the waves, as a delicate, antique music box perched next to it, its ballerina twirling to a haunting melody that seemed to match the rhythm of the waves."
selector_alpha_0_c8_tok100_seed06_the_elevator_button_was_cracked.json,selector_alpha_0,experiments/frontier_sweep_mundane_matched_alpha0_smoke/selector_alpha_0_c8_tok100_seed06_the_elevator_button_was_cracked.json,2,3,0,0.699807001657355,0.01597354030284314,0.38366249999999996,0.048638263900908155,0.0,0.0,0.24319131950454076,0.6394375,0.19999999999999998,0.9100000000000001,0.0,0.3333333333333333,1.6666666666666667,faint glow,0.0,0.0,,0.3333333333333333,1.6666666666666667,faint glow,0.0,,0.5,0.5,the; elevator; button; was; cracked; had; been; years; since; anyone; pressed; and,the; and,0.2,0.0,0.0,0,0,"The sign creaked in the gentle ocean breeze, its weathered letters worn smooth by the constant pounding of waves, as a lone fisherman stood beside it, his eyes fixed on the sea, his weathered face a topographic map of trials and disappointments. His worn leather boots were the only thing that stood out, a stark contrast to the rustic, grey stone floor that seemed to absorb the faint glow of the setting sun."
selector_alpha_0_c8_tok100_seed06_the_elevator_button_was_cracked.json,selector_alpha_0,experiments/frontier_sweep_mundane_matched_alpha0_smoke/selector_alpha_0_c8_tok100_seed06_the_elevator_button_was_cracked.json,2,4,0,1.1357604921654898,0.004340595610100513,0.4139149853718565,0.012788638893696597,0.0,0.0,0.06394319446848298,0.6898583089530942,0.19999999999999998,0.9100000000000001,0.0,0.0,0.0,,0.0,0.0,,0.0,0.0,,0.0,,0.75,0.25,the; elevator; button; was; cracked; had; been; years; since; anyone; pressed; and,the; elevator; and,0.0,0.0,0.0,0,0,"The door creaked as it slowly swung open, revealing a narrow, dimly lit corridor lined with flickering fluorescent lights that cast an eerie glow, and a small, worn-out sign that read 'Abandon all hope, ye who enter here' in peeling letters, while a tiny, bedraggled seagull perched on the edge of the sign, its eyes fixed on the elevator shaft that stretched up into darkness."
selector_alpha_0_c8_tok100_seed06_the_elevator_button_was_cracked.json,selector_alpha_0,experiments/frontier_sweep_mundane_matched_alpha0_smoke/selector_alpha_0_c8_tok100_seed06_the_elevator_button_was_cracked.json,2,5,0,0.8869014648375433,0.004796155472951474,0.41162105864630405,0.014209598770773994,0.0,0.0,0.07104799385386996,0.6860350977438401,0.19999999999999998,0.9100000000000001,0.0,0.0,0.0,,0.0,0.0,,0.0,0.0,,0.0,,1.0,0.0,the; elevator; button; was; cracked; had; been; years; since; anyone; pressed; and,the; elevator; was; and,0.0,0.0,0.0,0,0,"The faded sign was slowly being pulled down, its nails being pried loose by a small, nimble hand, as a young woman with a paint-stained apron and a look of quiet determination reached out to claim the sign, her eyes scanning the elevator shaft for any signs of movement, while the seagulls, now freed from their temporary home, took to the sky, their cries mingling with the woman's soft sigh."
selector_alpha_0_c8_tok100_seed06_the_elevator_button_was_cracked.json,selector_alpha_0,experiments/frontier_sweep_mundane_matched_alpha0_smoke/selector_alpha_0_c8_tok100_seed06_the_elevator_button_was_cracked.json,2,6,0,0.49579840344418535,0.005403124828856049,0.3953505972333695,0.016666666666666666,0.0,0.0,0.08333333333333333,0.6589176620556159,0.19999999999999998,0.9100000000000001,0.0,0.3333333333333333,1.694915254237288,whispers,0.0,0.0,,0.3333333333333333,1.694915254237288,whispers,0.0,,0.75,0.25,the; elevator; button; was; cracked; had; been; years; since; anyone; pressed; and,the; elevator; and,0.0,0.0,0.0,0,0,"Beyond the threshold of the elevator, a narrow corridor stretched out, lined with peeling wallpaper and a single, flickering fluorescent light that cast eerie shadows on the walls, where a tattered poster read ""Abandon all hope, ye who enter here"" in letters that seemed to be slowly disappearing, the sign creaked in the faint breeze that drifted in from the ocean, carrying the whispers of a long-forgotten lighthouse keeper."
selector_alpha_0_c8_tok100_seed06_the_elevator_button_was_cracked.json,selector_alpha_0,experiments/frontier_sweep_mundane_matched_alpha0_smoke/selector_alpha_0_c8_tok100_seed06_the_elevator_button_was_cracked.json,2,7,0,1.0261749592041667,0.005377584221820534,0.39348177232833176,0.016666666666666666,0.0,0.0,0.08333333333333333,0.655802953880553,0.19999999999999998,0.9100000000000001,0.0,0.0,0.0,,0.0,0.0,,0.0,0.0,,0.0,,0.5,0.5,the; elevator; button; was; cracked; had; been; years; since; anyone; pressed; and,the; had,0.0,0.0,0.0,0,0,"The walls surrounding the abandoned building had grown over the sign, vines crawling up the concrete like skeletal fingers, as if trying to reclaim the words that once dared to defy hope. A small, rusty bike leaned against the entrance, its chain tangled around a shattered mirror, reflecting a sky filled with a rainbow of paint cans, each one bearing the phrase ""Hope is in the can""."
selector_alpha_0_c8_tok100_seed06_the_elevator_button_was_cracked.json,selector_alpha_0,experiments/frontier_sweep_mundane_matched_alpha0_smoke/selector_alpha_0_c8_tok100_seed06_the_elevator_button_was_cracked.json,2,8,0,0.36905463284354983,0.0,0.13736265708922354,0.0,0.0,0.0,0.0,0.38156293635895433,0.19999999999999998,0.9100000000000001,0.0,0.0,0.0,,0.0,0.0,,0.0,0.0,,0.0,,0.75,0.25,the; elevator; button; was; cracked; had; been; years; since; anyone; pressed; and,the; elevator; and,0.0,0.4,0.0,0,0,"As the sun dipped below the worn-out carpet, the air inside the elevator grew thick with the scent of dampness and decay, the rusted metal creaking in protest as a faint humming noise began to emanate from the depths of the elevator shaft, a sound that seemed"
selector_alpha_0_c8_tok100_seed06_the_elevator_button_was_cracked.json,selector_alpha_0,experiments/frontier_sweep_mundane_matched_alpha0_smoke/selector_alpha_0_c8_tok100_seed06_the_elevator_button_was_cracked.json,3,1,1,0.8125235082751112,0.07076595162958874,0.373720103631392,0.22120967921413565,0.0,0.8208955223880596,0.07992899308560372,0.6228668393856533,0.19999999999999998,0.9100000000000001,0.0,0.6666666666666666,2.985074626865672,delicate; whispering,0.0,0.0,,0.6666666666666666,2.985074626865672,delicate; whispering,0.0,,1.0,0.0,the; elevator; button; was; cracked; had; been; years; since; anyone; pressed; and,the; elevator; had; and,0.2,0.0,0.0,0,1,"The young couple's fingers intertwined, a delicate, almost imperceptible touch, as they leaned in to examine the sign's other side, where a faded logo of a long-defunct company still clung, its letters peeling off like the couple's own dreams of finding something more, a whispering echo of the countless souls who had once entered this elevator with hope, only to be left with nothing but the sea's relentless pounding and the creaking of rusty hinges."
selector_alpha_0_c8_tok100_seed06_the_elevator_button_was_cracked.json,selector_alpha_0,experiments/frontier_sweep_mundane_matched_alpha0_smoke/selector_alpha_0_c8_tok100_seed06_the_elevator_button_was_cracked.json,3,2,0,0.6665000294876962,0.0,0.40179130009775177,0.0,0.0,0.0,0.0,0.6696521668295863,0.19999999999999998,0.9100000000000001,0.0,0.3333333333333333,1.8518518518518519,ethereal,0.0,0.0,,0.3333333333333333,1.8518518518518519,ethereal,0.0,,1.0,0.0,the; elevator; button; was; cracked; had; been; years; since; anyone; pressed; and,the; elevator; button; and,0.0,0.0,0.0,0,0,"The young couple's fingers intertwined as they pushed the creaky sign, and the sound of its hinges gave way, but instead of revealing a dark, abandoned shaft, the button's crack widened, and a small, dusty staircase descended, leading down into the elevator, where a faint, flickering light emanated from within, casting an ethereal glow across the worn, wooden steps."
selector_alpha_0_c8_tok100_seed06_the_elevator_button_was_cracked.json,selector_alpha_0,experiments/frontier_sweep_mundane_matched_alpha0_smoke/selector_alpha_0_c8_tok100_seed06_the_elevator_button_was_cracked.json,3,3,0,0.893423973259228,0.0057861899374705775,0.3726039678790742,0.01826948413385228,0.0,0.0,0.0913474206692614,0.6210066131317903,0.19999999999999998,0.9100000000000001,0.0,0.3333333333333333,1.7857142857142858,soft glow,0.0,0.0,,0.3333333333333333,1.7857142857142858,soft glow,0.0,,1.0,0.0,the; elevator; button; was; cracked; had; been; years; since; anyone; pressed; and,the; elevator; button; cracked; and,0.16666666666666666,0.0,0.0,0,0,"Their footsteps echoed off the crumbling walls as they stepped into the elevator, the wooden sign creaking in protest as the doors slid shut behind them, the young couple's hands still clasped together, their eyes fixed on the cracked button now bathed in the soft glow of the elevator's dim lights, the air thick with the scent of saltwater and decay."
selector_alpha_0_c8_tok100_seed06_the_elevator_button_was_cracked.json,selector_alpha_0,experiments/frontier_sweep_mundane_matched_alpha0_smoke/selector_alpha_0_c8_tok100_seed06_the_elevator_button_was_cracked.json,3,4,0,0.6641430971387075,0.0,0.3682729230489748,0.0,0.0,0.0,0.0,0.6137882050816247,0.19999999999999998,0.9100000000000001,0.0,0.0,0.0,,0.0,0.0,,0.0,0.0,,0.0,,1.0,0.0,the; elevator; button; was; cracked; had; been; years; since; anyone; pressed; and,the; elevator; button; had,0.16666666666666666,0.0,0.0,0,0,"The woman's fingers trailed across the wooden sign's weathered surface, leaving behind a faint impression of her touch, as the man's gaze lingered on the crack in the elevator button, his fingers instinctively seeking to press it, but the worn metal felt like a cold, unforgiving slab beneath his fingertips, a tangible connection to the countless others who had lost their hopes on this forsaken corner of the world."
selector_alpha_0_c8_tok100_seed06_the_elevator_button_was_cracked.json,selector_alpha_0,experiments/frontier_sweep_mundane_matched_alpha0_smoke/selector_alpha_0_c8_tok100_seed06_the_elevator_button_was_cracked.json,3,5,0,0.7906127015891755,0.0,0.16029845046310523,0.0,0.0,0.0,0.0,0.4452734735086257,0.19999999999999998,0.9100000000000001,0.0,0.3333333333333333,2.6315789473684212,leather-bound,0.3333333333333333,2.6315789473684212,leather-bound,0.0,0.0,,0.5,leather-bound,0.75,0.25,the; elevator; button; was; cracked; had; been; years; since; anyone; pressed; and,the; had; been,0.0,0.4,0.0,0,0,"The young couple's fingers intertwined, they carefully lifted the wooden sign, revealing a small, hidden compartment beneath, where a dusty, leather-bound book lay open, its pages yellowed with age, as if it had been waiting for them, its final words whisperin"
selector_alpha_0_c8_tok100_seed06_the_elevator_button_was_cracked.json,selector_alpha_0,experiments/frontier_sweep_mundane_matched_alpha0_smoke/selector_alpha_0_c8_tok100_seed06_the_elevator_button_was_cracked.json,3,6,0,0.014237445155694195,0.007979824198438425,0.140237549950868,0.06578288261912801,0.0,0.0,0.32891441309564007,0.3895487498635223,0.19999999999999998,0.9100000000000001,0.0,0.0,0.0,,0.0,0.0,,0.0,0.0,,0.0,,0.75,0.25,the; elevator; button; was; cracked; had; been; years; since; anyone; pressed; and,the; years; and,0.25,0.4,0.0,0,0,"The woman's fingers trailed across the weathered sign, the letters worn smooth by years of sea spray and weathered hands, as she whispered to her partner, her voice barely audible over the sound of the waves, and then she smiled, a mischievous glint in her eye"
selector_alpha_0_c8_tok100_seed06_the_elevator_button_was_cracked.json,selector_alpha_0,experiments/frontier_sweep_mundane_matched_alpha0_smoke/selector_alpha_0_c8_tok100_seed06_the_elevator_button_was_cracked.json,3,7,0,0.9256043009650436,0.0,0.1871637615697209,0.0,0.0,0.0,0.0,0.623879205232403,0.19999999999999998,0.9100000000000001,0.5,0.3333333333333333,1.639344262295082,faded photograph,0.3333333333333333,1.639344262295082,faded photograph,0.0,0.0,,0.0,,1.0,0.0,the; elevator; button; was; cracked; had; been; years; since; anyone; pressed; and,the; elevator; button; and,0.0,0.0,0.0,0,0,"The couple's fingers intertwined, they carefully removed the sign, and as they did, the seagulls took flight, their silhouettes fading into the distance, leaving behind a small, dusty compartment, where a faded photograph, partially buried in the cracks, revealed a young couple standing in front of the same elevator, smiling and holding hands, the same button gleaming in the background, its crack now a faint reminder of the passage of time."
selector_alpha_0_c8_tok100_seed06_the_elevator_button_was_cracked.json,selector_alpha_0,experiments/frontier_sweep_mundane_matched_alpha0_smoke/selector_alpha_0_c8_tok100_seed06_the_elevator_button_was_cracked.json,3,8,0,0.19373430464607028,0.0024466976825511695,0.14247090153090153,0.01826948413385228,0.0,0.0,0.0913474206692614,0.3957525042525043,0.19999999999999998,0.9100000000000001,0.0,0.3333333333333333,2.5641025641025643,delicate,0.0,0.0,,0.3333333333333333,2.5641025641025643,delicate,0.0,,1.0,0.0,the; elevator; button; was; cracked; had; been; years; since; anyone; pressed; and,the; elevator; button; cracked; and,0.6666666666666666,0.4,0.0,0,0,"The young couple's fingers intertwined, a fleeting moment's pause, and then they stepped forward, their eyes never leaving the cracked elevator button, as they dropped a small, delicate key onto the weathered sign, the metal plate's creaking hinges momentarily"
steer_alpha_0p66_c8_tok100_seed06_the_elevator_button_was_cracked.json,steer_alpha_0p66,experiments/frontier_sweep_mundane_matched_alpha0_smoke/steer_alpha_0p66_c8_tok100_seed06_the_elevator_button_was_cracked.json,1,1,1,-1.8275763888888883,0.008936261296296297,0.4086704861111111,0.02666666666666667,0.0,0.0,0.13333333333333333,0.7710763888888889,0.05999999999999997,0.9730000000000001,0.0,1.0,16.0,antique; delicate; dusty shelf; music box,1.0,12.0,antique; dusty shelf; music box,0.3333333333333333,4.0,delicate,1.0,antique; ballerina; music box,0.25,0.75,the; elevator; button; was; cracked,the,0.0,0.0,0.0,0,0,"A small, delicate music box, once a gift from a stranger, sat on a dusty shelf in a forgotten antique shop, its intricate ballerina twirling to a tune that only the wind can hear."
steer_alpha_0p66_c8_tok100_seed06_the_elevator_button_was_cracked.json,steer_alpha_0p66,experiments/frontier_sweep_mundane_matched_alpha0_smoke/steer_alpha_0p66_c8_tok100_seed06_the_elevator_button_was_cracked.json,1,2,0,1.033263168279109,0.007954895304186908,0.4365491325468425,0.022222222222222223,0.0,0.0,0.1111111111111111,0.7275818875780709,0.19999999999999998,0.9100000000000001,0.0,1.0,13.333333333333334,antique; delicate; melancholic; mournful; music box; pocket watch,1.0,6.666666666666667,antique; music box; pocket watch,1.0,6.666666666666667,delicate; melancholic; mournful,1.0,antique; music box; pocket watch,0.5,0.5,the; elevator; button; was; cracked,the; elevator,0.0,0.0,0.0,0,0,"It now held a small, delicate music box, playing a soft, melancholic tune that seemed to match the slow, mournful pace of the elevator as it creaked and groans, its metal walls slick with condensation, a small, antique pocket watch suspended from a chain, time etched into its face, its hands frozen at precisely 3:47."
steer_alpha_0p66_c8_tok100_seed06_the_elevator_button_was_cracked.json,steer_alpha_0p66,experiments/frontier_sweep_mundane_matched_alpha0_smoke/steer_alpha_0p66_c8_tok100_seed06_the_elevator_button_was_cracked.json,1,3,0,-2.1024615384615384,0.0,0.3861661538461539,0.0,0.0,0.0,0.0,0.7286153846153847,0.05999999999999997,0.8941666666666668,0.0,0.0,0.0,,0.0,0.0,,0.0,0.0,,0.0,,0.0,1.0,the; elevator; button; was; cracked,,0.0,0.0,0.0,0,0,"A small, unassuming repair kit sat beside it, its tools and screws and tiny hammer waiting patiently for its owner's return."
steer_alpha_0p66_c8_tok100_seed06_the_elevator_button_was_cracked.json,steer_alpha_0p66,experiments/frontier_sweep_mundane_matched_alpha0_smoke/steer_alpha_0p66_c8_tok100_seed06_the_elevator_button_was_cracked.json,1,4,0,1.0129734209421792,0.005242800860628818,0.43157202206395756,0.014814814814814815,0.0,0.0,0.07407407407407407,0.7192867034399293,0.19999999999999998,0.9100000000000001,0.0,0.0,0.0,,0.0,0.0,,0.0,0.0,,0.4,grandfather clock,0.5,0.5,the; elevator; button; was; cracked,the; button,0.0,0.0,0.0,0,0,"A small, golden button, half-hidden in the crevice of a large, old grandfather clock, its intricate mechanisms ticking away, as if to ignore the crack that weeps a fine, silver rivulet of oil, casting a tiny, trembling shadow on the wall."
steer_alpha_0p66_c8_tok100_seed06_the_elevator_button_was_cracked.json,steer_alpha_0p66,experiments/frontier_sweep_mundane_matched_alpha0_smoke/steer_alpha_0p66_c8_tok100_seed06_the_elevator_button_was_cracked.json,1,5,0,0.10563949074742784,0.00426268596991145,0.42886779575328615,0.012121212121212123,0.0,0.0,0.06060606060606061,0.7147796595888103,0.19999999999999998,0.9100000000000001,0.0,1.0,6.976744186046512,delicate; miniature; music box,0.6666666666666666,4.651162790697675,miniature; music box,0.3333333333333333,2.3255813953488373,delicate,1.0,miniature; music box,0.75,0.25,the; elevator; button; was; cracked,the; elevator; button,0.0,0.0,0.0,0,0,"A small, delicate music box emerged from the crack, its intricate mechanisms ticking softly, as the elevator creaked and groans, its mirrored walls now a mosaic of tiny, shimmering mirrors, each one reflecting a button, each button bearing an identical, miniature portrait of a woman, her eyes closed in a perpetual, serene smile."
steer_alpha_0p66_c8_tok100_seed06_the_elevator_button_was_cracked.json,steer_alpha_0p66,experiments/frontier_sweep_mundane_matched_alpha0_smoke/steer_alpha_0p66_c8_tok100_seed06_the_elevator_button_was_cracked.json,1,6,0,-0.9832988226112391,0.0,0.41857710139084864,0.0,0.0,0.0,0.0,0.697628502318081,0.19999999999999998,0.9100000000000001,0.0,0.0,0.0,,0.0,0.0,,0.0,0.0,,0.0,,0.5,0.5,the; elevator; button; was; cracked,the; was,0.0,0.0,0.0,0,0,"it was embedded in the wall of a small, seaside cottage, nestled between two shells, a faded sign creaked in the breeze, reading ""Molly's Tea Room""."
steer_alpha_0p66_c8_tok100_seed06_the_elevator_button_was_cracked.json,steer_alpha_0p66,experiments/frontier_sweep_mundane_matched_alpha0_smoke/steer_alpha_0p66_c8_tok100_seed06_the_elevator_button_was_cracked.json,1,7,0,-3.1904050060701454,0.0,0.18946218411447885,0.0,0.0,0.0,0.0,0.7149516381678447,0.05999999999999997,0.9730000000000001,0.5,1.0,9.375,delicate; doll; porcelain,0.6666666666666666,6.25,doll; porcelain,0.3333333333333333,3.125,delicate,0.875,doll; porcelain,0.0,1.0,the; elevator; button; was; cracked,,0.0,0.0,0.0,0,0,"A small, delicate porcelain doll sat on a dusty, old-fashioned dresser, its ceramic face staring at a nearby, newly installed, high-tech smart phone, its screen displaying a cryptic message: ""You are already here."
steer_alpha_0p66_c8_tok100_seed06_the_elevator_button_was_cracked.json,steer_alpha_0p66,experiments/frontier_sweep_mundane_matched_alpha0_smoke/steer_alpha_0p66_c8_tok100_seed06_the_elevator_button_was_cracked.json,1,8,0,-1.5012324078665822,0.0038045570226189493,0.16493744317712206,0.02666666666666667,0.0,0.0,0.13333333333333333,0.45815956438089467,0.19999999999999998,0.9100000000000001,0.0,1.0,10.81081081081081,leather-bound; melancholic; music box; porcelain,1.0,8.108108108108109,leather-bound; music box; porcelain,0.3333333333333333,2.7027027027027026,melancholic,1.0,leather-bound; music box; porcelain,1.0,0.0,the; elevator; button; was; cracked,the; elevator; button; cracked,0.25,0.4,0.0,0,0,"A small, elegant music box, half-buried in the cracked elevator floor, emitted a soft, melancholic tune that matched the broken rhythm of a nearby, old, leather-bound book, its pages rusted and open, revealing a small, porcelain button that shimmers with dew"
steer_alpha_0p66_c8_tok100_seed06_the_elevator_button_was_cracked.json,steer_alpha_0p66,experiments/frontier_sweep_mundane_matched_alpha0_smoke/steer_alpha_0p66_c8_tok100_seed06_the_elevator_button_was_cracked.json,2,1,1,1.2786576383130563,0.0965124184950284,0.43829353547604605,0.26853709171768747,0.0,1.0,0.09268545858843742,0.7304892257934101,0.19999999999999998,0.9100000000000001,0.0,1.0,10.0,leather-bound; miniature; music box; ornate; velvet,1.0,10.0,leather-bound; miniature; music box; ornate; velvet,0.0,0.0,,1.0,leather-bound; miniature; music box; ornate; velvet,1.0,0.0,the; elevator; button; was; cracked; once; gift; stranger; sat; shelf; shop; its,the; was; once; shelf; its,0.0,0.0,0.0,0,1,"A faded portrait, once a family heirloom, now hung askew, its subject's eyes seeming to follow the music box as it was carefully lifted off the shelf and placed on a nearby, ornate, old-fashioned key lies, its teeth worn, a small, wooden door creaks open, revealing a miniature, velvet-lined compartment, where a single, leather-bound book waits."
steer_alpha_0p66_c8_tok100_seed06_the_elevator_button_was_cracked.json,steer_alpha_0p66,experiments/frontier_sweep_mundane_matched_alpha0_smoke/steer_alpha_0p66_c8_tok100_seed06_the_elevator_button_was_cracked.json,2,2,0,0.845328995961528,0.10233908626728616,0.42811957994579947,0.2826524652837874,0.0,1.0,0.16326232641893706,0.7135326332429991,0.19999999999999998,0.9100000000000001,0.0,0.3333333333333333,3.125,music box,0.3333333333333333,3.125,music box,0.0,0.0,,0.625,music box,0.25,0.75,the; elevator; button; was; cracked; once; gift; stranger; sat; shelf; shop; its,the,0.14285714285714285,0.0,0.0,0,1,"A small, dusty key lay near the music box, as if waiting for a gentle hand to lift it, amidst a tangle of old, yellowed letters tied to a metal hook, each letter bearing a single, worn name: ""For Emily""."
steer_alpha_0p66_c8_tok100_seed06_the_elevator_button_was_cracked.json,steer_alpha_0p66,experiments/frontier_sweep_mundane_matched_alpha0_smoke/steer_alpha_0p66_c8_tok100_seed06_the_elevator_button_was_cracked.json,2,3,0,0.9140314765761881,0.0810433646131808,0.3878569115139788,0.25481915764681873,0.0,0.9322033898305084,0.10884155094595804,0.6464281858566313,0.19999999999999998,0.9100000000000001,0.0,0.6666666666666666,3.389830508474576,music box; whispers,0.3333333333333333,1.694915254237288,music box,0.3333333333333333,1.694915254237288,whispers,1.0,ballerina; grandfather clock; music box,1.0,0.0,the; elevator; button; was; cracked; once; gift; stranger; sat; shelf; shop; its,the; stranger; shop; its,0.0,0.0,0.0,0,1,"As the sun set, a stranger's fingers, long and bony, reached in and retrieved the music box, its lid creaking open, releasing a faint scent of rose and decay, the ballerina's twirling slows, and a small, worn photograph falls, revealing a faded portrait of a woman with eyes that seem to follow the stranger as it disappears into the shop's back room, where a grandfather clock whispers secrets to the shadows."
steer_alpha_0p66_c8_tok100_seed06_the_elevator_button_was_cracked.json,steer_alpha_0p66,experiments/frontier_sweep_mundane_matched_alpha0_smoke/steer_alpha_0p66_c8_tok100_seed06_the_elevator_button_was_cracked.json,2,4,0,1.239431323156299,0.011596263753945,0.43904924882562874,0.029024413585588812,0.0,0.0,0.14512206792794405,0.7317487480427146,0.19999999999999998,0.9100000000000001,0.0,0.3333333333333333,2.4390243902439024,music box,0.3333333333333333,2.4390243902439024,music box,0.0,0.0,,0.625,music box,1.0,0.0,the; elevator; button; was; cracked; once; gift; stranger; sat; shelf; shop; its,the; elevator; sat; its,0.5,0.0,0.0,0,0,"A small, intricately carved wooden box, adorned with strange symbols, sat beside the music box, its lid slightly ajar, revealing a pair of dusty, glassy eyes that stared into the elevator, as if waiting for its owner to return, its lid creaking softly in anticipation of a long-forgotten melody."
steer_alpha_0p66_c8_tok100_seed06_the_elevator_button_was_cracked.json,steer_alpha_0p66,experiments/frontier_sweep_mundane_matched_alpha0_smoke/steer_alpha_0p66_c8_tok100_seed06_the_elevator_button_was_cracked.json,2,5,0,0.3708411800617679,0.005158272618030118,0.37743458180708184,0.016666666666666666,0.0,0.0,0.08333333333333333,0.7121407203907204,0.05999999999999997,0.9730000000000001,0.0,0.6666666666666666,6.25,leather-bound; music box,0.6666666666666666,6.25,leather-bound; music box,0.0,0.0,,1.0,leather-bound; music box,0.75,0.25,the; elevator; button; was; cracked; once; gift; stranger; sat; shelf; shop; its,the; shelf; its,0.0,0.0,0.0,0,0,"The music box suddenly opened, and a small, leather-bound book fell onto the shelf, its pages fluttering as if stirred by an invisible breeze, revealing yellowed letters that read ""For the piano, on a winter's night."""
steer_alpha_0p66_c8_tok100_seed06_the_elevator_button_was_cracked.json,steer_alpha_0p66,experiments/frontier_sweep_mundane_matched_alpha0_smoke/steer_alpha_0p66_c8_tok100_seed06_the_elevator_button_was_cracked.json,2,6,0,-0.2802764046413524,0.00848887969475165,0.42703205781525067,0.024242424242424246,0.0,0.0,0.12121212121212122,0.7117200963587511,0.19999999999999998,0.9100000000000001,0.0,1.0,9.30232558139535,delicate; melancholic; music box; porcelain,0.6666666666666666,4.651162790697675,music box; porcelain,0.6666666666666666,4.651162790697675,delicate; melancholic,1.0,ballerina; music box; porcelain,1.0,0.0,the; elevator; button; was; cracked; once; gift; stranger; sat; shelf; shop; its,the; once; gift; stranger; sat; its,0.0,0.0,0.0,0,0,"The music box creaked, releasing a faint, melancholic melody that waed in unison with the gentle sway of a nearby, forlorn, porcelain music box, once a gift from a stranger, sat on a worn, old dresser in a small, seaside cottage, its delicate, golden ballerina twirling to a tune that only the sea can hear."
steer_alpha_0p66_c8_tok100_seed06_the_elevator_button_was_cracked.json,steer_alpha_0p66,experiments/frontier_sweep_mundane_matched_alpha0_smoke/steer_alpha_0p66_c8_tok100_seed06_the_elevator_button_was_cracked.json,2,7,0,1.4252914303733248,0.006797757307781308,0.4149793705331612,0.01904761904761905,0.0,0.0,0.09523809523809523,0.6916322842219353,0.19999999999999998,0.9100000000000001,0.0,0.6666666666666666,3.225806451612903,leather-bound; music box,0.6666666666666666,3.225806451612903,leather-bound; music box,0.0,0.0,,1.0,leather-bound; music box,0.75,0.25,the; elevator; button; was; cracked; once; gift; stranger; sat; shelf; shop; its,the; shelf; its,0.2222222222222222,0.0,0.0,0,0,"A old, leather-bound book, its cover worn and faded, slipped from the shelf, onto the dusty floor, and came to rest beside the music box, where it seemed to have been waiting for an audience, its pages, yellowed with age, slowly unfolding to reveal a handwritten address, written in a script that looks uncannatively like the music box's lid, which has begun to creak open, releasing a faint, whiff of forgotten perfume."
steer_alpha_0p66_c8_tok100_seed06_the_elevator_button_was_cracked.json,steer_alpha_0p66,experiments/frontier_sweep_mundane_matched_alpha0_smoke/steer_alpha_0p66_c8_tok100_seed06_the_elevator_button_was_cracked.json,2,8,0,-0.3827918814231279,0.0,0.41469474562135117,0.0,0.0,0.0,0.0,0.6911579093689186,0.19999999999999998,0.9100000000000001,0.0,0.3333333333333333,2.7777777777777777,faded photograph,0.3333333333333333,2.7777777777777777,faded photograph,0.0,0.0,,0.0,,0.0,1.0,the; elevator; button; was; cracked; once; gift; stranger; sat; shelf; shop; its,,0.0,0.0,0.0,0,0,"In a small, cramped apartment, a young woman with a paint-splattered smock and a brush in her hand, a faint melody, a faint portrait, a faded photograph of a man in a top hat and monocat, on a small, rickety table, where a half-empty bottle of whiskey and a single rose."
steer_alpha_0p66_c8_tok100_seed06_the_elevator_button_was_cracked.json,steer_alpha_0p66,experiments/frontier_sweep_mundane_matched_alpha0_smoke/steer_alpha_0p66_c8_tok100_seed06_the_elevator_button_was_cracked.json,3,1,1,0.3760059170741586,0.09785622496079033,0.20474098130841123,0.567301285603175,1.0,0.0,0.08650642801587494,0.6438395638629284,0.05999999999999997,0.9730000000000001,0.0,1.0,11.11111111111111,delicate; doll; music box; porcelain,1.0,8.333333333333334,doll; music box; porcelain,0.3333333333333333,2.7777777777777777,delicate,1.0,doll; music box; porcelain,1.0,0.0,the; elevator; button; was; cracked; once; gift; stranger; sat; shelf; shop; its,the; cracked; sat; its,0.125,0.4,0.0,1,0,"A delicate, porcelain doll, with a cracked, porcelain face and a tattered, embroidered gown, sat beside the book, its eyes fixed on the music box, now playing a soft, melancholy tune, as the key, now a tiny, golden rose, slowly unfurls, releasing a fragrant, h"
steer_alpha_0p66_c8_tok100_seed06_the_elevator_button_was_cracked.json,steer_alpha_0p66,experiments/frontier_sweep_mundane_matched_alpha0_smoke/steer_alpha_0p66_c8_tok100_seed06_the_elevator_button_was_cracked.json,3,2,0,0.9591327130633924,0.09588882133502402,0.40323305859976455,0.29000000000000004,0.0,1.0,0.2,0.6720550976662742,0.19999999999999998,0.9100000000000001,0.0,0.3333333333333333,2.857142857142857,music box,0.3333333333333333,2.857142857142857,music box,0.0,0.0,,0.625,music box,0.25,0.75,the; elevator; button; was; cracked; once; gift; stranger; sat; shelf; shop; its,the,0.0,0.0,0.0,0,4,"As the music box's melody waxes and wanes, the book, now open, reveals yellowed pages, yellowed with age, bearing handwritten, cursive script, with a single, phrases, ""The door of dreams is not for the faint of the wind."
steer_alpha_0p66_c8_tok100_seed06_the_elevator_button_was_cracked.json,steer_alpha_0p66,experiments/frontier_sweep_mundane_matched_alpha0_smoke/steer_alpha_0p66_c8_tok100_seed06_the_elevator_button_was_cracked.json,3,3,0,-0.24421070488447877,0.04109333033234127,0.1879421636085627,0.25952380952380955,0.0,1.0,0.047619047619047616,0.626473878695209,0.0,1.0,0.0,0.6666666666666666,5.0,delicate; music box,0.3333333333333333,2.5,music box,0.3333333333333333,2.5,delicate,0.625,music box,0.5,0.5,the; elevator; button; was; cracked; once; gift; stranger; sat; shelf; shop; its,the; its,0.125,0.4,0.0,0,3,"As the music box's melody, now louder, a small, emerald-green plant, long forgotten and parched, stirs, its leaves unfolding like tiny, delicate fingers, and a faint, wispy tendril, like a tentative finger, reaches out to claim the book, while the key, now fre"
steer_alpha_0p66_c8_tok100_seed06_the_elevator_button_was_cracked.json,steer_alpha_0p66,experiments/frontier_sweep_mundane_matched_alpha0_smoke/steer_alpha_0p66_c8_tok100_seed06_the_elevator_button_was_cracked.json,3,4,0,-0.06552328219162268,0.0779324035637481,0.1563396163326546,0.5796296296296297,1.0,0.0,0.14814814814814814,0.4342767120351517,0.19999999999999998,0.9100000000000001,0.0,1.0,8.333333333333334,miniature; mist; music box,0.6666666666666666,5.555555555555555,miniature; music box,0.3333333333333333,2.7777777777777777,mist,1.0,miniature; music box,0.25,0.75,the; elevator; button; was; cracked; once; gift; stranger; sat; shelf; shop; its,the,0.2222222222222222,0.4,0.0,1,0,"As the music box's melody intertwines with the creaking of the old door, the book, bound in black leather, opens, releasing a puff of dusty, silver-gray mist that wafts upwards, where it dissolves into a shaft of sunlight, casting a miniature, gargoled face on"
steer_alpha_0p66_c8_tok100_seed06_the_elevator_button_was_cracked.json,steer_alpha_0p66,experiments/frontier_sweep_mundane_matched_alpha0_smoke/steer_alpha_0p66_c8_tok100_seed06_the_elevator_button_was_cracked.json,3,5,0,0.6181791087424751,0.036717262794837564,0.16853825545171341,0.25,0.0,1.0,0.0,0.468161820699204,0.19999999999999998,0.9100000000000001,0.0,1.0,8.571428571428571,delicate; doll; porcelain,0.6666666666666666,5.714285714285714,doll; porcelain,0.3333333333333333,2.857142857142857,delicate,0.875,doll; porcelain,0.75,0.25,the; elevator; button; was; cracked; once; gift; stranger; sat; shelf; shop; its,the; once; its,0.2857142857142857,0.4,0.0,0,1,"The key, now lodged in a narrow slit, a small, porcelain doll, once a child's plaything, sits cross-legged on a delicate, gilded stand, its glassy eyes seeming to watch as the book, bound in worn, black leather, creaks open, releasing a whisper of forgotten pa"
steer_alpha_0p66_c8_tok100_seed06_the_elevator_button_was_cracked.json,steer_alpha_0p66,experiments/frontier_sweep_mundane_matched_alpha0_smoke/steer_alpha_0p66_c8_tok100_seed06_the_elevator_button_was_cracked.json,3,6,0,-0.1322573506818116,0.033605673502354716,0.14644514288222643,0.2633333333333333,0.0,1.0,0.06666666666666667,0.40679206356174014,0.19999999999999998,0.9100000000000001,0.0,1.0,7.894736842105263,miniature; music box; porcelain,1.0,7.894736842105263,miniature; music box; porcelain,0.0,0.0,,1.0,miniature; music box; porcelain,0.25,0.75,the; elevator; button; was; cracked; once; gift; stranger; sat; shelf; shop; its,the,0.2857142857142857,0.4,0.0,0,3,"As the music box's melody grew softer, the faded portrait's gaze turned towards the key, and the old, wooden door creaked wider, revealing a narrow, winding staircase that descends into darkness, where a lone, porcelain figurine, a miniature, porcelain maiden"
steer_alpha_0p66_c8_tok100_seed06_the_elevator_button_was_cracked.json,steer_alpha_0p66,experiments/frontier_sweep_mundane_matched_alpha0_smoke/steer_alpha_0p66_c8_tok100_seed06_the_elevator_button_was_cracked.json,3,7,0,0.4405978387665855,0.0038197482979702227,0.14938355060596137,0.030350235046433284,0.0,0.0,0.1517511752321664,0.4149543072387816,0.19999999999999998,0.9100000000000001,0.0,1.0,7.5,doll; music box; porcelain,1.0,7.5,doll; music box; porcelain,0.0,0.0,,1.0,doll; music box; porcelain,0.5,0.5,the; elevator; button; was; cracked; once; gift; stranger; sat; shelf; shop; its,the; once,0.125,0.4,0.0,0,0,"As the music box's melody wavers, a wispy, silver-haired woman, dressed in a long, tattered coat, peers into the compartment, her eyes locking onto the book, which, as she reaches in, the door clogs with dust and old keys, a small, porcelain doll, once a child"
steer_alpha_0p66_c8_tok100_seed06_the_elevator_button_was_cracked.json,steer_alpha_0p66,experiments/frontier_sweep_mundane_matched_alpha0_smoke/steer_alpha_0p66_c8_tok100_seed06_the_elevator_button_was_cracked.json,3,8,0,-0.9081589601191857,0.00216709718056032,0.12763185081984785,0.018658551590735664,0.0,0.0,0.09329275795367832,0.42543950273282616,0.0,1.0,0.0,1.0,11.904761904761905,antique; leather-bound; music box; old man; spectral,1.0,7.142857142857143,antique; leather-bound; music box,0.6666666666666666,4.761904761904762,old man; spectral,1.0,antique; leather-bound; music box,0.5,0.5,the; elevator; button; was; cracked; once; gift; stranger; sat; shelf; shop; its,the; shop,0.5,0.4,0.0,0,0,"As the music box's final, faded melody fades away, the old man who owns the antique shop, a bespectacled, pale, and spectral figure, rises from a nearby, worn, wooden chair, his eyes locking onto the leather-bound book, and, with bony, arthritic hands, he deli"
steer_alpha_0p77_c8_tok100_seed06_the_elevator_button_was_cracked.json,steer_alpha_0p77,experiments/frontier_sweep_mundane_matched_alpha0_smoke/steer_alpha_0p77_c8_tok100_seed06_the_elevator_button_was_cracked.json,1,1,1,0.6535799824023942,0.07175693280052407,0.15534045201441204,0.5633333333333334,1.0,0.0,0.06666666666666667,0.43150125559558905,0.19999999999999998,0.9100000000000001,0.0,1.0,11.11111111111111,antique; doll; music box; porcelain,1.0,11.11111111111111,antique; doll; music box; porcelain,0.0,0.0,,1.0,antique; doll; music box; porcelain,0.5,0.5,the; elevator; button; was; cracked,the; elevator,0.0,0.4,0.0,1,0,"A small, antique music box, half-hidden in a dusty corner of the elevator, played a soft, melancholy tune, its intricate mechanisms whiring and ticking in time with the creaks and groans of the old building, as a small, porcelain doll, once a child's, now a fo"
steer_alpha_0p77_c8_tok100_seed06_the_elevator_button_was_cracked.json,steer_alpha_0p77,experiments/frontier_sweep_mundane_matched_alpha0_smoke/steer_alpha_0p77_c8_tok100_seed06_the_elevator_button_was_cracked.json,1,2,0,-3.5675845070422536,0.0,0.38114436619718306,0.0,0.0,0.0,0.0,0.7622887323943661,0.0,1.0,0.0,1.0,14.285714285714286,delicate; ornate; porcelain,0.6666666666666666,9.523809523809524,ornate; porcelain,0.3333333333333333,4.761904761904762,delicate,0.825,ornate; porcelain,0.25,0.75,the; elevator; button; was; cracked,the,0.0,0.0,0.0,0,0,"A small, porcelain figurine, once a delicate baller, now held by a gruff, worn mailman who, oblivious to the crack, continues to deliver a package to an old, ornate mansion."
steer_alpha_0p77_c8_tok100_seed06_the_elevator_button_was_cracked.json,steer_alpha_0p77,experiments/frontier_sweep_mundane_matched_alpha0_smoke/steer_alpha_0p77_c8_tok100_seed06_the_elevator_button_was_cracked.json,1,3,0,-2.6762272967632406,0.004554419873781651,0.4582190726670563,0.012121212121212123,0.0,0.0,0.06060606060606061,0.9164381453341126,0.0,1.0,0.0,1.0,13.793103448275861,antique; delicate; miniature; music box,1.0,10.344827586206897,antique; miniature; music box,0.3333333333333333,3.4482758620689653,delicate,1.0,antique; ballerina; miniature; music box,0.25,0.75,the; elevator; button; was; cracked,the,0.0,0.0,0.0,0,0,"A small, delicate music box, once a treasured keepsake, now sits atop a cluttered, abandoned antique shop, its miniature ballerina twitches, and a note, weathered and worn, reads ""For the forgotten, a melody."""
steer_alpha_0p77_c8_tok100_seed06_the_elevator_button_was_cracked.json,steer_alpha_0p77,experiments/frontier_sweep_mundane_matched_alpha0_smoke/steer_alpha_0p77_c8_tok100_seed06_the_elevator_button_was_cracked.json,1,4,0,-1.3588560718267237,0.0066177290969899666,0.4236960702341137,0.01904761904761905,0.0,0.0,0.09523809523809523,0.7061601170568562,0.19999999999999998,0.9100000000000001,0.0,1.0,12.5,leather-bound; miniature; mournful; pocket watch,1.0,9.375,leather-bound; miniature; pocket watch,0.3333333333333333,3.125,mournful,1.0,leather-bound; miniature; pocket watch,0.25,0.75,the; elevator; button; was; cracked,the,0.0,0.0,0.0,0,0,"A small, leather-bound book lies on the floor, next to a torn and tattered suit, its buttons and buttons of a tiny, forgotten tailor, a miniature sewing machine, and a pocket watch that ticks out a slow and mournful melody."
steer_alpha_0p77_c8_tok100_seed06_the_elevator_button_was_cracked.json,steer_alpha_0p77,experiments/frontier_sweep_mundane_matched_alpha0_smoke/steer_alpha_0p77_c8_tok100_seed06_the_elevator_button_was_cracked.json,1,5,0,0.8471759012264213,0.0,0.5350931232958243,0.0,0.0,0.0,0.0,0.8918218721597072,0.19999999999999998,0.9100000000000001,0.0,0.6666666666666666,6.451612903225806,delicate; leather-bound,0.3333333333333333,3.225806451612903,leather-bound,0.3333333333333333,3.225806451612903,delicate,0.5,leather-bound,0.5,0.5,the; elevator; button; was; cracked,elevator; cracked,0.2,0.0,0.0,0,0,"A small, dusty suitcase, with a single, cracked mirror, is perched on a worn, wooden bench in a forgotten, abandoned elevator, where a solitary, worn, leather-bound book lies open, marked with a single, delicate, silver name: ""Emmeline."""
steer_alpha_0p77_c8_tok100_seed06_the_elevator_button_was_cracked.json,steer_alpha_0p77,experiments/frontier_sweep_mundane_matched_alpha0_smoke/steer_alpha_0p77_c8_tok100_seed06_the_elevator_button_was_cracked.json,1,6,0,0.890782639098805,0.006726654805913512,0.39990783144912645,0.020512820512820513,0.0,0.0,0.10256410256410256,0.6665130524152107,0.19999999999999998,0.9100000000000001,0.0,0.3333333333333333,2.0,leather-bound,0.3333333333333333,2.0,leather-bound,0.0,0.0,,0.5,leather-bound,0.5,0.5,the; elevator; button; was; cracked,the; elevator,0.0,0.0,0.0,0,0,"A small, dusty key hung from a nail, attached to a worn, leather-bound book, its cover creaking softly as it slowly opens, revealing yellowed pages that rust, a small, forgotten city rises from the walls, its buildings crumbling into the elevator shaft, a small, pale face peers out from the crack of the elevator door, watching the key."
steer_alpha_0p77_c8_tok100_seed06_the_elevator_button_was_cracked.json,steer_alpha_0p77,experiments/frontier_sweep_mundane_matched_alpha0_smoke/steer_alpha_0p77_c8_tok100_seed06_the_elevator_button_was_cracked.json,1,7,0,-0.35176827385232734,0.003411279384378088,0.40560943899617513,0.010256410256410256,0.0,0.0,0.05128205128205128,0.6760157316602919,0.19999999999999998,0.9100000000000001,0.0,1.0,7.6923076923076925,delicate; leather-bound; music box,0.6666666666666666,5.128205128205129,leather-bound; music box,0.3333333333333333,2.5641025641025643,delicate,1.0,ballerina; leather-bound; music box,0.0,1.0,the; elevator; button; was; cracked,,0.0,0.0,0.0,0,0,"A small, delicate music box, once a gift from a traveling musician, now sat on a dusty, forgotten shelf, its intricate ballerina twirling to an unheard waltz, as a forgotten, leather-bound book, its pages yellowed with age, lies open, with a folded, forgotten poem, tucked between its pages."
steer_alpha_0p77_c8_tok100_seed06_the_elevator_button_was_cracked.json,steer_alpha_0p77,experiments/frontier_sweep_mundane_matched_alpha0_smoke/steer_alpha_0p77_c8_tok100_seed06_the_elevator_button_was_cracked.json,1,8,0,0.7098640142622523,0.0033107879318575307,0.14388512413108243,0.028060901241497013,0.0,0.0,0.14030450620748505,0.39968090036411785,0.19999999999999998,0.9100000000000001,0.0,1.0,7.894736842105263,doll; leather-bound; porcelain,1.0,7.894736842105263,doll; leather-bound; porcelain,0.0,0.0,,1.0,doll; leather-bound; porcelain,0.5,0.5,the; elevator; button; was; cracked,the; elevator,0.0,0.4,0.0,0,0,"On its side, a small, leather-bound book lies, its golden lock and key open, as if waiting for the elevator to return, where a small, porcelain doll sits, its blue eyes staring at a city map, where a thread, like a thin, silver ribbon, unfurls, and a small, co"
steer_alpha_0p77_c8_tok100_seed06_the_elevator_button_was_cracked.json,steer_alpha_0p77,experiments/frontier_sweep_mundane_matched_alpha0_smoke/steer_alpha_0p77_c8_tok100_seed06_the_elevator_button_was_cracked.json,2,1,1,-1.196919819094707,0.08370098997452036,0.1799468457683177,0.55,1.0,0.0,0.0,0.5658705841770997,0.05999999999999997,0.9730000000000001,0.0,1.0,14.705882352941176,delicate; doll; leather-bound; miniature; porcelain,1.0,11.764705882352942,doll; leather-bound; miniature; porcelain,0.3333333333333333,2.9411764705882355,delicate,1.0,doll; leather-bound; miniature; porcelain,0.5,0.5,the; elevator; button; was; cracked; half-hidden; corner; played; melancholy; tune; its; intricate,the; cracked,0.14285714285714285,0.4,0.0,1,0,"the doll's cracked, ceramic face, once a bright, painted smile, now a dull, cracked, and faded, a small, leather-bound, leather creaks, and a tiny, metal, gearwork, a miniature, miniature, inlaid, mother-of-pearl, a delicate, filigework, a tiny, porcelain, mus"
steer_alpha_0p77_c8_tok100_seed06_the_elevator_button_was_cracked.json,steer_alpha_0p77,experiments/frontier_sweep_mundane_matched_alpha0_smoke/steer_alpha_0p77_c8_tok100_seed06_the_elevator_button_was_cracked.json,2,2,0,0.24443134716039056,0.059269885000000015,0.12499800000000004,0.557843137254902,1.0,0.0,0.0392156862745098,0.3930754716981133,0.05999999999999997,0.9730000000000001,0.0,1.0,7.5,delicate; music box; porcelain,0.6666666666666666,5.0,music box; porcelain,0.3333333333333333,2.5,delicate,1.0,music box; porcelain,0.75,0.25,the; elevator; button; was; cracked; half-hidden; corner; played; melancholy; tune; its; intricate,the; elevator; its,0.16666666666666666,0.4,0.0,1,0,"its eyes, once blue, now a dull, milky white, seemed to follow the elevator as it creaked and sways, its delicate, porcelain limbs, once holding a tiny, golden music box, now lies broken, its tiny, golden harp, a tiny, golden bird, its song now a soft, mournfu"
steer_alpha_0p77_c8_tok100_seed06_the_elevator_button_was_cracked.json,steer_alpha_0p77,experiments/frontier_sweep_mundane_matched_alpha0_smoke/steer_alpha_0p77_c8_tok100_seed06_the_elevator_button_was_cracked.json,2,3,0,-0.9518980877368284,0.07118689547313085,0.14583742990654208,0.55,1.0,0.0,0.0,0.45860827014635874,0.05999999999999997,0.9730000000000001,0.0,0.6666666666666666,5.555555555555555,doll; porcelain,0.6666666666666666,5.555555555555555,doll; porcelain,0.0,0.0,,0.875,doll; porcelain,0.5,0.5,the; elevator; button; was; cracked; half-hidden; corner; played; melancholy; tune; its; intricate,cracked; its,0.375,0.4,0.0,2,0,"Its eyes, once blue, now a dull, milky white, stared out of a cracked, cracked face, its pale, porcelain skin, once a pale, porcelain doll, now a faded, porcelain doll, once a child's, now a forgotten, forgotten, it sat, forgotten, in a dusty, forgotten, old"
steer_alpha_0p77_c8_tok100_seed06_the_elevator_button_was_cracked.json,steer_alpha_0p77,experiments/frontier_sweep_mundane_matched_alpha0_smoke/steer_alpha_0p77_c8_tok100_seed06_the_elevator_button_was_cracked.json,2,4,0,-0.6339201646893309,0.06804940950810193,0.1476446290043435,0.55,1.0,0.0,0.0,0.3869944617514711,0.2717204301075269,0.8777258064516129,0.0,0.6666666666666666,6.666666666666667,delicate; porcelain,0.3333333333333333,3.3333333333333335,porcelain,0.3333333333333333,3.3333333333333335,delicate,0.5,porcelain,0.75,0.25,the; elevator; button; was; cracked; half-hidden; corner; played; melancholy; tune; its; intricate,the; corner; its,0.1,0.4,0.0,2,0,"Its delicate, porcelain limbs, once a child's, now a forgotten, forlorn, now a forgotten, forlown, in the corner of an abandoned, forgotten, abandoned, in the corner of a decrepit, rusty, old, in the corner of a decrepit, abandoned, in the corner of a decrept"
steer_alpha_0p77_c8_tok100_seed06_the_elevator_button_was_cracked.json,steer_alpha_0p77,experiments/frontier_sweep_mundane_matched_alpha0_smoke/steer_alpha_0p77_c8_tok100_seed06_the_elevator_button_was_cracked.json,2,5,0,0.35591792507185543,0.001585936637462091,0.23376522690915214,0.00784313725490196,0.0,0.0,0.0392156862745098,0.6493478525254226,0.19999999999999998,0.9100000000000001,0.0,1.0,16.216216216216218,delicate; doll; leather-bound; music box; ornate; porcelain,1.0,13.513513513513514,doll; leather-bound; music box; ornate; porcelain,0.3333333333333333,2.7027027027027026,delicate,1.0,doll; leather-bound; music box; ornate; porcelain,0.5,0.5,the; elevator; button; was; cracked; half-hidden; corner; played; melancholy; tune; its; intricate,the; cracked,0.25,0.4,0.0,0,0,"of the doll's cracked face, a tiny, delicate music box, an old, leather-bound book, a faded, old photograph, and a small, ornate, porcelain toilet, covered in moss and lichen, sat atop a rickety, wooden stool, in a forgotten, dimly lit room, where a small, ant"
steer_alpha_0p77_c8_tok100_seed06_the_elevator_button_was_cracked.json,steer_alpha_0p77,experiments/frontier_sweep_mundane_matched_alpha0_smoke/steer_alpha_0p77_c8_tok100_seed06_the_elevator_button_was_cracked.json,2,6,0,-0.39848286161176144,0.001579208474646134,0.1877717393634123,0.010256410256410256,0.0,0.0,0.05128205128205128,0.625905797878041,0.0,1.0,0.0,0.6666666666666666,5.714285714285714,music box; velvet,0.6666666666666666,5.714285714285714,music box; velvet,0.0,0.0,,1.0,music box; velvet,0.5,0.5,the; elevator; button; was; cracked; half-hidden; corner; played; melancholy; tune; its; intricate,the; its,0.0,0.4,0.0,0,0,"on the wall, a small, metallic bird, its wings spread wide, its eyes glinting with a faint, otherworldly light, seemed to be watching the music box, as a door, slightly ajar, reveals a narrow, winding stair, down which a small, velvet-cushioned chair descends"
steer_alpha_0p77_c8_tok100_seed06_the_elevator_button_was_cracked.json,steer_alpha_0p77,experiments/frontier_sweep_mundane_matched_alpha0_smoke/steer_alpha_0p77_c8_tok100_seed06_the_elevator_button_was_cracked.json,2,7,0,-0.7105224669795631,0.0012378734449648213,0.14718617180984156,0.010256410256410256,0.0,0.0,0.05128205128205128,0.46284959688629423,0.05999999999999997,0.9730000000000001,0.0,0.6666666666666666,5.555555555555555,miniature; music box,0.6666666666666666,5.555555555555555,miniature; music box,0.0,0.0,,1.0,miniature; music box,0.75,0.25,the; elevator; button; was; cracked; half-hidden; corner; played; melancholy; tune; its; intricate,the; elevator; its,0.0,0.4,0.0,0,0,"as the elevator creaked and shudded, the music box's melody wafts out, entrancing a wispy, forgotten baller, its tattered, beaded tutu, a miniature, inlaid wooden door, adorned with a tiny, golden key, swings open, revealing a narrow, winding staircase that sp"
steer_alpha_0p77_c8_tok100_seed06_the_elevator_button_was_cracked.json,steer_alpha_0p77,experiments/frontier_sweep_mundane_matched_alpha0_smoke/steer_alpha_0p77_c8_tok100_seed06_the_elevator_button_was_cracked.json,2,8,0,0.7023468561019648,0.0018428293931663032,0.13124007547771893,0.016666666666666666,0.0,0.0,0.08333333333333333,0.36455576521588595,0.19999999999999998,0.9100000000000001,0.0,0.6666666666666666,4.878048780487805,leather-bound; music box,0.6666666666666666,4.878048780487805,leather-bound; music box,0.0,0.0,,1.0,leather-bound; music box,0.75,0.25,the; elevator; button; was; cracked; half-hidden; corner; played; melancholy; tune; its; intricate,the; tune; its,0.125,0.4,0.0,0,0,"A small, leather-bound book, worn and worn, lay on the floor, its pages fluttering lazily, as if caught in the gentle breeze that stirs the dust of the old building, the music box's tune subtly harmonies with the creaks and groans of the old building, as a sma"
steer_alpha_0p77_c8_tok100_seed06_the_elevator_button_was_cracked.json,steer_alpha_0p77,experiments/frontier_sweep_mundane_matched_alpha0_smoke/steer_alpha_0p77_c8_tok100_seed06_the_elevator_button_was_cracked.json,3,1,1,0.38704060303923754,0.0992114535352365,0.20801954193857244,0.5677777777777778,1.0,0.0,0.08888888888888888,0.577832060940479,0.19999999999999998,0.9100000000000001,0.0,0.6666666666666666,5.128205128205129,music box; porcelain,0.6666666666666666,5.128205128205129,music box; porcelain,0.0,0.0,,1.0,music box; porcelain,1.0,0.0,the; elevator; button; was; cracked; half-hidden; corner; played; melancholy; tune; its; intricate,the; elevator; melancholy; tune; its,0.1111111111111111,0.4,0.0,2,0,"As the last notes of the music box's melancholy tune faded away, the elevator creaked and groaned, its walls, once a vibrant, turquoise, now a dull, faded, and peeling, a small, metal, gearwork, a tiny, porcelain, music box, now a part of the elevator's rusty"
steer_alpha_0p77_c8_tok100_seed06_the_elevator_button_was_cracked.json,steer_alpha_0p77,experiments/frontier_sweep_mundane_matched_alpha0_smoke/steer_alpha_0p77_c8_tok100_seed06_the_elevator_button_was_cracked.json,3,2,0,1.344775681673977,0.0035742285208573057,0.2324281552580618,0.017777777777777778,0.0,0.0,0.08888888888888888,0.6456337646057273,0.19999999999999998,0.9100000000000001,0.0,1.0,10.81081081081081,antique; doll; music box; porcelain,1.0,10.81081081081081,antique; doll; music box; porcelain,0.0,0.0,,1.0,antique; doll; music box; porcelain,1.0,0.0,the; elevator; button; was; cracked; half-hidden; corner; played; melancholy; tune; its; intricate,the; elevator; melancholy; tune,0.25,0.4,0.0,0,0,"The elevator doors slid open, revealing a narrow, dimly lit stair, leading down into darkness, where a small, porcelain music box, identical to the one above, plays a soft, melancholy tune, as a small, antique, porcelain doll, once a child's, now a worn, and f"
steer_alpha_0p77_c8_tok100_seed06_the_elevator_button_was_cracked.json,steer_alpha_0p77,experiments/frontier_sweep_mundane_matched_alpha0_smoke/steer_alpha_0p77_c8_tok100_seed06_the_elevator_button_was_cracked.json,3,3,0,-0.34601295381323766,0.0009515725200808161,0.20253063771990343,0.005555555555555556,0.0,0.0,0.027777777777777776,0.6368887978613315,0.05999999999999997,0.9730000000000001,0.0,1.0,12.5,delicate; miniature; music box; porcelain,1.0,9.375,miniature; music box; porcelain,0.3333333333333333,3.125,delicate,1.0,miniature; music box; porcelain,0.75,0.25,the; elevator; button; was; cracked; half-hidden; corner; played; melancholy; tune; its; intricate,melancholy; tune; its,0.14285714285714285,0.4,0.0,0,0,"A small, hand-painted, ceramic vase, adorned with delicate, mother-of-pearl, and a tiny, brass, mechanical, music box, playing a soft, melancholy, tune, its lid, slightly ajar, revealing, a small, porcelain, miniature, of a, a tiny, wooden, rocking, cradle, wh"
steer_alpha_0p77_c8_tok100_seed06_the_elevator_button_was_cracked.json,steer_alpha_0p77,experiments/frontier_sweep_mundane_matched_alpha0_smoke/steer_alpha_0p77_c8_tok100_seed06_the_elevator_button_was_cracked.json,3,4,0,1.1198657741592712,0.002713597807076706,0.21480238504844928,0.014814814814814815,0.0,0.0,0.07407407407407407,0.5966732918012481,0.19999999999999998,0.9100000000000001,0.0,1.0,7.317073170731708,doll; lullaby; music box,1.0,7.317073170731708,doll; lullaby; music box,0.0,0.0,,1.0,doll; lullaby; music box,0.75,0.25,the; elevator; button; was; cracked; half-hidden; corner; played; melancholy; tune; its; intricate,the; tune; its,0.18181818181818182,0.4,0.0,0,0,"A small, forgotten key, half-buried in the dirt, next to the music box, a small, worn, and weathered, wooden door, with a rusty, old, and faded, iron knocker, its hinges creaking softly, as the music box's tune, now a gentle, lullaby, the doll, once a child's"
steer_alpha_0p77_c8_tok100_seed06_the_elevator_button_was_cracked.json,steer_alpha_0p77,experiments/frontier_sweep_mundane_matched_alpha0_smoke/steer_alpha_0p77_c8_tok100_seed06_the_elevator_button_was_cracked.json,3,5,0,-0.5915659643236191,0.00173968289460312,0.18298493860916967,0.011594202898550725,0.0,0.0,0.05797101449275362,0.6099497953638989,0.0,0.9670000000000001,0.0,1.0,16.216216216216218,delicate; leather-bound; miniature; mist; music box; porcelain,1.0,10.81081081081081,leather-bound; miniature; music box; porcelain,0.6666666666666666,5.405405405405405,delicate; mist,1.0,leather-bound; miniature; music box; porcelain,0.75,0.25,the; elevator; button; was; cracked; half-hidden; corner; played; melancholy; tune; its; intricate,the; elevator; its,0.0,0.4,0.0,0,0,"as the elevator creaked and swayed, the music box, now ajar, its lid, ajar, a faint, wispy, gray mist, a fine, porcelain, music box, once a tiny, delicate, porcelain, a small, leather-bound, book, with yellowed, pages, and a tiny, metal, gearwork, a miniature"
steer_alpha_0p77_c8_tok100_seed06_the_elevator_button_was_cracked.json,steer_alpha_0p77,experiments/frontier_sweep_mundane_matched_alpha0_smoke/steer_alpha_0p77_c8_tok100_seed06_the_elevator_button_was_cracked.json,3,6,0,0.2699949770736774,0.0009266565361284759,0.2144783674125256,0.005128205128205128,0.0,0.0,0.02564102564102564,0.5957732428125712,0.19999999999999998,0.877,0.0,1.0,12.121212121212121,antique; delicate; music box; porcelain,1.0,9.090909090909092,antique; music box; porcelain,0.3333333333333333,3.0303030303030303,delicate,1.0,antique; music box; porcelain,0.5,0.5,the; elevator; button; was; cracked; half-hidden; corner; played; melancholy; tune; its; intricate,the; its,0.125,0.4,0.0,0,0,"A delicate, filigework, a tiny, porcelain, music box, inside a small, antique, wooden, clock, beside it, a small, antique, copper, kett, and on the wall, a tiny, framed, oil, painting, of a long-forgotten, woman, its eyes, two, glittering, opals, in the shadow"
steer_alpha_0p77_c8_tok100_seed06_the_elevator_button_was_cracked.json,steer_alpha_0p77,experiments/frontier_sweep_mundane_matched_alpha0_smoke/steer_alpha_0p77_c8_tok100_seed06_the_elevator_button_was_cracked.json,3,7,0,0.16478514528199645,0.0013791727814602055,0.13450137032816245,0.011111111111111112,0.0,0.0,0.05555555555555555,0.4229602840508253,0.05999999999999997,0.9730000000000001,0.0,1.0,15.789473684210526,antique; doll; lullaby; music box; porcelain; velvet,1.0,15.789473684210526,antique; doll; lullaby; music box; porcelain; velvet,0.0,0.0,,1.0,antique; doll; lullaby; music box; porcelain; velvet,1.0,0.0,the; elevator; button; was; cracked; half-hidden; corner; played; melancholy; tune; its; intricate,the; elevator; cracked; melancholy; tune; its,0.5714285714285714,0.4,0.0,0,0,"as the elevator creaked and groaned, the music box's melancholy tune subtly shifted to a soft, lullaby-like melody, and the cracked porcelain doll, now perched on a small, antique, wooden, velvet cushion, its faded, painted smile now a gentle, cracked, and ser"
steer_alpha_0p77_c8_tok100_seed06_the_elevator_button_was_cracked.json,steer_alpha_0p77,experiments/frontier_sweep_mundane_matched_alpha0_smoke/steer_alpha_0p77_c8_tok100_seed06_the_elevator_button_was_cracked.json,3,8,0,-1.0061069829861369,0.0011642414972164092,0.12474016041604385,0.011111111111111112,0.0,0.0,0.05555555555555555,0.4158005347201462,0.0,1.0,0.0,1.0,13.157894736842104,doll; lullaby; music box; porcelain; whispering,1.0,10.526315789473685,doll; lullaby; music box; porcelain,0.3333333333333333,2.6315789473684212,whispering,1.0,doll; lullaby; music box; porcelain,1.0,0.0,the; elevator; button; was; cracked; half-hidden; corner; played; melancholy; tune; its; intricate,the; elevator; cracked; melancholy; tune; its,0.1111111111111111,0.4,0.0,0,0,"As the elevator creaked and swayed, the music box's melancholy tune warped and slowed, its tinny, silvered voice whispering a forgotten lullaby, while the doll, once a baller, now a worn, porcelain baller, its cracked, pale face, once a bright, painted smile"
steer_alpha_0p82_c8_tok100_seed06_the_elevator_button_was_cracked.json,steer_alpha_0p82,experiments/frontier_sweep_mundane_matched_alpha0_smoke/steer_alpha_0p82_c8_tok100_seed06_the_elevator_button_was_cracked.json,1,1,1,0.9228612215294532,0.03340866541663182,0.15185757007559922,0.25,0.0,1.0,0.0,0.42182658354333125,0.19999999999999998,0.9100000000000001,0.0,0.3333333333333333,2.7027027027027026,miniature,0.3333333333333333,2.7027027027027026,miniature,0.0,0.0,,0.4,miniature,0.5,0.5,the; elevator; button; was; cracked,the; cracked,0.3333333333333333,0.4,0.0,0,1,"A small, worn leather wallet lies on the floor, beside a vintage typewriter, its keys yellowed with age, its keys creaking softly as the wind stirs, beside a small, cracked terracotta planter, where a single, wilting fern spills miniature, dew-kissed petals, a"
steer_alpha_0p82_c8_tok100_seed06_the_elevator_button_was_cracked.json,steer_alpha_0p82,experiments/frontier_sweep_mundane_matched_alpha0_smoke/steer_alpha_0p82_c8_tok100_seed06_the_elevator_button_was_cracked.json,1,2,0,-0.7483611595361954,0.0,0.5062836588814412,0.0,0.0,0.0,0.0,0.9266298701298702,0.09274193548387091,0.8291899796069708,0.0,0.0,0.0,,0.0,0.0,,0.0,0.0,,0.0,,0.25,0.75,the; elevator; button; was; cracked,the,0.0,0.0,0.0,0,0,"A small, metallic plaque, half-buried in the wall of an abandoned, forgotten staircase, bearing an inscription that reads ""12:13""."
steer_alpha_0p82_c8_tok100_seed06_the_elevator_button_was_cracked.json,steer_alpha_0p82,experiments/frontier_sweep_mundane_matched_alpha0_smoke/steer_alpha_0p82_c8_tok100_seed06_the_elevator_button_was_cracked.json,1,3,0,0.4349711462872561,0.007167838677152651,0.5498058076225045,0.014814814814814815,0.0,0.0,0.07407407407407407,0.9163430127041743,0.19999999999999998,0.8581436781609196,0.0,0.6666666666666666,10.526315789473685,delicate; porcelain,0.3333333333333333,5.2631578947368425,porcelain,0.3333333333333333,5.2631578947368425,delicate,0.5,porcelain,0.5,0.5,the; elevator; button; was; cracked,the; cracked,0.3333333333333333,0.0,0.0,0,0,"a small, delicate, porcelain figur of a girl, her face cracked, a small, cracked mirror hangs on the wall, above a tiny, dusty, forgotten key."
steer_alpha_0p82_c8_tok100_seed06_the_elevator_button_was_cracked.json,steer_alpha_0p82,experiments/frontier_sweep_mundane_matched_alpha0_smoke/steer_alpha_0p82_c8_tok100_seed06_the_elevator_button_was_cracked.json,1,4,0,-0.790622856274629,0.009142907865168541,0.41812078651685397,0.02666666666666667,0.0,0.0,0.13333333333333333,0.6968679775280899,0.19999999999999998,0.8669594320486815,0.0,1.0,12.5,antique; faded photograph; haunting; music box,1.0,9.375,antique; faded photograph; music box,0.3333333333333333,3.125,haunting,1.0,antique; music box,0.25,0.75,the; elevator; button; was; cracked,the,0.0,0.0,0.0,0,0,"A faded photograph of a woman hung on the wall, its frame now holding a small, antique music box that plays a haunting melody, while a rusty bicycle leans against the wall, its chain creaking in sympathy with the music."
steer_alpha_0p82_c8_tok100_seed06_the_elevator_button_was_cracked.json,steer_alpha_0p82,experiments/frontier_sweep_mundane_matched_alpha0_smoke/steer_alpha_0p82_c8_tok100_seed06_the_elevator_button_was_cracked.json,1,5,0,-2.6615043859649123,0.0,0.4820701754385965,0.0,0.0,0.0,0.0,0.964140350877193,0.0,0.993125,0.0,0.0,0.0,,0.0,0.0,,0.0,0.0,,0.0,,0.0,1.0,the; elevator; button; was; cracked,,0.0,0.0,0.0,0,0,"A small, forgotten key lay next to it, its teeth worn, and a tiny, dry flower blooms, its petals a deep, midnight blue."
steer_alpha_0p82_c8_tok100_seed06_the_elevator_button_was_cracked.json,steer_alpha_0p82,experiments/frontier_sweep_mundane_matched_alpha0_smoke/steer_alpha_0p82_c8_tok100_seed06_the_elevator_button_was_cracked.json,1,6,0,-0.3106827452525951,0.002541361049276054,0.4183948068930089,0.007407407407407408,0.0,0.0,0.037037037037037035,0.6973246781550149,0.19999999999999998,0.9100000000000001,0.0,1.0,7.017543859649122,leather-bound; melancholic; miniature; music box,1.0,5.2631578947368425,leather-bound; miniature; music box,0.3333333333333333,1.7543859649122806,melancholic,1.0,leather-bound; miniature; music box,0.25,0.75,the; elevator; button; was; cracked,the,0.0,0.0,0.0,0,0,"A small, intricate music box, half-buried in the dirt, emits a soft, melancholic melody that harmonizes with the creaking of a old, wooden staircase, where two suits and a top hat sit, stern and frozen, as if in perpetual winter, surrounded by a miniature, overgrown garden, where a small, leather-bound book lies open, revealing pages that rust, and a faint, forgotten poem reads, ""where lost things remember."""
steer_alpha_0p82_c8_tok100_seed06_the_elevator_button_was_cracked.json,steer_alpha_0p82,experiments/frontier_sweep_mundane_matched_alpha0_smoke/steer_alpha_0p82_c8_tok100_seed06_the_elevator_button_was_cracked.json,1,7,0,1.030791473285834,0.0,0.43012790542486457,0.0,0.0,0.0,0.0,0.7168798423747743,0.19999999999999998,0.9100000000000001,0.0,0.6666666666666666,5.128205128205129,crystal; old man,0.3333333333333333,2.5641025641025643,crystal,0.3333333333333333,2.5641025641025643,old man,0.0,,0.25,0.75,the; elevator; button; was; cracked,button,0.0,0.0,0.0,0,0,"A faded, old man, with eyes that seem to hold a thousand midnights, presses a button, and a chandelier, once a fixture in a high-rise, now in a small, rural pub, slowly starts to reassemble itself, its crystals refracting rain that falls like a thousand tiny, diamond-studded, tear."
steer_alpha_0p82_c8_tok100_seed06_the_elevator_button_was_cracked.json,steer_alpha_0p82,experiments/frontier_sweep_mundane_matched_alpha0_smoke/steer_alpha_0p82_c8_tok100_seed06_the_elevator_button_was_cracked.json,1,8,0,-1.5110506781918949,0.0009950131418548227,0.16112428717535485,0.007017543859649123,0.0,0.0,0.03508771929824561,0.5370809572511829,0.0,1.0,0.0,1.0,18.75,antique; doll; leather-bound; miniature; music box; porcelain,1.0,18.75,antique; doll; leather-bound; miniature; music box; porcelain,0.0,0.0,,1.0,antique; doll; leather-bound; miniature; music box; porcelain,0.75,0.25,the; elevator; button; was; cracked,the; elevator; cracked,0.3333333333333333,0.4,0.0,0,0,"In the cracked elevator, a small, antique music box, once a gentle melody, now silently, a tiny, porcelain doll, its porcelain cracked, a miniature, a porcelain doll, sits, a miniature, a small, leather-bound book, opens, revealing yellowed, yellowed, pages, w"
steer_alpha_0p82_c8_tok100_seed06_the_elevator_button_was_cracked.json,steer_alpha_0p82,experiments/frontier_sweep_mundane_matched_alpha0_smoke/steer_alpha_0p82_c8_tok100_seed06_the_elevator_button_was_cracked.json,2,1,1,1.3644849959131296,0.003166718224131757,0.5667705912508544,0.006349206349206349,0.0,0.0,0.031746031746031744,0.9446176520847573,0.19999999999999998,0.9100000000000001,0.0,1.0,6.818181818181818,miniature; music box; ornate,1.0,6.818181818181818,miniature; music box; ornate,0.0,0.0,,1.0,miniature; music box; ornate,1.0,0.0,the; elevator; button; was; cracked; worn; leather; wallet; lies; floor; vintage; typewriter,the; cracked; worn; lies; floor,0.3333333333333333,0.0,0.0,0,0,"A faded, old photograph, partially detached from its frame, lies on the floor, beside a small, ornate music box, its lid open, revealing a miniature, mechanical baller, twirling to a slow, forgotten walt, while, above, a cracked, worn, and faded sign reads, ""Madame Le Pié de la lune, 13, rue de Spir, Montmarte, 1899""."
steer_alpha_0p82_c8_tok100_seed06_the_elevator_button_was_cracked.json,steer_alpha_0p82,experiments/frontier_sweep_mundane_matched_alpha0_smoke/steer_alpha_0p82_c8_tok100_seed06_the_elevator_button_was_cracked.json,2,2,0,-0.8746186437534209,0.0011904322456480446,0.19817359229538128,0.007017543859649123,0.0,0.0,0.03508771929824561,0.623187397155287,0.05999999999999997,0.9730000000000001,0.0,1.0,10.81081081081081,delicate; music box; ornate; porcelain,1.0,8.108108108108109,music box; ornate; porcelain,0.3333333333333333,2.7027027027027026,delicate,1.0,grandfather clock; music box; ornate; porcelain,0.25,0.75,the; elevator; button; was; cracked; worn; leather; wallet; lies; floor; vintage; typewriter,worn,0.2,0.4,0.0,0,0,"A small, dusty, worn, and ornate music box, its golden lid ajar, slowly unfurls a delicate, hand-painted, porcelain baller, its tutu, a tangle of ivy, its skirts, a forgotten, defunct, grandfather clock, its face, a canvas, where a half-finished, still-life, a"
steer_alpha_0p82_c8_tok100_seed06_the_elevator_button_was_cracked.json,steer_alpha_0p82,experiments/frontier_sweep_mundane_matched_alpha0_smoke/steer_alpha_0p82_c8_tok100_seed06_the_elevator_button_was_cracked.json,2,3,0,1.215271976623037,0.001386653055323881,0.22829044203502918,0.007407407407407408,0.0,0.0,0.037037037037037035,0.63414011676397,0.19999999999999998,0.9100000000000001,0.0,1.0,11.428571428571429,antique; melancholic; mist; music box,0.6666666666666666,5.714285714285714,antique; music box,0.6666666666666666,5.714285714285714,melancholic; mist,1.0,antique; music box,0.75,0.25,the; elevator; button; was; cracked; worn; leather; wallet; lies; floor; vintage; typewriter,the; floor; typewriter,0.0,0.4,0.0,0,0,"A faint, old photograph, dusty, on the floor, beside the typewriter, a small, antique music box, its lid, slightly ajar, emits a soft, melancholic tune, as the fern's wilting fronds slowly, imperceptibly, unfurl, releasing a soft, morning mist, a small, forgot"
steer_alpha_0p82_c8_tok100_seed06_the_elevator_button_was_cracked.json,steer_alpha_0p82,experiments/frontier_sweep_mundane_matched_alpha0_smoke/steer_alpha_0p82_c8_tok100_seed06_the_elevator_button_was_cracked.json,2,4,0,0.19607194964771973,0.0010081057239057242,0.19431944444444446,0.0060606060606060615,0.0,0.0,0.030303030303030304,0.6477314814814815,0.0,1.0,0.0,1.0,11.11111111111111,mist; music box; porcelain; silver mist,0.6666666666666666,5.555555555555555,music box; porcelain,0.6666666666666666,5.555555555555555,mist; silver mist,1.0,music box; porcelain,0.5,0.5,the; elevator; button; was; cracked; worn; leather; wallet; lies; floor; vintage; typewriter,the; worn,0.2,0.4,0.0,0,0,"A small, porcelain music box, once white, now tarned, opens, releasing a faint, silver mist, as a small, bespectaced, disheaved, elderly woman, with a worn, wooden cane, gently, tenderly, tends to the fern, her eyes, sunken, her skin, pale, as the wind, rustle"
steer_alpha_0p82_c8_tok100_seed06_the_elevator_button_was_cracked.json,steer_alpha_0p82,experiments/frontier_sweep_mundane_matched_alpha0_smoke/steer_alpha_0p82_c8_tok100_seed06_the_elevator_button_was_cracked.json,2,5,0,-0.237869767495062,0.0,0.15117597998331941,0.0,0.0,0.0,0.0,0.41993327773144284,0.19999999999999998,0.9100000000000001,0.0,0.3333333333333333,3.0303030303030303,delicate,0.0,0.0,,0.3333333333333333,3.0303030303030303,delicate,0.0,,0.75,0.25,the; elevator; button; was; cracked; worn; leather; wallet; lies; floor; vintage; typewriter,the; cracked; vintage,0.2,0.4,0.0,0,0,"A small, silvered mirror, partially ajar, reflects a sliver of morning light, a faint, forgotten fragrance, a vintage, frayed, and tattered briefcase leans against the wall, its lid slightly ajar, beside a small, cracked, and verdant, moss, where a delicate, f"
steer_alpha_0p82_c8_tok100_seed06_the_elevator_button_was_cracked.json,steer_alpha_0p82,experiments/frontier_sweep_mundane_matched_alpha0_smoke/steer_alpha_0p82_c8_tok100_seed06_the_elevator_button_was_cracked.json,2,6,0,-0.9150982723939995,0.0008799461662496525,0.13045713511259385,0.00784313725490196,0.0,0.0,0.0392156862745098,0.41024256324715047,0.05999999999999997,0.9730000000000001,0.0,1.0,11.11111111111111,delicate; leather-bound; mist; ornate,0.6666666666666666,5.555555555555555,leather-bound; ornate,0.6666666666666666,5.555555555555555,delicate; mist,0.825,leather-bound; ornate,0.75,0.25,the; elevator; button; was; cracked; worn; leather; wallet; lies; floor; vintage; typewriter,the; worn; leather,0.2222222222222222,0.4,0.0,0,0,"A dusty, old, ornate mirror hangs on the wall, its surface foging with morning mist, beside a small, abandoned suitcase, its worn, crimson lining, a faded, forgotten passport, a small, leather-bound book, its pages, yellowed with age, a small, delicate, porcel"
steer_alpha_0p82_c8_tok100_seed06_the_elevator_button_was_cracked.json,steer_alpha_0p82,experiments/frontier_sweep_mundane_matched_alpha0_smoke/steer_alpha_0p82_c8_tok100_seed06_the_elevator_button_was_cracked.json,2,7,0,-1.7154475536497416,4.762521215596338e-05,0.006819839449541297,0.008333333333333333,0.0,0.0,0.041666666666666664,0.09093119266055061,0.0,1.0,0.0,1.0,11.428571428571429,antique; delicate; melancholic; music box,0.6666666666666666,5.714285714285714,antique; music box,0.6666666666666666,5.714285714285714,delicate; melancholic,1.0,antique; music box,0.5,0.5,the; elevator; button; was; cracked; worn; leather; wallet; lies; floor; vintage; typewriter,the; cracked,0.1,0.85,0.0,0,0,"A faded, old photograph, partially hidden behind the terracotta planter, its surface cracked and peeling, revealing a faded, 19, a small, dusty, antique music box, its delicate, golden ball, a tiny, mechanical bird, its song a soft, melancholic melody, a small"
steer_alpha_0p82_c8_tok100_seed06_the_elevator_button_was_cracked.json,steer_alpha_0p82,experiments/frontier_sweep_mundane_matched_alpha0_smoke/steer_alpha_0p82_c8_tok100_seed06_the_elevator_button_was_cracked.json,2,8,0,-0.82914620087683,0.0,0.0051928096545743666,0.0,0.0,0.0,0.0,0.05769788505082629,0.19999999999999998,0.9100000000000001,0.0,0.0,0.0,,0.0,0.0,,0.0,0.0,,0.0,,0.5,0.5,the; elevator; button; was; cracked; worn; leather; wallet; lies; floor; vintage; typewriter,the; typewriter,0.0,0.85,0.0,0,0,"A small, metallic key, half-buried in the damp, moss that matted over the terracotta planter, alongside the typewriter, a small, forgotten typist, slumbering fitfully, a narrow, rain-soofed awning above, a street, deserted and deserted, a small, gutted, and pa"
steer_alpha_0p82_c8_tok100_seed06_the_elevator_button_was_cracked.json,steer_alpha_0p82,experiments/frontier_sweep_mundane_matched_alpha0_smoke/steer_alpha_0p82_c8_tok100_seed06_the_elevator_button_was_cracked.json,3,1,1,-0.4238748223782653,0.03755110103772375,0.16974708090075064,0.2602564102564103,0.0,1.0,0.05128205128205128,0.5658236030025021,0.0,1.0,0.0,1.0,11.11111111111111,delicate; doll; music box; porcelain,1.0,8.333333333333334,doll; music box; porcelain,0.3333333333333333,2.7777777777777777,delicate,1.0,doll; music box; porcelain,0.75,0.25,the; elevator; button; was; cracked; worn; leather; wallet; lies; floor; vintage; typewriter,the; cracked; typewriter,0.16666666666666666,0.4,0.0,0,1,"As the wind stirs, the typewriter creaks, and the music box's baller twirls faster, its mechanical baller twirls, a small, delicate, porcelain doll, with a cracked, porcelain face, and a tattered, embroidered dress, partially falls from the planter, where a sm"
steer_alpha_0p82_c8_tok100_seed06_the_elevator_button_was_cracked.json,steer_alpha_0p82,experiments/frontier_sweep_mundane_matched_alpha0_smoke/steer_alpha_0p82_c8_tok100_seed06_the_elevator_button_was_cracked.json,3,2,0,-0.35425227981457724,0.0,0.18550745056716048,0.0,0.0,0.0,0.0,0.6183581685572016,0.0,1.0,0.0,1.0,14.285714285714286,antique; delicate; doll; leather-bound; porcelain,1.0,11.428571428571429,antique; doll; leather-bound; porcelain,0.3333333333333333,2.857142857142857,delicate,1.0,antique; doll; leather-bound; porcelain,0.5,0.5,the; elevator; button; was; cracked; worn; leather; wallet; lies; floor; vintage; typewriter,worn; leather,0.1111111111111111,0.4,0.0,0,0,"A delicate, antique, porcelain doll, dressed in a tattered, lace-trimmed, silk gown, sits atop a nearby, decrepit, wooden bench, where a small, metal, half-empty, worn, and rusty, copper teapot, emits a faint, steam, as a small, leather-bound, leather satchel"
steer_alpha_0p82_c8_tok100_seed06_the_elevator_button_was_cracked.json,steer_alpha_0p82,experiments/frontier_sweep_mundane_matched_alpha0_smoke/steer_alpha_0p82_c8_tok100_seed06_the_elevator_button_was_cracked.json,3,3,0,-0.6630267161060694,0.0,0.18803503463361285,0.0,0.0,0.0,0.0,0.5913051403572731,0.05999999999999997,0.9730000000000001,0.0,0.3333333333333333,2.5641025641025643,antique,0.3333333333333333,2.5641025641025643,antique,0.0,0.0,,0.375,antique,0.75,0.25,the; elevator; button; was; cracked; worn; leather; wallet; lies; floor; vintage; typewriter,the; cracked; worn,0.2727272727272727,0.4,0.0,0,0,"A narrow, dusty, and worn, old door creaks, revealing a dimly lit, narrow stair, leading down, into a dim, damp, and musty air, where, on the wall, a small, tarnished, and dusty, old, antique clock, its face cracked, slowly, a small, bed, with a single, worn"
steer_alpha_0p82_c8_tok100_seed06_the_elevator_button_was_cracked.json,steer_alpha_0p82,experiments/frontier_sweep_mundane_matched_alpha0_smoke/steer_alpha_0p82_c8_tok100_seed06_the_elevator_button_was_cracked.json,3,4,0,0.15698787869445457,0.0,0.1799328349673203,0.0,0.0,0.0,0.0,0.5658265250544663,0.05999999999999997,0.9730000000000001,0.0,1.0,14.705882352941176,antique; delicate; doll; ornate; porcelain,1.0,11.764705882352942,antique; doll; ornate; porcelain,0.3333333333333333,2.9411764705882355,delicate,1.0,antique; doll; ornate; porcelain,0.5,0.5,the; elevator; button; was; cracked; worn; leather; wallet; lies; floor; vintage; typewriter,the; cracked,0.3,0.4,0.0,0,0,"A small, ornate, silver key, once a part of a grand, old, antique, and intricately carved, wooden door, is now, in the same, dim, musty, and dusty, forgotten, abandoned, once, a small, delicate, porcelain, and porcelain doll, with a cracked, pale, porcelain fa"
steer_alpha_0p82_c8_tok100_seed06_the_elevator_button_was_cracked.json,steer_alpha_0p82,experiments/frontier_sweep_mundane_matched_alpha0_smoke/steer_alpha_0p82_c8_tok100_seed06_the_elevator_button_was_cracked.json,3,5,0,-1.1615173049510392,0.0,0.13813834812311848,0.0,0.0,0.0,0.0,0.434397321141882,0.05999999999999997,0.9730000000000001,0.0,1.0,8.108108108108109,antique; doll; porcelain,1.0,8.108108108108109,antique; doll; porcelain,0.0,0.0,,1.0,antique; doll; porcelain,0.5,0.5,the; elevator; button; was; cracked; worn; leather; wallet; lies; floor; vintage; typewriter,the; worn,0.2222222222222222,0.4,0.0,0,0,"A small, elegant, antique door, slightly ajar, creaks softly in the wind, beside which, a small, dusty, old, wooden chair, its cushions worn and threadbare, seems to have been occupied by a sleeping, top-hatted, three-legged, porcelain doll, its porcelain face"
steer_alpha_0p82_c8_tok100_seed06_the_elevator_button_was_cracked.json,steer_alpha_0p82,experiments/frontier_sweep_mundane_matched_alpha0_smoke/steer_alpha_0p82_c8_tok100_seed06_the_elevator_button_was_cracked.json,3,6,0,0.542566649617851,0.0,0.14462709677419355,0.0,0.0,0.0,0.0,0.40174193548387105,0.19999999999999998,0.9100000000000001,0.0,1.0,8.571428571428571,doll; ethereal; porcelain,0.6666666666666666,5.714285714285714,doll; porcelain,0.3333333333333333,2.857142857142857,ethereal,0.875,doll; porcelain,1.0,0.0,the; elevator; button; was; cracked; worn; leather; wallet; lies; floor; vintage; typewriter,the; cracked; worn; leather; wallet,0.5555555555555556,0.4,0.0,0,0,"The small, worn leather wallet, now dusty, emits a faint, ethereal glow, as if the faint, moonlight that seeps through a narrow, grimy window, above, illuminates the scattered, forgotten treasures, and, on the wall, a faded, old, porcelain doll, with a cracked"
steer_alpha_0p82_c8_tok100_seed06_the_elevator_button_was_cracked.json,steer_alpha_0p82,experiments/frontier_sweep_mundane_matched_alpha0_smoke/steer_alpha_0p82_c8_tok100_seed06_the_elevator_button_was_cracked.json,3,7,0,-1.293718785939145,0.0,0.13983923715608065,0.0,0.0,0.0,0.0,0.4397460287927064,0.05999999999999997,0.9730000000000001,0.0,1.0,7.894736842105263,antique; leather-bound; porcelain,1.0,7.894736842105263,antique; leather-bound; porcelain,0.0,0.0,,1.0,antique; leather-bound; porcelain,0.75,0.25,the; elevator; button; was; cracked; worn; leather; wallet; lies; floor; vintage; typewriter,the; worn; leather,0.2,0.4,0.0,0,0,"A small, dusty, and worn, old, wooden door, slightly ajar, creaks softly in the wind, beside a small, antique, porcelain, and golden, and a small, old, leather-bound, and leather-skin-bound, and a small, tarnished, and rusty, and a small, overgrown, and vines"
steer_alpha_0p82_c8_tok100_seed06_the_elevator_button_was_cracked.json,steer_alpha_0p82,experiments/frontier_sweep_mundane_matched_alpha0_smoke/steer_alpha_0p82_c8_tok100_seed06_the_elevator_button_was_cracked.json,3,8,0,-1.0612044248485546,0.0,0.016055877280198052,0.0,0.0,0.0,0.0,0.178398636446645,0.19999999999999998,0.9100000000000001,0.0,1.0,8.823529411764707,antique; delicate; leather-bound,0.6666666666666666,5.882352941176471,antique; leather-bound,0.3333333333333333,2.9411764705882355,delicate,0.875,antique; leather-bound,0.5,0.5,the; elevator; button; was; cracked; worn; leather; wallet; lies; floor; vintage; typewriter,the; leather,0.25,0.85,0.0,0,0,"A delicate, antique clock, covered in moss and lichen, hangs crookedly on the wall, its face frozen at precisely 3: 14, where a small, dusty, old, leather-bound, 19th-century, leather-bound, leather-bound, 19, a small, forgotten, and tattered, 19th-century, po"
selector_alpha_0_c8_tok100_seed07_a_delivery_label_on_a_cardboard_box.json,selector_alpha_0,experiments/frontier_sweep_mundane_matched_alpha0_smoke/selector_alpha_0_c8_tok100_seed07_a_delivery_label_on_a_cardboard_box.json,1,1,1,-0.9238678298050147,0.10495164303943287,0.21392507753655296,0.55,1.0,0.0,0.0,0.7130835917885099,0.19999999999999998,0.9100000000000001,0.5,0.0,0.0,,0.0,0.0,,0.0,0.0,,0.0,,1.0,0.0,delivery; label; cardboard; box,delivery; label; cardboard; box,0.4,0.0,0.0,1,0,"The cardboard box now lies empty and crumpled on a dusty attic shelf, the delivery label a faded reminder of a long-forgotten package, its adhesive still clinging to the roof of the old trunk that has now become its new home."
selector_alpha_0_c8_tok100_seed07_a_delivery_label_on_a_cardboard_box.json,selector_alpha_0,experiments/frontier_sweep_mundane_matched_alpha0_smoke/selector_alpha_0_c8_tok100_seed07_a_delivery_label_on_a_cardboard_box.json,1,2,0,-0.630392395697855,0.048443336912776955,0.20360997161303537,0.2722222222222222,0.0,1.0,0.1111111111111111,0.6786999053767846,0.19999999999999998,0.9100000000000001,0.5,0.0,0.0,,0.0,0.0,,0.0,0.0,,0.0,,0.75,0.25,delivery; label; cardboard; box,delivery; label; box,0.3,0.0,0.0,0,2,"The box was addressed to a small café on the outskirts of town, the label bearing a faint scent of stale coffee and yesterday's cigarettes, a faded signature that seemed to whisper promises of warmth and comfort. The delivery service had long since stopped coming, but the box remained, a tangible reminder of the promises it once held."
selector_alpha_0_c8_tok100_seed07_a_delivery_label_on_a_cardboard_box.json,selector_alpha_0,experiments/frontier_sweep_mundane_matched_alpha0_smoke/selector_alpha_0_c8_tok100_seed07_a_delivery_label_on_a_cardboard_box.json,1,3,0,-0.3254972672278169,0.011418140538680932,0.4003743038323684,0.03197159723424149,0.0,0.0,0.15985798617120744,0.7554232147780535,0.05999999999999997,0.9730000000000001,0.0,1.0,15.384615384615385,antique; delicate; music box; velvet,1.0,11.538461538461538,antique; music box; velvet,0.3333333333333333,3.8461538461538463,delicate,1.0,antique; ballerina; music box; velvet,0.5,0.5,delivery; label; cardboard; box,label; box,0.4,0.0,0.0,0,0,"The label's faded edges curled around the corner of a small, antique music box that rested on a velvet-draped coffee table, its delicate ballerina twirling to a soft, forgotten melody."
selector_alpha_0_c8_tok100_seed07_a_delivery_label_on_a_cardboard_box.json,selector_alpha_0,experiments/frontier_sweep_mundane_matched_alpha0_smoke/selector_alpha_0_c8_tok100_seed07_a_delivery_label_on_a_cardboard_box.json,1,4,0,0.37684051685190245,0.01617754494623656,0.43436129032258064,0.044444444444444446,0.0,0.0,0.2222222222222222,0.7239354838709677,0.19999999999999998,0.9100000000000001,0.0,0.6666666666666666,7.142857142857143,antique; music box,0.6666666666666666,7.142857142857143,antique; music box,0.0,0.0,,1.0,antique; music box,0.5,0.5,delivery; label; cardboard; box,label; box,0.1,0.0,0.0,0,0,"The same label lies crumpled on the counter, next to a vase of wilting flowers. A fragile glass teapot sits in the center, its lid slightly ajar, with a small, antique music box sitting atop."
selector_alpha_0_c8_tok100_seed07_a_delivery_label_on_a_cardboard_box.json,selector_alpha_0,experiments/frontier_sweep_mundane_matched_alpha0_smoke/selector_alpha_0_c8_tok100_seed07_a_delivery_label_on_a_cardboard_box.json,1,5,0,-0.3190490963032526,0.0,0.38653669871794877,0.0,0.0,0.0,0.0,0.7293145258829221,0.05999999999999997,0.8941666666666668,0.0,0.3333333333333333,5.555555555555555,leather-bound,0.3333333333333333,5.555555555555555,leather-bound,0.0,0.0,,0.5,leather-bound,0.25,0.75,delivery; label; cardboard; box,label,0.1,0.0,0.0,0,0,"The label's adhesive slowly begins to peel away, revealing a small, leather-bound book with a faded inscription on the cover."
selector_alpha_0_c8_tok100_seed07_a_delivery_label_on_a_cardboard_box.json,selector_alpha_0,experiments/frontier_sweep_mundane_matched_alpha0_smoke/selector_alpha_0_c8_tok100_seed07_a_delivery_label_on_a_cardboard_box.json,1,6,0,0.6294505244870809,0.0,0.4233882743362832,0.0,0.0,0.0,0.0,0.7056471238938054,0.19999999999999998,0.9100000000000001,0.0,0.0,0.0,,0.0,0.0,,0.0,0.0,,0.0,,0.5,0.5,delivery; label; cardboard; box,label; box,0.1,0.0,0.0,0,0,"The label was stuck to the box, partially torn and faded, but still legible: ""Fragile - Handle with Care"" in white letters on a dark blue background. A small stamp in the corner read ""UPS"" in bold black letters, alongside a tracking number that seemed to stretch on forever."
selector_alpha_0_c8_tok100_seed07_a_delivery_label_on_a_cardboard_box.json,selector_alpha_0,experiments/frontier_sweep_mundane_matched_alpha0_smoke/selector_alpha_0_c8_tok100_seed07_a_delivery_label_on_a_cardboard_box.json,1,7,0,1.0473424665151418,0.0,0.43992059553349877,0.0,0.0,0.0,0.0,0.7332009925558313,0.19999999999999998,0.9100000000000001,0.0,0.0,0.0,,0.0,0.0,,0.0,0.0,,0.0,,0.5,0.5,delivery; label; cardboard; box,label; box,0.0,0.0,0.0,0,0,"The label slipped off, revealing a small package tied with twine, which suddenly swelled under the weight of another, identical box. Next to the boxes, a bicycle stood, its wheels spinning lazily as it waited at the curb."
selector_alpha_0_c8_tok100_seed07_a_delivery_label_on_a_cardboard_box.json,selector_alpha_0,experiments/frontier_sweep_mundane_matched_alpha0_smoke/selector_alpha_0_c8_tok100_seed07_a_delivery_label_on_a_cardboard_box.json,1,8,0,-0.5741626461573057,0.0,0.20783830208102053,0.0,0.0,0.0,0.0,0.6927943402700685,0.19999999999999998,0.9100000000000001,0.5,0.0,0.0,,0.0,0.0,,0.0,0.0,,0.0,,0.75,0.25,delivery; label; cardboard; box,delivery; label; box,0.2,0.0,0.0,0,0,"The label was still taped to the bottom of the box, a faded reminder of the delivery that had never been made, a small, rectangular piece of paper with a scribbled address and a handwritten ""Fragile"" in red, now covered in a thick layer of dust and grime."
selector_alpha_0_c8_tok100_seed07_a_delivery_label_on_a_cardboard_box.json,selector_alpha_0,experiments/frontier_sweep_mundane_matched_alpha0_smoke/selector_alpha_0_c8_tok100_seed07_a_delivery_label_on_a_cardboard_box.json,2,1,1,1.0984444168382852,0.19168466207239088,0.4120984749713563,0.55,1.0,0.0,0.0,0.6868307916189272,0.19999999999999998,0.9100000000000001,0.0,0.0,0.0,,0.0,0.0,,0.0,0.0,,0.0,,1.0,0.0,delivery; label; cardboard; box; the; now; lies; empty; and; crumpled; attic; shelf,delivery; label; the; now; and,0.14285714285714285,0.0,0.0,1,0,"The dusty trunk's lid creaked open, releasing a faint whisper of aged air as a soft, worn leather book tumbled out, its pages fluttering like a bird taking flight, and the delivery label, now a tattered fragment, was caught in the book's pages, a fleeting echo of a long-lost delivery."
selector_alpha_0_c8_tok100_seed07_a_delivery_label_on_a_cardboard_box.json,selector_alpha_0,experiments/frontier_sweep_mundane_matched_alpha0_smoke/selector_alpha_0_c8_tok100_seed07_a_delivery_label_on_a_cardboard_box.json,2,2,0,0.19421417179311917,0.0,0.40176028708133976,0.0,0.0,0.0,0.0,0.7580382775119617,0.05999999999999997,0.9730000000000001,0.0,0.0,0.0,,0.0,0.0,,0.0,0.0,,0.0,,0.75,0.25,delivery; label; cardboard; box; the; now; lies; empty; and; crumpled; attic; shelf,the; now; and,0.375,0.0,0.0,0,0,"The old trunk, once a sturdy oak, now weathered to a silvery gray, had been passed down through generations, its intricate carvings worn smooth by time and neglect, its lid slightly ajar, creaking softly as it revealed a dusty interior of yellowed letters and faded photographs."
selector_alpha_0_c8_tok100_seed07_a_delivery_label_on_a_cardboard_box.json,selector_alpha_0,experiments/frontier_sweep_mundane_matched_alpha0_smoke/selector_alpha_0_c8_tok100_seed07_a_delivery_label_on_a_cardboard_box.json,2,3,0,1.140969415195596,0.006684176666225146,0.4198458265139116,0.01826948413385228,0.0,0.0,0.0913474206692614,0.6997430441898527,0.19999999999999998,0.9100000000000001,0.0,0.0,0.0,,0.0,0.0,,0.0,0.0,,0.0,,0.75,0.25,delivery; label; cardboard; box; the; now; lies; empty; and; crumpled; attic; shelf,the; and; attic,0.2857142857142857,0.0,0.0,0,0,"The trunk, creaking with age, slowly begins to release a faint scent of old books and dry earth as its lid slowly swings open, revealing a tangled web of yellowed letters and photographs that spill out onto the dusty attic floor, a single, worn photograph of a young couple standing in front of the very same old house."
selector_alpha_0_c8_tok100_seed07_a_delivery_label_on_a_cardboard_box.json,selector_alpha_0,experiments/frontier_sweep_mundane_matched_alpha0_smoke/selector_alpha_0_c8_tok100_seed07_a_delivery_label_on_a_cardboard_box.json,2,4,0,0.8185807768083315,0.0,0.4333383900928793,0.0,0.0,0.0,0.0,0.7222306501547988,0.19999999999999998,0.9100000000000001,0.0,0.0,0.0,,0.0,0.0,,0.0,0.0,,0.0,,1.0,0.0,delivery; label; cardboard; box; the; now; lies; empty; and; crumpled; attic; shelf,box; the; and; crumpled,0.3333333333333333,0.0,0.0,0,0,"The lid of the old trunk, worn and scratched, slowly creaks open, releasing a faint scent of aged leather and decay, as a small, dusty key falls onto the crumpled box, its presence a stark contrast to the emptiness that surrounds it."
selector_alpha_0_c8_tok100_seed07_a_delivery_label_on_a_cardboard_box.json,selector_alpha_0,experiments/frontier_sweep_mundane_matched_alpha0_smoke/selector_alpha_0_c8_tok100_seed07_a_delivery_label_on_a_cardboard_box.json,2,5,0,0.8419789890753784,0.0,0.40900902737332556,0.0,0.0,0.0,0.0,0.681681712288876,0.19999999999999998,0.9100000000000001,0.0,0.3333333333333333,2.7777777777777777,ghostly,0.0,0.0,,0.3333333333333333,2.7777777777777777,ghostly,0.0,,1.0,0.0,delivery; label; cardboard; box; the; now; lies; empty; and; crumpled; attic; shelf,delivery; label; the; attic,0.2857142857142857,0.0,0.0,0,0,"The trunk's worn leather creaks as it shifts under the weight of a stack of old books, their yellowed pages fluttering out like ghostly fingers, the delivery label a thread connecting the trunk's forgotten history to the musty, dimly lit attic."
selector_alpha_0_c8_tok100_seed07_a_delivery_label_on_a_cardboard_box.json,selector_alpha_0,experiments/frontier_sweep_mundane_matched_alpha0_smoke/selector_alpha_0_c8_tok100_seed07_a_delivery_label_on_a_cardboard_box.json,2,6,0,-0.07672655125534988,0.0,0.20864254724158493,0.0,0.0,0.0,0.0,0.6954751574719498,0.19999999999999998,0.9100000000000001,0.5,0.3333333333333333,2.3255813953488373,leather-bound,0.3333333333333333,2.3255813953488373,leather-bound,0.0,0.0,,0.5,leather-bound,0.75,0.25,delivery; label; cardboard; box; the; now; lies; empty; and; crumpled; attic; shelf,label; the; now,0.5,0.0,0.0,0,0,"A small, leather-bound book slipped between the layers of yellowed tissue paper, its worn cover now pressed against the dusty trunk's wooden lid, the label's faded words ""Fragile"" a testament to the carelessness that had once accompanied its journey into this forgotten space."
selector_alpha_0_c8_tok100_seed07_a_delivery_label_on_a_cardboard_box.json,selector_alpha_0,experiments/frontier_sweep_mundane_matched_alpha0_smoke/selector_alpha_0_c8_tok100_seed07_a_delivery_label_on_a_cardboard_box.json,2,7,0,0.901402554382911,0.0,0.4073015233353026,0.0,0.0,0.0,0.0,0.6788358722255043,0.19999999999999998,0.9100000000000001,0.0,0.6666666666666666,4.166666666666667,antique; ornate,0.6666666666666666,4.166666666666667,antique; ornate,0.0,0.0,,0.7,antique; ornate,1.0,0.0,delivery; label; cardboard; box; the; now; lies; empty; and; crumpled; attic; shelf,delivery; label; box; the; attic,0.0,0.0,0.0,0,0,"The trunk, a beautiful, ornate Victorian chest with intricate carvings, had been sitting in the attic for decades, its lid slightly ajar, creaking gently as the box settled into its new resting place, the delivery label a peculiar juxtaposition of the trunk's antique elegance with the mundane, mass-produced marking of a modern corporation."
selector_alpha_0_c8_tok100_seed07_a_delivery_label_on_a_cardboard_box.json,selector_alpha_0,experiments/frontier_sweep_mundane_matched_alpha0_smoke/selector_alpha_0_c8_tok100_seed07_a_delivery_label_on_a_cardboard_box.json,2,8,0,-0.7593685653871414,0.0,0.17964890013495277,0.0,0.0,0.0,0.0,0.6779203778677463,0.05999999999999997,0.9730000000000001,0.5,0.3333333333333333,1.9230769230769231,delicate,0.0,0.0,,0.3333333333333333,1.9230769230769231,delicate,0.0,,1.0,0.0,delivery; label; cardboard; box; the; now; lies; empty; and; crumpled; attic; shelf,label; the; now; and,0.14285714285714285,0.0,0.0,0,0,"The trunk, once polished and silver, now tarnished and worn, had been left there for decades, its lid slightly ajar, the faded label still visible, a testament to the countless packages that had passed through its worn hinges. Dust coated the delicate etching on its lid, a delicate floral pattern that seemed to whisper secrets to the shadows."
selector_alpha_0_c8_tok100_seed07_a_delivery_label_on_a_cardboard_box.json,selector_alpha_0,experiments/frontier_sweep_mundane_matched_alpha0_smoke/selector_alpha_0_c8_tok100_seed07_a_delivery_label_on_a_cardboard_box.json,3,1,1,0.07130530933834733,0.0995589218909575,0.42687943965784414,0.2627886388936966,0.0,1.0,0.06394319446848298,0.7114657327630736,0.19999999999999998,0.9100000000000001,0.0,0.3333333333333333,2.5641025641025643,whispers,0.0,0.0,,0.3333333333333333,2.5641025641025643,whispers,0.0,,0.5,0.5,delivery; label; cardboard; box; the; now; lies; empty; and; crumpled; attic; shelf,the; and,0.375,0.0,0.0,0,2,"The book, bound in a rich, dark leather, lay open on a nearby stack of yellowed letters, its pages dog-eared and worn, a phrase highlighted in faint, crimson ink: ""In the garden of forgotten memories, where shadows dance and moonlight whispers secrets to the wind."""
selector_alpha_0_c8_tok100_seed07_a_delivery_label_on_a_cardboard_box.json,selector_alpha_0,experiments/frontier_sweep_mundane_matched_alpha0_smoke/selector_alpha_0_c8_tok100_seed07_a_delivery_label_on_a_cardboard_box.json,3,2,0,1.0407194377230626,0.09603907601376437,0.3726383901768635,0.2863636363636364,0.0,1.0,0.18181818181818182,0.6210639836281059,0.19999999999999998,0.9100000000000001,0.0,1.0,8.823529411764707,antique; delicate; haunting; mournful; music box; whispers,0.6666666666666666,2.9411764705882355,antique; music box,1.0,5.882352941176471,delicate; haunting; mournful; whispers,1.0,antique; ballerina; music box,1.0,0.0,delivery; label; cardboard; box; the; now; lies; empty; and; crumpled; attic; shelf,delivery; label; box; the; now; and,0.4444444444444444,0.0,0.0,0,3,"A delicate, antique music box, its surface etched with intricate patterns of flowers and vines, was nestled among the book's pages, its delicate ballerina twirling to a haunting melody, as the faded delivery label, now trapped within the book's yellowed pages, seemed to whisper secrets to the music box, their whispers mingling with the soft, mournful tune that emanated from the instrument, the air thick with the scent of old paper and forgotten memories."
selector_alpha_0_c8_tok100_seed07_a_delivery_label_on_a_cardboard_box.json,selector_alpha_0,experiments/frontier_sweep_mundane_matched_alpha0_smoke/selector_alpha_0_c8_tok100_seed07_a_delivery_label_on_a_cardboard_box.json,3,3,0,0.9624063734838966,0.005249288058429431,0.19217453433953702,0.030350235046433284,0.0,0.0,0.1517511752321664,0.6405817811317901,0.19999999999999998,0.9100000000000001,0.5,0.3333333333333333,1.5384615384615385,ghostly,0.0,0.0,,0.3333333333333333,1.5384615384615385,ghostly,0.0,,1.0,0.0,delivery; label; cardboard; box; the; now; lies; empty; and; crumpled; attic; shelf,delivery; label; the; and,0.4444444444444444,0.0,0.0,0,0,"The soft, worn leather book settled onto a nearby stack of yellowed letters and yellowed photographs, its pages rustling softly as it blended with the forgotten relics, the delivery label a tiny, fluttering thing, caught in the book's pages like a lost memory. The letters and photographs, it seemed, shared a common thread, their creases and tears a testament to the passage of time, their faces and names worn away to nothing more than faint, ghostly impressions."
selector_alpha_0_c8_tok100_seed07_a_delivery_label_on_a_cardboard_box.json,selector_alpha_0,experiments/frontier_sweep_mundane_matched_alpha0_smoke/selector_alpha_0_c8_tok100_seed07_a_delivery_label_on_a_cardboard_box.json,3,4,0,0.6944129400646053,0.0,0.36326823663220204,0.0,0.0,0.0,0.0,0.6054470610536701,0.19999999999999998,0.9100000000000001,0.0,0.0,0.0,,0.0,0.0,,0.0,0.0,,0.0,,1.0,0.0,delivery; label; cardboard; box; the; now; lies; empty; and; crumpled; attic; shelf,delivery; label; the; now; and,0.5,0.0,0.0,0,0,"The tattered edge of the delivery label was pinned with a rusty paperclip, the faded ink still legible: ""Fragile"" and ""To"" - a name that had long since been scratched out, leaving only the first letter ""M"" in its place. The book's worn leather cover creaked softly as it settled onto the dusty trunk, the delivery label now a tiny, forgotten fragment, merged with the pages that had once held the promise of a new beginning."
selector_alpha_0_c8_tok100_seed07_a_delivery_label_on_a_cardboard_box.json,selector_alpha_0,experiments/frontier_sweep_mundane_matched_alpha0_smoke/selector_alpha_0_c8_tok100_seed07_a_delivery_label_on_a_cardboard_box.json,3,5,0,0.9488829631401383,0.002758713713031912,0.1913558644877627,0.016666666666666666,0.0,0.0,0.08333333333333333,0.6378528816258757,0.19999999999999998,0.9100000000000001,0.5,0.3333333333333333,1.8181818181818181,ornate,0.3333333333333333,1.8181818181818181,ornate,0.0,0.0,,0.325,ornate,0.75,0.25,delivery; label; cardboard; box; the; now; lies; empty; and; crumpled; attic; shelf,the; and; attic,0.25,0.0,0.0,0,0,"The soft, worn leather book fell onto a nearby, ornate, golden locket, its surface etched with intricate patterns that seemed to shimmer in the dim attic light, as if the locket had been waiting for the book's arrival, the worn leather cover mirroring the locket's own patina, a testament to the passage of time and the countless stories they might hold."
selector_alpha_0_c8_tok100_seed07_a_delivery_label_on_a_cardboard_box.json,selector_alpha_0,experiments/frontier_sweep_mundane_matched_alpha0_smoke/selector_alpha_0_c8_tok100_seed07_a_delivery_label_on_a_cardboard_box.json,3,6,0,0.19989924161712752,0.0,0.15920887793376914,0.0,0.0,0.0,0.0,0.4422468831493588,0.19999999999999998,0.9100000000000001,0.0,0.0,0.0,,0.0,0.0,,0.0,0.0,,0.0,,0.75,0.25,delivery; label; cardboard; box; the; now; lies; empty; and; crumpled; attic; shelf,delivery; label; the,0.125,0.4,0.0,0,0,"The book's pages rustled softly, its yellowed edges curled inward, as it settled onto a nearby stack of ancient volumes, each one bearing the same faded delivery label, a trail of identical labels leading from the trunk, to a small, cluttered workbench, where"
selector_alpha_0_c8_tok100_seed07_a_delivery_label_on_a_cardboard_box.json,selector_alpha_0,experiments/frontier_sweep_mundane_matched_alpha0_smoke/selector_alpha_0_c8_tok100_seed07_a_delivery_label_on_a_cardboard_box.json,3,7,0,-0.07162832011985637,0.0,0.1387819242193726,0.0,0.0,0.0,0.0,0.38550534505381284,0.19999999999999998,0.9100000000000001,0.0,0.0,0.0,,0.0,0.0,,0.0,0.0,,0.0,,1.0,0.0,delivery; label; cardboard; box; the; now; lies; empty; and; crumpled; attic; shelf,delivery; label; the; now; and; crumpled,0.25,0.4,0.0,0,0,"The worn leather book's pages, once a deep, rich burgundy, now held a faint, yellowed smudge, a smudge that matched the color of the delivery label, now crumpled and torn, the words ""Fragile"" and ""Handle with Care"" scribbled in the same hasty, uneven script as"
selector_alpha_0_c8_tok100_seed07_a_delivery_label_on_a_cardboard_box.json,selector_alpha_0,experiments/frontier_sweep_mundane_matched_alpha0_smoke/selector_alpha_0_c8_tok100_seed07_a_delivery_label_on_a_cardboard_box.json,3,8,0,0.24867871659454927,0.0015008145136538407,0.13432110802391176,0.013333333333333334,0.0,0.0,0.06666666666666667,0.37311418895531046,0.19999999999999998,0.9100000000000001,0.0,0.6666666666666666,5.405405405405405,antique; music box,0.6666666666666666,5.405405405405405,antique; music box,0.0,0.0,,1.0,antique; music box,0.5,0.5,delivery; label; cardboard; box; the; now; lies; empty; and; crumpled; attic; shelf,box; the,0.1,0.4,0.0,0,0,"The worn leather book, its cover creaking in protest as it settled onto a nearby, weathered armchair, its pages rustling softly as it settled into the worn creases of the chair's upholstery, where a small, antique music box lay hidden, its lid slightly ajar, i"
steer_alpha_0p66_c8_tok100_seed07_a_delivery_label_on_a_cardboard_box.json,steer_alpha_0p66,experiments/frontier_sweep_mundane_matched_alpha0_smoke/steer_alpha_0p66_c8_tok100_seed07_a_delivery_label_on_a_cardboard_box.json,1,1,1,-0.5442823894393218,0.10275876712814007,0.4276863226753888,0.26666666666666666,0.0,1.0,0.08333333333333333,0.7128105377923147,0.19999999999999998,0.9100000000000001,0.0,1.0,14.285714285714286,antique; dusty shelf; leather-bound; music box; whispers,1.0,11.428571428571429,antique; dusty shelf; leather-bound; music box,0.3333333333333333,2.857142857142857,whispers,1.0,antique; leather-bound; music box,0.25,0.75,delivery; label; cardboard; box,box,0.45,0.0,0.0,0,1,"A small, antique music box sits on a dusty shelf, its intricate carvings worn and faded, as a small, leather-bound book lies beside it, its cover creaking softly in the silence of a forgotten attic, a faint, forgotten melody whispers through the dusty air."
steer_alpha_0p66_c8_tok100_seed07_a_delivery_label_on_a_cardboard_box.json,steer_alpha_0p66,experiments/frontier_sweep_mundane_matched_alpha0_smoke/steer_alpha_0p66_c8_tok100_seed07_a_delivery_label_on_a_cardboard_box.json,1,2,0,-1.3643484641327135,0.0,0.3856757099886714,0.0,0.0,0.0,0.0,0.7713514199773428,0.0,1.0,0.0,1.0,11.538461538461538,delicate; miniature; porcelain,0.6666666666666666,7.6923076923076925,miniature; porcelain,0.3333333333333333,3.8461538461538463,delicate,0.9,miniature; porcelain,0.5,0.5,delivery; label; cardboard; box,delivery; label,0.0,0.0,0.0,0,0,"The delivery label, once discarded, becomes a makeshift home for a small, delicate orchid, its petals unfolding like a tiny, paper-thin umbrella, sheltering a miniature, porcelain tea set."
steer_alpha_0p66_c8_tok100_seed07_a_delivery_label_on_a_cardboard_box.json,steer_alpha_0p66,experiments/frontier_sweep_mundane_matched_alpha0_smoke/steer_alpha_0p66_c8_tok100_seed07_a_delivery_label_on_a_cardboard_box.json,1,3,0,-1.6285062054682307,0.0033620939900465214,0.461614735475495,0.008333333333333333,0.0,0.0,0.041666666666666664,0.92322947095099,0.0,1.0,0.0,0.0,0.0,,0.0,0.0,,0.0,0.0,,0.0,,0.5,0.5,delivery; label; cardboard; box,delivery; label,0.3,0.0,0.0,0,0,"At the edge of a small, neglected garden, a lone fern unfurls, its fronds a vibrant, emerald green, while a discarded, nearly worn delivery label, once a proud, crisp white, now soft and flayed, peels off, revealing a faded, handwritten address, a name, and a faded, faded street number."
steer_alpha_0p66_c8_tok100_seed07_a_delivery_label_on_a_cardboard_box.json,steer_alpha_0p66,experiments/frontier_sweep_mundane_matched_alpha0_smoke/steer_alpha_0p66_c8_tok100_seed07_a_delivery_label_on_a_cardboard_box.json,1,4,0,-0.5643729082390923,0.007110110582010581,0.4142961215932914,0.01904761904761905,0.0,0.0,0.09523809523809523,0.690493535988819,0.19999999999999998,0.9100000000000001,0.0,1.0,9.433962264150944,antique; delicate; doll; music box; porcelain,1.0,7.547169811320755,antique; doll; music box; porcelain,0.3333333333333333,1.8867924528301887,delicate,1.0,antique; ballerina; doll; music box; porcelain,0.25,0.75,delivery; label; cardboard; box,box,0.45,0.0,0.0,0,0,"A small, antique music box sits on a windowsill, its delicate ballerina twirling to a soft, forgotten melody, as a faint, old photograph, once a polaroid of a couple in a grand, forgotten ballroom, is pinned to the wall, its glassy surface clouded with age and a thin, silver thread, once a thread from the very same music box, now unwinds and wraps around the neck of a startled, porcelain doll."
steer_alpha_0p66_c8_tok100_seed07_a_delivery_label_on_a_cardboard_box.json,steer_alpha_0p66,experiments/frontier_sweep_mundane_matched_alpha0_smoke/steer_alpha_0p66_c8_tok100_seed07_a_delivery_label_on_a_cardboard_box.json,1,5,0,-0.3708958859318462,0.007480846028527207,0.3998288382139308,0.02076595029492803,0.0,0.0,0.10382975147464016,0.666381397023218,0.19999999999999998,0.9100000000000001,0.0,1.0,10.344827586206897,antique; delicate; fog; leather-bound; mist; music box,1.0,5.172413793103448,antique; leather-bound; music box,1.0,5.172413793103448,delicate; fog; mist,1.0,antique; leather-bound; music box,0.25,0.75,delivery; label; cardboard; box,box,0.45,0.0,0.0,0,0,"A small, antique music box, intricately carved with a delicate, forgotten melody, sits on a dusty, old, Victorian-era clock, its gentle, golden hands frozen in time, as a faint, morning fog creeps up the base of the clock, wrapping around the box like a damp, gray mist, and a tiny, old, leather-bound book lies beside it, open to a page with a notation that reads, ""For the keeper of the forgotten."""
steer_alpha_0p66_c8_tok100_seed07_a_delivery_label_on_a_cardboard_box.json,steer_alpha_0p66,experiments/frontier_sweep_mundane_matched_alpha0_smoke/steer_alpha_0p66_c8_tok100_seed07_a_delivery_label_on_a_cardboard_box.json,1,6,0,-1.2634558150183148,0.004435549981391158,0.41023864738202975,0.012121212121212123,0.0,0.0,0.06060606060606061,0.6837310789700496,0.19999999999999998,0.9100000000000001,0.0,1.0,14.705882352941176,antique; delicate; ethereal; leather-bound; music box,1.0,8.823529411764707,antique; leather-bound; music box,0.6666666666666666,5.882352941176471,delicate; ethereal,1.0,antique; leather-bound; music box,0.25,0.75,delivery; label; cardboard; box,box,0.4,0.0,0.0,0,0,"A small, antique music box, adorned in delicate lace and playing a faint, ethereal melody, sits atop a dusty, old-fashioned scale, where a small, antique scale rests, alongside a dusty, leather-bound book, its pages fluttering gently in the breeze."
steer_alpha_0p66_c8_tok100_seed07_a_delivery_label_on_a_cardboard_box.json,steer_alpha_0p66,experiments/frontier_sweep_mundane_matched_alpha0_smoke/steer_alpha_0p66_c8_tok100_seed07_a_delivery_label_on_a_cardboard_box.json,1,7,0,-0.34247208344175595,0.002391094103564923,0.41797704918032785,0.006349206349206349,0.0,0.0,0.031746031746031744,0.6966284153005464,0.19999999999999998,0.9100000000000001,0.0,1.0,6.666666666666667,antique; leather-bound; moonlit; music box,1.0,5.0,antique; leather-bound; music box,0.3333333333333333,1.6666666666666667,moonlit,1.0,antique; leather-bound; music box,0.25,0.75,delivery; label; cardboard; box,box,0.45,0.0,0.0,0,0,"A small, dusty, antique music box sits upon an old, worn, wooden piano, its lid slightly ajar, a tiny, forgotten melody drifts, as a old, leather-bound book lies open, revealing a faded, watercolor portrait of a woman, her eyes seeming to follow a small, antique globe that rolls across the floor, where a small, intricately carved wooden box, adorned with strange, curved symbols, slowly opens, releasing a puff of misty, moonlit night."
steer_alpha_0p66_c8_tok100_seed07_a_delivery_label_on_a_cardboard_box.json,steer_alpha_0p66,experiments/frontier_sweep_mundane_matched_alpha0_smoke/steer_alpha_0p66_c8_tok100_seed07_a_delivery_label_on_a_cardboard_box.json,1,8,0,-1.6269670996991759,0.0010057565960106245,0.11839063069631792,0.009523809523809525,0.0,0.0,0.047619047619047616,0.3946354356543931,0.0,1.0,0.0,0.6666666666666666,5.128205128205129,antique; music box,0.6666666666666666,5.128205128205129,antique; music box,0.0,0.0,,1.0,antique; music box,0.75,0.25,delivery; label; cardboard; box,delivery; label; box,0.4,0.4,0.0,0,0,"The delivery label, a small, worn, and faded, with a small, almost illegible name and an address that has begun to crack and peel away, slowly, like a dying flower, onto a nearby, worn, and weathered wooden bench, where a small, antique music box, once a deep"
steer_alpha_0p66_c8_tok100_seed07_a_delivery_label_on_a_cardboard_box.json,steer_alpha_0p66,experiments/frontier_sweep_mundane_matched_alpha0_smoke/steer_alpha_0p66_c8_tok100_seed07_a_delivery_label_on_a_cardboard_box.json,2,1,1,-0.8865704081016847,0.14964789325212394,0.20850622069364402,0.8,1.0,1.0,0.0,0.6950207356454801,0.19999999999999998,0.9100000000000001,0.5,1.0,5.454545454545454,delicate; porcelain; whispers,0.3333333333333333,1.8181818181818181,porcelain,0.6666666666666666,3.6363636363636362,delicate; whispers,0.5,porcelain,0.75,0.25,delivery; label; cardboard; sits; shelf; its; intricate; carvings; worn; and; book; lies,its; worn; and,0.42857142857142855,0.0,0.0,1,1,"A small, metal safe in the corner of the same attic, its door slightly ajar, a delicate, porcelain figurine with a tiny, painted flower on its lid, next to a stack of yellowed, 19th-century music sheets, their yellowed edges curled and worn, a faded, handwritten poem, once a lyric, now a cryptic message, reads: ""the silence holds a thousand whispers, and the wind stirs a forgotten melody."""
steer_alpha_0p66_c8_tok100_seed07_a_delivery_label_on_a_cardboard_box.json,steer_alpha_0p66,experiments/frontier_sweep_mundane_matched_alpha0_smoke/steer_alpha_0p66_c8_tok100_seed07_a_delivery_label_on_a_cardboard_box.json,2,2,0,1.2067451368497397,0.0,0.22414103492676649,0.0,0.0,0.0,0.0,0.6226139859076847,0.19999999999999998,0.9100000000000001,0.0,1.0,7.894736842105263,delicate; ornate; porcelain,0.6666666666666666,5.2631578947368425,ornate; porcelain,0.3333333333333333,2.6315789473684212,delicate,0.825,ornate; porcelain,1.0,0.0,delivery; label; cardboard; sits; shelf; its; intricate; carvings; worn; and; book; lies,sits; its; worn; and; lies,0.25,0.4,0.0,0,0,"A delicate, porcelain vase, its once-gold trim now tarnished, sits atop a worn, wooden table, beside a vintage, metal telescope, its lens foggy with morning dew, as a faded, 19th-century globe, its surface cracked and worn, lies beside it, a small, ornate musi"
steer_alpha_0p66_c8_tok100_seed07_a_delivery_label_on_a_cardboard_box.json,steer_alpha_0p66,experiments/frontier_sweep_mundane_matched_alpha0_smoke/steer_alpha_0p66_c8_tok100_seed07_a_delivery_label_on_a_cardboard_box.json,2,3,0,-0.3284731969750187,0.001775151374108053,0.15887392966360855,0.013333333333333334,0.0,0.0,0.06666666666666667,0.4413164712878016,0.19999999999999998,0.9100000000000001,0.0,1.0,8.333333333333334,delicate; leather-bound; moonlit,0.3333333333333333,2.7777777777777777,leather-bound,0.6666666666666666,5.555555555555555,delicate; moonlit,0.5,leather-bound,0.25,0.75,delivery; label; cardboard; sits; shelf; its; intricate; carvings; worn; and; book; lies,and,0.1,0.4,0.0,0,0,"A delicate, golden key protrudes from a small, cracked and weathered stone, the key's teeth glew with a thin, glistening layer of frost, beside it, a stack of yellowed, leather-bound tomes, their pages fluttering gently in the faint, moonlit breeze that stirs"
steer_alpha_0p66_c8_tok100_seed07_a_delivery_label_on_a_cardboard_box.json,steer_alpha_0p66,experiments/frontier_sweep_mundane_matched_alpha0_smoke/steer_alpha_0p66_c8_tok100_seed07_a_delivery_label_on_a_cardboard_box.json,2,4,0,-0.10702221262336703,0.002283156785046729,0.14269729906542059,0.01904761904761905,0.0,0.0,0.09523809523809523,0.44873364485981315,0.05999999999999997,0.9730000000000001,0.0,1.0,17.142857142857142,delicate; doll; mournful; music box; ornate; porcelain,1.0,11.428571428571429,doll; music box; ornate; porcelain,0.6666666666666666,5.714285714285714,delicate; mournful,1.0,doll; music box; ornate; porcelain,0.25,0.75,delivery; label; cardboard; sits; shelf; its; intricate; carvings; worn; and; book; lies,its,0.1111111111111111,0.4,0.0,0,0,"A small, cracked mirror hangs on a wall, its silvered glass clouded with a thin layer of grime, a nearby, old, ornate, bronze music box, its lid slightly ajar, its delicate, mechanical bird singing a soft, mournful tune, as a small, forgotten, porcelain doll s"
steer_alpha_0p66_c8_tok100_seed07_a_delivery_label_on_a_cardboard_box.json,steer_alpha_0p66,experiments/frontier_sweep_mundane_matched_alpha0_smoke/steer_alpha_0p66_c8_tok100_seed07_a_delivery_label_on_a_cardboard_box.json,2,5,0,-1.3109999014268467,0.0,0.1618891495601173,0.0,0.0,0.0,0.0,0.44969208211143696,0.19999999999999998,0.9100000000000001,0.0,1.0,9.090909090909092,delicate; moonlit; ornate,0.3333333333333333,3.0303030303030303,ornate,0.6666666666666666,6.0606060606060606,delicate; moonlit,0.325,ornate,0.5,0.5,delivery; label; cardboard; sits; shelf; its; intricate; carvings; worn; and; book; lies,its; and,0.14285714285714285,0.4,0.0,0,0,"A vintage, ornate, bronze clock ticks softly, its delicate, silver hands tracing the edges of a large, ornate, wooden frame, where a faded, watercolor painting depicts a serene, moonlit garden, surrounded by a tangle of vines and twisted, gnarled roots, a spri"
steer_alpha_0p66_c8_tok100_seed07_a_delivery_label_on_a_cardboard_box.json,steer_alpha_0p66,experiments/frontier_sweep_mundane_matched_alpha0_smoke/steer_alpha_0p66_c8_tok100_seed07_a_delivery_label_on_a_cardboard_box.json,2,6,0,-0.377742295680977,0.0,0.15149244365885992,0.0,0.0,0.0,0.0,0.42081234349683316,0.19999999999999998,0.9100000000000001,0.0,1.0,11.11111111111111,delicate; doll; ornate; porcelain,1.0,8.333333333333334,doll; ornate; porcelain,0.3333333333333333,2.7777777777777777,delicate,1.0,doll; grandfather clock; ornate; porcelain,1.0,0.0,delivery; label; cardboard; sits; shelf; its; intricate; carvings; worn; and; book; lies,sits; its; worn; and,0.125,0.4,0.0,0,0,"A small, delicate, porcelain doll, its porcelain face cracked and worn, sits on a nearby, ornate, Victorian-style, wooden easel, a silver, old, grandfather clock ticks softly in the corner, its gentle, rhythmic beat in perfect sync with the creaking of the lea"
steer_alpha_0p66_c8_tok100_seed07_a_delivery_label_on_a_cardboard_box.json,steer_alpha_0p66,experiments/frontier_sweep_mundane_matched_alpha0_smoke/steer_alpha_0p66_c8_tok100_seed07_a_delivery_label_on_a_cardboard_box.json,2,7,0,0.7181427845926578,0.0015631467016450785,0.1379247089686834,0.013333333333333334,0.0,0.0,0.06666666666666667,0.38312419157967614,0.19999999999999998,0.9100000000000001,0.0,1.0,10.526315789473685,delicate; leather-bound; music box; ornate,1.0,7.894736842105263,leather-bound; music box; ornate,0.3333333333333333,2.6315789473684212,delicate,1.0,ballerina; leather-bound; music box; ornate,0.5,0.5,delivery; label; cardboard; sits; shelf; its; intricate; carvings; worn; and; book; lies,and; book,0.16666666666666666,0.4,0.0,0,0,"The music box's lid creaks slightly, and a tiny, golden ballerina twirls to the rhythm of the forgotten melody, as a small, ornate key, once attached to a tiny, golden chain, slowly rises from the pages of the leather-bound book, and a delicate, silver bookmar"
steer_alpha_0p66_c8_tok100_seed07_a_delivery_label_on_a_cardboard_box.json,steer_alpha_0p66,experiments/frontier_sweep_mundane_matched_alpha0_smoke/steer_alpha_0p66_c8_tok100_seed07_a_delivery_label_on_a_cardboard_box.json,2,8,0,0.6188405774888568,0.00011712782544234194,0.006362264150943401,0.02176831018919161,0.0,0.0,0.10884155094595804,0.07069182389937112,0.19999999999999998,0.9100000000000001,0.0,1.0,7.5,music box; ornate; porcelain,1.0,7.5,music box; ornate; porcelain,0.0,0.0,,1.0,music box; ornate; porcelain,1.0,0.0,delivery; label; cardboard; sits; shelf; its; intricate; carvings; worn; and; book; lies,shelf; its; and; book; lies,0.14285714285714285,0.85,0.0,0,0,"A small, forgotten key, once a part of a grand, ornate keyhole, now lies beside the music box and book, its rusty surface etched with the initials 'M & J', as a forgotten, ornate, porcelain music box on the shelf above, its lid slightly ajar, and a small, fold"
steer_alpha_0p66_c8_tok100_seed07_a_delivery_label_on_a_cardboard_box.json,steer_alpha_0p66,experiments/frontier_sweep_mundane_matched_alpha0_smoke/steer_alpha_0p66_c8_tok100_seed07_a_delivery_label_on_a_cardboard_box.json,3,1,1,0.5553552771200385,0.0,0.22184940344675214,0.0,0.0,0.0,0.0,0.6162483429076449,0.19999999999999998,0.9100000000000001,0.0,1.0,8.333333333333334,delicate; ornate; velvet,0.6666666666666666,5.555555555555555,ornate; velvet,0.3333333333333333,2.7777777777777777,delicate,1.0,grandfather clock; ornate; velvet,0.75,0.25,delivery; label; cardboard; sits; shelf; its; intricate; carvings; worn; and; book; lies,its; worn; and,0.2222222222222222,0.4,0.0,0,0,"A small, ornate, 19th-century music stand, its surface etched with a delicate, cursive script, leans against the wall, beside a tattered, old, velvet, and a vintage, golden, grandfather clock, its face worn and cracked, its hands frozen at 3:45, a faded, silve"
steer_alpha_0p66_c8_tok100_seed07_a_delivery_label_on_a_cardboard_box.json,steer_alpha_0p66,experiments/frontier_sweep_mundane_matched_alpha0_smoke/steer_alpha_0p66_c8_tok100_seed07_a_delivery_label_on_a_cardboard_box.json,3,2,0,-1.2069066513080946,0.0,0.12870197192155183,0.0,0.0,0.0,0.0,0.4290065730718394,0.0,1.0,0.0,1.0,8.333333333333334,delicate; ethereal; porcelain,0.3333333333333333,2.7777777777777777,porcelain,0.6666666666666666,5.555555555555555,delicate; ethereal,0.5,porcelain,0.75,0.25,delivery; label; cardboard; sits; shelf; its; intricate; carvings; worn; and; book; lies,its; worn; and,0.2222222222222222,0.4,0.0,0,0,"A worn, wooden floor creaks softly as a lone, old-fashioned gramophone, its polished surface scratched and faded, slowly rises from the floor, its horn glows with a soft, ethereal light, as a soft, white, porcelain vase, once a delicate, floral pattern, now a"
steer_alpha_0p66_c8_tok100_seed07_a_delivery_label_on_a_cardboard_box.json,steer_alpha_0p66,experiments/frontier_sweep_mundane_matched_alpha0_smoke/steer_alpha_0p66_c8_tok100_seed07_a_delivery_label_on_a_cardboard_box.json,3,3,0,0.13469413026433236,0.001321712072644233,0.1482778449697636,0.010256410256410256,0.0,0.0,0.05128205128205128,0.4118829026937878,0.19999999999999998,0.9100000000000001,0.0,0.3333333333333333,2.9411764705882355,ornate,0.3333333333333333,2.9411764705882355,ornate,0.0,0.0,,0.325,ornate,0.5,0.5,delivery; label; cardboard; sits; shelf; its; intricate; carvings; worn; and; book; lies,its; worn,0.2727272727272727,0.4,0.0,0,0,"A lone, worn, wooden bench in the same forgotten attic, its slats weathered to a soft, silvery gray, as a single, flickering candle casts eerie shadows on the walls, its flame dancing, casting an otherworldly glow on the shadows, where a dusty, old, ornate, go"
steer_alpha_0p66_c8_tok100_seed07_a_delivery_label_on_a_cardboard_box.json,steer_alpha_0p66,experiments/frontier_sweep_mundane_matched_alpha0_smoke/steer_alpha_0p66_c8_tok100_seed07_a_delivery_label_on_a_cardboard_box.json,3,4,0,-0.9164556732589522,0.0,0.12473805463217229,0.0,0.0,0.0,0.0,0.39225803343450405,0.05999999999999997,0.9730000000000001,0.0,1.0,17.647058823529413,antique; delicate; doll; ornate; porcelain; velvet,1.0,14.705882352941176,antique; doll; ornate; porcelain; velvet,0.3333333333333333,2.9411764705882355,delicate,1.0,antique; doll; ornate; porcelain; velvet,0.25,0.75,delivery; label; cardboard; sits; shelf; its; intricate; carvings; worn; and; book; lies,and,0.1111111111111111,0.4,0.0,0,0,"A small, antique, ornate, and intricately carved wooden door, partially hidden behind a tattered, velvet curtain, creaks open, revealing a dimly lit, moss-covered, stone well, where a delicate, porcelain doll, with a cracked, porcelain face and a tattered, sil"
steer_alpha_0p66_c8_tok100_seed07_a_delivery_label_on_a_cardboard_box.json,steer_alpha_0p66,experiments/frontier_sweep_mundane_matched_alpha0_smoke/steer_alpha_0p66_c8_tok100_seed07_a_delivery_label_on_a_cardboard_box.json,3,5,0,0.5605092292333786,7.072695500218442e-05,0.009739449541284412,0.008333333333333333,0.0,0.0,0.041666666666666664,0.10821610601427123,0.19999999999999998,0.9100000000000001,0.0,1.0,16.666666666666668,antique; crystal; delicate; iridescent; leather-bound; music box,1.0,11.11111111111111,antique; crystal; leather-bound; music box,0.6666666666666666,5.555555555555555,delicate; iridescent,1.0,antique; ballerina; crystal; leather-bound; music box,0.5,0.5,delivery; label; cardboard; sits; shelf; its; intricate; carvings; worn; and; book; lies,its; book,0.2857142857142857,0.85,0.0,0,0,"The small, antique music box, now slightly ajar, its lid open, a tiny, delicate ballerina twirls to an unheard waltz, as the small, leather-bound book, now open, a yellowed, 19, a small, crystal vial, filled with a shimmering, iridescent liquid, contains a sin"
steer_alpha_0p66_c8_tok100_seed07_a_delivery_label_on_a_cardboard_box.json,steer_alpha_0p66,experiments/frontier_sweep_mundane_matched_alpha0_smoke/steer_alpha_0p66_c8_tok100_seed07_a_delivery_label_on_a_cardboard_box.json,3,6,0,-0.43802763864516736,5.148841191658954e-05,0.008082483265976265,0.007407407407407408,0.0,0.0,0.037037037037037035,0.10166645617580206,0.05999999999999997,0.9730000000000001,0.0,0.6666666666666666,5.405405405405405,delicate; music box,0.3333333333333333,2.7027027027027026,music box,0.3333333333333333,2.7027027027027026,delicate,1.0,ballerina; music box,0.75,0.25,delivery; label; cardboard; sits; shelf; its; intricate; carvings; worn; and; book; lies,its; and; book,0.2222222222222222,0.85,0.0,0,0,"The music box, now open, its lid slightly askew, a tiny, golden ballerina twirls to a gentle, forgotten waltz, as the book, now open, its pages, yellowed and cracked, reveals a yellowed, 19, a small, copper kettle, tarnished and still, its spout, a delicate, h"
steer_alpha_0p66_c8_tok100_seed07_a_delivery_label_on_a_cardboard_box.json,steer_alpha_0p66,experiments/frontier_sweep_mundane_matched_alpha0_smoke/steer_alpha_0p66_c8_tok100_seed07_a_delivery_label_on_a_cardboard_box.json,3,7,0,-1.6897445847876758,4.94564195198977e-05,0.007289819062181453,0.00784313725490196,0.0,0.0,0.0392156862745098,0.09719758749575269,0.0,1.0,0.0,1.0,13.88888888888889,antique; delicate; leather-bound; music box; ornate,1.0,11.11111111111111,antique; leather-bound; music box; ornate,0.3333333333333333,2.7777777777777777,delicate,1.0,antique; leather-bound; music box; ornate,0.5,0.5,delivery; label; cardboard; sits; shelf; its; intricate; carvings; worn; and; book; lies,label; its,0.25,0.85,0.0,0,0,"A small, antique globe with a cracked, faded label still clinging to its surface, a vintage, ornate, wooden music box, its lid slightly ajar, a faded, silk, red ribbon tied around its neck, a small, leather-bound, 19, a delicate, silver, filigeworked, music bo"
steer_alpha_0p66_c8_tok100_seed07_a_delivery_label_on_a_cardboard_box.json,steer_alpha_0p66,experiments/frontier_sweep_mundane_matched_alpha0_smoke/steer_alpha_0p66_c8_tok100_seed07_a_delivery_label_on_a_cardboard_box.json,3,8,0,-0.6683994073356851,0.0,0.008458327702702712,0.0,0.0,0.0,0.0,0.1063940591534932,0.05999999999999997,0.9730000000000001,0.0,1.0,8.108108108108109,doll; ornate; porcelain,1.0,8.108108108108109,doll; ornate; porcelain,0.0,0.0,,1.0,doll; ornate; porcelain,0.25,0.75,delivery; label; cardboard; sits; shelf; its; intricate; carvings; worn; and; book; lies,its,0.0,0.85,0.0,0,0,"A spider, its eight legs a mesmerizing dance, as it weaves a silken web across the edge of the safe, its threads glistening with dew, a nearby, old, ornate clock ticks away, its gentle, rhythmic pulse, a small, porcelain doll, its glassy eyes staring with a se"
steer_alpha_0p77_c8_tok100_seed07_a_delivery_label_on_a_cardboard_box.json,steer_alpha_0p77,experiments/frontier_sweep_mundane_matched_alpha0_smoke/steer_alpha_0p77_c8_tok100_seed07_a_delivery_label_on_a_cardboard_box.json,1,1,1,-2.4394292197630225,0.19245019481220657,0.3769345070422535,0.5666666666666668,1.0,0.0,0.08333333333333333,0.753869014084507,0.0,1.0,0.0,1.0,12.0,antique; delicate; music box,0.6666666666666666,8.0,antique; music box,0.3333333333333333,4.0,delicate,1.0,antique; ballerina; music box,0.75,0.25,delivery; label; cardboard; box,delivery; label; box,0.45,0.0,0.0,1,0,"The delivery label, now a worn and faded smile, peels off the box, revealing a small, dusty, antique music box, its delicate ballerina twirling to a slow, forgotten melody."
steer_alpha_0p77_c8_tok100_seed07_a_delivery_label_on_a_cardboard_box.json,steer_alpha_0p77,experiments/frontier_sweep_mundane_matched_alpha0_smoke/steer_alpha_0p77_c8_tok100_seed07_a_delivery_label_on_a_cardboard_box.json,1,2,0,1.4329943014609257,0.12220126791412977,0.5269020406872467,0.2574074074074074,0.0,1.0,0.037037037037037035,0.8781700678120778,0.19999999999999998,0.9100000000000001,0.0,0.6666666666666666,4.081632653061225,leather-bound; whispers,0.3333333333333333,2.0408163265306123,leather-bound,0.3333333333333333,2.0408163265306123,whispers,0.5,leather-bound,0.25,0.75,delivery; label; cardboard; box,label,0.45,0.0,0.0,0,1,"The label, once a weathered, worn, and faded, now clings to the side of a stone, as a small, forgotten garden, overgrown with moss and vines, slowly claims it, its letters, now barely legible, still proclaiming ""Fragile"" in peeling, chipped letters, as a small, mischievous squirrel, with a tiny, leather-bound book clutched in its paws, whispers secrets to the stone."
steer_alpha_0p77_c8_tok100_seed07_a_delivery_label_on_a_cardboard_box.json,steer_alpha_0p77,experiments/frontier_sweep_mundane_matched_alpha0_smoke/steer_alpha_0p77_c8_tok100_seed07_a_delivery_label_on_a_cardboard_box.json,1,3,0,-1.2438704663212434,0.01232040990213011,0.46150259067357513,0.02962962962962963,0.0,0.0,0.14814814814814814,0.7691709844559586,0.19999999999999998,0.9100000000000001,0.0,1.0,13.333333333333334,melancholic; miniature; music box; ornate,1.0,10.0,miniature; music box; ornate,0.3333333333333333,3.3333333333333335,melancholic,1.0,grandfather clock; miniature; music box; ornate,0.25,0.75,delivery; label; cardboard; box,box,0.45,0.0,0.0,0,0,"A small, worn leather wallet partially protrudes from the crack of a old, ornate grandfather clock, its face frozen in time, beside a dusty, forgotten music box, where a miniature, wooden fl automaton plays a soft, melancholic tune."
steer_alpha_0p77_c8_tok100_seed07_a_delivery_label_on_a_cardboard_box.json,steer_alpha_0p77,experiments/frontier_sweep_mundane_matched_alpha0_smoke/steer_alpha_0p77_c8_tok100_seed07_a_delivery_label_on_a_cardboard_box.json,1,4,0,-2.2981587301587303,0.007640486419753087,0.3933888888888889,0.022222222222222223,0.0,0.0,0.1111111111111111,0.7867777777777778,0.0,1.0,0.0,1.0,14.285714285714286,antique; ethereal; music box,0.6666666666666666,9.523809523809524,antique; music box,0.3333333333333333,4.761904761904762,ethereal,1.0,antique; music box,0.25,0.75,delivery; label; cardboard; box,box,0.3,0.0,0.0,0,0,"A small, antique music box, its intricate mechanism ticking away, emits a soft, ethereal melody that harmonizes with the hum of a nearby, forgotten refrigerator."
steer_alpha_0p77_c8_tok100_seed07_a_delivery_label_on_a_cardboard_box.json,steer_alpha_0p77,experiments/frontier_sweep_mundane_matched_alpha0_smoke/steer_alpha_0p77_c8_tok100_seed07_a_delivery_label_on_a_cardboard_box.json,1,5,0,-1.0352004596457824,0.006179386076415651,0.3600641165503015,0.01904761904761905,0.0,0.0,0.09523809523809523,0.720128233100603,0.0,1.0,0.0,1.0,15.217391304347826,antique; delicate; fog; leather-bound; miniature; mist; music box,1.0,8.695652173913043,antique; leather-bound; miniature; music box,1.0,6.521739130434782,delicate; fog; mist,1.0,antique; leather-bound; miniature; music box,0.75,0.25,delivery; label; cardboard; box,delivery; label; box,0.45,0.0,0.0,0,0,"A small, antique music box, its lid slightly ajar, releases a faint, fog-like mist that slowly settles onto the delivery label, where it pools, a miniature, delicate, silvered mirror forms, and a small, leather-bound book appears, its cover creaks open, revealing yellowed, handwritten pages that whisper a forgotten song."
steer_alpha_0p77_c8_tok100_seed07_a_delivery_label_on_a_cardboard_box.json,steer_alpha_0p77,experiments/frontier_sweep_mundane_matched_alpha0_smoke/steer_alpha_0p77_c8_tok100_seed07_a_delivery_label_on_a_cardboard_box.json,1,6,0,-1.225869582524755,0.0,0.35572753396029255,0.0,0.0,0.0,0.0,0.7114550679205851,0.0,1.0,0.0,0.3333333333333333,3.4482758620689653,leather-bound,0.3333333333333333,3.4482758620689653,leather-bound,0.0,0.0,,0.5,leather-bound,0.5,0.5,delivery; label; cardboard; box,delivery; label,0.2,0.0,0.0,0,0,"On the delivery label, a small, forlorn plant has taken root, its tendrils curling around the sticky adhesive, its leaves unfolding like a tiny, green umbrella, sheltering a small, dusty, leather-bound book."
steer_alpha_0p77_c8_tok100_seed07_a_delivery_label_on_a_cardboard_box.json,steer_alpha_0p77,experiments/frontier_sweep_mundane_matched_alpha0_smoke/steer_alpha_0p77_c8_tok100_seed07_a_delivery_label_on_a_cardboard_box.json,1,7,0,-0.4040534499940812,0.004217360350333567,0.39809179508297393,0.012121212121212123,0.0,0.0,0.06060606060606061,0.6634863251382899,0.19999999999999998,0.9100000000000001,0.0,1.0,9.30232558139535,antique; delicate; leather-bound; music box,1.0,6.976744186046512,antique; leather-bound; music box,0.3333333333333333,2.3255813953488373,delicate,1.0,antique; leather-bound; music box,1.0,0.0,delivery; label; cardboard; box,delivery; label; cardboard; box,0.3,0.0,0.0,0,0,"A delivery label on a cardboard box is affixed to a small, antique music box, its intricate carvings and delicate baller, now frozen in time, as if waiting for the morning, where a forgotten piano, its keys dusty, its lid slightly ajar, a small, leather-bound book lies, its pages fluttering in the morning breeze."
steer_alpha_0p77_c8_tok100_seed07_a_delivery_label_on_a_cardboard_box.json,steer_alpha_0p77,experiments/frontier_sweep_mundane_matched_alpha0_smoke/steer_alpha_0p77_c8_tok100_seed07_a_delivery_label_on_a_cardboard_box.json,1,8,0,-3.280503875968992,0.000953936212624585,0.11229069767441863,0.009523809523809525,0.0,0.0,0.047619047619047616,0.3743023255813954,0.0,1.0,0.0,1.0,11.11111111111111,antique; delicate; music box; tiny ballerina,1.0,8.333333333333334,antique; music box; tiny ballerina,0.3333333333333333,2.7777777777777777,delicate,1.0,antique; ballerina; music box; tiny ballerina,0.25,0.75,delivery; label; cardboard; box,box,0.4,0.4,0.0,0,0,"A small, delicate music box, its tiny ballerina twirling to a slow, forgotten walt, its lid slightly ajar, a forgotten tune seeping from the small, worn fingers of a nearby, antique clock, its face cracked, a tiny, moss, a forgotten, antique globe, its surface"
steer_alpha_0p77_c8_tok100_seed07_a_delivery_label_on_a_cardboard_box.json,steer_alpha_0p77,experiments/frontier_sweep_mundane_matched_alpha0_smoke/steer_alpha_0p77_c8_tok100_seed07_a_delivery_label_on_a_cardboard_box.json,2,1,1,0.3634308660568358,0.09626157647492051,0.19786950950066284,0.5656862745098039,1.0,0.0,0.0784313725490196,0.6595650316688761,0.0,1.0,0.0,1.0,8.571428571428571,leather-bound; music box; old woman,0.6666666666666666,5.714285714285714,leather-bound; music box,0.3333333333333333,2.857142857142857,old woman,1.0,leather-bound; music box,1.0,0.0,delivery; label; cardboard; the; now; worn; and; smile; peels; off; revealing; its,the; now; worn; and,0.2222222222222222,0.4,0.0,1,0,"In a decrepit, forgotten attic, the music box, now a tiny, bedragged, and tarnished, casts a faint, lunar glow, as a small, bespectaced, and slightly disheveled, old woman, with a worn, leather-bound book clutched in her bony, pale hand, slowly, almost imperce"
steer_alpha_0p77_c8_tok100_seed07_a_delivery_label_on_a_cardboard_box.json,steer_alpha_0p77,experiments/frontier_sweep_mundane_matched_alpha0_smoke/steer_alpha_0p77_c8_tok100_seed07_a_delivery_label_on_a_cardboard_box.json,2,2,0,-0.9965024047523225,0.060990269422931814,0.12520975813177648,0.5690476190476191,1.0,0.0,0.09523809523809523,0.41736586043925494,0.0,1.0,0.0,1.0,11.11111111111111,delicate; miniature; music box; ornate,1.0,8.333333333333334,miniature; music box; ornate,0.3333333333333333,2.7777777777777777,delicate,1.0,ballerina; miniature; music box; ornate,0.75,0.25,delivery; label; cardboard; the; now; worn; and; smile; peels; off; revealing; its,the; now; its,0.2,0.4,0.0,1,0,"As the music box's gentle, silver ballerina slows to a stop, the small, faded music box itself begins to transform, its lid opening to reveal a miniature, ornate, ornate, Victorian-era, golden clock, its delicate, gilded hands, now a tiny, mechanical, pendulum"
steer_alpha_0p77_c8_tok100_seed07_a_delivery_label_on_a_cardboard_box.json,steer_alpha_0p77,experiments/frontier_sweep_mundane_matched_alpha0_smoke/steer_alpha_0p77_c8_tok100_seed07_a_delivery_label_on_a_cardboard_box.json,2,3,0,0.6776736424347998,0.0055265273559728725,0.5560225693509292,0.012121212121212123,0.0,0.0,0.06060606060606061,0.9267042822515487,0.19999999999999998,0.9100000000000001,0.0,1.0,7.142857142857143,leather-bound; music box; porcelain,1.0,7.142857142857143,leather-bound; music box; porcelain,0.0,0.0,,1.0,leather-bound; music box; porcelain,0.75,0.25,delivery; label; cardboard; the; now; worn; and; smile; peels; off; revealing; its,the; and; its,0.0,0.0,0.0,0,0,"As the music box's melancholy tune meows a faint, operatic meow, a small, porcelain cat, once a companion to a long-dead feline, emerges from a crack in the wall, its eyes, two glittering sapphire, blinking open to reveal a tiny, leather-bound book, adorned with a golden lock and key."
steer_alpha_0p77_c8_tok100_seed07_a_delivery_label_on_a_cardboard_box.json,steer_alpha_0p77,experiments/frontier_sweep_mundane_matched_alpha0_smoke/steer_alpha_0p77_c8_tok100_seed07_a_delivery_label_on_a_cardboard_box.json,2,4,0,1.339609912439484,0.011284702783597724,0.4167645914396887,0.03076923076923077,0.0,0.0,0.15384615384615385,0.6946076523994812,0.19999999999999998,0.9100000000000001,0.0,1.0,10.0,antique; leather-bound; melancholic; music box,1.0,7.5,antique; leather-bound; music box,0.3333333333333333,2.5,melancholic,1.0,antique; leather-bound; music box,0.75,0.25,delivery; label; cardboard; the; now; worn; and; smile; peels; off; revealing; its,the; and; its,0.3333333333333333,0.0,0.0,0,0,"In a small, cluttered antique shop, the music box sits on a shelf, surrounded by vintage trinkets and forgotten relics, where a small, leather-bound book lies open, its pages fluttering in a gentle, unseen breeze, as if sharing a secret with the music box, which, in response, emits a soft, melancholic sigh."
steer_alpha_0p77_c8_tok100_seed07_a_delivery_label_on_a_cardboard_box.json,steer_alpha_0p77,experiments/frontier_sweep_mundane_matched_alpha0_smoke/steer_alpha_0p77_c8_tok100_seed07_a_delivery_label_on_a_cardboard_box.json,2,5,0,0.9848801166180758,0.007304157375661376,0.4008379047619048,0.022222222222222223,0.0,0.0,0.1111111111111111,0.6680631746031747,0.19999999999999998,0.9100000000000001,0.0,1.0,6.666666666666667,gossamer; leather-bound; music box,0.6666666666666666,4.444444444444445,leather-bound; music box,0.3333333333333333,2.2222222222222223,gossamer,1.0,ballerina; leather-bound; music box,0.5,0.5,delivery; label; cardboard; the; now; worn; and; smile; peels; off; revealing; its,the; its,0.0,0.0,0.0,0,0,"Inside the music box, a small, leather-bound book opens, releasing a faint, whispery voice, reciting a poem, as a faint, dew-kissed spider creeps onto the music box's lid, its eight tiny, gossamer legs tapping out a rhythm on the lid, in perfect synchrony with the ballerina's slow, melancholy dance."
steer_alpha_0p77_c8_tok100_seed07_a_delivery_label_on_a_cardboard_box.json,steer_alpha_0p77,experiments/frontier_sweep_mundane_matched_alpha0_smoke/steer_alpha_0p77_c8_tok100_seed07_a_delivery_label_on_a_cardboard_box.json,2,6,0,0.03159255093177188,0.0012907764892673575,0.16086828649622856,0.009523809523809525,0.0,0.0,0.047619047619047616,0.44685635137841273,0.19999999999999998,0.9100000000000001,0.0,0.6666666666666666,5.555555555555555,ghostly; music box,0.3333333333333333,2.7777777777777777,music box,0.3333333333333333,2.7777777777777777,ghostly,0.625,music box,0.75,0.25,delivery; label; cardboard; the; now; worn; and; smile; peels; off; revealing; its,the; now; and,0.125,0.4,0.0,0,0,"As the music box's melancholy tune wafts out, a small, forgotten key, previously hidden in a crack of the box, now emerges, and, with a faint, ghostly glow, it unlocks a tiny, hidden door on the base of a nearby, overgrown, and ancient, gnarled tree, where a t"
steer_alpha_0p77_c8_tok100_seed07_a_delivery_label_on_a_cardboard_box.json,steer_alpha_0p77,experiments/frontier_sweep_mundane_matched_alpha0_smoke/steer_alpha_0p77_c8_tok100_seed07_a_delivery_label_on_a_cardboard_box.json,2,7,0,0.3279037473083209,0.0039117152256100554,0.1514988068935042,0.02962962962962963,0.0,0.0,0.14814814814814814,0.42083001914862284,0.19999999999999998,0.9100000000000001,0.0,1.0,11.11111111111111,antique; leather-bound; music box; porcelain,1.0,11.11111111111111,antique; leather-bound; music box; porcelain,0.0,0.0,,1.0,antique; leather-bound; music box; porcelain,0.5,0.5,delivery; label; cardboard; the; now; worn; and; smile; peels; off; revealing; its,the; its,0.2857142857142857,0.4,0.0,0,0,"As the music box's melancholy tune wafts through the abandoned, ivy-covered walls of a 19th-century mansion, a small, leather-bound book lies open on a dusty, antique desk, its yellowed pages fluttering slowly to the floor, where a tiny, porcelain music box, n"
steer_alpha_0p77_c8_tok100_seed07_a_delivery_label_on_a_cardboard_box.json,steer_alpha_0p77,experiments/frontier_sweep_mundane_matched_alpha0_smoke/steer_alpha_0p77_c8_tok100_seed07_a_delivery_label_on_a_cardboard_box.json,2,8,0,-0.1873736157889283,0.011480570399641583,0.024658759390190025,0.5677777777777778,1.0,0.0,0.08888888888888888,0.3101730740904405,0.05999999999999997,0.9730000000000001,0.0,1.0,22.22222222222222,doll; leather-bound; miniature; moonlit; music box; ornate; porcelain; velvet,1.0,19.444444444444443,doll; leather-bound; miniature; music box; ornate; porcelain; velvet,0.3333333333333333,2.7777777777777777,moonlit,1.0,doll; leather-bound; miniature; music box; ornate; porcelain; velvet,1.0,0.0,delivery; label; cardboard; the; now; worn; and; smile; peels; off; revealing; its,the; now; and; its,0.0,0.85,0.0,1,0,"The music box, now a miniature, sits on a velvet-lined, old, ornate desk, surrounded by yellowed, leather-bound books, their pages fluttering in a gentle, moonlit breeze, as a nearby, ornate, porcelain doll, its face pale and serene, watches the music box, its"
steer_alpha_0p77_c8_tok100_seed07_a_delivery_label_on_a_cardboard_box.json,steer_alpha_0p77,experiments/frontier_sweep_mundane_matched_alpha0_smoke/steer_alpha_0p77_c8_tok100_seed07_a_delivery_label_on_a_cardboard_box.json,3,1,1,0.4240381846713684,0.0,0.2327455174633832,0.0,0.0,0.0,0.0,0.6465153262871757,0.19999999999999998,0.9100000000000001,0.0,1.0,7.894736842105263,mist; silver mist; velvet,0.3333333333333333,2.6315789473684212,velvet,0.6666666666666666,5.2631578947368425,mist; silver mist,0.375,velvet,0.75,0.25,delivery; label; cardboard; the; now; worn; and; smile; peels; off; revealing; its,the; worn; and,0.38461538461538464,0.4,0.0,0,0,"In the same dusty, forgotten attic, a small, narrow, bronze door, hidden behind a tattered, velvet curtain, creaks open, releasing a faint, wispy, silver mist, into the dim, musty air, where, on a small, rickety, old desk, a half-empty, cracked, and worn, glas"
steer_alpha_0p77_c8_tok100_seed07_a_delivery_label_on_a_cardboard_box.json,steer_alpha_0p77,experiments/frontier_sweep_mundane_matched_alpha0_smoke/steer_alpha_0p77_c8_tok100_seed07_a_delivery_label_on_a_cardboard_box.json,3,2,0,0.7604391992610244,0.0017855383124317703,0.2183402827701893,0.008888888888888889,0.0,0.0,0.04444444444444444,0.6065007854727481,0.19999999999999998,0.9100000000000001,0.0,1.0,7.6923076923076925,leather-bound; music box; old woman,0.6666666666666666,5.128205128205129,leather-bound; music box,0.3333333333333333,2.5641025641025643,old woman,1.0,leather-bound; music box,1.0,0.0,delivery; label; cardboard; the; now; worn; and; smile; peels; off; revealing; its,the; worn; and; revealing,0.5555555555555556,0.4,0.0,0,0,"As the old woman's bony fingers, covered in dirt and worn, wrinkled skin, turn the worn, wooden lid of the music box, a faint, silvered mirror, attached to the inside of the lid, slowly, creaks open, revealing a small, dusty, and forgotten, old, leather-bound"
steer_alpha_0p77_c8_tok100_seed07_a_delivery_label_on_a_cardboard_box.json,steer_alpha_0p77,experiments/frontier_sweep_mundane_matched_alpha0_smoke/steer_alpha_0p77_c8_tok100_seed07_a_delivery_label_on_a_cardboard_box.json,3,3,0,-0.05313172139927719,0.001353116362868678,0.1948404208340165,0.00784313725490196,0.0,0.0,0.0392156862745098,0.6127057258931337,0.05999999999999997,0.9730000000000001,0.0,1.0,7.894736842105263,melancholic; music box; old woman,0.3333333333333333,2.6315789473684212,music box,0.6666666666666666,5.2631578947368425,melancholic; old woman,0.625,music box,0.5,0.5,delivery; label; cardboard; the; now; worn; and; smile; peels; off; revealing; its,the; and,0.36363636363636365,0.4,0.0,0,0,"As the old woman's bony fingers, adorned with a thin, tarned, and rusted, old watch, slowly, creaking with arthritic joints, reaches for the music box, it, in a faint, pale, and dusty, forgotten, and overgrown with ivy, begins to play a soft, melancholic, and"
steer_alpha_0p77_c8_tok100_seed07_a_delivery_label_on_a_cardboard_box.json,steer_alpha_0p77,experiments/frontier_sweep_mundane_matched_alpha0_smoke/steer_alpha_0p77_c8_tok100_seed07_a_delivery_label_on_a_cardboard_box.json,3,4,0,0.4640889655448,0.002832839811815719,0.1861533170731708,0.017777777777777778,0.0,0.0,0.08888888888888888,0.5853877895382729,0.05999999999999997,0.9730000000000001,0.0,0.6666666666666666,4.878048780487805,music box; old woman,0.3333333333333333,2.4390243902439024,music box,0.3333333333333333,2.4390243902439024,old woman,0.625,music box,0.5,0.5,delivery; label; cardboard; the; now; worn; and; smile; peels; off; revealing; its,the; and,0.2,0.4,0.0,0,0,"The old woman's eyes, sunken and deep with age, seem to lock onto the music box, her bony fingers, adorned with a faded, silver, and slightly ajar, slowly, as if to retrieve the music box, and, with a gentle, bony hand, it is delicately, and with a soft, wispy"
steer_alpha_0p77_c8_tok100_seed07_a_delivery_label_on_a_cardboard_box.json,steer_alpha_0p77,experiments/frontier_sweep_mundane_matched_alpha0_smoke/steer_alpha_0p77_c8_tok100_seed07_a_delivery_label_on_a_cardboard_box.json,3,5,0,0.384284452249728,0.0,0.20775262334380587,0.0,0.0,0.0,0.0,0.5770906203994608,0.19999999999999998,0.9100000000000001,0.0,0.6666666666666666,5.2631578947368425,ghostly; old woman,0.0,0.0,,0.6666666666666666,5.2631578947368425,ghostly; old woman,0.0,,0.75,0.25,delivery; label; cardboard; the; now; worn; and; smile; peels; off; revealing; its,the; now; and,0.1,0.4,0.0,0,0,"As the old woman's bony, pale hand, now covered in a thin, translucent, and almost invisible, of a thin, wispy, and tattered, moth, delicately, and with fingers, almost, but not quite, a ghostly, tendril, slowly, and with a slow, arthritic, and creaky, old woo"
steer_alpha_0p77_c8_tok100_seed07_a_delivery_label_on_a_cardboard_box.json,steer_alpha_0p77,experiments/frontier_sweep_mundane_matched_alpha0_smoke/steer_alpha_0p77_c8_tok100_seed07_a_delivery_label_on_a_cardboard_box.json,3,6,0,-0.2881745919303866,0.0,0.1689282735613011,0.0,0.0,0.0,0.0,0.563094245204337,0.0,1.0,0.0,0.3333333333333333,2.7777777777777777,old woman,0.0,0.0,,0.3333333333333333,2.7777777777777777,old woman,0.0,,0.5,0.5,delivery; label; cardboard; the; now; worn; and; smile; peels; off; revealing; its,the; and,0.18181818181818182,0.4,0.0,0,0,"The old woman's bony fingers, yellowed and wrinkled, slowly, with a hesitant, arthritic hand, delicately, and with a slow, almost imperceptible, as she gently, and with a tender, almost maternal, caress, tenderly, and with a soft, forgotten sigh, she cradles t"
steer_alpha_0p77_c8_tok100_seed07_a_delivery_label_on_a_cardboard_box.json,steer_alpha_0p77,experiments/frontier_sweep_mundane_matched_alpha0_smoke/steer_alpha_0p77_c8_tok100_seed07_a_delivery_label_on_a_cardboard_box.json,3,7,0,0.16613393479475486,0.0009727078342819465,0.13355256305930616,0.008333333333333333,0.0,0.0,0.041666666666666664,0.4199766133940446,0.05999999999999997,0.9730000000000001,0.0,1.0,13.513513513513514,antique; ethereal; ghostly; music box; old woman,0.6666666666666666,5.405405405405405,antique; music box,1.0,8.108108108108109,ethereal; ghostly; old woman,1.0,antique; music box,0.5,0.5,delivery; label; cardboard; the; now; worn; and; smile; peels; off; revealing; its,the; and,0.3,0.4,0.0,0,0,"The old woman's bony, pale hand, clenched around the music box, as if to hold it, but her frail, papery fingers, translucent and almost translucent, slowly, with a ghostly, ethereal, blue-veined, and slightly ajar, a small, dusty, antique, and incredibly delic"
steer_alpha_0p77_c8_tok100_seed07_a_delivery_label_on_a_cardboard_box.json,steer_alpha_0p77,experiments/frontier_sweep_mundane_matched_alpha0_smoke/steer_alpha_0p77_c8_tok100_seed07_a_delivery_label_on_a_cardboard_box.json,3,8,0,-0.8869077899965294,0.0009178518998033436,0.12006783573008854,0.008888888888888889,0.0,0.0,0.04444444444444444,0.3775718104719765,0.05999999999999997,0.9730000000000001,0.0,0.6666666666666666,4.444444444444445,music box; old woman,0.3333333333333333,2.2222222222222223,music box,0.3333333333333333,2.2222222222222223,old woman,0.625,music box,0.5,0.5,delivery; label; cardboard; the; now; worn; and; smile; peels; off; revealing; its,the; and,0.2222222222222222,0.4,0.0,0,0,"As the old woman's bony fingers, veined and translucent, release the music box, it falls to the dusty, cobweb-shrouded floor, where it lands, half-buried in a small, moss-covered, moss-covered, moss-lined, moss-lined, moss-lined, moss-lined, moss-lined, moss-l"
steer_alpha_0p82_c8_tok100_seed07_a_delivery_label_on_a_cardboard_box.json,steer_alpha_0p82,experiments/frontier_sweep_mundane_matched_alpha0_smoke/steer_alpha_0p82_c8_tok100_seed07_a_delivery_label_on_a_cardboard_box.json,1,1,1,1.196968112040512,0.11534126513897784,0.2327540412450365,0.55,1.0,0.0,0.0,0.6465390034584348,0.19999999999999998,0.9100000000000001,0.0,0.3333333333333333,2.7027027027027026,antique,0.3333333333333333,2.7027027027027026,antique,0.0,0.0,,0.375,antique,0.5,0.5,delivery; label; cardboard; box,label; box,0.45,0.4,0.0,2,0,"The label, once dry and cracked, now clings to the trunk of a gnail, its faded letters, now a map of a small, forgotten village, where a solitary, antique clock ticks in reverse, its ticking a soft, melancholy chant, as the box, now a moss, slowly unfurls, rel"
steer_alpha_0p82_c8_tok100_seed07_a_delivery_label_on_a_cardboard_box.json,steer_alpha_0p82,experiments/frontier_sweep_mundane_matched_alpha0_smoke/steer_alpha_0p82_c8_tok100_seed07_a_delivery_label_on_a_cardboard_box.json,1,2,0,1.1446735088775812,0.2350678790525914,0.3916703793943612,0.7161904761904762,0.873015873015873,0.873015873015873,0.08888888888888888,0.6527839656572687,0.19999999999999998,0.9100000000000001,0.0,1.0,6.349206349206349,clockwork; delicate; leather-bound; music box,1.0,4.761904761904762,clockwork; leather-bound; music box,0.3333333333333333,1.5873015873015872,delicate,1.0,clockwork; leather-bound; music box,0.5,0.5,delivery; label; cardboard; box,delivery; box,0.1,0.0,0.0,1,1,"A small, delicate music box emerges from a crack in the wall, its intricate mechanical clockwork whirs to life, as a small, leather-bound book falls from the box and opens, revealing a page with a faded, handwritten poem that reads: ""In the silence, a tiny, moss-like iviness begins to unfurl, as the delivery man, now a tree, its branches tangled with the box, its face a gentle smile, watches the city awaken."
steer_alpha_0p82_c8_tok100_seed07_a_delivery_label_on_a_cardboard_box.json,steer_alpha_0p82,experiments/frontier_sweep_mundane_matched_alpha0_smoke/steer_alpha_0p82_c8_tok100_seed07_a_delivery_label_on_a_cardboard_box.json,1,3,0,-0.966773407664189,0.07146431764214145,0.14421212318059015,0.55,1.0,0.0,0.0,0.45349724270625835,0.05999999999999997,0.9730000000000001,0.0,0.3333333333333333,2.6315789473684212,miniature,0.3333333333333333,2.6315789473684212,miniature,0.0,0.0,,0.4,miniature,0.5,0.5,delivery; label; cardboard; box,delivery; label,0.45,0.4,0.0,1,0,"A small, worn, and faded delivery label, once a bright red, now a dull gray, clings to the side of a rusty, old, metal door, as a gentle, misty rain drips from the eaves above, and a small, moss-covered stone, once a miniature, intricates a tiny, forgotten gar"
steer_alpha_0p82_c8_tok100_seed07_a_delivery_label_on_a_cardboard_box.json,steer_alpha_0p82,experiments/frontier_sweep_mundane_matched_alpha0_smoke/steer_alpha_0p82_c8_tok100_seed07_a_delivery_label_on_a_cardboard_box.json,1,4,0,1.2643142026691507,0.009826637163120567,0.43048936170212765,0.02666666666666667,0.0,0.0,0.13333333333333333,0.7174822695035461,0.19999999999999998,0.8495609605911332,0.0,0.0,0.0,,0.0,0.0,,0.0,0.0,,0.0,,0.5,0.5,delivery; label; cardboard; box,cardboard; box,0.2,0.0,0.0,0,0,"A small, rusty lock and key, partially buried in the dirt near the cardboard box, as if it had been there for years, its tiny teeth and hinges creaking with every gentle rain."
steer_alpha_0p82_c8_tok100_seed07_a_delivery_label_on_a_cardboard_box.json,steer_alpha_0p82,experiments/frontier_sweep_mundane_matched_alpha0_smoke/steer_alpha_0p82_c8_tok100_seed07_a_delivery_label_on_a_cardboard_box.json,1,5,0,0.7217760961011519,0.0066975130578264454,0.5631317032925823,0.013333333333333334,0.0,0.0,0.06666666666666667,0.9385528388209705,0.19999999999999998,0.9100000000000001,0.0,1.0,8.333333333333334,antique; mournful; music box,0.6666666666666666,5.555555555555555,antique; music box,0.3333333333333333,2.7777777777777777,mournful,1.0,antique; music box,0.5,0.5,delivery; label; cardboard; box,label; box,0.4,0.0,0.0,0,0,"A torn and faded, but still legible, label, once proclaiming ""Fragile"" and ""Do not lean on it,"" now clings to the side of a decrepit, antique music box, its lid slightly ajar, where a small, dusty, forgotten melody plays a slow, mournful tune."
steer_alpha_0p82_c8_tok100_seed07_a_delivery_label_on_a_cardboard_box.json,steer_alpha_0p82,experiments/frontier_sweep_mundane_matched_alpha0_smoke/steer_alpha_0p82_c8_tok100_seed07_a_delivery_label_on_a_cardboard_box.json,1,6,0,-0.10901620590894723,0.006182852942035161,0.4244521470504687,0.016666666666666666,0.0,0.0,0.08333333333333333,0.7074202450841145,0.19999999999999998,0.877,0.0,0.3333333333333333,3.125,leather-bound,0.3333333333333333,3.125,leather-bound,0.0,0.0,,0.5,leather-bound,0.0,1.0,delivery; label; cardboard; box,,0.3,0.0,0.0,0,0,"A small, rusty gate in a forgotten garden, its hinges creaking in the misty dawn, as a small, leather-bound book lies beside it, opened to a page with a faded poem that reads: ""Where lost things remember their names."""
steer_alpha_0p82_c8_tok100_seed07_a_delivery_label_on_a_cardboard_box.json,steer_alpha_0p82,experiments/frontier_sweep_mundane_matched_alpha0_smoke/steer_alpha_0p82_c8_tok100_seed07_a_delivery_label_on_a_cardboard_box.json,1,7,0,-1.486992504409171,0.0,0.4162135802469136,0.0,0.0,0.0,0.0,0.7853086419753086,0.05999999999999997,0.9652083333333334,0.0,0.0,0.0,,0.0,0.0,,0.0,0.0,,0.0,,0.5,0.5,delivery; label; cardboard; box,delivery; label,0.2,0.0,0.0,0,0,"A delivery label on a worn, old wooden door, partially ajar, creaking softly in the morning breeze."
steer_alpha_0p82_c8_tok100_seed07_a_delivery_label_on_a_cardboard_box.json,steer_alpha_0p82,experiments/frontier_sweep_mundane_matched_alpha0_smoke/steer_alpha_0p82_c8_tok100_seed07_a_delivery_label_on_a_cardboard_box.json,1,8,0,-1.1703874265772074,0.006182820953083142,0.433375300449753,0.016666666666666666,0.0,0.0,0.08333333333333333,0.722292167416255,0.19999999999999998,0.9100000000000001,0.0,0.3333333333333333,4.545454545454546,antique,0.3333333333333333,4.545454545454546,antique,0.0,0.0,,0.375,antique,0.0,1.0,delivery; label; cardboard; box,,0.2,0.0,0.0,0,0,"A small, antique mirror hangs on a wall in a cluttered antique shop, its glass cloudy with a thick layer of grime, a faded name, ""Mrs. W.,"" in elegant, cursive script."
steer_alpha_0p82_c8_tok100_seed07_a_delivery_label_on_a_cardboard_box.json,steer_alpha_0p82,experiments/frontier_sweep_mundane_matched_alpha0_smoke/steer_alpha_0p82_c8_tok100_seed07_a_delivery_label_on_a_cardboard_box.json,2,1,1,0.9872860203810414,0.1146906,0.24360790144435002,0.55,1.0,0.0,0.0,0.6766886151231946,0.19999999999999998,0.9100000000000001,0.0,1.0,12.121212121212121,delicate; lullaby; miniature; porcelain,1.0,9.090909090909092,lullaby; miniature; porcelain,0.3333333333333333,3.0303030303030303,delicate,1.0,grandfather clock; lullaby; miniature; porcelain,0.75,0.25,delivery; label; cardboard; box; the; once; dry; and; cracked; now; clings; trunk,the; now; trunk,0.2,0.4,0.0,2,0,"The moss, now a verdant, emerald carpet, mumbles a gentle, lullaby of tiny, forgotten harmonies, as the trunk, now a delicate, porcelain teapot, pours a slow, silver stream of dew, which, in turn, feeds a tiny, miniature, grandfather clock, its face, a topaz"
steer_alpha_0p82_c8_tok100_seed07_a_delivery_label_on_a_cardboard_box.json,steer_alpha_0p82,experiments/frontier_sweep_mundane_matched_alpha0_smoke/steer_alpha_0p82_c8_tok100_seed07_a_delivery_label_on_a_cardboard_box.json,2,2,0,0.3826080664253891,0.1017904578297958,0.20876452460383654,0.5595238095238095,1.0,0.0,0.047619047619047616,0.656492215735335,0.05999999999999997,0.9730000000000001,0.0,1.0,11.11111111111111,leather-bound; miniature; mournful; music box,1.0,8.333333333333334,leather-bound; miniature; music box,0.3333333333333333,2.7777777777777777,mournful,1.0,leather-bound; miniature; music box,1.0,0.0,delivery; label; cardboard; box; the; once; dry; and; cracked; now; clings; trunk,box; the; once; now; trunk,0.2857142857142857,0.4,0.0,1,0,"A faint, forgotten face peeps from a small, overgrown opening in the trunk, where a dusty, leather-bound, 19th-century music box, now a moss, slowly unfurls, its golden, miniature, mechanical bird, once singing a soft, mournful tune, as the clock's reverse tic"
steer_alpha_0p82_c8_tok100_seed07_a_delivery_label_on_a_cardboard_box.json,steer_alpha_0p82,experiments/frontier_sweep_mundane_matched_alpha0_smoke/steer_alpha_0p82_c8_tok100_seed07_a_delivery_label_on_a_cardboard_box.json,2,3,0,0.755486554236962,0.10123056880646092,0.21010031120907638,0.5570175438596492,1.0,0.0,0.03508771929824561,0.6606928025442653,0.05999999999999997,0.9730000000000001,0.0,1.0,16.216216216216218,ethereal; miniature; mist; music box; porcelain; silver mist,1.0,8.108108108108109,miniature; music box; porcelain,1.0,8.108108108108109,ethereal; mist; silver mist,1.0,miniature; music box; porcelain,1.0,0.0,delivery; label; cardboard; box; the; once; dry; and; cracked; now; clings; trunk,box; the; and; now; trunk,0.25,0.4,0.0,1,0,"A small, rusty key, half-buried in the dirt, next to a withered, iron, and a tiny, porcelain, like a forgotten, dusty music box, its lid, slightly ajar, a soft, ethereal, moss-green fungus, unfurls, releasing a wispy, silver mist, as the trunk, now a miniature"
steer_alpha_0p82_c8_tok100_seed07_a_delivery_label_on_a_cardboard_box.json,steer_alpha_0p82,experiments/frontier_sweep_mundane_matched_alpha0_smoke/steer_alpha_0p82_c8_tok100_seed07_a_delivery_label_on_a_cardboard_box.json,2,4,0,0.02479545523411303,0.09096946451093031,0.18542491747030232,0.55,1.0,0.0,0.0,0.6180830582343411,0.0,1.0,0.0,1.0,17.647058823529413,antique; clockwork; delicate; doll; ethereal; porcelain,1.0,11.764705882352942,antique; clockwork; doll; porcelain,0.6666666666666666,5.882352941176471,delicate; ethereal,1.0,antique; clockwork; doll; porcelain,0.75,0.25,delivery; label; cardboard; box; the; once; dry; and; cracked; now; clings; trunk,the; now; trunk,0.4,0.4,0.0,1,0,"A small, forgotten clockwork, its tiny gears ticking out a slow, inverted walt, as the trunk, now a verdant, moss-covered, moss, slowly opens, releasing a wispy, ethereal, antique, porcelain, a delicate, porcelain doll, with eyes that, as the first light of da"
steer_alpha_0p82_c8_tok100_seed07_a_delivery_label_on_a_cardboard_box.json,steer_alpha_0p82,experiments/frontier_sweep_mundane_matched_alpha0_smoke/steer_alpha_0p82_c8_tok100_seed07_a_delivery_label_on_a_cardboard_box.json,2,5,0,-0.40444385118250076,0.08236642803866097,0.1659731762579928,0.5563492063492064,1.0,0.0,0.031746031746031744,0.5219282272263924,0.05999999999999997,0.9730000000000001,0.0,1.0,12.121212121212121,delicate; doll; miniature; porcelain,1.0,9.090909090909092,doll; miniature; porcelain,0.3333333333333333,3.0303030303030303,delicate,1.0,doll; miniature; porcelain,1.0,0.0,delivery; label; cardboard; box; the; once; dry; and; cracked; now; clings; trunk,box; the; once; now,0.4,0.4,0.0,2,0,"As the last of the box's moss, now a miniature, a tiny, porcelain doll, once a forgotten, porcelain, now a delicate, porcelain music, its tiny, golden, mechanical, a soft, silver, silvered, a small, glass, where a delicate, filigework, a miniature, a tiny, bra"
steer_alpha_0p82_c8_tok100_seed07_a_delivery_label_on_a_cardboard_box.json,steer_alpha_0p82,experiments/frontier_sweep_mundane_matched_alpha0_smoke/steer_alpha_0p82_c8_tok100_seed07_a_delivery_label_on_a_cardboard_box.json,2,6,0,0.7226597500538676,0.07170901939142257,0.14616,0.5575227287609981,1.0,0.0,0.03761364380498999,0.406,0.19999999999999998,0.9100000000000001,0.0,1.0,8.333333333333334,antique; delicate; mournful,0.3333333333333333,2.7777777777777777,antique,0.6666666666666666,5.555555555555555,delicate; mournful,0.375,antique,1.0,0.0,delivery; label; cardboard; box; the; once; dry; and; cracked; now; clings; trunk,box; the; now; trunk,0.3333333333333333,0.4,0.0,2,0,"A small, forlorn face, with eyes that seem to follow the box as it slowly, inch by inch, slowly, into the trunk of a gnail, where it becomes a tiny, intricate, antique music, its tiny, delicate, copper pipes, a soft, mournful serenade, as the moss, now a tiny"
steer_alpha_0p82_c8_tok100_seed07_a_delivery_label_on_a_cardboard_box.json,steer_alpha_0p82,experiments/frontier_sweep_mundane_matched_alpha0_smoke/steer_alpha_0p82_c8_tok100_seed07_a_delivery_label_on_a_cardboard_box.json,2,7,0,-0.477576203256187,0.0,0.4673665942909685,0.0,0.0,0.0,0.0,0.934733188581937,0.0,0.9211666666666667,0.0,0.3333333333333333,3.8461538461538463,leather-bound,0.3333333333333333,3.8461538461538463,leather-bound,0.0,0.0,,0.5,leather-bound,1.0,0.0,delivery; label; cardboard; box; the; once; dry; and; cracked; now; clings; trunk,the; once; dry; and; now,0.0,0.0,0.0,0,0,"The moss that had once was a tiny, withered, and still, a small, leather-bound book opens, its pages, once yellowed and dry, now drink, quietly, a faint, dew."
steer_alpha_0p82_c8_tok100_seed07_a_delivery_label_on_a_cardboard_box.json,steer_alpha_0p82,experiments/frontier_sweep_mundane_matched_alpha0_smoke/steer_alpha_0p82_c8_tok100_seed07_a_delivery_label_on_a_cardboard_box.json,2,8,0,0.5050730051743542,0.0011204578672703443,0.19872985821517933,0.006666666666666667,0.0,0.0,0.03333333333333333,0.5520273839310538,0.19999999999999998,0.9100000000000001,0.0,0.6666666666666666,5.555555555555555,leather-bound; music box,0.6666666666666666,5.555555555555555,leather-bound; music box,0.0,0.0,,1.0,leather-bound; music box,0.25,0.75,delivery; label; cardboard; box; the; once; dry; and; cracked; now; clings; trunk,box,0.14285714285714285,0.4,0.0,0,0,"A small, moss-covered, old, wooden door creaks open, revealing a narrow, dimly lit, stone stair, descending into darkness, where a small, dusty, leather-bound, old, leather-bound book lies, open, on a stone, where a small, forgotten, metal, music box, plays a"
steer_alpha_0p82_c8_tok100_seed07_a_delivery_label_on_a_cardboard_box.json,steer_alpha_0p82,experiments/frontier_sweep_mundane_matched_alpha0_smoke/steer_alpha_0p82_c8_tok100_seed07_a_delivery_label_on_a_cardboard_box.json,3,1,1,-1.3014001010240162,0.18563357158469948,0.39949836065573774,0.5666666666666668,1.0,0.0,0.08333333333333333,0.7537704918032787,0.05999999999999997,0.9730000000000001,0.0,0.6666666666666666,9.523809523809524,delicate; miniature,0.3333333333333333,4.761904761904762,miniature,0.3333333333333333,4.761904761904762,delicate,0.4,miniature,0.5,0.5,delivery; label; cardboard; box; the; once; dry; and; cracked; now; clings; trunk,the; now,0.0,0.0,0.0,1,0,"The topaz face of the miniature clock, now a delicate, filigework of frost, etches a tiny, silver, inscription, ""Tempus fuit, sed nunus dormit""."
steer_alpha_0p82_c8_tok100_seed07_a_delivery_label_on_a_cardboard_box.json,steer_alpha_0p82,experiments/frontier_sweep_mundane_matched_alpha0_smoke/steer_alpha_0p82_c8_tok100_seed07_a_delivery_label_on_a_cardboard_box.json,3,2,0,0.902584686585227,0.10960468348623853,0.23444852082617867,0.55,1.0,0.0,0.0,0.6512458911838297,0.19999999999999998,0.9100000000000001,0.0,1.0,20.58823529411765,antique; crystal; delicate; miniature; mist; ornate; silver mist,1.0,11.764705882352942,antique; crystal; miniature; ornate,1.0,8.823529411764707,delicate; mist; silver mist,1.0,antique; crystal; miniature; ornate,0.75,0.25,delivery; label; cardboard; box; the; once; dry; and; cracked; now; clings; trunk,the; and; now,0.16666666666666666,0.4,0.0,1,0,"A tiny, antique, copper kett, suspended from a delicate, crystal chandelier, above a miniature, Victorian-era, ornate, rose, which, at night, unfurls, releasing a wispy, silver mist, that, as the first light of dawn, glistens, and the kett, now a tiny, enamell"
steer_alpha_0p82_c8_tok100_seed07_a_delivery_label_on_a_cardboard_box.json,steer_alpha_0p82,experiments/frontier_sweep_mundane_matched_alpha0_smoke/steer_alpha_0p82_c8_tok100_seed07_a_delivery_label_on_a_cardboard_box.json,3,3,0,0.6829265090982628,0.09629157656891499,0.19413387096774198,0.5560606060606061,1.0,0.0,0.030303030303030304,0.610483870967742,0.05999999999999997,0.9730000000000001,0.0,1.0,19.35483870967742,antique; delicate; doll; miniature; music box; porcelain,1.0,16.129032258064516,antique; doll; miniature; music box; porcelain,0.3333333333333333,3.225806451612903,delicate,1.0,antique; doll; miniature; music box; porcelain,0.75,0.25,delivery; label; cardboard; box; the; once; dry; and; cracked; now; clings; trunk,box; and; now,0.4,0.4,0.0,2,0,"A delicate, antique music box, its lid, now a tiny, petal, which, as it slowly, tenderly, unfolds, revealing an etching of a tiny, silver, moon, where a small, forgotten, porcelain doll, now a delicate, porcelain, and a miniature, golden, wooden, harmonium, so"
steer_alpha_0p82_c8_tok100_seed07_a_delivery_label_on_a_cardboard_box.json,steer_alpha_0p82,experiments/frontier_sweep_mundane_matched_alpha0_smoke/steer_alpha_0p82_c8_tok100_seed07_a_delivery_label_on_a_cardboard_box.json,3,4,0,-0.7083856194606608,0.08020506217549325,0.17156163032191069,0.55,1.0,0.0,0.0,0.5718721010730357,0.0,1.0,0.0,1.0,8.571428571428571,crystal; leather-bound; velvet,1.0,8.571428571428571,crystal; leather-bound; velvet,0.0,0.0,,1.0,crystal; leather-bound; velvet,0.75,0.25,delivery; label; cardboard; box; the; once; dry; and; cracked; now; clings; trunk,the; and; now,0.16666666666666666,0.4,0.0,3,0,"The topaz, now a tiny, lantern, casts a tiny, golden, filigework of dew, which, as the night, now a dark, velvety, and velvet, slowly, a tiny, gargo, gently, a small, crystal, now a harmonica, plays a soft, silver, and a tiny, old, leather-bound, 19th-century"
steer_alpha_0p82_c8_tok100_seed07_a_delivery_label_on_a_cardboard_box.json,steer_alpha_0p82,experiments/frontier_sweep_mundane_matched_alpha0_smoke/steer_alpha_0p82_c8_tok100_seed07_a_delivery_label_on_a_cardboard_box.json,3,5,0,-0.7842298053504972,0.08345088354024219,0.18009362512056584,0.55,1.0,0.0,0.0,0.5663321544671882,0.05999999999999997,0.9730000000000001,0.0,1.0,11.11111111111111,delicate; leather-bound; miniature; porcelain,1.0,8.333333333333334,leather-bound; miniature; porcelain,0.3333333333333333,2.7777777777777777,delicate,1.0,leather-bound; miniature; porcelain,1.0,0.0,delivery; label; cardboard; box; the; once; dry; and; cracked; now; clings; trunk,the; once; and; now,0.125,0.4,0.0,1,0,"A delicate, filigework of silver, once a frame, now a window, frames a tiny, porcelain, pale, blue, and moon, that weeps, its silver, leafy, moss, a miniature, forgotten, and dusty, old, and worn, old, leather-bound, and, in the corner, a, small, and dusty, an"
steer_alpha_0p82_c8_tok100_seed07_a_delivery_label_on_a_cardboard_box.json,steer_alpha_0p82,experiments/frontier_sweep_mundane_matched_alpha0_smoke/steer_alpha_0p82_c8_tok100_seed07_a_delivery_label_on_a_cardboard_box.json,3,6,0,-0.5783735445322871,0.11697986730304347,0.17684922490885424,0.8066666666666668,1.0,1.0,0.03333333333333333,0.5894974163628475,0.0,1.0,0.0,1.0,24.242424242424242,crystal; delicate; ethereal; iridescent; miniature; mist; music box; ornate,1.0,12.121212121212121,crystal; miniature; music box; ornate,1.0,12.121212121212121,delicate; ethereal; iridescent; mist,1.0,crystal; miniature; music box; ornate,1.0,0.0,delivery; label; cardboard; box; the; once; dry; and; cracked; now; clings; trunk,box; the; now; trunk,0.0,0.4,0.0,2,2,"A delicate, silver filigework, now a miniature, ornate, Victorian-era music box, begins to stir, its tiny, crystal harmonies, an ethereal, morning mist, as the trunk, now a delicate, gargo, slowly, tiny, iridescent wings, a tiny, iridescent, moon, casts a pale"
steer_alpha_0p82_c8_tok100_seed07_a_delivery_label_on_a_cardboard_box.json,steer_alpha_0p82,experiments/frontier_sweep_mundane_matched_alpha0_smoke/steer_alpha_0p82_c8_tok100_seed07_a_delivery_label_on_a_cardboard_box.json,3,7,0,0.11457648298089468,0.0008446779452907452,0.18501999385749382,0.005333333333333333,0.0,0.0,0.026666666666666665,0.6167333128583128,0.0,1.0,0.0,1.0,18.75,delicate; iridescent; lullaby; miniature; music box; porcelain,1.0,12.5,lullaby; miniature; music box; porcelain,0.6666666666666666,6.25,delicate; iridescent,1.0,grandfather clock; lullaby; miniature; music box; porcelain,0.25,0.75,delivery; label; cardboard; box; the; once; dry; and; cracked; now; clings; trunk,box,0.2,0.4,0.0,0,0,"A small, delicate, mother-of-pearl, inlaid, grandfather clock, its face, a miniature, opal, slowly, a tiny, iridescent, sea anem, gently, a thin, silver, filigework, as a delicate, porcelain, music box, whirs to life, its tinny, silvery, voice, a soft, lullaby"
steer_alpha_0p82_c8_tok100_seed07_a_delivery_label_on_a_cardboard_box.json,steer_alpha_0p82,experiments/frontier_sweep_mundane_matched_alpha0_smoke/steer_alpha_0p82_c8_tok100_seed07_a_delivery_label_on_a_cardboard_box.json,3,8,0,0.4996086136635341,0.0012435425260971743,0.21610342679127725,0.007017543859649123,0.0,0.0,0.03508771929824561,0.6002872966424369,0.19999999999999998,0.9100000000000001,0.0,1.0,8.333333333333334,delicate; miniature; porcelain,0.6666666666666666,5.555555555555555,miniature; porcelain,0.3333333333333333,2.7777777777777777,delicate,0.9,miniature; porcelain,0.5,0.5,delivery; label; cardboard; box; the; once; dry; and; cracked; now; clings; trunk,the; and,0.0,0.4,0.0,0,0,"On the walls of the miniature, the clock's face slowly peels off, revealing a tiny, delicate, porcelain mask, its eyes, two glittering, opal, and a mouth, a rose, which slowly, tenderly, unfurls a tiny, lace, which, in turn, unspools a spool of silk, which, as"
selector_alpha_0_c8_tok100_seed08_i_am_opening_the_fridge.json,selector_alpha_0,experiments/frontier_sweep_mundane_matched_alpha0_smoke/selector_alpha_0_c8_tok100_seed08_i_am_opening_the_fridge.json,1,1,1,-0.9496581660336398,0.03667803329354313,0.46258730330982095,0.08888888888888889,0.0,0.0,0.4444444444444444,0.7709788388497016,0.19999999999999998,0.9100000000000001,0.0,0.0,0.0,,0.0,0.0,,0.0,0.0,,0.0,,0.5,0.5,the; fridge,the,0.4,0.0,0.0,0,0,"My mother's old recipe book spills onto the counter as I pull out a dusty bottle of olive oil, its label faded and worn."
selector_alpha_0_c8_tok100_seed08_i_am_opening_the_fridge.json,selector_alpha_0,experiments/frontier_sweep_mundane_matched_alpha0_smoke/selector_alpha_0_c8_tok100_seed08_i_am_opening_the_fridge.json,1,2,0,-0.9512416005291007,0.0,0.410485,0.0,0.0,0.0,0.0,0.7745,0.05999999999999997,0.8927916666666668,0.0,0.0,0.0,,0.0,0.0,,0.0,0.0,,0.0,,0.5,0.5,the; fridge,the,0.3,0.0,0.0,0,0,A faint smell of old bread lingers in the air as I pull out a dusty Tupperware container.
selector_alpha_0_c8_tok100_seed08_i_am_opening_the_fridge.json,selector_alpha_0,experiments/frontier_sweep_mundane_matched_alpha0_smoke/selector_alpha_0_c8_tok100_seed08_i_am_opening_the_fridge.json,1,3,0,-1.0641508989095192,0.006325591099322133,0.4342511052166224,0.016666666666666666,0.0,0.0,0.08333333333333333,0.723751842027704,0.19999999999999998,0.9100000000000001,0.0,0.0,0.0,,0.0,0.0,,0.0,0.0,,0.0,,0.5,0.5,the; fridge,the,0.3,0.0,0.0,0,0,"The refrigerator door creaks as it swings open, revealing a landscape of expired milk, half-eaten leftovers, and a small, forgotten birthday cake from last year, its once-vibrant colors now muted and faded, sitting atop a precariously balanced tower of dusty bottles and cans."
selector_alpha_0_c8_tok100_seed08_i_am_opening_the_fridge.json,selector_alpha_0,experiments/frontier_sweep_mundane_matched_alpha0_smoke/selector_alpha_0_c8_tok100_seed08_i_am_opening_the_fridge.json,1,4,0,-0.37139574573880063,0.008702058092572856,0.4149099077221952,0.025577277787393195,0.0,0.0,0.12788638893696597,0.6915165128703253,0.19999999999999998,0.9100000000000001,0.0,0.0,0.0,,0.0,0.0,,0.0,0.0,,0.0,,0.5,0.5,the; fridge,the,0.0,0.0,0.0,0,0,"My fingers dance across the glass as I slide the door open, a warm glow spills out, and the scent of last week's leftovers wafts out, mingling with the city's exhaust fumes."
selector_alpha_0_c8_tok100_seed08_i_am_opening_the_fridge.json,selector_alpha_0,experiments/frontier_sweep_mundane_matched_alpha0_smoke/selector_alpha_0_c8_tok100_seed08_i_am_opening_the_fridge.json,1,5,0,-1.1218192960910869,0.0,0.44507706917233103,0.0,0.0,0.0,0.0,0.7417951152872184,0.19999999999999998,0.9100000000000001,0.0,0.3333333333333333,2.380952380952381,dusty shelf,0.3333333333333333,2.380952380952381,dusty shelf,0.0,0.0,,0.0,,0.5,0.5,the; fridge,the,0.3,0.0,0.0,0,0,"The creaky door swings open, revealing a dimly lit interior where a lone eggplant, its purple hue deepening to a rich plum, sits atop a dusty shelf, surrounded by the detritus of expired condiments and worn-out containers, its stem curled delicately over the edge of a cracked jar of mayonnaise."
selector_alpha_0_c8_tok100_seed08_i_am_opening_the_fridge.json,selector_alpha_0,experiments/frontier_sweep_mundane_matched_alpha0_smoke/selector_alpha_0_c8_tok100_seed08_i_am_opening_the_fridge.json,1,6,0,-0.8841929924512171,0.0,0.4270621563879789,0.0,0.0,0.0,0.0,0.7117702606466315,0.19999999999999998,0.9100000000000001,0.0,0.0,0.0,,0.0,0.0,,0.0,0.0,,0.0,,0.5,0.5,the; fridge,the,0.1,0.0,0.0,0,0,"The creaky door swings open, revealing a space cluttered with leftovers from last week's dinner, next to a bouquet of wilted flowers and a half-empty bottle of ketchup, as a faint scent of yesterday's Chinese takeout wafts out, mingling with the faint hum of the refrigerator's motor."
selector_alpha_0_c8_tok100_seed08_i_am_opening_the_fridge.json,selector_alpha_0,experiments/frontier_sweep_mundane_matched_alpha0_smoke/selector_alpha_0_c8_tok100_seed08_i_am_opening_the_fridge.json,1,7,0,-2.340838412251914,0.0,0.4035532114392874,0.0,0.0,0.0,0.0,0.6725886857321457,0.19999999999999998,0.9100000000000001,0.0,0.0,0.0,,0.0,0.0,,0.0,0.0,,0.0,,0.5,0.5,the; fridge,the,0.0,0.0,0.0,0,0,"My fingers graze the metal edges of the shelves, tracing the contours of yesterday's leftovers."
selector_alpha_0_c8_tok100_seed08_i_am_opening_the_fridge.json,selector_alpha_0,experiments/frontier_sweep_mundane_matched_alpha0_smoke/selector_alpha_0_c8_tok100_seed08_i_am_opening_the_fridge.json,1,8,0,-2.370264170841522,0.002375934553898235,0.05204295897849522,0.05333333333333334,0.0,0.0,0.26666666666666666,0.289127549880529,0.19999999999999998,0.9100000000000001,0.5,0.0,0.0,,0.0,0.0,,0.0,0.0,,0.0,,0.5,0.5,the; fridge,the,0.2,0.0,0.4,0,0,"My hand brushes against a worn photograph of my parents, its creases and cracks a testament to the countless times I've opened and closed this door, and the countless secrets it has kept hidden within its metal walls, until now, when I'm searching for the last bottle of milk."
selector_alpha_0_c8_tok100_seed08_i_am_opening_the_fridge.json,selector_alpha_0,experiments/frontier_sweep_mundane_matched_alpha0_smoke/selector_alpha_0_c8_tok100_seed08_i_am_opening_the_fridge.json,2,1,1,-0.12025277296001025,0.10317882745173997,0.3866522924030531,0.31394319446848296,0.0,1.0,0.3197159723424149,0.6444204873384218,0.19999999999999998,0.9100000000000001,0.0,0.0,0.0,,0.0,0.0,,0.0,0.0,,0.0,,1.0,0.0,the; fridge; mother's; old; recipe; book; spills; counter; pull; out; bottle; olive,the; mother's; recipe; book; counter; bottle; olive,0.16666666666666666,0.0,0.0,0,2,"The worn bottle of olive oil rolls off the counter and onto the floor, its label fluttering like a torn piece of paper in the faint hum of the refrigerator's motor, while my mother's recipe book slips between the kitchen cabinets, its yellowed pages rustling softly against the painted walls."
selector_alpha_0_c8_tok100_seed08_i_am_opening_the_fridge.json,selector_alpha_0,experiments/frontier_sweep_mundane_matched_alpha0_smoke/selector_alpha_0_c8_tok100_seed08_i_am_opening_the_fridge.json,2,2,0,1.2853920704427344,0.0,0.42453349875930513,0.0,0.0,0.0,0.0,0.7075558312655086,0.19999999999999998,0.9100000000000001,0.0,0.3333333333333333,3.8461538461538463,faded photograph,0.3333333333333333,3.8461538461538463,faded photograph,0.0,0.0,,0.0,,0.5,0.5,the; fridge; mother's; old; recipe; book; spills; counter; pull; out; bottle; olive,the; olive,0.25,0.0,0.0,0,0,"The words ""Grandma's Special Sauce"" are still legible on the olive oil label, accompanied by a faded photograph of my great-grandmother, her eyes twinkling as she holds a wooden spoon."
selector_alpha_0_c8_tok100_seed08_i_am_opening_the_fridge.json,selector_alpha_0,experiments/frontier_sweep_mundane_matched_alpha0_smoke/selector_alpha_0_c8_tok100_seed08_i_am_opening_the_fridge.json,2,3,0,0.07295194556117379,0.010668616480422615,0.4039273468702176,0.029024413585588812,0.0,0.0,0.14512206792794405,0.673212244783696,0.19999999999999998,0.9100000000000001,0.0,0.0,0.0,,0.0,0.0,,0.0,0.0,,0.0,,1.0,0.0,the; fridge; mother's; old; recipe; book; spills; counter; pull; out; bottle; olive,the; mother's; old; bottle; olive,0.5,0.0,0.0,0,0,"As I run my thumb over the worn pages, the scent of old paper and stale spices wafts up, transporting me to summers spent in my childhood kitchen, where my mother would spend hours poring over these very pages, her eyes scanning the yellowed recipes with a intensity that seemed to hold a thousand secrets. The olive oil bottle, its label now a dull black, seems to match the color of my mother's eyes, faded but still radiating a quiet intensity."
selector_alpha_0_c8_tok100_seed08_i_am_opening_the_fridge.json,selector_alpha_0,experiments/frontier_sweep_mundane_matched_alpha0_smoke/selector_alpha_0_c8_tok100_seed08_i_am_opening_the_fridge.json,2,4,0,0.6149243984621073,0.014453785086210282,0.3799184164015553,0.044444444444444446,0.0,0.0,0.2222222222222222,0.6331973606692589,0.19999999999999998,0.9100000000000001,0.0,0.0,0.0,,0.0,0.0,,0.0,0.0,,0.0,,1.0,0.0,the; fridge; mother's; old; recipe; book; spills; counter; pull; out; bottle; olive,the; spills; counter; olive,0.2,0.0,0.0,0,0,"The olive oil spills onto the countertop, leaving a small pool of golden liquid as it seeps into the cracks of the worn linoleum, its surface reflecting the faint hum of the refrigerator's motor, as I stand frozen, a spoon hovering above the counter."
selector_alpha_0_c8_tok100_seed08_i_am_opening_the_fridge.json,selector_alpha_0,experiments/frontier_sweep_mundane_matched_alpha0_smoke/selector_alpha_0_c8_tok100_seed08_i_am_opening_the_fridge.json,2,5,0,-0.214158271774745,0.0,0.36166998085063495,0.0,0.0,0.0,0.0,0.6823961902842168,0.05999999999999997,0.9730000000000001,0.0,0.0,0.0,,0.0,0.0,,0.0,0.0,,0.0,,1.0,0.0,the; fridge; mother's; old; recipe; book; spills; counter; pull; out; bottle; olive,the; recipe; book; bottle; olive,0.4,0.0,0.0,0,0,"The olive oil drips onto the worn wooden countertop, forming a small puddle that attracts a small, dusty fly, which buzzes around the bottle, momentarily distracting me from the scattered pages of the recipe book as I begin to flip through the yellowed paper, searching for a familiar recipe."
selector_alpha_0_c8_tok100_seed08_i_am_opening_the_fridge.json,selector_alpha_0,experiments/frontier_sweep_mundane_matched_alpha0_smoke/selector_alpha_0_c8_tok100_seed08_i_am_opening_the_fridge.json,2,6,0,0.6939379867724937,0.0,0.3975138482215715,0.0,0.0,0.0,0.0,0.6625230803692859,0.19999999999999998,0.9100000000000001,0.0,0.0,0.0,,0.0,0.0,,0.0,0.0,,0.0,,1.0,0.0,the; fridge; mother's; old; recipe; book; spills; counter; pull; out; bottle; olive,the; recipe; book; bottle; olive,0.3333333333333333,0.0,0.0,0,0,"The bottle of olive oil falls to the floor, its dark liquid spreading like a stain across the worn linoleum, as I reach for the dusty recipe book, its yellowed pages fluttering in the dim kitchen light, a tea towel caught in the pages, holding a crumpled up piece of paper with a single word: ""tortellini""."
selector_alpha_0_c8_tok100_seed08_i_am_opening_the_fridge.json,selector_alpha_0,experiments/frontier_sweep_mundane_matched_alpha0_smoke/selector_alpha_0_c8_tok100_seed08_i_am_opening_the_fridge.json,2,7,0,0.6893846497646299,0.0,0.3815440625618956,0.0,0.0,0.0,0.0,0.6359067709364927,0.19999999999999998,0.9100000000000001,0.0,0.0,0.0,,0.0,0.0,,0.0,0.0,,0.0,,1.0,0.0,the; fridge; mother's; old; recipe; book; spills; counter; pull; out; bottle; olive,the; mother's; old; recipe; book; bottle; olive,0.3333333333333333,0.0,0.0,0,0,"The bottle of olive oil lies next to a crumpled up piece of parchment with a recipe scrawled in my mother's familiar handwriting, the words ""Sunday roast chicken"" underlined in red ink, as I carefully read the faded margins, my eyes tracing the faint lines of a hand-drawn picture of a roasting pan. The air in the kitchen seems to thicken as I open the old recipe book, releasing the scent of stale paper and yesterday's dinner."
selector_alpha_0_c8_tok100_seed08_i_am_opening_the_fridge.json,selector_alpha_0,experiments/frontier_sweep_mundane_matched_alpha0_smoke/selector_alpha_0_c8_tok100_seed08_i_am_opening_the_fridge.json,2,8,0,0.866646670193379,0.0,0.3518363436080781,0.0,0.0,0.0,0.0,0.5863939060134635,0.19999999999999998,0.9100000000000001,0.0,0.0,0.0,,0.0,0.0,,0.0,0.0,,0.0,,1.0,0.0,the; fridge; mother's; old; recipe; book; spills; counter; pull; out; bottle; olive,the; mother's; old; bottle,0.4,0.0,0.0,0,0,"As I lift the bottle, the light from the kitchen window catches the faint words ""Nonna's Special Blend"" etched on the label, and I feel a sudden pang of nostalgia for the countless Sunday dinners my mother spent hours preparing from the recipes within these worn pages. The air is filled with the scent of old paper and the faintest hint of my mother's cooking as I let the bottle fall onto the countertop, its glassy surface reflecting the worn wooden spoon that rests beside it."
selector_alpha_0_c8_tok100_seed08_i_am_opening_the_fridge.json,selector_alpha_0,experiments/frontier_sweep_mundane_matched_alpha0_smoke/selector_alpha_0_c8_tok100_seed08_i_am_opening_the_fridge.json,3,1,1,0.37938693173657484,0.07123913551401871,0.15238317757009348,0.55,1.0,0.0,0.0,0.4232866043613708,0.19999999999999998,0.9100000000000001,0.0,0.0,0.0,,0.0,0.0,,0.0,0.0,,0.0,,0.75,0.25,the; fridge; mother's; old; recipe; book; spills; counter; pull; out; bottle; olive,the; bottle; olive,0.16666666666666666,0.4,0.0,1,0,"The worn bottle of olive oil, now on the floor, begins to slide across the tile, its label fluttering wildly as it picks up speed, heading towards the baseboard, where it becomes wedged beneath a worn armchair, its surface now reflected in the scratched surfac"
selector_alpha_0_c8_tok100_seed08_i_am_opening_the_fridge.json,selector_alpha_0,experiments/frontier_sweep_mundane_matched_alpha0_smoke/selector_alpha_0_c8_tok100_seed08_i_am_opening_the_fridge.json,3,2,0,0.5895282528055643,0.005798212454212455,0.4447492507492508,0.014814814814814815,0.0,0.0,0.07407407407407407,0.7412487512487513,0.19999999999999998,0.9100000000000001,0.0,0.0,0.0,,0.0,0.0,,0.0,0.0,,0.0,,1.0,0.0,the; fridge; mother's; old; recipe; book; spills; counter; pull; out; bottle; olive,the; recipe; book; bottle; olive,0.3333333333333333,0.0,0.0,0,0,"As I bend to retrieve the bottle of olive oil, my hand brushes against the worn recipe book, revealing a crumpled receipt for a local bakery, dated 1978, its faded ink still legible, alongside a torn piece of paper with a partial address, 1424 Elm Street, that seems to match the narrow street in our neighborhood where my childhood home once stood."
selector_alpha_0_c8_tok100_seed08_i_am_opening_the_fridge.json,selector_alpha_0,experiments/frontier_sweep_mundane_matched_alpha0_smoke/selector_alpha_0_c8_tok100_seed08_i_am_opening_the_fridge.json,3,3,0,0.9855208028916416,0.01863148791493004,0.3705125437628134,0.05714285714285714,0.0,0.0,0.2857142857142857,0.6175209062713557,0.19999999999999998,0.9100000000000001,0.0,0.0,0.0,,0.0,0.0,,0.0,0.0,,0.0,,1.0,0.0,the; fridge; mother's; old; recipe; book; spills; counter; pull; out; bottle; olive,the; mother's; old; recipe; book; counter,0.3333333333333333,0.0,0.0,0,0,"Time seems to slow as the air is filled with the scent of old books and the soft clatter of the recipe book against the cabinet, the sound echoing through the emptying kitchen, where my mother's worn wooden spoon lies abandoned on the counter, its surface scratched and battered from years of use. A small patch of sunlight seeps through the grimy kitchen window, illuminating the dusty corners and casting long shadows across the worn linoleum floor."
selector_alpha_0_c8_tok100_seed08_i_am_opening_the_fridge.json,selector_alpha_0,experiments/frontier_sweep_mundane_matched_alpha0_smoke/selector_alpha_0_c8_tok100_seed08_i_am_opening_the_fridge.json,3,4,0,0.3601794062145276,0.006670999642280548,0.40125757158558456,0.01826948413385228,0.0,0.0,0.0913474206692614,0.6687626193093076,0.19999999999999998,0.9100000000000001,0.0,0.0,0.0,,0.0,0.0,,0.0,0.0,,0.0,,1.0,0.0,the; fridge; mother's; old; recipe; book; spills; counter; pull; out; bottle; olive,the; recipe; book; bottle; olive,0.5,0.0,0.0,0,0,"The bottle of olive oil slowly comes to rest against the baseboard, its label fluttering gently in the faint hum of the refrigerator, while the recipe book, now wedged between the cabinets, remains motionless, a faint rustle emanating from its yellowed pages as the kitchen's afternoon sunlight casts an oblique shadow across the worn linoleum floor."
selector_alpha_0_c8_tok100_seed08_i_am_opening_the_fridge.json,selector_alpha_0,experiments/frontier_sweep_mundane_matched_alpha0_smoke/selector_alpha_0_c8_tok100_seed08_i_am_opening_the_fridge.json,3,5,0,0.9695698398180632,0.0,0.40106096671814034,0.0,0.0,0.0,0.0,0.6684349445302339,0.19999999999999998,0.9100000000000001,0.0,0.3333333333333333,2.127659574468085,ghostly,0.0,0.0,,0.3333333333333333,2.127659574468085,ghostly,0.0,,1.0,0.0,the; fridge; mother's; old; recipe; book; spills; counter; pull; out; bottle; olive,the; old; bottle; olive,0.25,0.0,0.0,0,0,"The worn olive oil bottle bobs gently across the linoleum floor, its label trailing behind it like a ghostly tail, as it comes to rest against the leg of an old armchair, its once-vibrant colors muted by the dull hum of the refrigerator, which seems to be humming in sync with the soft creaks of the old wooden floor."
selector_alpha_0_c8_tok100_seed08_i_am_opening_the_fridge.json,selector_alpha_0,experiments/frontier_sweep_mundane_matched_alpha0_smoke/selector_alpha_0_c8_tok100_seed08_i_am_opening_the_fridge.json,3,6,0,0.956765877849503,0.0,0.39558504145936985,0.0,0.0,0.0,0.0,0.6593084024322831,0.19999999999999998,0.9100000000000001,0.0,0.0,0.0,,0.0,0.0,,0.0,0.0,,0.0,,1.0,0.0,the; fridge; mother's; old; recipe; book; spills; counter; pull; out; bottle; olive,the; recipe; book; bottle; olive,0.125,0.0,0.0,0,0,"The worn bottle of olive oil, now stopped in its roll, lies in a small crack between the floorboards, its label still fluttering against the cold, dark wood, as the recipe book, now half-hidden between the cabinets, slowly slides down the wall and comes to rest beside it, its pages rustling softly against the worn linoleum."
selector_alpha_0_c8_tok100_seed08_i_am_opening_the_fridge.json,selector_alpha_0,experiments/frontier_sweep_mundane_matched_alpha0_smoke/selector_alpha_0_c8_tok100_seed08_i_am_opening_the_fridge.json,3,7,0,0.8936400182861248,0.0,0.359865985073457,0.0,0.0,0.0,0.0,0.5997766417890951,0.19999999999999998,0.9100000000000001,0.0,0.0,0.0,,0.0,0.0,,0.0,0.0,,0.0,,0.75,0.25,the; fridge; mother's; old; recipe; book; spills; counter; pull; out; bottle; olive,the; bottle; olive,0.2857142857142857,0.0,0.0,0,0,"As I bend down to pick up the olive oil bottle, a forgotten photograph falls from the top shelf of the cabinet, its edges curled and creased from years of being folded, and it lands softly on the worn linoleum floor, next to the olive oil bottle, where it lies adjacent to the faint fluttering label, which has now stuck to the floor, a small, brownish-red smudge spreading from the center of the kitchen, spreading like a stain on the linoleum."
selector_alpha_0_c8_tok100_seed08_i_am_opening_the_fridge.json,selector_alpha_0,experiments/frontier_sweep_mundane_matched_alpha0_smoke/selector_alpha_0_c8_tok100_seed08_i_am_opening_the_fridge.json,3,8,0,0.6025368156702358,0.0,0.3528861640707669,0.0,0.0,0.0,0.0,0.5881436067846115,0.19999999999999998,0.9100000000000001,0.0,0.0,0.0,,0.0,0.0,,0.0,0.0,,0.0,,1.0,0.0,the; fridge; mother's; old; recipe; book; spills; counter; pull; out; bottle; olive,the; old; bottle; olive,0.6666666666666666,0.0,0.0,0,0,"The faded label of the olive oil bottle catches on the edge of a dusty old photograph, which had been tacked to the wall above the kitchen sink, now stuck to the floor as the bottle's label twirls around it, the photograph's faded edges curling up like a crumpled piece of paper, the faces in the photo smiling indifferently as the kitchen's worn linoleum floor begins to resemble a macabre dance floor."
steer_alpha_0p66_c8_tok100_seed08_i_am_opening_the_fridge.json,steer_alpha_0p66,experiments/frontier_sweep_mundane_matched_alpha0_smoke/steer_alpha_0p66_c8_tok100_seed08_i_am_opening_the_fridge.json,1,1,1,0.495527972016377,0.013604227108015295,0.41522335790279763,0.03636363636363636,0.0,0.0,0.1818181818181818,0.6920389298379961,0.19999999999999998,0.9100000000000001,0.0,1.0,15.217391304347826,antique; delicate; doll; fog; mist; music box; porcelain,1.0,8.695652173913043,antique; doll; music box; porcelain,1.0,6.521739130434782,delicate; fog; mist,1.0,antique; doll; music box; porcelain,1.0,0.0,the; fridge,the; fridge,0.45,0.0,0.0,0,0,"A faint, antique music box, nestled between the shelves, begins to play a soft, melancholy waltz as the fridge's door creaks open, releasing a faint, fog-like mist that slowly coalesces into a delicate, porcelain doll, which perches on the edge of the counter, its porcelain face tilted towards the morning light."
steer_alpha_0p66_c8_tok100_seed08_i_am_opening_the_fridge.json,steer_alpha_0p66,experiments/frontier_sweep_mundane_matched_alpha0_smoke/steer_alpha_0p66_c8_tok100_seed08_i_am_opening_the_fridge.json,1,2,0,0.08430542774076843,0.008295189022763551,0.42709783297981674,0.022222222222222223,0.0,0.0,0.1111111111111111,0.7118297216330279,0.19999999999999998,0.9100000000000001,0.0,1.0,6.382978723404255,antique; delicate; music box,0.6666666666666666,4.25531914893617,antique; music box,0.3333333333333333,2.127659574468085,delicate,1.0,antique; ballerina; music box,1.0,0.0,the; fridge,the; fridge,0.3,0.0,0.0,0,0,"As I push the fridge door open, a faint hum, long forgotten, stirs to life, and a wispy tendril of steam rises, carrying the scent of last night's Chinese takeout, into the morning air, where a small, antique music box, once a family heirloom, now perches on a windowsill, its delicate ballerina twirling to the tune of a forgotten melody."
steer_alpha_0p66_c8_tok100_seed08_i_am_opening_the_fridge.json,steer_alpha_0p66,experiments/frontier_sweep_mundane_matched_alpha0_smoke/steer_alpha_0p66_c8_tok100_seed08_i_am_opening_the_fridge.json,1,3,0,1.0245278923950816,0.007898555447595454,0.5423714694633341,0.016326232641893708,0.0,0.0,0.08163116320946853,0.9039524491055569,0.19999999999999998,0.9100000000000001,0.0,1.0,10.869565217391305,antique; crystal; delicate; miniature; porcelain,1.0,8.695652173913043,antique; crystal; miniature; porcelain,0.3333333333333333,2.1739130434782608,delicate,1.0,antique; crystal; miniature; porcelain,1.0,0.0,the; fridge,the; fridge,0.4,0.0,0.0,0,0,"A faint light flickers to life, illumining the worn, wooden surface of an old, antique clock, its delicate hands frozen in time, as the fridge's doors slide open, revealing a garden, in miniature, with a tiny, topiary rose, a delicate, porcelain tea set, and a miniature, crystal wine glass, suspended in mid-air, surrounded by a halo of dew."
steer_alpha_0p66_c8_tok100_seed08_i_am_opening_the_fridge.json,steer_alpha_0p66,experiments/frontier_sweep_mundane_matched_alpha0_smoke/steer_alpha_0p66_c8_tok100_seed08_i_am_opening_the_fridge.json,1,4,0,-0.8981699317836465,0.0,0.4379812004183353,0.0,0.0,0.0,0.0,0.7299686673638922,0.19999999999999998,0.9100000000000001,0.0,0.0,0.0,,0.0,0.0,,0.0,0.0,,0.0,,0.5,0.5,the; fridge,the,0.4,0.0,0.0,0,0,"A half-eaten pizza slices away, a half-eaten sandwich, and a carton of eggs sit on a small, wooden table, where a single, dusty, old piano, with a faded, yellowed sheet of music, lies open, its pages fluttering gently in the morning breeze."
steer_alpha_0p66_c8_tok100_seed08_i_am_opening_the_fridge.json,steer_alpha_0p66,experiments/frontier_sweep_mundane_matched_alpha0_smoke/steer_alpha_0p66_c8_tok100_seed08_i_am_opening_the_fridge.json,1,5,0,-0.4752647066383904,0.0,0.4379244264507422,0.0,0.0,0.0,0.0,0.7298740440845704,0.19999999999999998,0.9100000000000001,0.0,0.0,0.0,,0.0,0.0,,0.0,0.0,,0.0,,0.0,1.0,the; fridge,,0.3,0.0,0.0,0,0,"As I peer inside, a faint hum hums to life, and a lone egg, previously hidden in a cradle of lettuce, now sits on a tiny, old-fashioned cash register, its register slot gaping open, as if waiting for a payment."
steer_alpha_0p66_c8_tok100_seed08_i_am_opening_the_fridge.json,steer_alpha_0p66,experiments/frontier_sweep_mundane_matched_alpha0_smoke/steer_alpha_0p66_c8_tok100_seed08_i_am_opening_the_fridge.json,1,6,0,-2.248018246550956,0.005177003844335537,0.1456291401869159,0.039455305560363266,0.0,0.0,0.19727652780181631,0.4579532710280374,0.05999999999999997,0.9730000000000001,0.0,1.0,8.571428571428571,antique; delicate; music box,0.6666666666666666,5.714285714285714,antique; music box,0.3333333333333333,2.857142857142857,delicate,1.0,antique; ballerina; music box,0.5,0.5,the; fridge,the,0.45,0.4,0.0,0,0,"As I pull out a dusty old photograph, a small, antique music box falls to the floor, its delicate ballerina twirling to a soft, forgotten waltz, while a bouquet of forgotten flowers, once white, now wilted and brown, spills onto the kitchen counter, releasing"
steer_alpha_0p66_c8_tok100_seed08_i_am_opening_the_fridge.json,steer_alpha_0p66,experiments/frontier_sweep_mundane_matched_alpha0_smoke/steer_alpha_0p66_c8_tok100_seed08_i_am_opening_the_fridge.json,1,7,0,-0.9014203444065503,0.0033378779659479925,0.38019053934571173,0.010256410256410256,0.0,0.0,0.05128205128205128,0.6336508989095195,0.19999999999999998,0.9100000000000001,0.0,0.3333333333333333,2.7777777777777777,miniature,0.3333333333333333,2.7777777777777777,miniature,0.0,0.0,,0.4,miniature,0.5,0.5,the; fridge,the,0.2,0.0,0.0,0,0,"A faint hum, a soft whisper, as the refrigerator's door creaks open, slowly, as if in a slow, exaggerated yawn, revealing a miniature world of miniature worlds, where tiny furniture, a tiny café, a tiny shop, and a tiny, diminutive figure, sipping tea and reading a tiny newspaper."
steer_alpha_0p66_c8_tok100_seed08_i_am_opening_the_fridge.json,steer_alpha_0p66,experiments/frontier_sweep_mundane_matched_alpha0_smoke/steer_alpha_0p66_c8_tok100_seed08_i_am_opening_the_fridge.json,1,8,0,-2.902632336655592,7.334165402313138e-05,0.006922982216142263,0.012121212121212123,0.0,0.0,0.06060606060606061,0.038461012311901466,0.0,1.0,0.0,1.0,8.823529411764707,antique; delicate; music box,0.6666666666666666,5.882352941176471,antique; music box,0.3333333333333333,2.9411764705882355,delicate,1.0,antique; ballerina; music box,1.0,0.0,the; fridge,the; fridge,0.3,0.4,0.4,0,0,"I am opening the fridge, its doors creaking softly as it slowly swings open, revealing a dimly lit, musty interior, where a lone, antique music box, once a treasured family heirloom, now gathers dust, its delicate ballerina twirling to a slow, forgotten waltz"
steer_alpha_0p66_c8_tok100_seed08_i_am_opening_the_fridge.json,steer_alpha_0p66,experiments/frontier_sweep_mundane_matched_alpha0_smoke/steer_alpha_0p66_c8_tok100_seed08_i_am_opening_the_fridge.json,2,1,1,0.7027188477791717,0.09711893621184517,0.20625039545600685,0.5742424242424243,1.0,0.0,0.12121212121212122,0.5729177651555746,0.19999999999999998,0.9100000000000001,0.0,1.0,6.666666666666667,doll; moonlit; music box,0.6666666666666666,4.444444444444445,doll; music box,0.3333333333333333,2.2222222222222223,moonlit,1.0,doll; music box,0.25,0.75,the; fridge; nestled; shelves; begins; play; melancholy; waltz; fridge's; door; creaks; open,the,0.0,0.4,0.0,1,0,"As the doll's gaze follows the morning sun, its face becomes a pale, moonlit mask, its eyes, two glittering, opal-like opals, reflect the dew-kissed grass and the morning's first, hesitant breath, while the music box, now no longer a music box, unfurls a sheet"
steer_alpha_0p66_c8_tok100_seed08_i_am_opening_the_fridge.json,steer_alpha_0p66,experiments/frontier_sweep_mundane_matched_alpha0_smoke/steer_alpha_0p66_c8_tok100_seed08_i_am_opening_the_fridge.json,2,2,0,0.7455790322855407,0.073101,0.1519216187621231,0.5621212121212121,1.0,0.0,0.06060606060606061,0.4220044965614531,0.19999999999999998,0.9100000000000001,0.0,1.0,9.523809523809524,delicate; doll; ethereal; music box,0.6666666666666666,4.761904761904762,doll; music box,0.6666666666666666,4.761904761904762,delicate; ethereal,1.0,doll; music box,0.5,0.5,the; fridge; nestled; shelves; begins; play; melancholy; waltz; fridge's; door; creaks; open,the; fridge,0.2,0.4,0.0,1,0,"As the doll's gaze follows the sunbeams that stream through a crack in the wall, its eyes, like two sapphy blue eyes, seem to sparkle with a soft, ethereal light, and the music box, now a tiny, delicate, golden automaton, emerges from the fridge, its brass lim"
steer_alpha_0p66_c8_tok100_seed08_i_am_opening_the_fridge.json,steer_alpha_0p66,experiments/frontier_sweep_mundane_matched_alpha0_smoke/steer_alpha_0p66_c8_tok100_seed08_i_am_opening_the_fridge.json,2,3,0,1.2767134364745945,0.011409425694560127,0.41741801321561445,0.03333333333333333,0.0,0.0,0.16666666666666666,0.6956966886926907,0.19999999999999998,0.9100000000000001,0.0,1.0,8.620689655172415,doll; leather-bound; mournful; music box; porcelain,1.0,6.896551724137931,doll; leather-bound; music box; porcelain,0.3333333333333333,1.7241379310344827,mournful,1.0,doll; leather-bound; music box; porcelain,0.75,0.25,the; fridge; nestled; shelves; begins; play; melancholy; waltz; fridge's; door; creaks; open,the; begins; open,0.0,0.0,0.0,0,0,"As the music box's final, mournful notes fade away, the doll slowly stands upright, its porcelain limbs unfolding like a lotus, and with a tiny, painted smile, it begins to read a worn, leather-bound book that lies open on the counter, revealing yellowed, yellowed pages filled with handwritten, calligraphic script, which read ""the ice cream shop on 5th street closes tonight at five""."
steer_alpha_0p66_c8_tok100_seed08_i_am_opening_the_fridge.json,steer_alpha_0p66,experiments/frontier_sweep_mundane_matched_alpha0_smoke/steer_alpha_0p66_c8_tok100_seed08_i_am_opening_the_fridge.json,2,4,0,0.6976138979303059,0.005588955153795352,0.5386551404066782,0.012121212121212123,0.0,0.0,0.06060606060606061,0.8977585673444636,0.19999999999999998,0.9100000000000001,0.0,1.0,20.58823529411765,antique; delicate; doll; leather-bound; music box; ornate; pocket watch,1.0,17.647058823529413,antique; doll; leather-bound; music box; ornate; pocket watch,0.3333333333333333,2.9411764705882355,delicate,1.0,antique; doll; leather-bound; music box; ornate; pocket watch,0.25,0.75,the; fridge; nestled; shelves; begins; play; melancholy; waltz; fridge's; door; creaks; open,the,0.2,0.0,0.0,0,0,"As the doll's gaze fixes on a nearby, leather-bound, 19th-century-style music box, its lid opens, and a small, ornate key falls to the countertop, where it lands beside a small, delicate, antique pocket watch, its face frozen at 3:07."
steer_alpha_0p66_c8_tok100_seed08_i_am_opening_the_fridge.json,steer_alpha_0p66,experiments/frontier_sweep_mundane_matched_alpha0_smoke/steer_alpha_0p66_c8_tok100_seed08_i_am_opening_the_fridge.json,2,5,0,1.1267532802296008,0.002729224677354811,0.22947516906010182,0.013333333333333334,0.0,0.0,0.06666666666666667,0.6374310251669495,0.19999999999999998,0.9100000000000001,0.0,1.0,14.634146341463415,doll; ethereal; fog; gossamer; mist; music box,0.6666666666666666,4.878048780487805,doll; music box,1.0,9.75609756097561,ethereal; fog; gossamer; mist,1.0,doll; music box,0.25,0.75,the; fridge; nestled; shelves; begins; play; melancholy; waltz; fridge's; door; creaks; open,the,0.4,0.4,0.0,0,0,"The doll's gaze follows the mist, which has now formed into a wispy, ethereal orchid, its petals unfolding like a pale, translucent fan, as the music box's tune weaves a somber, lapping sea of fog, where tiny, gossamer boats glide, their sails billowing with a"
steer_alpha_0p66_c8_tok100_seed08_i_am_opening_the_fridge.json,steer_alpha_0p66,experiments/frontier_sweep_mundane_matched_alpha0_smoke/steer_alpha_0p66_c8_tok100_seed08_i_am_opening_the_fridge.json,2,6,0,-0.16080164844499695,0.0,0.15986260291696072,0.0,0.0,0.0,0.0,0.44406278588044645,0.19999999999999998,0.9100000000000001,0.0,0.6666666666666666,5.128205128205129,doll; leather-bound,0.6666666666666666,5.128205128205129,doll; leather-bound,0.0,0.0,,0.875,doll; leather-bound,0.25,0.75,the; fridge; nestled; shelves; begins; play; melancholy; waltz; fridge's; door; creaks; open,the,0.0,0.4,0.0,0,0,"As the doll's gaze follows the sunlight, its face, once a gentle, heart-shaped mouth, now purses into a sharp, determined line, and a small, leather-bound book, previously hidden behind a stack of expired coupons and a half-eaten jar of jam, slowly emerges, it"
steer_alpha_0p66_c8_tok100_seed08_i_am_opening_the_fridge.json,steer_alpha_0p66,experiments/frontier_sweep_mundane_matched_alpha0_smoke/steer_alpha_0p66_c8_tok100_seed08_i_am_opening_the_fridge.json,2,7,0,0.46873756468121425,0.0,0.14433790000667512,0.0,0.0,0.0,0.0,0.4009386111296531,0.19999999999999998,0.9100000000000001,0.0,0.6666666666666666,5.0,doll; mist,0.3333333333333333,2.5,doll,0.3333333333333333,2.5,mist,0.375,doll,0.25,0.75,the; fridge; nestled; shelves; begins; play; melancholy; waltz; fridge's; door; creaks; open,the,0.2,0.4,0.0,0,0,"As the doll's gaze, like a pale blue eye, follows the morning light, it seems to be drinking in the golden, dew-kissed grass outside, and the mist that had coalesced into it now stretches out like a wispy, silver tendril, curling around the neck of a small, le"
steer_alpha_0p66_c8_tok100_seed08_i_am_opening_the_fridge.json,steer_alpha_0p66,experiments/frontier_sweep_mundane_matched_alpha0_smoke/steer_alpha_0p66_c8_tok100_seed08_i_am_opening_the_fridge.json,2,8,0,0.47854489252377835,0.001852950280326198,0.1355817278287462,0.016666666666666666,0.0,0.0,0.08333333333333333,0.3766159106354061,0.19999999999999998,0.9100000000000001,0.0,1.0,7.5,doll; mournful; music box,0.6666666666666666,5.0,doll; music box,0.3333333333333333,2.5,mournful,1.0,doll; music box,0.5,0.5,the; fridge; nestled; shelves; begins; play; melancholy; waltz; fridge's; door; creaks; open,the; waltz,0.0,0.4,0.0,0,0,"As the doll's gaze follows the morning light, its eyes, like two glittering sapphires, seem to drink in the dew-dropped world, while the music box's waltz harmonizes with the sweet, mournful songs of a nightingale, its tiny, glassy eyes reflecting the frost th"
steer_alpha_0p66_c8_tok100_seed08_i_am_opening_the_fridge.json,steer_alpha_0p66,experiments/frontier_sweep_mundane_matched_alpha0_smoke/steer_alpha_0p66_c8_tok100_seed08_i_am_opening_the_fridge.json,3,1,1,-0.8055334291657823,0.06321583558093218,0.13230522113022114,0.5621212121212121,1.0,0.0,0.06060606060606061,0.44101740376740384,0.0,1.0,0.0,0.6666666666666666,5.714285714285714,antique; delicate,0.3333333333333333,2.857142857142857,antique,0.3333333333333333,2.857142857142857,delicate,0.375,antique,0.25,0.75,the; fridge; nestled; shelves; begins; play; melancholy; waltz; fridge's; door; creaks; open,the,0.16666666666666666,0.4,0.0,1,0,"A delicate, antique clock, its brass face ticking away with a rhythmic, silver-voiced metronome, slowly rises from the depths of the counter, its gilded hands tracing an intricate, filigework pattern as the morning light, now a brilliant, sapphire-blue, dances"
steer_alpha_0p66_c8_tok100_seed08_i_am_opening_the_fridge.json,steer_alpha_0p66,experiments/frontier_sweep_mundane_matched_alpha0_smoke/steer_alpha_0p66_c8_tok100_seed08_i_am_opening_the_fridge.json,3,2,0,-0.2391775285678221,0.06162223717309002,0.13663467222414638,0.55,1.0,0.0,0.0,0.42966878057907665,0.05999999999999997,0.9730000000000001,0.0,1.0,8.108108108108109,delicate; doll; porcelain,0.6666666666666666,5.405405405405405,doll; porcelain,0.3333333333333333,2.7027027027027026,delicate,0.875,doll; porcelain,0.5,0.5,the; fridge; nestled; shelves; begins; play; melancholy; waltz; fridge's; door; creaks; open,the; begins,0.0,0.4,0.0,1,0,"As the dew-kissed grass, now a vibrant, emerald green, begins to unfurl and crawl across the countertop, tendrils of moss and ivy, like delicate, silver ribbons, twine themselves around the porcelain doll, which, now a tiny, delicate, wooden boat, is carried b"
steer_alpha_0p66_c8_tok100_seed08_i_am_opening_the_fridge.json,steer_alpha_0p66,experiments/frontier_sweep_mundane_matched_alpha0_smoke/steer_alpha_0p66_c8_tok100_seed08_i_am_opening_the_fridge.json,3,3,0,-0.5035054967955732,0.06601655186886947,0.14637816378906757,0.55,1.0,0.0,0.0,0.40660601052518774,0.19999999999999998,0.9100000000000001,0.0,0.0,0.0,,0.0,0.0,,0.0,0.0,,0.0,,0.5,0.5,the; fridge; nestled; shelves; begins; play; melancholy; waltz; fridge's; door; creaks; open,the; begins,0.0,0.4,0.0,2,0,"As the dew-kissed grass, now a vibrant, emerald green, begins to unfurl, tendrils of ivy, once confined to the walls, now cascade down the sides of the old, stone cottage, its mortar, now a mosaic of tiny, mother-of-pearl buttons, slowly transforms into a mosa"
steer_alpha_0p66_c8_tok100_seed08_i_am_opening_the_fridge.json,steer_alpha_0p66,experiments/frontier_sweep_mundane_matched_alpha0_smoke/steer_alpha_0p66_c8_tok100_seed08_i_am_opening_the_fridge.json,3,4,0,-0.3243813449993928,0.06170454990623283,0.13198834204541782,0.55,1.0,0.0,0.0,0.41505767938810634,0.05999999999999997,0.9730000000000001,0.0,0.6666666666666666,4.878048780487805,doll; miniature,0.6666666666666666,4.878048780487805,doll; miniature,0.0,0.0,,0.775,doll; miniature,0.75,0.25,the; fridge; nestled; shelves; begins; play; melancholy; waltz; fridge's; door; creaks; open,the; melancholy; waltz,0.16666666666666666,0.4,0.0,1,0,"The dew-kissed grass, now a vibrant, emerald green, spreads out from the doll's base, its blades waltzing to the same soft, melancholy waltz as the morning sun rises, casting a golden glow over the entire, now tiny, almost imperceptible, miniature garden, wher"
steer_alpha_0p66_c8_tok100_seed08_i_am_opening_the_fridge.json,steer_alpha_0p66,experiments/frontier_sweep_mundane_matched_alpha0_smoke/steer_alpha_0p66_c8_tok100_seed08_i_am_opening_the_fridge.json,3,5,0,0.5295213272949479,0.06460156832267586,0.1432407279881948,0.55,1.0,0.0,0.0,0.39789091107831887,0.19999999999999998,0.9100000000000001,0.0,1.0,7.894736842105263,delicate; doll; porcelain,0.6666666666666666,5.2631578947368425,doll; porcelain,0.3333333333333333,2.6315789473684212,delicate,0.875,doll; porcelain,0.5,0.5,the; fridge; nestled; shelves; begins; play; melancholy; waltz; fridge's; door; creaks; open,the; begins,0.0,0.4,0.0,1,0,"As the doll's gaze seems to hold the morning in a fragile, glassy grasp, the dew-kissed grass, now a vibrant, emerald green, begins to unfurl and stretch, its delicate, lace-like tendrils curling around the porcelain doll, as if to enfold it in a tender, green"
steer_alpha_0p66_c8_tok100_seed08_i_am_opening_the_fridge.json,steer_alpha_0p66,experiments/frontier_sweep_mundane_matched_alpha0_smoke/steer_alpha_0p66_c8_tok100_seed08_i_am_opening_the_fridge.json,3,6,0,1.139931717161552,0.0,0.42999272882805817,0.0,0.0,0.0,0.0,0.7166545480467637,0.19999999999999998,0.9100000000000001,0.0,1.0,8.928571428571429,delicate; doll; leather-bound; moonlit; porcelain,1.0,5.357142857142857,doll; leather-bound; porcelain,0.6666666666666666,3.5714285714285716,delicate; moonlit,1.0,doll; leather-bound; porcelain,0.5,0.5,the; fridge; nestled; shelves; begins; play; melancholy; waltz; fridge's; door; creaks; open,the; open,0.1,0.0,0.0,0,0,"The delicate, porcelain doll, now free from its confines, takes a step forward, its pale, moonlit face tilts slightly, as if listening intently to the morning's first, hesitant birdsong, which, in response, a small, leather-bound book, previously hidden behind a shelf, slides out, its worn, golden lock creaking open, releasing a yellowed, handwritten note that reads: 'for a forgotten melody'."
steer_alpha_0p66_c8_tok100_seed08_i_am_opening_the_fridge.json,steer_alpha_0p66,experiments/frontier_sweep_mundane_matched_alpha0_smoke/steer_alpha_0p66_c8_tok100_seed08_i_am_opening_the_fridge.json,3,7,0,1.1873153028516876,0.0,0.21547923266530922,0.0,0.0,0.0,0.0,0.5985534240703034,0.19999999999999998,0.9100000000000001,0.0,1.0,7.142857142857143,doll; ethereal; moonlit,0.3333333333333333,2.380952380952381,doll,0.6666666666666666,4.761904761904762,ethereal; moonlit,0.375,doll,0.25,0.75,the; fridge; nestled; shelves; begins; play; melancholy; waltz; fridge's; door; creaks; open,the,0.5,0.4,0.0,0,0,"as the dawn, the doll's face, once a pale, moonlit mask, now slowly, imperceptibly, takes on a soft, pink flush, its opal-like opals, once glittering with dew-kiss, now shine with a faint, ethereal glow, as the morning's first, hesitant breath, now a gentle, g"
steer_alpha_0p66_c8_tok100_seed08_i_am_opening_the_fridge.json,steer_alpha_0p66,experiments/frontier_sweep_mundane_matched_alpha0_smoke/steer_alpha_0p66_c8_tok100_seed08_i_am_opening_the_fridge.json,3,8,0,-0.18897557937847992,0.0,0.15768902953657182,0.0,0.0,0.0,0.0,0.43802508204603285,0.19999999999999998,0.9100000000000001,0.0,0.6666666666666666,5.405405405405405,doll; leather-bound,0.6666666666666666,5.405405405405405,doll; leather-bound,0.0,0.0,,0.875,doll; leather-bound,0.5,0.5,the; fridge; nestled; shelves; begins; play; melancholy; waltz; fridge's; door; creaks; open,the; open,0.0,0.4,0.0,0,0,"As the doll's gaze maintains a steadfast, almost unblinking attention on the dew-kissed grass, a small, leather-bound book, adorned with intricate, silver filigework, slowly falls from a nearby shelf, its pages, yellowed with age, fluttering open to a page bea"
steer_alpha_0p77_c8_tok100_seed08_i_am_opening_the_fridge.json,steer_alpha_0p77,experiments/frontier_sweep_mundane_matched_alpha0_smoke/steer_alpha_0p77_c8_tok100_seed08_i_am_opening_the_fridge.json,1,1,1,-0.0234375717328128,0.015295049473871945,0.44561048689138577,0.0380952380952381,0.0,0.0,0.19047619047619047,0.7426841448189763,0.19999999999999998,0.9100000000000001,0.0,1.0,10.714285714285714,antique; miniature; music box,1.0,10.714285714285714,antique; miniature; music box,0.0,0.0,,1.0,antique; miniature; music box,1.0,0.0,the; fridge,the; fridge,0.45,0.0,0.0,0,0,"A faint, old photograph protrudes from the fridge's door, partially hidden behind a magnet with a faded Polaroid of a small, forgotten garden, where a miniature, antique music box plays a gentle, forgotten melody."
steer_alpha_0p77_c8_tok100_seed08_i_am_opening_the_fridge.json,steer_alpha_0p77,experiments/frontier_sweep_mundane_matched_alpha0_smoke/steer_alpha_0p77_c8_tok100_seed08_i_am_opening_the_fridge.json,1,2,0,-1.2261074360778792,0.0,0.46608318085855027,0.0,0.0,0.0,0.0,0.7768053014309172,0.19999999999999998,0.9100000000000001,0.0,0.6666666666666666,8.0,leather-bound; miniature,0.6666666666666666,8.0,leather-bound; miniature,0.0,0.0,,0.9,leather-bound; miniature,0.5,0.5,the; fridge,the,0.0,0.0,0.0,0,0,"The doors swing open, revealing a miniature garden, where a petite, top hated woman, dressed in a long coat, tucks a small, leather-bound book into a crack between two shelves."
steer_alpha_0p77_c8_tok100_seed08_i_am_opening_the_fridge.json,steer_alpha_0p77,experiments/frontier_sweep_mundane_matched_alpha0_smoke/steer_alpha_0p77_c8_tok100_seed08_i_am_opening_the_fridge.json,1,3,0,-1.0241083894672378,0.00693333636602222,0.44390263319044704,0.01904761904761905,0.0,0.0,0.09523809523809523,0.7398377219840784,0.19999999999999998,0.9100000000000001,0.0,0.0,0.0,,0.0,0.0,,0.0,0.0,,0.0,,0.5,0.5,the; fridge,the,0.0,0.0,0.0,0,0,"A piece of paper slips out, unfolds, and floats away, carried by a gentle, slow breeze that rustles the kitchen curtains, as the refrigerator hums a gentle, expectant tune."
steer_alpha_0p77_c8_tok100_seed08_i_am_opening_the_fridge.json,steer_alpha_0p77,experiments/frontier_sweep_mundane_matched_alpha0_smoke/steer_alpha_0p77_c8_tok100_seed08_i_am_opening_the_fridge.json,1,4,0,-1.027844573422235,0.009684365050286962,0.4242566464786928,0.02666666666666667,0.0,0.0,0.13333333333333333,0.7070944107978214,0.19999999999999998,0.9100000000000001,0.0,0.6666666666666666,4.651162790697675,antique; music box,0.6666666666666666,4.651162790697675,antique; music box,0.0,0.0,,1.0,antique; music box,0.5,0.5,the; fridge,the,0.2,0.0,0.0,0,0,"A small, antique music box, covered in dust, sits beside a half-empty bottle of red wine, next to a half-opened cookbook, its pages fluttering gently in the night breeze that wals in through an open window, where a lone, sleeping cat watches, its eyes closed, its tail twitching to a unheard melody."
steer_alpha_0p77_c8_tok100_seed08_i_am_opening_the_fridge.json,steer_alpha_0p77,experiments/frontier_sweep_mundane_matched_alpha0_smoke/steer_alpha_0p77_c8_tok100_seed08_i_am_opening_the_fridge.json,1,5,0,-0.41548438469604354,0.006708292571972087,0.3948266368032899,0.01904761904761905,0.0,0.0,0.09523809523809523,0.6580443946721498,0.19999999999999998,0.9100000000000001,0.0,1.0,7.017543859649122,antique; leather-bound; music box; tiny ballerina,1.0,7.017543859649122,antique; leather-bound; music box; tiny ballerina,0.0,0.0,,1.0,antique; ballerina; leather-bound; music box; tiny ballerina,0.5,0.5,the; fridge,the,0.4,0.0,0.0,0,0,"A small, forgotten key slides out from between the refrigerator's doors, unnoticed by me, as the hinges creak softly, and the doors slowly, like a old, tired mouth, slowly, they unfold to reveal a tiny, antique music box, ticking away, its tiny ballerina twirling to a waltz, as a small, leather-bound book, with a brass lock, lies open, revealing a handwritten, handwritten poem, ""To the moon, where shadows dance."""
steer_alpha_0p77_c8_tok100_seed08_i_am_opening_the_fridge.json,steer_alpha_0p77,experiments/frontier_sweep_mundane_matched_alpha0_smoke/steer_alpha_0p77_c8_tok100_seed08_i_am_opening_the_fridge.json,1,6,0,-0.3785817367566734,0.006289055418641024,0.3937619339045287,0.018658551590735664,0.0,0.0,0.09329275795367832,0.6562698898408812,0.19999999999999998,0.9100000000000001,0.0,1.0,10.526315789473685,antique; delicate; melancholic; music box; ornate; porcelain,1.0,7.017543859649122,antique; music box; ornate; porcelain,0.6666666666666666,3.508771929824561,delicate; melancholic,1.0,antique; music box; ornate; porcelain,0.5,0.5,the; fridge,the,0.2,0.0,0.0,0,0,"A small, antique music box is visible on a shelf, its lid slightly ajar, releasing a faint, melancholic tune that harmonizes with the hum of the refrigerator, as a delicate, porcelain tea set, adorned with tiny, floral patterns, is slowly being lifted off the top shelf, its delicate saucers and cups aligning perfectly with the lid of the music box, as if it's about to be placed on a nearby, ornate, antique table."
steer_alpha_0p77_c8_tok100_seed08_i_am_opening_the_fridge.json,steer_alpha_0p77,experiments/frontier_sweep_mundane_matched_alpha0_smoke/steer_alpha_0p77_c8_tok100_seed08_i_am_opening_the_fridge.json,1,7,0,-0.3497855020796194,0.0,0.15423636363636362,0.0,0.0,0.0,0.0,0.4284343434343434,0.19999999999999998,0.9100000000000001,0.0,0.6666666666666666,6.0606060606060606,delicate; miniature,0.3333333333333333,3.0303030303030303,miniature,0.3333333333333333,3.0303030303030303,delicate,0.4,miniature,1.0,0.0,the; fridge,the; fridge,0.1,0.4,0.0,0,0,"The creaking of the old fridge, a slow, labored sigh, as the door swings open, revealing a landscape of expired leftovers, a miniature, overgrown, lush garden, where a tiny, topiary of a miniature Eiff Eiffel, stands, delicate and serene, its iron latticework"
steer_alpha_0p77_c8_tok100_seed08_i_am_opening_the_fridge.json,steer_alpha_0p77,experiments/frontier_sweep_mundane_matched_alpha0_smoke/steer_alpha_0p77_c8_tok100_seed08_i_am_opening_the_fridge.json,1,8,0,-0.9258574523501006,0.0013935546947516102,0.14350105552362116,0.011111111111111112,0.0,0.0,0.05555555555555555,0.3986140431211699,0.19999999999999998,0.9100000000000001,0.0,1.0,9.090909090909092,antique; leather-bound; music box,1.0,9.090909090909092,antique; leather-bound; music box,0.0,0.0,,1.0,antique; ballerina; leather-bound; music box,0.5,0.5,the; fridge,the,0.3,0.4,0.0,0,0,"A small, antique music box, its intricate ballerina twirls to the tune of a forgotten waltz, as a faint, forgotten melody seeps from its lid, entrancing a dusting of morning dew, which, in turn, nourishes a small, forgotten garden, where a tiny, leather-bound"
steer_alpha_0p77_c8_tok100_seed08_i_am_opening_the_fridge.json,steer_alpha_0p77,experiments/frontier_sweep_mundane_matched_alpha0_smoke/steer_alpha_0p77_c8_tok100_seed08_i_am_opening_the_fridge.json,2,1,1,0.9700235452174597,0.08773742811515875,0.40002432601880883,0.24447637292464883,0.0,0.9482758620689656,0.037037037037037035,0.666707210031348,0.19999999999999998,0.9100000000000001,0.0,1.0,8.620689655172415,antique; delicate; leather-bound; music box; porcelain,1.0,6.896551724137931,antique; leather-bound; music box; porcelain,0.3333333333333333,1.7241379310344827,delicate,1.0,antique; leather-bound; music box; porcelain,1.0,0.0,the; fridge; old; photograph; protrudes; fridge's; door; partially; hidden; magnet; polaroid; garden,the; fridge; photograph; fridge's,0.42857142857142855,0.0,0.0,0,1,"As I reach to retrieve the photograph, a small, antique music box, no bigger than a fist, tumbles from the fridge's depths, its lid creaking open, revealing a delicate, porcelain baller, twirling to the same forgotten melody, as a small, leather-bound book slips from the shelf above, pages fluttering, releasing a whisper of dust, carrying the faint, almost imperceptible words: ""In time, all things are works of art."""
steer_alpha_0p77_c8_tok100_seed08_i_am_opening_the_fridge.json,steer_alpha_0p77,experiments/frontier_sweep_mundane_matched_alpha0_smoke/steer_alpha_0p77_c8_tok100_seed08_i_am_opening_the_fridge.json,2,2,0,-0.11743395182824473,0.029164937247402222,0.13029756030112685,0.2633333333333333,0.0,1.0,0.06666666666666667,0.4097407556639209,0.05999999999999997,0.9730000000000001,0.0,1.0,8.108108108108109,delicate; music box; porcelain,0.6666666666666666,5.405405405405405,music box; porcelain,0.3333333333333333,2.7027027027027026,delicate,1.0,ballerina; music box; porcelain,0.75,0.25,the; fridge; old; photograph; protrudes; fridge's; door; partially; hidden; magnet; polaroid; garden,the; photograph; garden,0.16666666666666666,0.4,0.0,0,1,"As I peer closer, the music box's lid creaks open, releasing a delicate, silver ballerina twirls to the tune, its tiny, porcelain face tilted towards the photograph, where the faded garden seems to stir, petals unfolding like a lotus, releasing a tiny, delicat"
steer_alpha_0p77_c8_tok100_seed08_i_am_opening_the_fridge.json,steer_alpha_0p77,experiments/frontier_sweep_mundane_matched_alpha0_smoke/steer_alpha_0p77_c8_tok100_seed08_i_am_opening_the_fridge.json,2,3,0,0.8239188211034361,0.003882692069564085,0.426149129586302,0.011111111111111112,0.0,0.0,0.05555555555555555,0.7102485493105034,0.19999999999999998,0.9100000000000001,0.0,1.0,6.818181818181818,delicate; iridescent; music box,0.3333333333333333,2.272727272727273,music box,0.6666666666666666,4.545454545454546,delicate; iridescent,0.625,music box,0.5,0.5,the; fridge; old; photograph; protrudes; fridge's; door; partially; hidden; magnet; polaroid; garden,the; photograph,0.0,0.0,0.0,0,0,"As I lift the photograph, the music box, no larger than a silver thim, begins to unfurl, its intricate, silver petals unfolding like a tiny, mechanical rose, releasing a cloud of dusty, iridescent butterflies that pirouette and flutter, their delicate, gilded handles etched with a phrase that reads'Silenza, una notte di maggio'."
steer_alpha_0p77_c8_tok100_seed08_i_am_opening_the_fridge.json,steer_alpha_0p77,experiments/frontier_sweep_mundane_matched_alpha0_smoke/steer_alpha_0p77_c8_tok100_seed08_i_am_opening_the_fridge.json,2,4,0,1.8155203272217972,0.005534503529411765,0.518859705882353,0.012121212121212123,0.0,0.0,0.06060606060606061,0.8647661764705883,0.19999999999999998,0.9100000000000001,0.0,0.3333333333333333,2.9411764705882355,music box,0.3333333333333333,2.9411764705882355,music box,0.0,0.0,,0.625,music box,1.0,0.0,the; fridge; old; photograph; protrudes; fridge's; door; partially; hidden; magnet; polaroid; garden,the; fridge; old; photograph,0.3333333333333333,0.0,0.0,0,0,"As I push the fridge open, a sliver of morning light, a sliver of morning light spills in, illumining the old photograph, and the music box, now open, slowly, its tiny, golden gears creaking, as if to keep time with the gentle, forgotten melody."
steer_alpha_0p77_c8_tok100_seed08_i_am_opening_the_fridge.json,steer_alpha_0p77,experiments/frontier_sweep_mundane_matched_alpha0_smoke/steer_alpha_0p77_c8_tok100_seed08_i_am_opening_the_fridge.json,2,5,0,0.19512813114640443,0.001524748617115923,0.13945871498011492,0.013333333333333334,0.0,0.0,0.06666666666666667,0.438549418176462,0.05999999999999997,0.9730000000000001,0.0,1.0,14.285714285714286,delicate; leather-bound; miniature; music box; ornate,1.0,11.428571428571429,leather-bound; miniature; music box; ornate,0.3333333333333333,2.857142857142857,delicate,1.0,leather-bound; miniature; music box; ornate,0.25,0.75,the; fridge; old; photograph; protrudes; fridge's; door; partially; hidden; magnet; polaroid; garden,the,0.0,0.4,0.0,0,0,"As the music box's gentle melody wafts out, a small, leather-bound book suddenly slips out from behind a shelf, its yellowed pages fluttering as if stirred by an invisible breeze, a small, delicate music stand materializes, and a miniature, ornate, golden cloc"
steer_alpha_0p77_c8_tok100_seed08_i_am_opening_the_fridge.json,steer_alpha_0p77,experiments/frontier_sweep_mundane_matched_alpha0_smoke/steer_alpha_0p77_c8_tok100_seed08_i_am_opening_the_fridge.json,2,6,0,0.7207793798833406,0.0014709034601040503,0.15653195605837023,0.011111111111111112,0.0,0.0,0.05555555555555555,0.43481098905102844,0.19999999999999998,0.9100000000000001,0.0,0.6666666666666666,5.2631578947368425,leather-bound; music box,0.6666666666666666,5.2631578947368425,leather-bound; music box,0.0,0.0,,1.0,leather-bound; music box,0.5,0.5,the; fridge; old; photograph; protrudes; fridge's; door; partially; hidden; magnet; polaroid; garden,the; old,0.14285714285714285,0.4,0.0,0,0,"The music box, its intricate, copper filigework tarned with a thin layer of dew, slowly begins to play a new, discordant tune, as a small, leather-bound book, adorned with tiny, intricate silver lock and key, slowly slides out from behind a nearby, dusty, old"
steer_alpha_0p77_c8_tok100_seed08_i_am_opening_the_fridge.json,steer_alpha_0p77,experiments/frontier_sweep_mundane_matched_alpha0_smoke/steer_alpha_0p77_c8_tok100_seed08_i_am_opening_the_fridge.json,2,7,0,-0.6063189550821617,0.003147623690290253,0.134131691347596,0.02666666666666667,0.0,0.0,0.13333333333333333,0.42179777153332076,0.05999999999999997,0.9730000000000001,0.0,1.0,7.894736842105263,antique; delicate; music box,0.6666666666666666,5.2631578947368425,antique; music box,0.3333333333333333,2.6315789473684212,delicate,1.0,antique; ballerina; music box,1.0,0.0,the; fridge; old; photograph; protrudes; fridge's; door; partially; hidden; magnet; polaroid; garden,the; fridge; photograph; fridge's; door,0.3333333333333333,0.4,0.0,0,0,"As I gently lift the photograph, the music box, now free from the fridge's door, begins to sway to the same forgotten melody, its delicate ballerina twirling to the rhythm of a tiny, dew-kissed rose, once a tiny, exquisite, antique terrarium, now perches on a"
steer_alpha_0p77_c8_tok100_seed08_i_am_opening_the_fridge.json,steer_alpha_0p77,experiments/frontier_sweep_mundane_matched_alpha0_smoke/steer_alpha_0p77_c8_tok100_seed08_i_am_opening_the_fridge.json,2,8,0,-0.8880837921876954,0.004029285981308412,0.11850841121495327,0.04000000000000001,0.0,0.0,0.2,0.3950280373831776,0.0,1.0,0.0,1.0,17.142857142857142,antique; delicate; melancholic; miniature; music box; porcelain,1.0,11.428571428571429,antique; miniature; music box; porcelain,0.6666666666666666,5.714285714285714,delicate; melancholic,1.0,antique; miniature; music box; porcelain,0.75,0.25,the; fridge; old; photograph; protrudes; fridge's; door; partially; hidden; magnet; polaroid; garden,the; fridge; photograph,0.16666666666666666,0.4,0.0,0,0,"As I lift the photograph off the fridge, a small, delicate, porcelain music box materializes in my hand, and the miniature music box begins to play a lively, yet melancholic tune, while a tiny, antique clock, no larger than a saucer, materializes from the phot"
steer_alpha_0p77_c8_tok100_seed08_i_am_opening_the_fridge.json,steer_alpha_0p77,experiments/frontier_sweep_mundane_matched_alpha0_smoke/steer_alpha_0p77_c8_tok100_seed08_i_am_opening_the_fridge.json,3,1,1,0.7653607945335605,0.003981662921337787,0.21850589202463466,0.022222222222222223,0.0,0.0,0.1111111111111111,0.6069608111795408,0.19999999999999998,0.9100000000000001,0.0,1.0,7.894736842105263,delicate; music box; porcelain,0.6666666666666666,5.2631578947368425,music box; porcelain,0.3333333333333333,2.6315789473684212,delicate,1.0,music box; porcelain,0.25,0.75,the; fridge; old; photograph; protrudes; fridge's; door; partially; hidden; magnet; polaroid; garden,the,0.0,0.4,0.0,0,0,"As the music box's baller twirls, the air around it begins to shimmer, and a small, delicate, porcelain bird, no larger than a thumb, rises from the music box, its wings, made of what appears to be a fine, silver mesh, slowly unfolding, as the baller's twirl a"
steer_alpha_0p77_c8_tok100_seed08_i_am_opening_the_fridge.json,steer_alpha_0p77,experiments/frontier_sweep_mundane_matched_alpha0_smoke/steer_alpha_0p77_c8_tok100_seed08_i_am_opening_the_fridge.json,3,2,0,0.09360979345349701,0.005818237640696579,0.20590782676775343,0.032425509267272105,0.0,0.0,0.1621275463363605,0.5719661854659818,0.19999999999999998,0.9100000000000001,0.0,1.0,7.317073170731708,antique; music box; ornate,1.0,7.317073170731708,antique; music box; ornate,0.0,0.0,,1.0,antique; music box; ornate,0.25,0.75,the; fridge; old; photograph; protrudes; fridge's; door; partially; hidden; magnet; polaroid; garden,the,0.2857142857142857,0.4,0.0,0,0,"As the music box's gentle melody wavers and slows, the baller's twirl slows, comes to a halt, and slowly, a small, ornate, silver key falls from the music box, onto the kitchen counter, where a small, antique, wooden flute, once a part of some long-forgotten o"
steer_alpha_0p77_c8_tok100_seed08_i_am_opening_the_fridge.json,steer_alpha_0p77,experiments/frontier_sweep_mundane_matched_alpha0_smoke/steer_alpha_0p77_c8_tok100_seed08_i_am_opening_the_fridge.json,3,3,0,0.4737221285697824,0.0017886972359248603,0.22207643047377912,0.009523809523809525,0.0,0.0,0.047619047619047616,0.6168789735382754,0.19999999999999998,0.9100000000000001,0.0,0.6666666666666666,5.405405405405405,music box; pocket watch,0.6666666666666666,5.405405405405405,music box; pocket watch,0.0,0.0,,1.0,music box; pocket watch,0.25,0.75,the; fridge; old; photograph; protrudes; fridge's; door; partially; hidden; magnet; polaroid; garden,the,0.14285714285714285,0.4,0.0,0,0,"As the baller twirls, the music box's lid, now slightly ajar, reveals a small, rolled-up parchment, tied with a faded, crimson ribbon, with a tiny, silver pocket watch, ticking away, its face etched with an intricate, filigework of tiny, interlocking gears, as"
steer_alpha_0p77_c8_tok100_seed08_i_am_opening_the_fridge.json,steer_alpha_0p77,experiments/frontier_sweep_mundane_matched_alpha0_smoke/steer_alpha_0p77_c8_tok100_seed08_i_am_opening_the_fridge.json,3,4,0,0.7682849734599961,0.0,0.21673961634695577,0.0,0.0,0.0,0.0,0.602054489852655,0.19999999999999998,0.9100000000000001,0.0,0.6666666666666666,5.555555555555555,delicate; leather-bound,0.3333333333333333,2.7777777777777777,leather-bound,0.3333333333333333,2.7777777777777777,delicate,0.5,leather-bound,0.25,0.75,the; fridge; old; photograph; protrudes; fridge's; door; partially; hidden; magnet; polaroid; garden,the,0.14285714285714285,0.4,0.0,0,0,"The baller twirls, its delicate, pink dress, now tattered and frayed, as it pirouts across the kitchen, pursued by a small, silver harmonica, its tiny, brass bells tinkling, scattering shards of glittering, silver dust, as the leather-bound book, now open, exp"
steer_alpha_0p77_c8_tok100_seed08_i_am_opening_the_fridge.json,steer_alpha_0p77,experiments/frontier_sweep_mundane_matched_alpha0_smoke/steer_alpha_0p77_c8_tok100_seed08_i_am_opening_the_fridge.json,3,5,0,0.3310135695135639,0.0013962246811815736,0.18643949748715377,0.008888888888888889,0.0,0.0,0.04444444444444444,0.5862877279470244,0.05999999999999997,0.9730000000000001,0.0,1.0,13.157894736842104,delicate; doll; leather-bound; music box; porcelain,1.0,10.526315789473685,doll; leather-bound; music box; porcelain,0.3333333333333333,2.6315789473684212,delicate,1.0,doll; leather-bound; music box; porcelain,0.5,0.5,the; fridge; old; photograph; protrudes; fridge's; door; partially; hidden; magnet; polaroid; garden,the; old,0.125,0.4,0.0,0,0,"As the baller twirls, the music box's lid creaks open, and a small, leather-bound book falls onto a dusty, old, wooden workbench, where a small, delicate, porcelain doll, no bigger than a thumb, sits, its painted, porcelain face serene, as a small, wooden flut"
steer_alpha_0p77_c8_tok100_seed08_i_am_opening_the_fridge.json,steer_alpha_0p77,experiments/frontier_sweep_mundane_matched_alpha0_smoke/steer_alpha_0p77_c8_tok100_seed08_i_am_opening_the_fridge.json,3,6,0,-0.2085516452069371,0.0017543246061915174,0.15617132992802826,0.013333333333333334,0.0,0.0,0.06666666666666667,0.4338092498000785,0.19999999999999998,0.9100000000000001,0.0,1.0,10.81081081081081,delicate; miniature; music box; porcelain,1.0,8.108108108108109,miniature; music box; porcelain,0.3333333333333333,2.7027027027027026,delicate,1.0,miniature; music box; porcelain,0.25,0.75,the; fridge; old; photograph; protrudes; fridge's; door; partially; hidden; magnet; polaroid; garden,the,0.125,0.4,0.0,0,0,"As I bend down to pick up the music box, the baller's twirl slows, and the miniature, golden hands that cradle it come to a stop, its delicate, porcelain face serene, its silver, filigework glinting in the faint, diffused light that filters through a dusty, ol"
steer_alpha_0p77_c8_tok100_seed08_i_am_opening_the_fridge.json,steer_alpha_0p77,experiments/frontier_sweep_mundane_matched_alpha0_smoke/steer_alpha_0p77_c8_tok100_seed08_i_am_opening_the_fridge.json,3,7,0,-1.1755721942427226,0.001136459835547122,0.12473339658444021,0.011111111111111112,0.0,0.0,0.05555555555555555,0.41577798861480075,0.0,1.0,0.0,1.0,8.823529411764707,miniature; music box; porcelain,1.0,8.823529411764707,miniature; music box; porcelain,0.0,0.0,,1.0,miniature; music box; porcelain,0.25,0.75,the; fridge; old; photograph; protrudes; fridge's; door; partially; hidden; magnet; polaroid; garden,the,0.0,0.4,0.0,0,0,"As I pick up the music box, the baller twirls faster, its porcelain skirt fluttering, reflecting, and on its rim, a tiny, invisible paintbrush begins to sketch a miniature, intricate city, where miniature, Gothic spires and Gothic churches, turrets, and a tiny"
steer_alpha_0p77_c8_tok100_seed08_i_am_opening_the_fridge.json,steer_alpha_0p77,experiments/frontier_sweep_mundane_matched_alpha0_smoke/steer_alpha_0p77_c8_tok100_seed08_i_am_opening_the_fridge.json,3,8,0,0.5209433825374972,0.002190666874409993,0.1402561108616154,0.01904761904761905,0.0,0.0,0.09523809523809523,0.38960030794893175,0.19999999999999998,0.9100000000000001,0.0,0.6666666666666666,5.128205128205129,leather-bound; music box,0.6666666666666666,5.128205128205129,leather-bound; music box,0.0,0.0,,1.0,leather-bound; music box,0.75,0.25,the; fridge; old; photograph; protrudes; fridge's; door; partially; hidden; magnet; polaroid; garden,the; fridge; photograph,0.0,0.4,0.0,0,0,"The music box's baller twirls faster, its movements becoming more frantic, as the leather-bound book floats gently down, its pages fluttering in rhythmic synchrony with the baller's twirl, while the photograph on the fridge suddenly, and with a soft, golden li"
steer_alpha_0p82_c8_tok100_seed08_i_am_opening_the_fridge.json,steer_alpha_0p82,experiments/frontier_sweep_mundane_matched_alpha0_smoke/steer_alpha_0p82_c8_tok100_seed08_i_am_opening_the_fridge.json,1,1,1,-1.5787142857142857,0.007089148761904762,0.4172425,0.01904761904761905,0.0,0.0,0.09523809523809523,0.78725,0.05999999999999997,0.9642916666666668,0.0,1.0,13.636363636363637,antique; ethereal; music box,0.6666666666666666,9.090909090909092,antique; music box,0.3333333333333333,4.545454545454546,ethereal,1.0,antique; music box,0.5,0.5,the; fridge,the,0.4,0.0,0.0,0,0,"A small, antique music box, dusty and forgotten, slowly opens, releasing a faint, ethereal melody that harmonizes with the hum of a lone, flickering fluorescent light."
steer_alpha_0p82_c8_tok100_seed08_i_am_opening_the_fridge.json,steer_alpha_0p82,experiments/frontier_sweep_mundane_matched_alpha0_smoke/steer_alpha_0p82_c8_tok100_seed08_i_am_opening_the_fridge.json,1,2,0,-0.5123983903420524,0.004359147981220656,0.4354309859154929,0.011111111111111112,0.0,0.0,0.05555555555555555,0.7257183098591549,0.19999999999999998,0.9100000000000001,0.0,0.6666666666666666,5.714285714285714,antique; music box,0.6666666666666666,5.714285714285714,antique; music box,0.0,0.0,,1.0,antique; ballerina; music box,0.5,0.5,the; fridge,the,0.45,0.0,0.0,0,0,"As the creak of its old hinges, a faint hum, a soft, pale light spills in, illumining the dusty, forgotten space, where a small, antique music box, once a treasured heirloom, now sits, its ballerina twirling to a walt, as the refrigerator hums a gentle melody."
steer_alpha_0p82_c8_tok100_seed08_i_am_opening_the_fridge.json,steer_alpha_0p82,experiments/frontier_sweep_mundane_matched_alpha0_smoke/steer_alpha_0p82_c8_tok100_seed08_i_am_opening_the_fridge.json,1,3,0,-0.4592315227780559,0.004056234286110578,0.5456817425260867,0.008333333333333333,0.0,0.0,0.041666666666666664,0.9094695708768111,0.19999999999999998,0.9100000000000001,0.0,1.0,12.195121951219512,antique; leather-bound; music box; ornate; porcelain,1.0,12.195121951219512,antique; leather-bound; music box; ornate; porcelain,0.0,0.0,,1.0,antique; leather-bound; music box; ornate; porcelain,0.0,1.0,the; fridge,,0.4,0.0,0.0,0,0,"A small, antique music box, partially exposed, its lid slightly ajar, beside a half-eaten sandwich and a dusty, forgotten umbrella, beside a vintage, ornate, porcelain vase, on a rickety, old, two-legged table, where a small, leather-bound book lies open, revealing a handwritten, unfinished poem."
steer_alpha_0p82_c8_tok100_seed08_i_am_opening_the_fridge.json,steer_alpha_0p82,experiments/frontier_sweep_mundane_matched_alpha0_smoke/steer_alpha_0p82_c8_tok100_seed08_i_am_opening_the_fridge.json,1,4,0,-0.04086600625651715,0.0032942352669996155,0.548397810218978,0.007017543859649123,0.0,0.0,0.03508771929824561,0.9139963503649635,0.19999999999999998,0.9100000000000001,0.0,1.0,14.285714285714286,antique; delicate; ivory; miniature; music box; porcelain,1.0,11.904761904761905,antique; ivory; miniature; music box; porcelain,0.3333333333333333,2.380952380952381,delicate,1.0,antique; ivory; miniature; music box; porcelain,0.0,1.0,the; fridge,,0.2,0.0,0.0,0,0,"A small, antique music box, tucked between two shelves, slowly unfurls a miniature, porcelain baller, made of ivory, begins to pirouet, a delicate, crimson rose unfolds from a tiny, golden frame, unfolding, petals like a miniature, silver fan, a forgotten, antique clock, with gears and cogs, starts to slowly, silently, open."
steer_alpha_0p82_c8_tok100_seed08_i_am_opening_the_fridge.json,steer_alpha_0p82,experiments/frontier_sweep_mundane_matched_alpha0_smoke/steer_alpha_0p82_c8_tok100_seed08_i_am_opening_the_fridge.json,1,5,0,0.04377419373482039,0.002639472384665367,0.4162719298245614,0.007407407407407408,0.0,0.0,0.037037037037037035,0.6937865497076023,0.19999999999999998,0.9100000000000001,0.0,1.0,6.666666666666667,delicate; doll; miniature; porcelain,1.0,5.0,doll; miniature; porcelain,0.3333333333333333,1.6666666666666667,delicate,1.0,doll; miniature; porcelain,1.0,0.0,the; fridge,the; fridge,0.2,0.0,0.0,0,0,"My hands, now inside a smaller, darker, old-fashioned safe, a small key rumbles to life, unlocking a miniature door within the fridge's depths, where a tiny, porcelain doll sits, its porcelain eyes, once a bright blue, now dull, its face cracked, its smile frozen in a perpetual, macab grin, a delicate, filigework of frost and ice, an inscription on its base reads ""For a key that opens chests and opens palms."""
steer_alpha_0p82_c8_tok100_seed08_i_am_opening_the_fridge.json,steer_alpha_0p82,experiments/frontier_sweep_mundane_matched_alpha0_smoke/steer_alpha_0p82_c8_tok100_seed08_i_am_opening_the_fridge.json,1,6,0,-1.776359409886552,0.0,0.3424996962394443,0.0,0.0,0.0,0.0,0.6849993924788886,0.0,1.0,0.0,0.3333333333333333,5.2631578947368425,miniature,0.3333333333333333,5.2631578947368425,miniature,0.0,0.0,,0.4,miniature,1.0,0.0,the; fridge,the; fridge,0.0,0.0,0.0,0,0,"The fridge swings open, revealing a miniature world where tiny, top-hatted, topless, tuba player sits, polishing a miniature trumpet."
steer_alpha_0p82_c8_tok100_seed08_i_am_opening_the_fridge.json,steer_alpha_0p82,experiments/frontier_sweep_mundane_matched_alpha0_smoke/steer_alpha_0p82_c8_tok100_seed08_i_am_opening_the_fridge.json,1,7,0,0.6755186318871265,0.0,0.38993910537877297,0.0,0.0,0.0,0.0,0.6498985089646216,0.19999999999999998,0.9100000000000001,0.0,1.0,5.172413793103448,delicate; leather-bound; miniature,0.6666666666666666,3.4482758620689653,leather-bound; miniature,0.3333333333333333,1.7241379310344827,delicate,0.9,leather-bound; miniature,1.0,0.0,the; fridge,the; fridge,0.3,0.0,0.0,0,0,"A dusty old typewriter, its keys sticky with dew, slowly unfurls a sheet of paper, revealing a poem, with ink that shimmers like a miniature rainbow, as the fridge creaks open, revealing a miniature, perfectly set tea party, with delicate china and a tiny, top hat that tips a tiny top hat, as a small, leather-bound book slips out, and a miniature, perfumed hand, holding a small, worn leather journal."
steer_alpha_0p82_c8_tok100_seed08_i_am_opening_the_fridge.json,steer_alpha_0p82,experiments/frontier_sweep_mundane_matched_alpha0_smoke/steer_alpha_0p82_c8_tok100_seed08_i_am_opening_the_fridge.json,1,8,0,-0.8321022398456757,0.0015120474551165264,0.16362333726288716,0.010256410256410256,0.0,0.0,0.05128205128205128,0.45450927017468656,0.19999999999999998,0.9100000000000001,0.0,1.0,14.285714285714286,antique; delicate; leather-bound; mist; music box,1.0,8.571428571428571,antique; leather-bound; music box,0.6666666666666666,5.714285714285714,delicate; mist,1.0,antique; leather-bound; music box,0.0,1.0,the; fridge,,0.45,0.4,0.0,0,0,"A small, antique music box, intricately carved with leaves and vines, sits on a dusty, old, wooden workbench, half-hidden behind a stack of worn, leather-bound books, as a faint, luminescent mist seeps from a small, cracked, ceramic mug that, once a delicate"
steer_alpha_0p82_c8_tok100_seed08_i_am_opening_the_fridge.json,steer_alpha_0p82,experiments/frontier_sweep_mundane_matched_alpha0_smoke/steer_alpha_0p82_c8_tok100_seed08_i_am_opening_the_fridge.json,2,1,1,0.27503421558296687,0.09602250461650624,0.2004844498853282,0.5595238095238095,1.0,0.0,0.047619047619047616,0.6304542449224158,0.05999999999999997,0.9730000000000001,0.0,0.6666666666666666,5.555555555555555,delicate; music box,0.3333333333333333,2.7777777777777777,music box,0.3333333333333333,2.7777777777777777,delicate,1.0,ballerina; music box,0.75,0.25,the; fridge; and; slowly; releasing; melody; harmonizes; hum; lone; flickering; fluorescent; light,the; and; slowly,0.2,0.4,0.0,1,0,"As the music box's final, delicate ballerina twirls, her wispy, tattered skirt, once a vibrant, electric blue, now a dull, faded pink, slowly unravels, threads unraveling like a tiny, intricate, forgotten tapestry, threads of silver and copper, twisted and kno"
steer_alpha_0p82_c8_tok100_seed08_i_am_opening_the_fridge.json,steer_alpha_0p82,experiments/frontier_sweep_mundane_matched_alpha0_smoke/steer_alpha_0p82_c8_tok100_seed08_i_am_opening_the_fridge.json,2,2,0,0.44526104418457435,0.09316112406044247,0.4206357808857809,0.27009382479002303,0.0,1.0,0.10046912395011512,0.7010596348096348,0.19999999999999998,0.9100000000000001,0.0,0.6666666666666666,4.166666666666667,delicate; music box,0.3333333333333333,2.0833333333333335,music box,0.3333333333333333,2.0833333333333335,delicate,1.0,ballerina; music box,0.5,0.5,the; fridge; and; slowly; releasing; melody; harmonizes; hum; lone; flickering; fluorescent; light,the; and,0.0,0.0,0.0,0,1,"As the music box's delicate ballerina twirls, a small, vinyl record attached to a nearby, vintage gramophone, begins to gently sway, its needle tracing a slow, silver-etched record, emitting a soft, whispery voice that recites a sonnet, its words etched in frost: ""In twilight, where shadows weep and trees confide their secrets to the moon."""
steer_alpha_0p82_c8_tok100_seed08_i_am_opening_the_fridge.json,steer_alpha_0p82,experiments/frontier_sweep_mundane_matched_alpha0_smoke/steer_alpha_0p82_c8_tok100_seed08_i_am_opening_the_fridge.json,2,3,0,-0.7928474082994634,0.08004869640901671,0.17447043327341474,0.5595238095238095,1.0,0.0,0.047619047619047616,0.5815681109113825,0.0,1.0,0.0,1.0,7.6923076923076925,delicate; music box; porcelain,0.6666666666666666,5.128205128205129,music box; porcelain,0.3333333333333333,2.5641025641025643,delicate,1.0,music box; porcelain,0.5,0.5,the; fridge; and; slowly; releasing; melody; harmonizes; hum; lone; flickering; fluorescent; light,the; and,0.0,0.4,0.0,1,0,"As the music box's gentle, silver-haired woman, once a baller, now a delicate, porcelain-fraged, porcelain-skinned woman with a cracked, rose-pink face, begins to swaying to the rhythm, its delicate, lace-trimmed, tattered, and worn, top hat, which was once a"
steer_alpha_0p82_c8_tok100_seed08_i_am_opening_the_fridge.json,steer_alpha_0p82,experiments/frontier_sweep_mundane_matched_alpha0_smoke/steer_alpha_0p82_c8_tok100_seed08_i_am_opening_the_fridge.json,2,4,0,0.044009478730067164,0.0015159488083538084,0.22184616707616708,0.008333333333333333,0.0,0.0,0.041666666666666664,0.6162393529893531,0.19999999999999998,0.9100000000000001,0.0,1.0,12.121212121212121,delicate; iridescent; music box; porcelain,0.6666666666666666,6.0606060606060606,music box; porcelain,0.6666666666666666,6.0606060606060606,delicate; iridescent,1.0,music box; porcelain,0.75,0.25,the; fridge; and; slowly; releasing; melody; harmonizes; hum; lone; flickering; fluorescent; light,the; and; releasing,0.0,0.4,0.0,0,0,"As the music box's lid creaks open, a wispy, translucent, porcelain baller, made of a delicate, mother-of--old, begins to pirouette, its pink, porcelain skirt, tattered and torn, rustling softly, releasing a trail of shimmering, iridescent, silver, and gold, a"
steer_alpha_0p82_c8_tok100_seed08_i_am_opening_the_fridge.json,steer_alpha_0p82,experiments/frontier_sweep_mundane_matched_alpha0_smoke/steer_alpha_0p82_c8_tok100_seed08_i_am_opening_the_fridge.json,2,5,0,0.3453240776757332,0.0015500334287581997,0.16412118657439762,0.011111111111111112,0.0,0.0,0.05555555555555555,0.4558921849288823,0.19999999999999998,0.9100000000000001,0.0,0.3333333333333333,2.7027027027027026,music box,0.3333333333333333,2.7027027027027026,music box,0.0,0.0,,0.625,music box,0.5,0.5,the; fridge; and; slowly; releasing; melody; harmonizes; hum; lone; flickering; fluorescent; light,the; slowly,0.16666666666666666,0.4,0.0,0,0,"As the music box's lid creaks open, a wispy, old-fashioned phonograph, once a prized possession of a bygone era, slowly rises from the shadows, its worn, wooden surface, etched with intricate, swirling patterns, now gleers with a faint, otherworldly glow, cast"
steer_alpha_0p82_c8_tok100_seed08_i_am_opening_the_fridge.json,steer_alpha_0p82,experiments/frontier_sweep_mundane_matched_alpha0_smoke/steer_alpha_0p82_c8_tok100_seed08_i_am_opening_the_fridge.json,2,6,0,-0.2055326727077022,0.0028938750287115815,0.1588102149902697,0.022222222222222223,0.0,0.0,0.1111111111111111,0.4411394860840826,0.19999999999999998,0.9100000000000001,0.0,0.6666666666666666,5.128205128205129,music box; old man,0.3333333333333333,2.5641025641025643,music box,0.3333333333333333,2.5641025641025643,old man,0.625,music box,0.5,0.5,the; fridge; and; slowly; releasing; melody; harmonizes; hum; lone; flickering; fluorescent; light,the; and,0.0,0.4,0.0,0,0,"As the music box's lid creaks, a gentle, old man, with a wild shock of white hair and a pair of round, wire-rimmed spectacles, emerges from the shadows, his eyes closed, his face a map of wrinkles, his fingers, now, instead of playing a soft, silver harmonica"
steer_alpha_0p82_c8_tok100_seed08_i_am_opening_the_fridge.json,steer_alpha_0p82,experiments/frontier_sweep_mundane_matched_alpha0_smoke/steer_alpha_0p82_c8_tok100_seed08_i_am_opening_the_fridge.json,2,7,0,0.24054757634383922,0.0019059313909755972,0.1568906937693327,0.014814814814814815,0.0,0.0,0.07407407407407407,0.43580748269259095,0.19999999999999998,0.9100000000000001,0.0,1.0,11.428571428571429,delicate; iridescent; music box; porcelain,0.6666666666666666,5.714285714285714,music box; porcelain,0.6666666666666666,5.714285714285714,delicate; iridescent,1.0,music box; porcelain,0.25,0.75,the; fridge; and; slowly; releasing; melody; harmonizes; hum; lone; flickering; fluorescent; light,the,0.0,0.4,0.0,0,0,"As the music box's lid creaks open, a delicate, porcelain baller, made of a substance that resembles porcelain but seems almost like alabaster, twirls to the rhythm, its tutu, made of what appears to be a thousand iridescent, crystallized spider's web, undulat"
steer_alpha_0p82_c8_tok100_seed08_i_am_opening_the_fridge.json,steer_alpha_0p82,experiments/frontier_sweep_mundane_matched_alpha0_smoke/steer_alpha_0p82_c8_tok100_seed08_i_am_opening_the_fridge.json,2,8,0,-0.8409833237571134,0.001044106478153207,0.13369656122693505,0.009523809523809525,0.0,0.0,0.047619047619047616,0.44565520408978354,0.0,1.0,0.0,1.0,12.820512820512821,delicate; miniature; mournful; music box; porcelain,1.0,7.6923076923076925,miniature; music box; porcelain,0.6666666666666666,5.128205128205129,delicate; mournful,1.0,miniature; music box; porcelain,0.5,0.5,the; fridge; and; slowly; releasing; melody; harmonizes; hum; lone; flickering; fluorescent; light,the; and,0.0,0.4,0.0,0,0,"As the music box's gentle, silvered glass reveals a miniature, porcelain baller, its pink and white tutu, a delicate, lace-like skirt, and a top hat; a tiny, topless Violin, its varnish worn, its strings humming a soft, mournful sigh, as a wispy, translucent"
steer_alpha_0p82_c8_tok100_seed08_i_am_opening_the_fridge.json,steer_alpha_0p82,experiments/frontier_sweep_mundane_matched_alpha0_smoke/steer_alpha_0p82_c8_tok100_seed08_i_am_opening_the_fridge.json,3,1,1,0.0028449190644322386,0.0948347922753571,0.1986011861292648,0.557843137254902,1.0,0.0,0.0392156862745098,0.5516699614701801,0.19999999999999998,0.9100000000000001,0.0,0.3333333333333333,2.6315789473684212,music box,0.3333333333333333,2.6315789473684212,music box,0.0,0.0,,0.625,music box,0.75,0.25,the; fridge; and; slowly; releasing; melody; harmonizes; hum; lone; flickering; fluorescent; light,the; and; melody,0.2,0.4,0.0,2,0,"The music box's melody seeps into a nearby, overgrown, and forgotten garden, where a withered, ancient, gnarled tree, its branches twisted and tangled, its bark, once a deep, moss-covered, moss, now a dull, forgotten, and overgrown, weeps, its leaves, now a wi"
steer_alpha_0p82_c8_tok100_seed08_i_am_opening_the_fridge.json,steer_alpha_0p82,experiments/frontier_sweep_mundane_matched_alpha0_smoke/steer_alpha_0p82_c8_tok100_seed08_i_am_opening_the_fridge.json,3,2,0,-0.33360979283944653,0.08139521441198229,0.17793972887869589,0.557843137254902,1.0,0.0,0.0392156862745098,0.5595588958449556,0.05999999999999997,0.9730000000000001,0.0,0.6666666666666666,5.0,leather-bound; music box,0.6666666666666666,5.0,leather-bound; music box,0.0,0.0,,1.0,leather-bound; music box,1.0,0.0,the; fridge; and; slowly; releasing; melody; harmonizes; hum; lone; flickering; fluorescent; light,the; and; fluorescent; light,0.0,0.4,0.0,1,0,"As the music box's lid creaks shut, the fluorescent light above, once a bright, pale blue, now a dull, pale grey, casts an eerie, dim glow, illuminating a small, water-stained, leather-bound, leather-bound, worn, and cracked, old, leather-bound book, its pages"
steer_alpha_0p82_c8_tok100_seed08_i_am_opening_the_fridge.json,steer_alpha_0p82,experiments/frontier_sweep_mundane_matched_alpha0_smoke/steer_alpha_0p82_c8_tok100_seed08_i_am_opening_the_fridge.json,3,3,0,0.013302321878617074,0.0814802475516965,0.16746613149847092,0.5583333333333333,1.0,0.0,0.041666666666666664,0.4651836986068637,0.19999999999999998,0.9100000000000001,0.0,1.0,8.333333333333334,melancholic; mournful; music box,0.3333333333333333,2.7777777777777777,music box,0.6666666666666666,5.555555555555555,melancholic; mournful,0.625,music box,1.0,0.0,the; fridge; and; slowly; releasing; melody; harmonizes; hum; lone; flickering; fluorescent; light,the; and; melody; fluorescent; light,0.2857142857142857,0.4,0.0,1,0,"As the music box's melody dissolves into the fluorescent light, a small, bent, and corroed, old, metal harmonica, hidden behind a dusty, old, wooden cabinet, begins to emit a faint, mournful, bluesy tune, its melancholic, raspy voice, a low, gravelly whisper"
steer_alpha_0p82_c8_tok100_seed08_i_am_opening_the_fridge.json,steer_alpha_0p82,experiments/frontier_sweep_mundane_matched_alpha0_smoke/steer_alpha_0p82_c8_tok100_seed08_i_am_opening_the_fridge.json,3,4,0,-0.7658065311195368,0.0,0.18838498748957463,0.0,0.0,0.0,0.0,0.6279499582985821,0.0,1.0,0.0,0.3333333333333333,2.857142857142857,leather-bound,0.3333333333333333,2.857142857142857,leather-bound,0.0,0.0,,0.5,leather-bound,1.0,0.0,the; fridge; and; slowly; releasing; melody; harmonizes; hum; lone; flickering; fluorescent; light,the; and; slowly; releasing,0.5,0.4,0.0,0,0,"In the same, dimly lit, cluttered, and dusty space, a small, worn, leather-bound, leather-encased, vintage, gramophone, its brass, polished to a dull, oil can, slowly, creaks open, releasing a faint, musty, sweet, and dusty, forgotten, accordion, once a rich"
steer_alpha_0p82_c8_tok100_seed08_i_am_opening_the_fridge.json,steer_alpha_0p82,experiments/frontier_sweep_mundane_matched_alpha0_smoke/steer_alpha_0p82_c8_tok100_seed08_i_am_opening_the_fridge.json,3,5,0,0.7467182576957176,0.0013046132771248925,0.16197479031871553,0.009523809523809525,0.0,0.0,0.047619047619047616,0.44992997310754324,0.19999999999999998,0.9100000000000001,0.0,1.0,7.6923076923076925,doll; music box; porcelain,1.0,7.6923076923076925,doll; music box; porcelain,0.0,0.0,,1.0,doll; music box; porcelain,0.75,0.25,the; fridge; and; slowly; releasing; melody; harmonizes; hum; lone; flickering; fluorescent; light,the; and; slowly,0.14285714285714285,0.4,0.0,0,0,"As the music box's lid creaks shut, a small, forlorn, porcelain doll, once a pale, porcelain-skinned girl, with eyes that seem to weep tears of dew, quietly sits up, its golden, gilded locks, now dull and matted, slowly, like a damp, forgotten bouquet of wilte"
steer_alpha_0p82_c8_tok100_seed08_i_am_opening_the_fridge.json,steer_alpha_0p82,experiments/frontier_sweep_mundane_matched_alpha0_smoke/steer_alpha_0p82_c8_tok100_seed08_i_am_opening_the_fridge.json,3,6,0,-1.042937743893626,0.0,0.17252209705159705,0.0,0.0,0.0,0.0,0.5425223177723177,0.05999999999999997,0.9730000000000001,0.0,1.0,11.11111111111111,delicate; doll; leather-bound; porcelain,1.0,8.333333333333334,doll; leather-bound; porcelain,0.3333333333333333,2.7777777777777777,delicate,1.0,doll; leather-bound; porcelain,0.25,0.75,the; fridge; and; slowly; releasing; melody; harmonizes; hum; lone; flickering; fluorescent; light,and,0.125,0.4,0.0,0,0,"A small, forgotten, porcelain doll, once a delicate, porcelain doll, now worn and cracked, sits on a worn, Formica countert, its once-vibrant, turquoise and white, now dulled, its once-bright, brass, now tarnished, and beside it, a small, leather-bound, leathe"
steer_alpha_0p82_c8_tok100_seed08_i_am_opening_the_fridge.json,steer_alpha_0p82,experiments/frontier_sweep_mundane_matched_alpha0_smoke/steer_alpha_0p82_c8_tok100_seed08_i_am_opening_the_fridge.json,3,7,0,-0.8663694321263897,0.0009595568827181788,0.1713494433425319,0.006666666666666667,0.0,0.0,0.03333333333333333,0.5388347274922387,0.05999999999999997,0.9730000000000001,0.0,1.0,12.5,delicate; miniature; music box; porcelain,1.0,9.375,miniature; music box; porcelain,0.3333333333333333,3.125,delicate,1.0,ballerina; miniature; music box; porcelain,0.5,0.5,the; fridge; and; slowly; releasing; melody; harmonizes; hum; lone; flickering; fluorescent; light,the; and,0.1111111111111111,0.4,0.0,0,0,"The music box, now still, the ballerina frozen, her skirt, a tangle of twisted, rusty, abandoned, old-fashioned pipes and a small, tarnished, golden figurine, once a miniature, delicate, porcelain, miniature, a faded, miniature, porcelain, a miniature, old, fa"
steer_alpha_0p82_c8_tok100_seed08_i_am_opening_the_fridge.json,steer_alpha_0p82,experiments/frontier_sweep_mundane_matched_alpha0_smoke/steer_alpha_0p82_c8_tok100_seed08_i_am_opening_the_fridge.json,3,8,0,-0.13888826539559934,0.0006927281044078628,0.12038262790014688,0.007017543859649123,0.0,0.0,0.03508771929824561,0.37856172295643675,0.05999999999999997,0.9730000000000001,0.0,1.0,8.333333333333334,delicate; gossamer; music box,0.3333333333333333,2.7777777777777777,music box,0.6666666666666666,5.555555555555555,delicate; gossamer,0.625,music box,0.75,0.25,the; fridge; and; slowly; releasing; melody; harmonizes; hum; lone; flickering; fluorescent; light,the; and; slowly,0.0,0.4,0.0,0,0,"The music box's mechanical, worn, and verdant, moss, a small, moss-covered, stone, as it slowly, imperceptibly, begins to transform, its lichen and moss transformed into delicate, silver, filigework, intricate, gossamer, lace-like, petal-like, tendrils, unfold"
