name,condition,path,picked_count,phenomenon_label,trajectory_score,trajectory_frontier_auc,readable_transition_auc,terminal_frontier,terminal_readability,terminal_unfinished,mean_ontology_collapse_density,mean_unfinished,unfinished_rate,anchor_survival,lineage_continuity,object_lineage_continuity,lineage_quality,hub_revisit_rate,hub_revisit_count,transport_hub_mentions,motif_entropy,motif_repetition,motif_loop_penalty,stock_prop_dependence,soft_style_dependence,now_chain_pressure,inscription_pressure,repetition_collapse_penalty,peak_frontier,peak_frontier_step,post_peak_decay,suggested_stop_step,failure_pressure,seed
steer_alpha_0p66_c19_tok140_seed01_the_receipt_on_the_counter.json,steer_alpha_0p66,experiments/frontier_sweep_mundane_seed_probe/steer_alpha_0p66_c19_tok140_seed01_the_receipt_on_the_counter.json,5,trajectory_truncation_failure,0.3240988185138973,0.10457558230648867,0.034744895109006343,0.10841705861733772,0.6330183839396142,0.4,0.48018803418803424,0.32,0.8,0.6666666666666666,0.7833333333333333,0.44666666666666666,0.6318333333333334,0.29411764705882354,5,17,0.9214680412050633,0.5882352941176471,0.3898083226480459,0.5,0.2,0.5,0.3,0.25786514265199384,0.16043999839078635,2,0.05202293977344863,3,0.3817099564634779,The receipt on the counter
steer_alpha_0p66_c19_tok140_seed02_a_plastic_folder_in_the_drawer.json,steer_alpha_0p66,experiments/frontier_sweep_mundane_seed_probe/steer_alpha_0p66_c19_tok140_seed02_a_plastic_folder_in_the_drawer.json,5,readable_ontology_collapse_trajectory,0.39367349613782854,0.15180864858969648,0.0731748380069055,0.10172482841449419,0.6265387313038568,0.4,0.55,0.16,0.4,1.0,0.9,0.5219047619047619,0.7298571428571429,0.3888888888888889,7,18,0.8894686235491586,0.71875,0.4722956893654428,0.6799999999999999,0.4,0.8,0.1,0.22866594682721417,0.2097874971622216,1,0.1080626687477274,3,0.3992579500576214,A plastic folder in the drawer
steer_alpha_0p66_c19_tok140_seed03_the_bus_was_ten_minutes_late.json,steer_alpha_0p66,experiments/frontier_sweep_mundane_seed_probe/steer_alpha_0p66_c19_tok140_seed03_the_bus_was_ten_minutes_late.json,5,readable_ontology_collapse_trajectory,0.38572533662010977,0.14463148039057785,0.0604432907574633,0.1868016858071506,0.6903240421550281,0.0,0.44222222222222224,0.0,0.0,1.0,0.75,0.18333333333333332,0.495,0.2,2,10,0.9399316205211391,0.5416666666666667,0.3297790302182381,0.6799999999999999,0.4666666666666666,0.7,0.2,0.25097848442452386,0.1868016858071506,5,0.0,3,0.30855800901883573,The bus was ten minutes late
steer_alpha_0p66_c19_tok140_seed04_a_blue_mug_near_the_sink.json,steer_alpha_0p66,experiments/frontier_sweep_mundane_seed_probe/steer_alpha_0p66_c19_tok140_seed04_a_blue_mug_near_the_sink.json,5,readable_ontology_collapse_trajectory,0.3599029670431712,0.15199718366184098,0.06474259079019914,0.09206158830492524,0.604027704950348,0.4,0.5534203296703297,0.16,0.4,0.75,0.9,0.44000000000000006,0.6930000000000001,0.3,3,10,0.9356305089489146,0.5862068965517242,0.39591385571337606,0.74,0.6666666666666666,0.8,0.0,0.27870720960136286,0.20298067205346898,3,0.11091908374854374,4,0.3787859271105343,A blue mug near the sink
steer_alpha_0p66_c19_tok140_seed05_the_spreadsheet_was_still_open.json,steer_alpha_0p66,experiments/frontier_sweep_mundane_seed_probe/steer_alpha_0p66_c19_tok140_seed05_the_spreadsheet_was_still_open.json,5,motif_loop_trajectory,0.4148394153152505,0.18570280400519013,0.11512361796750784,0.18417111214470286,0.6276146738704879,0.0,0.550874183006536,0.08,0.2,1.0,0.95,0.6333333333333333,0.8074999999999999,0.48,12,25,0.922818811596987,0.6666666666666667,0.5055182540484249,0.915,0.4666666666666666,0.8,0.4,0.28092460357545773,0.255308411994003,4,0.07113729984930015,3,0.4493375792594246,The spreadsheet was still open
steer_alpha_0p66_c19_tok140_seed06_the_elevator_button_was_cracked.json,steer_alpha_0p66,experiments/frontier_sweep_mundane_seed_probe/steer_alpha_0p66_c19_tok140_seed06_the_elevator_button_was_cracked.json,5,stock_prop_attractor_trajectory,0.3833256895296321,0.15264720906891086,0.06634080912399011,0.20920156821632338,0.8693529588510134,0.0,0.5331895821996824,0.16,0.4,0.75,0.85,0.4133333333333333,0.6535,0.3333333333333333,4,12,0.8568132463340484,0.7241379310344828,0.45755505843627897,0.8150000000000001,0.4,0.6,0.4,0.2705339128710498,0.20920156821632338,5,0.0,3,0.4169999605903773,The elevator button was cracked
steer_alpha_0p66_c19_tok140_seed07_a_delivery_label_on_a_cardboard_box.json,steer_alpha_0p66,experiments/frontier_sweep_mundane_seed_probe/steer_alpha_0p66_c19_tok140_seed07_a_delivery_label_on_a_cardboard_box.json,5,motif_loop_trajectory,0.27283706252189904,0.16534500923981404,0.07057379793552057,0.11188451699377955,0.6089152135241398,0.4,0.5289705882352942,0.16,0.4,0.25,0.8,0.3333333333333333,0.5900000000000001,0.4,8,20,0.9596290572149667,0.7586206896551724,0.49184414526477854,0.73,0.4666666666666666,0.7,0.3,0.2316345194273408,0.23383104905352114,1,0.1219465320597416,4,0.424013900818967,A delivery label on a cardboard box
steer_alpha_0p66_c19_tok140_seed08_i_am_opening_the_fridge.json,steer_alpha_0p66,experiments/frontier_sweep_mundane_seed_probe/steer_alpha_0p66_c19_tok140_seed08_i_am_opening_the_fridge.json,5,motif_loop_trajectory,0.4339727558207668,0.18639334108766917,0.11931225992998892,0.2329509027268281,0.8608680810304068,0.0,0.5585117794486216,0.08,0.2,1.0,0.8,0.6076190476190476,0.7134285714285715,0.5652173913043478,13,23,0.9013046354081343,0.7755102040816326,0.5882051309947761,1.0,0.6,0.8,0.2,0.31214366739624155,0.23616118468434766,1,0.003210281957519545,3,0.45836912512250083,I am opening the fridge
steer_alpha_0p72_c19_tok140_seed01_the_receipt_on_the_counter.json,steer_alpha_0p72,experiments/frontier_sweep_mundane_seed_probe/steer_alpha_0p72_c19_tok140_seed01_the_receipt_on_the_counter.json,5,stock_prop_attractor_trajectory,0.23578871398477713,0.18114191245060482,0.0682464906477762,0.09603793326168227,0.6384906542056076,0.4,0.5524747474747475,0.08,0.2,0.3333333333333333,0.7166666666666667,0.0,0.39416666666666667,0.3157894736842105,6,19,0.9501349964260154,0.7,0.4580881575572066,0.925,0.4,0.7,0.7,0.35491447199655934,0.21310821573901462,1,0.11707028247733235,4,0.47465827796083254,The receipt on the counter
steer_alpha_0p72_c19_tok140_seed02_a_plastic_folder_in_the_drawer.json,steer_alpha_0p72,experiments/frontier_sweep_mundane_seed_probe/steer_alpha_0p72_c19_tok140_seed02_a_plastic_folder_in_the_drawer.json,5,trajectory_truncation_failure,0.24666296880822214,0.12163476327065974,0.05456574199161742,0.091739047980683,0.589552259399793,0.4,0.4998730984108347,0.24000000000000005,0.6,0.25,0.75,0.5111111111111111,0.6425000000000001,0.56,14,25,0.9010934373930696,0.7843137254901961,0.591608906602664,1.0,0.7333333333333333,0.6,0.0,0.3254955134054764,0.2287119667513727,2,0.1369729187706897,3,0.47202760758737256,A plastic folder in the drawer
steer_alpha_0p72_c19_tok140_seed03_the_bus_was_ten_minutes_late.json,steer_alpha_0p72,experiments/frontier_sweep_mundane_seed_probe/steer_alpha_0p72_c19_tok140_seed03_the_bus_was_ten_minutes_late.json,5,stock_prop_attractor_trajectory,0.3110032359005724,0.16038021019683268,0.07368132329381655,0.19171475163299126,0.6886562733597839,0.0,0.5567099567099567,0.16,0.4,0.25,0.85,0.4333333333333333,0.6625,0.4166666666666667,5,12,0.8804166001518264,0.6363636363636364,0.44926946330137546,0.79,0.4,0.8,0.0,0.1952109528705138,0.21799762490064406,1,0.0262828732676528,3,0.38131263416323746,The bus was ten minutes late
steer_alpha_0p72_c19_tok140_seed04_a_blue_mug_near_the_sink.json,steer_alpha_0p72,experiments/frontier_sweep_mundane_seed_probe/steer_alpha_0p72_c19_tok140_seed04_a_blue_mug_near_the_sink.json,5,trajectory_truncation_failure,0.35648165926967995,0.12203514433214013,0.06257246718544568,0.09495660829548036,0.6620968657733364,0.4,0.49704481792717087,0.24000000000000005,0.6,0.75,0.8,0.6566666666666666,0.7355,0.47368421052631576,9,19,0.9173423989503993,0.7435897435897436,0.5156821291129482,1.0,0.6666666666666666,0.5,0.0,0.21133912059847892,0.18576663641452348,2,0.09081002811904312,3,0.4223951580369926,A blue mug near the sink
steer_alpha_0p72_c19_tok140_seed05_the_spreadsheet_was_still_open.json,steer_alpha_0p72,experiments/frontier_sweep_mundane_seed_probe/steer_alpha_0p72_c19_tok140_seed05_the_spreadsheet_was_still_open.json,5,trajectory_truncation_failure,0.238053367137406,0.08931475645726483,0.022605505355419758,0.09586240936188378,0.5618487365870544,0.4,0.4981435472739821,0.32,0.8,0.5,0.75,0.22000000000000003,0.5115000000000001,0.42105263157894735,8,19,0.8851338617034061,0.7222222222222222,0.5068160835653122,0.975,0.4,0.6,0.0,0.3228231078850404,0.10439618537055477,1,0.008533776008670987,3,0.4534099141284585,The spreadsheet was still open
steer_alpha_0p72_c19_tok140_seed06_the_elevator_button_was_cracked.json,steer_alpha_0p72,experiments/frontier_sweep_mundane_seed_probe/steer_alpha_0p72_c19_tok140_seed06_the_elevator_button_was_cracked.json,5,motif_loop_trajectory,0.2882567838349134,0.1415880832455493,0.059920426240274396,0.21345440042080085,0.7274056845628634,0.0,0.5317227007502084,0.16,0.4,0.5,0.65,0.3,0.4925,0.4166666666666667,5,12,0.9761379259542109,0.7804878048780488,0.5758798476937088,0.9,0.6,0.7,0.0,0.5760455799319588,0.21345440042080085,5,0.0,3,0.46220051281607527,The elevator button was cracked
steer_alpha_0p72_c19_tok140_seed07_a_delivery_label_on_a_cardboard_box.json,steer_alpha_0p72,experiments/frontier_sweep_mundane_seed_probe/steer_alpha_0p72_c19_tok140_seed07_a_delivery_label_on_a_cardboard_box.json,5,trajectory_truncation_failure,0.3283646143010502,0.13173682772603007,0.06217848177704709,0.08862750140442516,0.599992756122801,0.4,0.49566233766233764,0.24000000000000005,0.6,0.75,0.85,0.42857142857142855,0.660357142857143,0.42857142857142855,9,21,0.9568002778156798,0.7567567567567568,0.5173752109582345,0.915,0.4666666666666666,0.6,0.0,0.2982660161811335,0.21687183204295282,2,0.12824433063852766,3,0.43804239712738685,A delivery label on a cardboard box
steer_alpha_0p72_c19_tok140_seed08_i_am_opening_the_fridge.json,steer_alpha_0p72,experiments/frontier_sweep_mundane_seed_probe/steer_alpha_0p72_c19_tok140_seed08_i_am_opening_the_fridge.json,5,readable_ontology_collapse_trajectory,0.4044115783440742,0.20220633972529883,0.0976419480265663,0.24232050466295246,0.8852737549010128,0.0,0.5429089640541693,0.08,0.2,1.0,0.6,0.25,0.44250000000000006,0.35294117647058826,6,17,0.9646600103740803,0.6764705882352942,0.4501689741717241,0.745,0.4,0.7,0.5,0.27290369438803186,0.25057058852229996,2,0.008250083859347501,3,0.40780098937307663,I am opening the fridge
steer_alpha_0p77_c19_tok140_seed01_the_receipt_on_the_counter.json,steer_alpha_0p77,experiments/frontier_sweep_mundane_seed_probe/steer_alpha_0p77_c19_tok140_seed01_the_receipt_on_the_counter.json,5,stock_prop_attractor_trajectory,0.24199126921094766,0.11172483761470378,0.03771821214311296,0.10445928562607111,0.5850094401101653,0.4,0.44079675396962764,0.16,0.4,0.3333333333333333,0.75,0.12000000000000002,0.4665,0.26666666666666666,4,15,0.9571293476711782,0.6521739130434783,0.40344776741133903,0.775,0.13333333333333333,0.6,0.3,0.27593448923060815,0.16414651236597308,2,0.05968722673990197,3,0.39214425250986024,The receipt on the counter
steer_alpha_0p77_c19_tok140_seed02_a_plastic_folder_in_the_drawer.json,steer_alpha_0p77,experiments/frontier_sweep_mundane_seed_probe/steer_alpha_0p77_c19_tok140_seed02_a_plastic_folder_in_the_drawer.json,5,trajectory_truncation_failure,0.3551575015373162,0.13411441584286668,0.05181213231871899,0.08702945388193203,0.6249767441860465,0.4,0.5545925925925926,0.24000000000000005,0.6,0.75,0.9,0.4619047619047619,0.702857142857143,0.2777777777777778,5,18,0.9393046714424175,0.47619047619047616,0.3502424252107889,0.475,0.4666666666666667,0.9,0.2,0.29287879272061135,0.19818965036936784,2,0.1111601964874358,3,0.38801176361759665,A plastic folder in the drawer
steer_alpha_0p77_c19_tok140_seed03_the_bus_was_ten_minutes_late.json,steer_alpha_0p77,experiments/frontier_sweep_mundane_seed_probe/steer_alpha_0p77_c19_tok140_seed03_the_bus_was_ten_minutes_late.json,5,trajectory_truncation_failure,0.3353762423671958,0.0991908744048362,0.043710802320436684,0.10410412163580869,0.6409719539674875,0.4,0.3843202450570872,0.24000000000000005,0.6,0.75,0.8,0.52,0.674,0.5714285714285714,12,21,0.913543926888039,0.7209302325581395,0.5626165887257645,1.0,0.6666666666666667,0.3,0.0,0.26574075093779254,0.12285474825438499,2,0.018750626618576294,3,0.41107225277975407,The bus was ten minutes late
steer_alpha_0p77_c19_tok140_seed04_a_blue_mug_near_the_sink.json,steer_alpha_0p77,experiments/frontier_sweep_mundane_seed_probe/steer_alpha_0p77_c19_tok140_seed04_a_blue_mug_near_the_sink.json,5,trajectory_truncation_failure,0.4354987944035555,0.14762770671119835,0.08154167256927489,0.23667459950904748,0.8230115233796982,0.0,0.5526797385620915,0.24000000000000005,0.6,1.0,0.9,0.7444444444444445,0.8300000000000001,0.47058823529411764,8,17,0.8875921325644591,0.76,0.5362269383953725,1.0,0.7333333333333333,0.7,0.0,0.29231116256509837,0.23667459950904748,5,0.0,3,0.4506105446948903,A blue mug near the sink
steer_alpha_0p77_c19_tok140_seed05_the_spreadsheet_was_still_open.json,steer_alpha_0p77,experiments/frontier_sweep_mundane_seed_probe/steer_alpha_0p77_c19_tok140_seed05_the_spreadsheet_was_still_open.json,5,readable_ontology_collapse_trajectory,0.442084433739726,0.1753713668101776,0.10223340065057322,0.21771059285053496,0.8972144961592473,0.0,0.5507690476190477,0.08,0.2,0.75,0.8,0.5333333333333333,0.68,0.4,4,10,0.9211641382769397,0.5,0.4033925466369591,0.575,0.4,0.7,0.0,0.2419627331847956,0.21771059285053496,5,0.0,3,0.31143366464141525,The spreadsheet was still open
steer_alpha_0p77_c19_tok140_seed06_the_elevator_button_was_cracked.json,steer_alpha_0p77,experiments/frontier_sweep_mundane_seed_probe/steer_alpha_0p77_c19_tok140_seed06_the_elevator_button_was_cracked.json,5,lineage_break_trajectory,0.24468762171700523,0.12182820746898775,0.039869001678668886,0.10517224589236923,0.6266105687550643,0.4,0.45538461538461544,0.16,0.4,0.25,0.4,0.0,0.22000000000000003,0.0,0,7,0.9732146334251459,0.36363636363636365,0.16809996514762143,0.355,0.2,0.5,0.0,0.20413618937447078,0.20648084507042253,4,0.1013085991780533,3,0.22585219392964717,The elevator button was cracked
steer_alpha_0p77_c19_tok140_seed07_a_delivery_label_on_a_cardboard_box.json,steer_alpha_0p77,experiments/frontier_sweep_mundane_seed_probe/steer_alpha_0p77_c19_tok140_seed07_a_delivery_label_on_a_cardboard_box.json,5,motif_loop_trajectory,0.4133412771180358,0.17289651134452066,0.09161791301085441,0.21884843750000002,0.93625,0.0,0.5575477582846005,0.16,0.4,0.75,0.85,0.43,0.661,0.47368421052631576,9,19,0.9488797676933355,0.74,0.5136055171957418,0.9,0.5333333333333333,0.7,0.0,0.2072381122944981,0.2527740851928563,2,0.0339256476928563,3,0.40479672806987654,A delivery label on a cardboard box
steer_alpha_0p77_c19_tok140_seed08_i_am_opening_the_fridge.json,steer_alpha_0p77,experiments/frontier_sweep_mundane_seed_probe/steer_alpha_0p77_c19_tok140_seed08_i_am_opening_the_fridge.json,5,trajectory_truncation_failure,0.3741023183849109,0.12723963322190152,0.05598464990335437,0.10269239795467458,0.6217322138753867,0.4,0.5571559290382819,0.32,0.8,1.0,0.95,0.6190476190476191,0.8010714285714287,0.4827586206896552,14,29,0.9173749832339759,0.7272727272727273,0.516402987843652,1.0,0.5333333333333333,0.8,0.0,0.2230807699392634,0.22045852527705598,1,0.1177661273223814,3,0.4800539486375869,I am opening the fridge
steer_alpha_0p82_c19_tok140_seed01_the_receipt_on_the_counter.json,steer_alpha_0p82,experiments/frontier_sweep_mundane_seed_probe/steer_alpha_0p82_c19_tok140_seed01_the_receipt_on_the_counter.json,5,trajectory_truncation_failure,0.2558638910161303,0.10116527028462996,0.031625605940380976,0.078509365,0.46564465408805034,0.4,0.4996388028895769,0.32,0.8,0.6666666666666666,0.8,0.5,0.665,0.5555555555555556,5,9,0.945551450959047,0.8222222222222222,0.6290201360306351,1.0,0.26666666666666666,0.9,0.0,0.45621179126428685,0.12842742077419356,1,0.04991805577419356,3,0.5431922545367925,The receipt on the counter
steer_alpha_0p82_c19_tok140_seed02_a_plastic_folder_in_the_drawer.json,steer_alpha_0p82,experiments/frontier_sweep_mundane_seed_probe/steer_alpha_0p82_c19_tok140_seed02_a_plastic_folder_in_the_drawer.json,5,trajectory_truncation_failure,0.278000703210188,0.14314982201294907,0.052233909581574964,0.09413119282245008,0.5642849433351322,0.4,0.5555661375661376,0.24000000000000005,0.6,0.5,0.8,0.32857142857142857,0.5878571428571429,0.4583333333333333,11,24,0.9484126811557567,0.7777777777777778,0.5331383149666322,0.945,0.7333333333333333,0.6,0.0,0.2733304637220502,0.23239449781648822,1,0.13826330499403813,3,0.44424528710993016,A plastic folder in the drawer
steer_alpha_0p82_c19_tok140_seed03_the_bus_was_ten_minutes_late.json,steer_alpha_0p82,experiments/frontier_sweep_mundane_seed_probe/steer_alpha_0p82_c19_tok140_seed03_the_bus_was_ten_minutes_late.json,5,readable_ontology_collapse_trajectory,0.39832561154427804,0.15127686141259794,0.06776559017371446,0.19795043522785458,0.8778289810547875,0.0,0.5671523636677902,0.16,0.4,0.75,0.8,0.30666666666666664,0.5780000000000001,0.2727272727272727,3,11,0.9483173607350679,0.65625,0.40368125567875807,0.655,0.4666666666666666,0.5,0.0,0.2563324147574267,0.24432606093422238,2,0.0463756257063678,3,0.33024645944303577,The bus was ten minutes late
steer_alpha_0p82_c19_tok140_seed04_a_blue_mug_near_the_sink.json,steer_alpha_0p82,experiments/frontier_sweep_mundane_seed_probe/steer_alpha_0p82_c19_tok140_seed04_a_blue_mug_near_the_sink.json,5,trajectory_truncation_failure,0.34852516434589587,0.15158057540759332,0.0702143732014656,0.09580896632397126,0.5812945414632402,0.4,0.6060846560846561,0.24000000000000005,0.6,0.75,0.9,0.5847619047619047,0.7581428571428572,0.5,11,22,0.9051511820157896,0.6923076923076923,0.5365434546217689,0.805,0.6,0.6,0.0,0.34617881157038316,0.2753508717173368,1,0.17954190539336554,3,0.43891997312168635,A blue mug near the sink
steer_alpha_0p82_c19_tok140_seed05_the_spreadsheet_was_still_open.json,steer_alpha_0p82,experiments/frontier_sweep_mundane_seed_probe/steer_alpha_0p82_c19_tok140_seed05_the_spreadsheet_was_still_open.json,5,trajectory_truncation_failure,0.31271494261350297,0.1464231504417912,0.05982346096933561,0.20138470376344084,0.8788548387096774,0.0,0.5562981696665907,0.24000000000000005,0.6,0.25,0.8,0.30666666666666664,0.5780000000000001,0.3333333333333333,5,15,0.9284788897376127,0.7297297297297297,0.4683162691824613,0.805,0.4666666666666666,0.6,0.0,0.31455431888527957,0.24072707445090283,1,0.03934237068746199,3,0.40466072353149596,The spreadsheet was still open
steer_alpha_0p82_c19_tok140_seed06_the_elevator_button_was_cracked.json,steer_alpha_0p82,experiments/frontier_sweep_mundane_seed_probe/steer_alpha_0p82_c19_tok140_seed06_the_elevator_button_was_cracked.json,5,motif_loop_trajectory,0.32742385944704056,0.17543312244034232,0.10538705171246585,0.10534645647361582,0.5673527670908554,0.4,0.5573135495744193,0.16,0.4,0.5,0.85,0.67,0.769,0.7142857142857143,15,21,0.8854737829198785,0.7659574468085106,0.6539787856441437,1.0,0.6,0.5,0.0,0.3223255391629677,0.2437557130078555,2,0.1384092565342397,4,0.45546423083696436,The elevator button was cracked
steer_alpha_0p82_c19_tok140_seed07_a_delivery_label_on_a_cardboard_box.json,steer_alpha_0p82,experiments/frontier_sweep_mundane_seed_probe/steer_alpha_0p82_c19_tok140_seed07_a_delivery_label_on_a_cardboard_box.json,5,trajectory_truncation_failure,0.2960416184366357,0.12035415531089347,0.041812064343521596,0.09408398965709966,0.5292945109398627,0.4,0.5573211233211233,0.32,0.8,0.75,0.85,0.4666666666666667,0.6775,0.4666666666666667,7,15,0.8990207384578003,0.75,0.5420646642319924,0.9,0.26666666666666666,0.8,0.0,0.34782332115996234,0.21248580758556804,1,0.11840181792846838,3,0.49008681305670715,A delivery label on a cardboard box
steer_alpha_0p82_c19_tok140_seed08_i_am_opening_the_fridge.json,steer_alpha_0p82,experiments/frontier_sweep_mundane_seed_probe/steer_alpha_0p82_c19_tok140_seed08_i_am_opening_the_fridge.json,5,trajectory_truncation_failure,0.265265085680069,0.1512533659463674,0.05100559288461494,0.08690559359617865,0.5777389491242704,0.4,0.5531861471861472,0.24000000000000005,0.6,0.5,0.65,0.3,0.49250000000000005,0.3,3,10,0.9714066742689237,0.8205128205128205,0.4907088994909986,0.835,0.4666666666666666,0.7,0.0,0.3426470615575571,0.25828595385297515,3,0.17138036025679648,3,0.44384701084943873,I am opening the fridge
steer_alpha_0p88_c19_tok140_seed01_the_receipt_on_the_counter.json,steer_alpha_0p88,experiments/frontier_sweep_mundane_seed_probe/steer_alpha_0p88_c19_tok140_seed01_the_receipt_on_the_counter.json,5,trajectory_truncation_failure,0.3039600240657604,0.11203983346697995,0.042445915165087056,0.09044331216931217,0.6214814814814815,0.4,0.5566733500417712,0.32,0.8,0.6666666666666666,0.8333333333333334,0.54,0.7013333333333334,0.6,12,20,0.928938857995887,0.8043478260869565,0.6005662997067249,0.9333333333333333,0.3333333333333333,0.8,0.0,0.24522280288145062,0.19343254648403577,1,0.1029892343147236,3,0.49668679992131903,The receipt on the counter
steer_alpha_0p88_c19_tok140_seed02_a_plastic_folder_in_the_drawer.json,steer_alpha_0p88,experiments/frontier_sweep_mundane_seed_probe/steer_alpha_0p88_c19_tok140_seed02_a_plastic_folder_in_the_drawer.json,5,trajectory_truncation_failure,0.40310106814224106,0.15119090366258414,0.08413692612121412,0.10511411337209302,0.6245639534883721,0.4,0.5528070175438596,0.24000000000000005,0.6,1.0,1.0,0.6,0.8200000000000001,0.5625,9,16,0.8753148609827474,0.7241379310344828,0.5483907008329045,0.72,0.3333333333333333,0.7,0.0,0.20908712485417782,0.2393715707615561,1,0.1342574573894631,3,0.422733919033122,A plastic folder in the drawer
steer_alpha_0p88_c19_tok140_seed03_the_bus_was_ten_minutes_late.json,steer_alpha_0p88,experiments/frontier_sweep_mundane_seed_probe/steer_alpha_0p88_c19_tok140_seed03_the_bus_was_ten_minutes_late.json,5,trajectory_truncation_failure,0.3636582391205483,0.13696685818372561,0.06656254061462834,0.10051766640503935,0.586895932767206,0.4,0.5451001006600953,0.24000000000000005,0.6,1.0,0.9,0.4,0.675,0.3333333333333333,5,15,0.9228643055938752,0.7352941176470589,0.4650956962088694,0.93,0.4,0.6,0.0,0.2887137751619941,0.2146496931672669,2,0.11413202676222754,3,0.42338670131650685,The bus was ten minutes late
steer_alpha_0p88_c19_tok140_seed04_a_blue_mug_near_the_sink.json,steer_alpha_0p88,experiments/frontier_sweep_mundane_seed_probe/steer_alpha_0p88_c19_tok140_seed04_a_blue_mug_near_the_sink.json,5,motif_loop_trajectory,0.3244914873020408,0.17184478966442854,0.10434546421711888,0.08694516747685185,0.545162037037037,0.4,0.4973870967741936,0.08,0.2,0.75,0.95,0.48571428571428565,0.7410714285714286,0.5909090909090909,13,22,0.9560662457537217,0.8333333333333334,0.6322774255672642,1.0,0.26666666666666666,0.7,0.6,0.3735083399575331,0.2675626484375,3,0.18061748096064814,4,0.5291460446767242,A blue mug near the sink
steer_alpha_0p88_c19_tok140_seed05_the_spreadsheet_was_still_open.json,steer_alpha_0p88,experiments/frontier_sweep_mundane_seed_probe/steer_alpha_0p88_c19_tok140_seed05_the_spreadsheet_was_still_open.json,5,trajectory_truncation_failure,0.18192196726716262,0.10645768070400616,0.030141247884123014,0.09043573436619719,0.5225928297055058,0.4,0.4943908289241623,0.32,0.8,0.25,0.5,0.305,0.41225000000000006,0.5,11,22,0.9107157124035864,0.7555555555555555,0.5641231566610774,0.9,0.4666666666666666,0.5,0.1,0.37339356108316435,0.21407830279305387,1,0.12364256842685668,3,0.47743005111571246,The spreadsheet was still open
steer_alpha_0p88_c19_tok140_seed06_the_elevator_button_was_cracked.json,steer_alpha_0p88,experiments/frontier_sweep_mundane_seed_probe/steer_alpha_0p88_c19_tok140_seed06_the_elevator_button_was_cracked.json,5,trajectory_truncation_failure,0.2679518461710396,0.1092234147374828,0.03170730222838169,0.09235066855450712,0.6211998019339261,0.4,0.552962962962963,0.32,0.8,0.5,0.75,0.33999999999999997,0.5655,0.5384615384615384,7,13,0.9311276384910571,0.6875,0.5396363829624694,0.8699999999999999,0.4,0.6,0.0,0.2835184532738856,0.17754817973011772,1,0.0851975111756106,3,0.4513034650971985,The elevator button was cracked
steer_alpha_0p88_c19_tok140_seed07_a_delivery_label_on_a_cardboard_box.json,steer_alpha_0p88,experiments/frontier_sweep_mundane_seed_probe/steer_alpha_0p88_c19_tok140_seed07_a_delivery_label_on_a_cardboard_box.json,5,motif_loop_trajectory,0.3118872816710443,0.1447564150694327,0.06778856006807495,0.13818116359447008,0.65,0.0,0.5429831624435069,0.11600000000000002,0.4,0.5,0.85,0.5533333333333333,0.7165000000000001,0.5294117647058824,9,17,0.9375685834284884,0.8048780487804879,0.6428957079133524,0.96,0.3333333333333333,0.7,0.0,0.6147654836126728,0.1881425045984059,4,0.049961341003935816,3,0.48530959486548053,A delivery label on a cardboard box
steer_alpha_0p88_c19_tok140_seed08_i_am_opening_the_fridge.json,steer_alpha_0p88,experiments/frontier_sweep_mundane_seed_probe/steer_alpha_0p88_c19_tok140_seed08_i_am_opening_the_fridge.json,5,motif_loop_trajectory,0.39983791909419636,0.15502552729475155,0.09551928085276527,0.14460980720387903,0.6319718309859155,0.0,0.541908375609688,0.16,0.4,1.0,1.0,0.6333333333333333,0.8350000000000002,0.4666666666666667,7,15,0.9120073805432538,0.7878787878787878,0.5723571472752358,0.9550000000000001,0.3333333333333333,0.8,0.0,0.43299785758830006,0.2312920789473684,1,0.08668227174348936,3,0.4707505902370873,I am opening the fridge
steer_alpha_0p66_c19_tok140_seed01_the_receipt_on_the_counter__banded-frontier_best.json,steer_alpha_0p66__reselect_banded-frontier_best,experiments/posthoc_reselect_mundane_balanced_guard/steer_alpha_0p66_c19_tok140_seed01_the_receipt_on_the_counter__banded-frontier_best.json,5,trajectory_truncation_failure,0.32387259840155935,0.10480301660300995,0.03526658177392346,0.10841705861733772,0.6330183839396142,0.4,0.4825128205128205,0.32,0.8,0.6666666666666666,0.7833333333333333,0.48666666666666664,0.6498333333333334,0.35,7,20,0.9224050305657796,0.631578947368421,0.4340205121626716,0.5,0.2,0.5,0.3,0.2773394029186212,0.16043999839078635,2,0.05202293977344863,3,0.3964315714208789,The receipt on the counter
steer_alpha_0p66_c19_tok140_seed02_a_plastic_folder_in_the_drawer__banded-frontier_best.json,steer_alpha_0p66__reselect_banded-frontier_best,experiments/posthoc_reselect_mundane_balanced_guard/steer_alpha_0p66_c19_tok140_seed02_a_plastic_folder_in_the_drawer__banded-frontier_best.json,5,readable_ontology_collapse_trajectory,0.39367349613782854,0.15180864858969648,0.0731748380069055,0.10172482841449419,0.6265387313038568,0.4,0.55,0.16,0.4,1.0,0.9,0.5219047619047619,0.7298571428571429,0.3888888888888889,7,18,0.8894686235491586,0.71875,0.4722956893654428,0.6799999999999999,0.4,0.8,0.1,0.22866594682721417,0.2097874971622216,1,0.1080626687477274,3,0.3992579500576214,A plastic folder in the drawer
steer_alpha_0p66_c19_tok140_seed03_the_bus_was_ten_minutes_late__banded-frontier_best.json,steer_alpha_0p66__reselect_banded-frontier_best,experiments/posthoc_reselect_mundane_balanced_guard/steer_alpha_0p66_c19_tok140_seed03_the_bus_was_ten_minutes_late__banded-frontier_best.json,5,readable_ontology_collapse_trajectory,0.3599515484620738,0.11172944406784421,0.03777571473976285,0.1868016858071506,0.6903240421550281,0.0,0.3773996809740338,0.08,0.2,1.0,0.65,0.06666666666666667,0.38750000000000007,0.1111111111111111,1,9,0.9355245321275765,0.5,0.27047166620438745,0.38,0.26666666666666666,0.7,0.2,0.2273583310219373,0.1868016858071506,5,0.0,3,0.2743286940515071,The bus was ten minutes late
steer_alpha_0p66_c19_tok140_seed04_a_blue_mug_near_the_sink__banded-frontier_best.json,steer_alpha_0p66__reselect_banded-frontier_best,experiments/posthoc_reselect_mundane_balanced_guard/steer_alpha_0p66_c19_tok140_seed04_a_blue_mug_near_the_sink__banded-frontier_best.json,5,mixed_trajectory,0.3185914075338395,0.13621005778232825,0.057430898640824304,0.053992150968055215,0.39905506997823514,0.4,0.5394520757020758,0.16,0.4,0.75,0.95,0.39,0.6980000000000001,0.3333333333333333,4,12,0.9218361000920415,0.5652173913043479,0.4034261525601098,0.63,0.5333333333333333,0.9,0.0,0.27800032801794017,0.18696734532528783,2,0.13297519435723262,3,0.3800909085321064,A blue mug near the sink
steer_alpha_0p66_c19_tok140_seed05_the_spreadsheet_was_still_open__banded-frontier_best.json,steer_alpha_0p66__reselect_banded-frontier_best,experiments/posthoc_reselect_mundane_balanced_guard/steer_alpha_0p66_c19_tok140_seed05_the_spreadsheet_was_still_open__banded-frontier_best.json,5,trajectory_truncation_failure,0.3687832094598313,0.1487840380465548,0.06266237005278949,0.09673236400063043,0.639390066003896,0.4,0.5496043417366947,0.24000000000000005,0.6,1.0,0.75,0.3333333333333333,0.5625,0.3684210526315789,7,19,0.9592935954316847,0.5454545454545454,0.4022706288971722,0.5900000000000001,0.26666666666666666,0.6,0.2,0.22786032151935398,0.23571888300929927,4,0.13898651900866885,3,0.3789306003390614,The spreadsheet was still open
steer_alpha_0p66_c19_tok140_seed06_the_elevator_button_was_cracked__banded-frontier_best.json,steer_alpha_0p66__reselect_banded-frontier_best,experiments/posthoc_reselect_mundane_balanced_guard/steer_alpha_0p66_c19_tok140_seed06_the_elevator_button_was_cracked__banded-frontier_best.json,5,readable_ontology_collapse_trajectory,0.4079787633695572,0.12771269543819158,0.052108023249929934,0.20920156821632338,0.8693529588510134,0.0,0.49043769356544076,0.16,0.4,1.0,0.85,0.24,0.5755000000000001,0.125,1,8,0.9531029063496105,0.5882352941176471,0.30991525279711674,0.545,0.3333333333333333,0.8,0.4,0.23891449927970115,0.20920156821632338,5,0.0,3,0.3616375237010786,The elevator button was cracked
steer_alpha_0p66_c19_tok140_seed07_a_delivery_label_on_a_cardboard_box__banded-frontier_best.json,steer_alpha_0p66__reselect_banded-frontier_best,experiments/posthoc_reselect_mundane_balanced_guard/steer_alpha_0p66_c19_tok140_seed07_a_delivery_label_on_a_cardboard_box__banded-frontier_best.json,5,trajectory_truncation_failure,0.296276352623397,0.1335901210937471,0.05181629671402297,0.09485328226415095,0.5596460059954154,0.4,0.5252976190476191,0.24000000000000005,0.6,0.75,0.6,0.35,0.4875,0.45,9,20,0.944077145041795,0.6470588235294117,0.48437740084904995,0.41,0.4666666666666666,0.7,0.3,0.2770340630687792,0.23383104905352114,1,0.13897776678937018,3,0.4087553321065119,A delivery label on a cardboard box
steer_alpha_0p66_c19_tok140_seed08_i_am_opening_the_fridge__banded-frontier_best.json,steer_alpha_0p66__reselect_banded-frontier_best,experiments/posthoc_reselect_mundane_balanced_guard/steer_alpha_0p66_c19_tok140_seed08_i_am_opening_the_fridge__banded-frontier_best.json,5,readable_ontology_collapse_trajectory,0.3605396224379396,0.1453888056726783,0.06504007133265742,0.10114439083194832,0.6130557559032895,0.4,0.5604709795832147,0.16,0.4,1.0,0.7,0.4133333333333333,0.5710000000000001,0.3888888888888889,7,18,0.9280612399263962,0.6,0.4590467569623042,0.4,0.4,0.9,0.2,0.3702337848115208,0.2044543011016575,2,0.10330991026970918,3,0.39759295666715166,I am opening the fridge
steer_alpha_0p72_c19_tok140_seed01_the_receipt_on_the_counter__banded-frontier_best.json,steer_alpha_0p72__reselect_banded-frontier_best,experiments/posthoc_reselect_mundane_balanced_guard/steer_alpha_0p72_c19_tok140_seed01_the_receipt_on_the_counter__banded-frontier_best.json,5,mixed_trajectory,0.2966093735701794,0.1663974220888373,0.07061292973638479,0.205883808612931,0.7254538710815046,0.0,0.5524747474747475,0.16,0.4,0.3333333333333333,0.8166666666666667,0.22000000000000003,0.5481666666666667,0.3125,5,16,0.9560399761161928,0.6071428571428572,0.43125554467398064,0.645,0.4,0.8,0.4,0.39065272336990314,0.21310821573901462,1,0.007224407126083604,3,0.4238923322569205,The receipt on the counter
steer_alpha_0p72_c19_tok140_seed02_a_plastic_folder_in_the_drawer__banded-frontier_best.json,steer_alpha_0p72__reselect_banded-frontier_best,experiments/posthoc_reselect_mundane_balanced_guard/steer_alpha_0p72_c19_tok140_seed02_a_plastic_folder_in_the_drawer__banded-frontier_best.json,5,trajectory_truncation_failure,0.26265637422634397,0.08907516459813175,0.02881187125184741,0.08597876504504504,0.586453433953434,0.4,0.4352748196248196,0.24000000000000005,0.6,0.5,0.7,0.4066666666666666,0.5680000000000001,0.4,6,15,0.9100900646727005,0.6333333333333333,0.4682202920717701,0.725,0.4666666666666667,1.0,0.0,0.33276812702551706,0.0996261601228308,1,0.01364739507778577,3,0.43616865443544983,A plastic folder in the drawer
steer_alpha_0p72_c19_tok140_seed03_the_bus_was_ten_minutes_late__banded-frontier_best.json,steer_alpha_0p72__reselect_banded-frontier_best,experiments/posthoc_reselect_mundane_balanced_guard/steer_alpha_0p72_c19_tok140_seed03_the_bus_was_ten_minutes_late__banded-frontier_best.json,5,trajectory_truncation_failure,0.28181498154398943,0.10657485941911227,0.03018987467544364,0.11031946565022421,0.647870951669158,0.4,0.498995765908001,0.32,0.8,0.25,0.65,0.2,0.44750000000000006,0.0,0,10,0.9602297178607611,0.4,0.17703746281974342,0.125,0.2,0.5,0.2,0.18518731409871708,0.11088428899467799,3,0.000564823344453777,3,0.2527383257312273,The bus was ten minutes late
steer_alpha_0p72_c19_tok140_seed04_a_blue_mug_near_the_sink__banded-frontier_best.json,steer_alpha_0p72__reselect_banded-frontier_best,experiments/posthoc_reselect_mundane_balanced_guard/steer_alpha_0p72_c19_tok140_seed04_a_blue_mug_near_the_sink__banded-frontier_best.json,5,stock_prop_attractor_trajectory,0.33766600071571595,0.14159379989288767,0.07491748964264862,0.09034097301361513,0.5564238298448825,0.4,0.48295879642179457,0.16,0.4,0.75,0.75,0.5333333333333333,0.6525000000000001,0.3076923076923077,4,13,0.9121842574453319,0.65625,0.4429324836908047,0.76,0.6666666666666666,0.7,0.0,0.37391722614633105,0.19928282467612143,4,0.1089418516625063,3,0.39511347899574234,A blue mug near the sink
steer_alpha_0p72_c19_tok140_seed05_the_spreadsheet_was_still_open__banded-frontier_best.json,steer_alpha_0p72__reselect_banded-frontier_best,experiments/posthoc_reselect_mundane_balanced_guard/steer_alpha_0p72_c19_tok140_seed05_the_spreadsheet_was_still_open__banded-frontier_best.json,5,trajectory_truncation_failure,0.2407808738338334,0.0718371316830299,0.01586420693050073,0.09586240936188378,0.5618487365870544,0.4,0.3758734353745151,0.32,0.8,0.75,0.55,0.06857142857142857,0.33335714285714285,0.1875,3,16,0.9406334759548083,0.6551724137931034,0.38042567315455933,0.8466666666666667,0.3333333333333333,0.7,0.0,0.33370164163486554,0.0991035741365592,4,0.003241164774675412,3,0.4157607231416016,The spreadsheet was still open
steer_alpha_0p72_c19_tok140_seed06_the_elevator_button_was_cracked__banded-frontier_best.json,steer_alpha_0p72__reselect_banded-frontier_best,experiments/posthoc_reselect_mundane_balanced_guard/steer_alpha_0p72_c19_tok140_seed06_the_elevator_button_was_cracked__banded-frontier_best.json,5,trajectory_truncation_failure,0.2190961660194714,0.06425244762687585,0.01612156244555179,0.06400475663294522,0.43622828784119116,0.4,0.32254237288135595,0.32,0.8,0.5,0.6,0.16666666666666666,0.4050000000000001,0.1111111111111111,1,9,0.976330695878271,0.5454545454545454,0.34453586615460363,0.27,0.6666666666666666,0.6,0.0,0.5181338762275637,0.16591279956996985,1,0.10190804293702463,3,0.3553786137574388,The elevator button was cracked
steer_alpha_0p72_c19_tok140_seed07_a_delivery_label_on_a_cardboard_box__banded-frontier_best.json,steer_alpha_0p72__reselect_banded-frontier_best,experiments/posthoc_reselect_mundane_balanced_guard/steer_alpha_0p72_c19_tok140_seed07_a_delivery_label_on_a_cardboard_box__banded-frontier_best.json,5,trajectory_truncation_failure,0.33203306020673395,0.1305778876713934,0.061751699989945376,0.08283280113124172,0.5775620991175565,0.4,0.49375757575757573,0.24000000000000005,0.6,0.75,0.85,0.42857142857142855,0.660357142857143,0.4,8,20,0.9650857420493172,0.7272727272727273,0.4992071460675889,0.8150000000000001,0.4666666666666666,0.5,0.0,0.32330845761067173,0.21687183204295282,2,0.1340390309117111,3,0.413202704521349,A delivery label on a cardboard box
steer_alpha_0p72_c19_tok140_seed08_i_am_opening_the_fridge__banded-frontier_best.json,steer_alpha_0p72__reselect_banded-frontier_best,experiments/posthoc_reselect_mundane_balanced_guard/steer_alpha_0p72_c19_tok140_seed08_i_am_opening_the_fridge__banded-frontier_best.json,5,readable_ontology_collapse_trajectory,0.36392428560277995,0.1615600655579546,0.06300034080346914,0.24655612001547988,0.8782678018575851,0.0,0.5424455743972312,0.16,0.4,0.5,0.75,0.25,0.525,0.2,3,15,0.9807931175908108,0.5,0.3249129703180113,0.325,0.4,0.8,0.3,0.2995648515900564,0.24655612001547988,5,0.0,3,0.3330260247703096,I am opening the fridge
steer_alpha_0p77_c19_tok140_seed01_the_receipt_on_the_counter__banded-frontier_best.json,steer_alpha_0p77__reselect_banded-frontier_best,experiments/posthoc_reselect_mundane_balanced_guard/steer_alpha_0p77_c19_tok140_seed01_the_receipt_on_the_counter__banded-frontier_best.json,5,mixed_trajectory,0.30188187192719496,0.08746052762607343,0.03724644564951632,0.09540578075393452,0.5778612461334512,0.4,0.32777777777777783,0.08,0.2,0.6666666666666666,0.5833333333333333,0.33999999999999997,0.47383333333333333,0.3333333333333333,4,12,0.9417623012206598,0.5454545454545454,0.3925773275367135,0.38,0.2,0.5,0.3,0.25834118313811283,0.16414651236597308,2,0.06874073161203856,3,0.3062526803552891,The receipt on the counter
steer_alpha_0p77_c19_tok140_seed02_a_plastic_folder_in_the_drawer__banded-frontier_best.json,steer_alpha_0p77__reselect_banded-frontier_best,experiments/posthoc_reselect_mundane_balanced_guard/steer_alpha_0p77_c19_tok140_seed02_a_plastic_folder_in_the_drawer__banded-frontier_best.json,5,trajectory_truncation_failure,0.3270076717530428,0.11237895622200769,0.03260954296889728,0.08027689405405405,0.5215765765765766,0.4,0.5514814814814815,0.32,0.8,0.75,0.9,0.3333333333333333,0.645,0.25,2,8,0.9801500856796054,0.41666666666666663,0.3258251159531751,0.255,0.4,0.9,0.0,0.33745891309920883,0.19818965036936784,2,0.11791275631531378,3,0.35862595752506354,A plastic folder in the drawer
steer_alpha_0p77_c19_tok140_seed03_the_bus_was_ten_minutes_late__banded-frontier_best.json,steer_alpha_0p77__reselect_banded-frontier_best,experiments/posthoc_reselect_mundane_balanced_guard/steer_alpha_0p77_c19_tok140_seed03_the_bus_was_ten_minutes_late__banded-frontier_best.json,5,trajectory_truncation_failure,0.3556824224183004,0.10487951426506696,0.03458930564860997,0.10410412163580869,0.6409719539674875,0.4,0.4966165413533835,0.24000000000000005,0.6,1.0,0.7,0.26666666666666666,0.5050000000000001,0.4,6,15,0.9473715634020508,0.5714285714285714,0.4319638306273976,0.6,0.5333333333333333,0.4,0.0,0.259819153136988,0.12285474825438499,2,0.018750626618576294,3,0.3361586044094313,The bus was ten minutes late
steer_alpha_0p77_c19_tok140_seed04_a_blue_mug_near_the_sink__banded-frontier_best.json,steer_alpha_0p77__reselect_banded-frontier_best,experiments/posthoc_reselect_mundane_balanced_guard/steer_alpha_0p77_c19_tok140_seed04_a_blue_mug_near_the_sink__banded-frontier_best.json,5,trajectory_truncation_failure,0.38836106797310826,0.11517106597154256,0.04280319816109433,0.10862067001487632,0.6511445014829382,0.4,0.5511111111111111,0.32,0.8,1.0,0.95,0.4666666666666667,0.7325,0.23076923076923078,3,13,0.928993563422392,0.5925925925925926,0.37523238550330684,0.6,0.6666666666666666,0.7,0.0,0.319894121248728,0.17418714447728692,1,0.0655664744624106,3,0.38782525774513454,A blue mug near the sink
steer_alpha_0p77_c19_tok140_seed05_the_spreadsheet_was_still_open__banded-frontier_best.json,steer_alpha_0p77__reselect_banded-frontier_best,experiments/posthoc_reselect_mundane_balanced_guard/steer_alpha_0p77_c19_tok140_seed05_the_spreadsheet_was_still_open__banded-frontier_best.json,5,trajectory_truncation_failure,0.3607280525256218,0.12637195131899465,0.05033994303863152,0.09345301935483871,0.6516129032258065,0.4,0.5293336508584519,0.24000000000000005,0.6,0.75,0.65,0.26666666666666666,0.47750000000000004,0.2,1,5,0.967132018086354,0.25,0.22585365207322666,0.0,0.5333333333333333,0.6,0.0,0.24176826036613336,0.19884323710317464,1,0.10539021774833593,3,0.2317896260370763,The spreadsheet was still open
steer_alpha_0p77_c19_tok140_seed06_the_elevator_button_was_cracked__banded-frontier_best.json,steer_alpha_0p77__reselect_banded-frontier_best,experiments/posthoc_reselect_mundane_balanced_guard/steer_alpha_0p77_c19_tok140_seed06_the_elevator_button_was_cracked__banded-frontier_best.json,5,trajectory_truncation_failure,0.30242052836978406,0.08930659016023257,0.027408634114627038,0.09326760683333334,0.6253611111111111,0.4,0.4420512820512821,0.24000000000000005,0.6,0.5,0.55,0.13333333333333333,0.3625,0.125,1,8,1.0,0.0,0.09957920495682109,0.0,0.13333333333333333,0.6,0.0,0.2166460247841054,0.19298719749739116,2,0.09971959066405782,3,0.18957678327970373,The elevator button was cracked
steer_alpha_0p77_c19_tok140_seed07_a_delivery_label_on_a_cardboard_box__banded-frontier_best.json,steer_alpha_0p77__reselect_banded-frontier_best,experiments/posthoc_reselect_mundane_balanced_guard/steer_alpha_0p77_c19_tok140_seed07_a_delivery_label_on_a_cardboard_box__banded-frontier_best.json,5,readable_ontology_collapse_trajectory,0.41795886795687215,0.1522941319365235,0.07067975390577806,0.21884843750000002,0.93625,0.0,0.49458479532163746,0.16,0.4,0.75,0.85,0.43,0.661,0.3684210526315789,7,19,0.959546011905515,0.7142857142857143,0.46323879465691054,0.7,0.4,0.6,0.0,0.2372466048635002,0.2527740851928563,2,0.0339256476928563,3,0.3598357657915694,A delivery label on a cardboard box
steer_alpha_0p77_c19_tok140_seed08_i_am_opening_the_fridge__banded-frontier_best.json,steer_alpha_0p77__reselect_banded-frontier_best,experiments/posthoc_reselect_mundane_balanced_guard/steer_alpha_0p77_c19_tok140_seed08_i_am_opening_the_fridge__banded-frontier_best.json,5,trajectory_truncation_failure,0.3364149942114385,0.1111890308554055,0.04067313506194716,0.07515110274509805,0.4434007289312403,0.4,0.5529721362229102,0.32,0.8,1.0,0.9,0.40714285714285714,0.6782142857142858,0.3157894736842105,6,19,0.9184847880746415,0.6666666666666667,0.4267417389521364,0.6266666666666667,0.6,0.7,0.0,0.2565157123045415,0.1730199864712116,1,0.09786888372611356,3,0.40177701560473433,I am opening the fridge
steer_alpha_0p82_c19_tok140_seed01_the_receipt_on_the_counter__banded-frontier_best.json,steer_alpha_0p82__reselect_banded-frontier_best,experiments/posthoc_reselect_mundane_balanced_guard/steer_alpha_0p82_c19_tok140_seed01_the_receipt_on_the_counter__banded-frontier_best.json,5,trajectory_truncation_failure,0.31277221664494176,0.09158682730443968,0.02752958074123511,0.078509365,0.46564465408805034,0.4,0.5035673290633864,0.32,0.8,1.0,1.0,0.32857142857142857,0.6978571428571428,0.2,2,10,0.9245832503205049,0.7380952380952381,0.45112708402457935,0.9400000000000001,0.4,0.8,0.0,0.5139687534562298,0.10723207426696785,1,0.02872270926696785,3,0.48212791139520833,The receipt on the counter
steer_alpha_0p82_c19_tok140_seed02_a_plastic_folder_in_the_drawer__banded-frontier_best.json,steer_alpha_0p82__reselect_banded-frontier_best,experiments/posthoc_reselect_mundane_balanced_guard/steer_alpha_0p82_c19_tok140_seed02_a_plastic_folder_in_the_drawer__banded-frontier_best.json,5,trajectory_truncation_failure,0.26423136055079344,0.12033262448418625,0.04652324122877954,0.09413119282245008,0.5642849433351322,0.4,0.495925925925926,0.24000000000000005,0.6,0.5,0.7,0.2974603174603175,0.5188571428571429,0.32,8,25,0.9575320003247431,0.6285714285714286,0.428090470791011,0.79,0.6,0.6,0.2,0.3204523539550549,0.21692357493826428,1,0.1227923821158142,3,0.42104185266965505,A plastic folder in the drawer
steer_alpha_0p82_c19_tok140_seed03_the_bus_was_ten_minutes_late__banded-frontier_best.json,steer_alpha_0p82__reselect_banded-frontier_best,experiments/posthoc_reselect_mundane_balanced_guard/steer_alpha_0p82_c19_tok140_seed03_the_bus_was_ten_minutes_late__banded-frontier_best.json,5,readable_ontology_collapse_trajectory,0.37300236468190673,0.11246981818343656,0.05817388749225909,0.19795043522785458,0.8778289810547875,0.0,0.3885925925925926,0.16,0.4,0.5,0.6,0.4666666666666667,0.54,0.1,1,10,0.9462874612889592,0.5333333333333333,0.28236183724035185,0.355,0.3333333333333333,0.4,0.1,0.2534758528684259,0.20742816993980973,2,0.00947773471195515,3,0.2560720017921613,The bus was ten minutes late
steer_alpha_0p82_c19_tok140_seed04_a_blue_mug_near_the_sink__banded-frontier_best.json,steer_alpha_0p82__reselect_banded-frontier_best,experiments/posthoc_reselect_mundane_balanced_guard/steer_alpha_0p82_c19_tok140_seed04_a_blue_mug_near_the_sink__banded-frontier_best.json,5,trajectory_truncation_failure,0.3335797652492002,0.09651040106412594,0.02724067443128959,0.09580896632397126,0.5812945414632402,0.4,0.44608465608465614,0.24000000000000005,0.6,0.75,0.9,0.4704761904761905,0.7067142857142857,0.47058823529411764,8,17,0.8609312044183168,0.6190476190476191,0.48188242139286125,0.635,0.5333333333333333,0.5,0.0,0.2672552442192081,0.1857548248079866,2,0.08994585848401535,3,0.37333610061496664,A blue mug near the sink
steer_alpha_0p82_c19_tok140_seed05_the_spreadsheet_was_still_open__banded-frontier_best.json,steer_alpha_0p82__reselect_banded-frontier_best,experiments/posthoc_reselect_mundane_balanced_guard/steer_alpha_0p82_c19_tok140_seed05_the_spreadsheet_was_still_open__banded-frontier_best.json,5,trajectory_truncation_failure,0.25672153307514667,0.09424718822248719,0.022894204406360964,0.09821327025859436,0.5662167204992317,0.4,0.4950398724082935,0.32,0.8,0.5,0.8,0.20833333333333331,0.5337500000000001,0.25,5,20,0.9402455771798083,0.6944444444444444,0.4290936849322188,0.6799999999999999,0.5333333333333333,0.6,0.2,0.3676906468833163,0.1005570137614679,2,0.0023437435028735437,3,0.4241528954315622,The spreadsheet was still open
steer_alpha_0p82_c19_tok140_seed06_the_elevator_button_was_cracked__banded-frontier_best.json,steer_alpha_0p82__reselect_banded-frontier_best,experiments/posthoc_reselect_mundane_balanced_guard/steer_alpha_0p82_c19_tok140_seed06_the_elevator_button_was_cracked__banded-frontier_best.json,5,trajectory_truncation_failure,0.397534676538014,0.164509010495595,0.0846300206577191,0.10534645647361582,0.5673527670908554,0.4,0.5543505866114562,0.24000000000000005,0.6,1.0,0.95,0.72,0.8465,0.6,12,20,0.9312212740697373,0.8048780487804879,0.6235675046989333,0.8,0.4666666666666666,0.6,0.0,0.35930093812881253,0.2437557130078555,2,0.1384092565342397,4,0.46088306074507823,The elevator button was cracked
steer_alpha_0p82_c19_tok140_seed07_a_delivery_label_on_a_cardboard_box__banded-frontier_best.json,steer_alpha_0p82__reselect_banded-frontier_best,experiments/posthoc_reselect_mundane_balanced_guard/steer_alpha_0p82_c19_tok140_seed07_a_delivery_label_on_a_cardboard_box__banded-frontier_best.json,5,trajectory_truncation_failure,0.3030280136356215,0.11594584905179497,0.037997333655603704,0.06940685141912363,0.4973873463696411,0.4,0.5542735042735043,0.32,0.8,0.75,0.95,0.26666666666666666,0.6425000000000001,0.3333333333333333,4,12,0.9558970764075576,0.6111111111111112,0.43783332729619623,0.6,0.4,0.7,0.0,0.3697221920365365,0.21248580758556804,1,0.1430789561664444,3,0.4179717793739667,A delivery label on a cardboard box
steer_alpha_0p82_c19_tok140_seed08_i_am_opening_the_fridge__banded-frontier_best.json,steer_alpha_0p82__reselect_banded-frontier_best,experiments/posthoc_reselect_mundane_balanced_guard/steer_alpha_0p82_c19_tok140_seed08_i_am_opening_the_fridge__banded-frontier_best.json,5,trajectory_truncation_failure,0.2517239065221858,0.1208105242143824,0.0314126533583004,0.08690559359617865,0.5777389491242704,0.4,0.5524242424242425,0.32,0.8,0.5,0.65,0.2,0.44750000000000006,0.125,1,8,0.9350438661585582,0.78125,0.3910566542881249,0.79,0.4,0.6,0.0,0.3068457714406245,0.20598062240684792,1,0.11907502881066927,3,0.4122900340259731,I am opening the fridge
steer_alpha_0p88_c19_tok140_seed01_the_receipt_on_the_counter__banded-frontier_best.json,steer_alpha_0p88__reselect_banded-frontier_best,experiments/posthoc_reselect_mundane_balanced_guard/steer_alpha_0p88_c19_tok140_seed01_the_receipt_on_the_counter__banded-frontier_best.json,5,trajectory_truncation_failure,0.21264194951828314,0.08101691384622622,0.02947531567535606,0.0,0.3700000000000001,0.4,0.38393650793650796,0.32,0.8,0.6666666666666666,0.6333333333333333,0.13999999999999999,0.41133333333333333,0.2857142857142857,4,14,0.9536963342552737,0.6538461538461539,0.4617770765502334,0.5333333333333333,0.3333333333333333,0.5,0.0,0.5217974706632553,0.19343254648403577,1,0.19343254648403577,3,0.4182982752106076,The receipt on the counter
steer_alpha_0p88_c19_tok140_seed02_a_plastic_folder_in_the_drawer__banded-frontier_best.json,steer_alpha_0p88__reselect_banded-frontier_best,experiments/posthoc_reselect_mundane_balanced_guard/steer_alpha_0p88_c19_tok140_seed02_a_plastic_folder_in_the_drawer__banded-frontier_best.json,5,trajectory_truncation_failure,0.42645412645033937,0.1474946324315028,0.08481823195203021,0.10511411337209302,0.6245639534883721,0.4,0.5514814814814815,0.24000000000000005,0.6,1.0,1.0,0.7333333333333333,0.8800000000000001,0.5,7,14,0.9097206333525939,0.6470588235294117,0.49908241915218077,0.465,0.4666666666666666,0.8,0.0,0.23805915458443355,0.2393715707615561,1,0.1342574573894631,3,0.3920075667241824,A plastic folder in the drawer
steer_alpha_0p88_c19_tok140_seed03_the_bus_was_ten_minutes_late__banded-frontier_best.json,steer_alpha_0p88__reselect_banded-frontier_best,experiments/posthoc_reselect_mundane_balanced_guard/steer_alpha_0p88_c19_tok140_seed03_the_bus_was_ten_minutes_late__banded-frontier_best.json,5,trajectory_truncation_failure,0.3237677280348421,0.11461357392869913,0.055550246168990416,0.10051766640503935,0.586895932767206,0.4,0.40668892647996435,0.24000000000000005,0.6,0.75,0.8,0.3,0.575,0.1,1,10,0.9219808289805416,0.5925925925925926,0.3142375872512258,0.725,0.4666666666666666,0.6,0.0,0.3091508992190922,0.2146496931672669,2,0.11413202676222754,3,0.3590170036916166,The bus was ten minutes late
steer_alpha_0p88_c19_tok140_seed04_a_blue_mug_near_the_sink__banded-frontier_best.json,steer_alpha_0p88__reselect_banded-frontier_best,experiments/posthoc_reselect_mundane_balanced_guard/steer_alpha_0p88_c19_tok140_seed04_a_blue_mug_near_the_sink__banded-frontier_best.json,5,motif_loop_trajectory,0.3244914873020408,0.17184478966442854,0.10434546421711888,0.08694516747685185,0.545162037037037,0.4,0.4973870967741936,0.08,0.2,0.75,0.95,0.48571428571428565,0.7410714285714286,0.5909090909090909,13,22,0.9560662457537217,0.8333333333333334,0.6322774255672642,1.0,0.26666666666666666,0.7,0.6,0.3735083399575331,0.2675626484375,3,0.18061748096064814,4,0.5291460446767242,A blue mug near the sink
steer_alpha_0p88_c19_tok140_seed05_the_spreadsheet_was_still_open__banded-frontier_best.json,steer_alpha_0p88__reselect_banded-frontier_best,experiments/posthoc_reselect_mundane_balanced_guard/steer_alpha_0p88_c19_tok140_seed05_the_spreadsheet_was_still_open__banded-frontier_best.json,5,trajectory_truncation_failure,0.16266427580118556,0.04413789708198483,0.008219691465798137,0.0,0.3700000000000001,0.4,0.2226543209876543,0.32,0.8,0.5,0.45,0.0,0.2475,0.2222222222222222,2,9,0.9756149631508355,0.7,0.46642525863383666,0.4,0.26666666666666666,0.2,0.0,0.6071262931691834,0.11491609236662734,1,0.11491609236662734,3,0.3739586346309795,The spreadsheet was still open
steer_alpha_0p88_c19_tok140_seed06_the_elevator_button_was_cracked__banded-frontier_best.json,steer_alpha_0p88__reselect_banded-frontier_best,experiments/posthoc_reselect_mundane_balanced_guard/steer_alpha_0p88_c19_tok140_seed06_the_elevator_button_was_cracked__banded-frontier_best.json,5,trajectory_truncation_failure,0.26898724702483845,0.09091915540599686,0.02071970033278945,0.09180414896948562,0.5964716784232914,0.4,0.5516666666666667,0.4,1.0,0.5,0.75,0.38,0.5835,0.4,6,15,0.9533121741089736,0.55,0.45457885992560687,0.62,0.4,0.7,0.0,0.410394299628034,0.10787141565283925,1,0.016067266683353634,3,0.43602375760510115,The elevator button was cracked
steer_alpha_0p88_c19_tok140_seed07_a_delivery_label_on_a_cardboard_box__banded-frontier_best.json,steer_alpha_0p88__reselect_banded-frontier_best,experiments/posthoc_reselect_mundane_balanced_guard/steer_alpha_0p88_c19_tok140_seed07_a_delivery_label_on_a_cardboard_box__banded-frontier_best.json,5,motif_loop_trajectory,0.28904385590697945,0.12700083208445603,0.060496178049555184,0.13818116359447008,0.65,0.0,0.4301761448996473,0.11600000000000002,0.4,0.5,0.75,0.36666666666666664,0.5775,0.4117647058823529,7,17,0.9153342757654386,0.7647058823529411,0.5812519823395299,0.86,0.3333333333333333,0.5,0.0,0.6415540293447084,0.1881425045984059,4,0.049961341003935816,3,0.4377144367360528,A delivery label on a cardboard box
steer_alpha_0p88_c19_tok140_seed08_i_am_opening_the_fridge__banded-frontier_best.json,steer_alpha_0p88__reselect_banded-frontier_best,experiments/posthoc_reselect_mundane_balanced_guard/steer_alpha_0p88_c19_tok140_seed08_i_am_opening_the_fridge__banded-frontier_best.json,5,motif_loop_trajectory,0.40874094676990624,0.15300034307621985,0.09710550995189553,0.14460980720387903,0.6319718309859155,0.0,0.541908375609688,0.16,0.4,1.0,1.0,0.65,0.8425,0.38461538461538464,5,13,0.8661495254558756,0.7407407407407407,0.5248916602616369,0.835,0.2,0.7,0.0,0.4627773896272732,0.2312920789473684,1,0.08668227174348936,3,0.4355563378269398,I am opening the fridge
steer_alpha_0p66_c19_tok140_seed01_the_receipt_on_the_counter__banded-frontier_best.json,steer_alpha_0p66__reselect_banded-frontier_best,experiments/posthoc_reselect_mundane_hard_gate/steer_alpha_0p66_c19_tok140_seed01_the_receipt_on_the_counter__banded-frontier_best.json,5,readable_ontology_collapse_trajectory,0.358694579362526,0.08864487303735603,0.04063562478581439,0.10841705861733772,0.6330183839396142,0.4,0.2830518604202815,0.08,0.2,1.0,0.75,0.36,0.5745,0.3181818181818182,7,22,0.9021920001932882,0.6086956521739131,0.4085664733447208,0.5,0.4666666666666666,0.3,0.6,0.26170588451016524,0.17172171596230776,3,0.06330465734497004,4,0.33721137519213423,The receipt on the counter
steer_alpha_0p66_c19_tok140_seed02_a_plastic_folder_in_the_drawer__banded-frontier_best.json,steer_alpha_0p66__reselect_banded-frontier_best,experiments/posthoc_reselect_mundane_hard_gate/steer_alpha_0p66_c19_tok140_seed02_a_plastic_folder_in_the_drawer__banded-frontier_best.json,5,frontier_decay_trajectory,0.36772048346545283,0.12238757481273077,0.06327120143528567,0.0,0.4123508221525043,0.4,0.44000000000000006,0.16,0.4,1.0,0.9,0.5219047619047619,0.7298571428571429,0.38095238095238093,8,21,0.8808667460926463,0.5333333333333333,0.4060042348281078,0.36,0.2,0.5,0.1,0.2395449836643487,0.2097874971622216,1,0.2097874971622216,3,0.3176442540820186,A plastic folder in the drawer
steer_alpha_0p66_c19_tok140_seed03_the_bus_was_ten_minutes_late__banded-frontier_best.json,steer_alpha_0p66__reselect_banded-frontier_best,experiments/posthoc_reselect_mundane_hard_gate/steer_alpha_0p66_c19_tok140_seed03_the_bus_was_ten_minutes_late__banded-frontier_best.json,5,readable_ontology_collapse_trajectory,0.3663424770166668,0.12608642337655102,0.04712567267887663,0.1868016858071506,0.6903240421550281,0.0,0.3773996809740338,0.0,0.0,1.0,0.7,0.1,0.43000000000000005,0.16666666666666666,2,12,0.9397940008672037,0.5,0.3038066253475135,0.58,0.3333333333333333,0.8,0.2,0.26903312673756746,0.1868016858071506,5,0.0,3,0.3020022982120531,The bus was ten minutes late
steer_alpha_0p66_c19_tok140_seed04_a_blue_mug_near_the_sink__banded-frontier_best.json,steer_alpha_0p66__reselect_banded-frontier_best,experiments/posthoc_reselect_mundane_hard_gate/steer_alpha_0p66_c19_tok140_seed04_a_blue_mug_near_the_sink__banded-frontier_best.json,5,mixed_trajectory,0.2925945351263376,0.14099998985856171,0.04374480086358733,0.12885580664519733,0.5474628373980363,0.0,0.5121205461205461,0.08,0.2,0.75,0.85,0.0,0.4675000000000001,0.3076923076923077,4,13,0.9286662482156341,0.5833333333333333,0.42876851047226894,0.6900000000000001,0.5333333333333333,1.0,0.0,0.4307015267203191,0.18696734532528783,2,0.0581115386800905,3,0.39509836212841204,A blue mug near the sink
steer_alpha_0p66_c19_tok140_seed05_the_spreadsheet_was_still_open__banded-frontier_best.json,steer_alpha_0p66__reselect_banded-frontier_best,experiments/posthoc_reselect_mundane_hard_gate/steer_alpha_0p66_c19_tok140_seed05_the_spreadsheet_was_still_open__banded-frontier_best.json,5,readable_ontology_collapse_trajectory,0.3900897361717773,0.16523484628172508,0.08407784144190203,0.18417111214470286,0.6276146738704879,0.0,0.4294864239915121,0.0,0.0,1.0,0.9,0.35666666666666663,0.6555000000000001,0.2727272727272727,6,22,0.9307057477836103,0.6206896551724138,0.41400286385618396,0.745,0.4,0.8,0.4,0.3701710590928319,0.23571888300929927,4,0.051547770864596415,3,0.39222680384070496,The spreadsheet was still open
steer_alpha_0p66_c19_tok140_seed06_the_elevator_button_was_cracked__banded-frontier_best.json,steer_alpha_0p66__reselect_banded-frontier_best,experiments/posthoc_reselect_mundane_hard_gate/steer_alpha_0p66_c19_tok140_seed06_the_elevator_button_was_cracked__banded-frontier_best.json,5,readable_ontology_collapse_trajectory,0.43458352902741487,0.13962466604565832,0.0707297489070899,0.20920156821632338,0.8693529588510134,0.0,0.4297089486261695,0.0,0.0,1.0,0.9,0.4019047619047619,0.6758571428571429,0.21428571428571427,3,14,0.9514749429560305,0.5925925925925926,0.3667673251781918,0.6900000000000001,0.3333333333333333,0.8,0.4,0.31465673171106523,0.22070123849011491,3,0.011499670273791535,3,0.3622326167092655,The elevator button was cracked
steer_alpha_0p66_c19_tok140_seed07_a_delivery_label_on_a_cardboard_box__banded-frontier_best.json,steer_alpha_0p66__reselect_banded-frontier_best,experiments/posthoc_reselect_mundane_hard_gate/steer_alpha_0p66_c19_tok140_seed07_a_delivery_label_on_a_cardboard_box__banded-frontier_best.json,5,mixed_trajectory,0.3213618608049324,0.13326017671041218,0.06282596569299242,0.08990177022578763,0.63651777276825,0.4,0.40078125,0.08,0.2,0.75,0.75,0.22857142857142856,0.515357142857143,0.3333333333333333,7,21,0.9609640474436811,0.6,0.4213222714072847,0.275,0.26666666666666666,0.7,0.7,0.3066113570364234,0.23383104905352114,1,0.14392927882773351,3,0.38165019191229865,A delivery label on a cardboard box
steer_alpha_0p66_c19_tok140_seed08_i_am_opening_the_fridge__banded-frontier_best.json,steer_alpha_0p66__reselect_banded-frontier_best,experiments/posthoc_reselect_mundane_hard_gate/steer_alpha_0p66_c19_tok140_seed08_i_am_opening_the_fridge__banded-frontier_best.json,5,motif_loop_trajectory,0.38872853683520053,0.17175010805165428,0.07889335589544619,0.2329509027268281,0.8608680810304068,0.0,0.5586932018054369,0.08,0.2,1.0,0.6,0.27999999999999997,0.45600000000000007,0.3888888888888889,7,18,0.9164778807006998,0.72,0.5027715168360003,0.6,0.3333333333333333,0.9,0.2,0.378857584180001,0.2329509027268281,5,0.0,3,0.40572801153282234,I am opening the fridge
steer_alpha_0p72_c19_tok140_seed01_the_receipt_on_the_counter__banded-frontier_best.json,steer_alpha_0p72__reselect_banded-frontier_best,experiments/posthoc_reselect_mundane_hard_gate/steer_alpha_0p72_c19_tok140_seed01_the_receipt_on_the_counter__banded-frontier_best.json,5,stock_prop_attractor_trajectory,0.2749623049978692,0.20311108752085455,0.08846480422976855,0.205883808612931,0.7254538710815046,0.0,0.5524747474747475,0.0,0.0,0.3333333333333333,0.7166666666666667,0.12,0.4481666666666667,0.3157894736842105,6,19,0.9454114527870351,0.6842105263157895,0.47421593419477004,0.89,0.4,0.8,0.8,0.46318493413174505,0.21310821573901462,1,0.007224407126083604,4,0.477263879515005,The receipt on the counter
steer_alpha_0p72_c19_tok140_seed02_a_plastic_folder_in_the_drawer__banded-frontier_best.json,steer_alpha_0p72__reselect_banded-frontier_best,experiments/posthoc_reselect_mundane_hard_gate/steer_alpha_0p72_c19_tok140_seed02_a_plastic_folder_in_the_drawer__banded-frontier_best.json,5,trajectory_truncation_failure,0.22193855005788887,0.08599876089163525,0.022701129891091597,0.0794245117046013,0.5418556511056511,0.4,0.4354202741702742,0.24000000000000005,0.6,0.5,0.6,0.04,0.34800000000000003,0.23529411764705882,4,17,0.9253466084997497,0.5833333333333333,0.37997864741568044,0.6,0.3333333333333333,0.9,0.0,0.34964813903918673,0.0996261601228308,1,0.02020164841822951,3,0.3890025053412298,A plastic folder in the drawer
steer_alpha_0p72_c19_tok140_seed03_the_bus_was_ten_minutes_late__banded-frontier_best.json,steer_alpha_0p72__reselect_banded-frontier_best,experiments/posthoc_reselect_mundane_hard_gate/steer_alpha_0p72_c19_tok140_seed03_the_bus_was_ten_minutes_late__banded-frontier_best.json,5,mixed_trajectory,0.2989543075560527,0.1153322286936909,0.05605619302948994,0.19171475163299126,0.6886562733597839,0.0,0.311978075959061,0.0,0.0,0.25,0.85,0.22000000000000003,0.5665,0.35,7,20,0.8806948948601666,0.6190476190476191,0.4324626221515984,0.65,0.4,0.5,0.0,0.2914797774246588,0.19171475163299126,5,0.0,3,0.2939920383526682,The bus was ten minutes late
steer_alpha_0p72_c19_tok140_seed04_a_blue_mug_near_the_sink__banded-frontier_best.json,steer_alpha_0p72__reselect_banded-frontier_best,experiments/posthoc_reselect_mundane_hard_gate/steer_alpha_0p72_c19_tok140_seed04_a_blue_mug_near_the_sink__banded-frontier_best.json,5,readable_ontology_collapse_trajectory,0.3873139472696579,0.14263451103839442,0.07123069512890744,0.10016755837384005,0.6169472676388276,0.4,0.4840568356374808,0.16,0.4,1.0,0.8,0.4166666666666667,0.6275000000000001,0.18181818181818182,2,11,0.9503315975535328,0.6086956521739131,0.3638219567271257,0.6799999999999999,0.5333333333333333,0.6,0.0,0.3448014832403717,0.19928282467612143,4,0.09911526630228139,3,0.34863686969018226,A blue mug near the sink
steer_alpha_0p72_c19_tok140_seed05_the_spreadsheet_was_still_open__banded-frontier_best.json,steer_alpha_0p72__reselect_banded-frontier_best,experiments/posthoc_reselect_mundane_hard_gate/steer_alpha_0p72_c19_tok140_seed05_the_spreadsheet_was_still_open__banded-frontier_best.json,5,mixed_trajectory,0.25844029239432403,0.026606098621176317,0.006683967495407285,0.0,0.43458433177605005,0.4,0.1532060785767235,0.16,0.4,0.75,0.7,0.2,0.475,0.25,4,16,0.9311150647305054,0.5294117647058824,0.38610516097246916,0.475,0.4666666666666666,0.4,0.0,0.44155521662705166,0.07168106995008436,1,0.07168106995008436,3,0.3144648467627837,The spreadsheet was still open
steer_alpha_0p72_c19_tok140_seed06_the_elevator_button_was_cracked__banded-frontier_best.json,steer_alpha_0p72__reselect_banded-frontier_best,experiments/posthoc_reselect_mundane_hard_gate/steer_alpha_0p72_c19_tok140_seed06_the_elevator_button_was_cracked__banded-frontier_best.json,5,motif_loop_trajectory,0.2945229782476587,0.14697537394728502,0.06842177483068766,0.21345440042080085,0.7274056845628634,0.0,0.5317227007502084,0.08,0.2,0.5,0.6,0.4,0.51,0.45454545454545453,5,11,0.9239096962661815,0.7428571428571429,0.6162295155339723,0.77,0.4666666666666666,0.7,0.0,0.7584203049425886,0.21345440042080085,5,0.0,3,0.45683275054153877,The elevator button was cracked
steer_alpha_0p72_c19_tok140_seed07_a_delivery_label_on_a_cardboard_box__banded-frontier_best.json,steer_alpha_0p72__reselect_banded-frontier_best,experiments/posthoc_reselect_mundane_hard_gate/steer_alpha_0p72_c19_tok140_seed07_a_delivery_label_on_a_cardboard_box__banded-frontier_best.json,5,stock_prop_attractor_trajectory,0.32963574879524354,0.11299438046676125,0.05028213162497343,0.08283280113124172,0.5775620991175565,0.4,0.44439955106621776,0.16,0.4,1.0,0.6,0.37333333333333335,0.49800000000000005,0.2857142857142857,6,21,0.9596691138092753,0.75,0.4640505459382984,0.77,0.5333333333333333,0.5,0.1,0.3648955868343496,0.2121476521354131,1,0.12931485100417137,3,0.3940708777193994,A delivery label on a cardboard box
steer_alpha_0p72_c19_tok140_seed08_i_am_opening_the_fridge__banded-frontier_best.json,steer_alpha_0p72__reselect_banded-frontier_best,experiments/posthoc_reselect_mundane_hard_gate/steer_alpha_0p72_c19_tok140_seed08_i_am_opening_the_fridge__banded-frontier_best.json,5,readable_ontology_collapse_trajectory,0.41911435283376297,0.18219225312102202,0.08687173105553495,0.24655612001547988,0.8782678018575851,0.0,0.4860994712240017,0.0,0.0,1.0,0.5,0.2833333333333333,0.4025,0.29411764705882354,5,17,0.9649483470238079,0.5,0.3634982048169686,0.47000000000000003,0.4,0.5,0.5,0.28072631820248983,0.25057058852229996,2,0.004014468506820079,3,0.30584845035687,I am opening the fridge
steer_alpha_0p77_c19_tok140_seed01_the_receipt_on_the_counter__banded-frontier_best.json,steer_alpha_0p77__reselect_banded-frontier_best,experiments/posthoc_reselect_mundane_hard_gate/steer_alpha_0p77_c19_tok140_seed01_the_receipt_on_the_counter__banded-frontier_best.json,5,mixed_trajectory,0.3055171835932927,0.08119771399595951,0.03812773270137468,0.06409171260336496,0.6536204265708182,0.0,0.26142857142857145,0.0,0.0,0.6666666666666666,0.5833333333333333,0.33999999999999997,0.47383333333333333,0.2857142857142857,4,14,0.9050700972776302,0.6,0.3914443513015726,0.5,0.2,0.5,0.4,0.26436461365072045,0.16414651236597308,2,0.10005479976260812,3,0.3158046071540262,The receipt on the counter
steer_alpha_0p77_c19_tok140_seed02_a_plastic_folder_in_the_drawer__banded-frontier_best.json,steer_alpha_0p77__reselect_banded-frontier_best,experiments/posthoc_reselect_mundane_hard_gate/steer_alpha_0p77_c19_tok140_seed02_a_plastic_folder_in_the_drawer__banded-frontier_best.json,5,mixed_trajectory,0.3241838216339432,0.11394222714471972,0.044138774293897266,0.0693939894292993,0.5043731759928943,0.4,0.44325925925925935,0.16,0.4,0.75,0.95,0.37857142857142856,0.6928571428571428,0.3125,5,16,0.9999999999999999,0.5,0.3908374012460656,0.275,0.0,1.0,0.4,0.37606200623032804,0.19818965036936784,2,0.12879566094006856,3,0.39884760715316264,A plastic folder in the drawer
steer_alpha_0p77_c19_tok140_seed03_the_bus_was_ten_minutes_late__banded-frontier_best.json,steer_alpha_0p77__reselect_banded-frontier_best,experiments/posthoc_reselect_mundane_hard_gate/steer_alpha_0p77_c19_tok140_seed03_the_bus_was_ten_minutes_late__banded-frontier_best.json,5,readable_ontology_collapse_trajectory,0.3495123114399029,0.12369668746641324,0.05330985846223192,0.08026774120968622,0.5675924289291502,0.4,0.5151722371438402,0.16,0.4,1.0,0.7,0.32222222222222224,0.53,0.25,4,16,0.9659950459594251,0.6428571428571428,0.4093554710100511,0.475,0.4666666666666666,0.5,0.2,0.3592773550502556,0.21654601216034888,3,0.13627827095066267,3,0.35298354888218114,The bus was ten minutes late
steer_alpha_0p77_c19_tok140_seed04_a_blue_mug_near_the_sink__banded-frontier_best.json,steer_alpha_0p77__reselect_banded-frontier_best,experiments/posthoc_reselect_mundane_hard_gate/steer_alpha_0p77_c19_tok140_seed04_a_blue_mug_near_the_sink__banded-frontier_best.json,5,readable_ontology_collapse_trajectory,0.3972581585332781,0.14483661524231944,0.07953098843677457,0.23667459950904748,0.8230115233796982,0.0,0.4922222222222222,0.16,0.4,1.0,0.7,0.36666666666666664,0.55,0.3333333333333333,4,12,0.8980927904082555,0.6333333333333333,0.4481380377629336,0.74,0.5333333333333333,0.6,0.1,0.3823568554813347,0.23667459950904748,5,0.0,3,0.38356733209849353,A blue mug near the sink
steer_alpha_0p77_c19_tok140_seed05_the_spreadsheet_was_still_open__banded-frontier_best.json,steer_alpha_0p77__reselect_banded-frontier_best,experiments/posthoc_reselect_mundane_hard_gate/steer_alpha_0p77_c19_tok140_seed05_the_spreadsheet_was_still_open__banded-frontier_best.json,5,readable_ontology_collapse_trajectory,0.4149110106734549,0.16679001885609718,0.08734163424407168,0.21771059285053496,0.8972144961592473,0.0,0.5320669841917852,0.08,0.2,0.75,0.65,0.4,0.5375,0.375,3,8,0.8918993784559955,0.5294117647058824,0.4100975911750336,0.4,0.3333333333333333,0.6,0.0,0.28026736763987403,0.21771059285053496,5,0.0,3,0.28645280543995505,The spreadsheet was still open
steer_alpha_0p77_c19_tok140_seed06_the_elevator_button_was_cracked__banded-frontier_best.json,steer_alpha_0p77__reselect_banded-frontier_best,experiments/posthoc_reselect_mundane_hard_gate/steer_alpha_0p77_c19_tok140_seed06_the_elevator_button_was_cracked__banded-frontier_best.json,5,frontier_decay_trajectory,0.3226579464718738,0.038597439499478234,0.01801539540371944,0.0,0.9376832006531945,0.0,0.11205128205128205,0.0,0.0,0.5,0.6,0.06666666666666667,0.36,0.125,1,8,0.9602297178607611,0.4,0.23682580120124042,0.155,0.06666666666666667,0.4,0.2,0.20287900600620223,0.19298719749739116,2,0.19298719749739116,3,0.19876315077079354,The elevator button was cracked
steer_alpha_0p77_c19_tok140_seed07_a_delivery_label_on_a_cardboard_box__banded-frontier_best.json,steer_alpha_0p77__reselect_banded-frontier_best,experiments/posthoc_reselect_mundane_hard_gate/steer_alpha_0p77_c19_tok140_seed07_a_delivery_label_on_a_cardboard_box__banded-frontier_best.json,5,readable_ontology_collapse_trajectory,0.44484030082244286,0.19235046684384388,0.0983588000827694,0.21884843750000002,0.93625,0.0,0.5458607809847199,0.08,0.2,0.75,0.95,0.37,0.6890000000000001,0.23809523809523808,5,21,0.9524343150055595,0.7391304347826086,0.42643385463932565,0.7,0.4,0.5,0.0,0.3029767266127775,0.30572997147734343,3,0.08688153397734341,3,0.33237514930285883,A delivery label on a cardboard box
steer_alpha_0p77_c19_tok140_seed08_i_am_opening_the_fridge__banded-frontier_best.json,steer_alpha_0p77__reselect_banded-frontier_best,experiments/posthoc_reselect_mundane_hard_gate/steer_alpha_0p77_c19_tok140_seed08_i_am_opening_the_fridge__banded-frontier_best.json,5,trajectory_truncation_failure,0.3514779474831905,0.09686890293009198,0.04311169771094957,0.0,0.6330598530144494,0.4,0.4086719345052551,0.24000000000000005,0.6,1.0,0.75,0.37777777777777777,0.5825,0.23529411764705882,4,17,0.93006273359915,0.5925925925925926,0.37181389784867597,0.5599999999999999,0.5333333333333333,0.5,0.2,0.29262068750046055,0.1730199864712116,1,0.1730199864712116,3,0.36885448719975933,I am opening the fridge
steer_alpha_0p82_c19_tok140_seed01_the_receipt_on_the_counter__banded-frontier_best.json,steer_alpha_0p82__reselect_banded-frontier_best,experiments/posthoc_reselect_mundane_hard_gate/steer_alpha_0p82_c19_tok140_seed01_the_receipt_on_the_counter__banded-frontier_best.json,5,trajectory_truncation_failure,0.3000286903767745,0.08950927146250416,0.031567039343751636,0.078509365,0.46564465408805034,0.4,0.4429182418422911,0.24000000000000005,0.6,1.0,0.85,0.3071428571428571,0.6057142857142858,0.3333333333333333,4,12,0.9324034297659327,0.7441860465116279,0.527986603279434,0.9400000000000001,0.4,0.6,0.0,0.5876074350018211,0.10723207426696785,1,0.02872270926696785,3,0.46788026355917695,The receipt on the counter
steer_alpha_0p82_c19_tok140_seed02_a_plastic_folder_in_the_drawer__banded-frontier_best.json,steer_alpha_0p82__reselect_banded-frontier_best,experiments/posthoc_reselect_mundane_hard_gate/steer_alpha_0p82_c19_tok140_seed02_a_plastic_folder_in_the_drawer__banded-frontier_best.json,5,mixed_trajectory,0.26474605485344027,0.12429006386720695,0.04955218055597639,0.14718578394087256,0.5699001148105626,0.0,0.49671023965141614,0.16,0.4,0.5,0.7,0.18888888888888888,0.47000000000000003,0.21739130434782608,5,23,0.9675516948651824,0.6363636363636364,0.39915494525429984,0.645,0.6,0.8,0.2,0.393007927852527,0.21692357493826428,1,0.06973779099739172,3,0.40096694501648694,A plastic folder in the drawer
steer_alpha_0p82_c19_tok140_seed03_the_bus_was_ten_minutes_late__banded-frontier_best.json,steer_alpha_0p82__reselect_banded-frontier_best,experiments/posthoc_reselect_mundane_hard_gate/steer_alpha_0p82_c19_tok140_seed03_the_bus_was_ten_minutes_late__banded-frontier_best.json,5,readable_ontology_collapse_trajectory,0.39717198861418834,0.12845925783975704,0.06202049581117334,0.19795043522785458,0.8778289810547875,0.0,0.4985146198830409,0.16,0.4,0.5,0.7,0.5166666666666667,0.6175,0.09090909090909091,1,11,0.957742056202218,0.41666666666666663,0.24291660357813702,0.27999999999999997,0.4,0.5,0.1,0.2808708966785641,0.20742816993980973,2,0.00947773471195515,3,0.2482670380277635,The bus was ten minutes late
steer_alpha_0p82_c19_tok140_seed04_a_blue_mug_near_the_sink__banded-frontier_best.json,steer_alpha_0p82__reselect_banded-frontier_best,experiments/posthoc_reselect_mundane_hard_gate/steer_alpha_0p82_c19_tok140_seed04_a_blue_mug_near_the_sink__banded-frontier_best.json,5,mixed_trajectory,0.3322945688230302,0.10652108801540591,0.03037431280310405,0.08840588727613008,0.5445053416859453,0.4,0.4427513227513228,0.16,0.4,0.75,0.95,0.34714285714285714,0.6787142857142857,0.47058823529411764,8,17,0.9083831508637694,0.5263157894736843,0.471665307088222,0.49000000000000005,0.5333333333333333,0.6,0.0,0.37845037445039786,0.1857548248079866,2,0.09734893753185653,3,0.35511542025805054,A blue mug near the sink
steer_alpha_0p82_c19_tok140_seed05_the_spreadsheet_was_still_open__banded-frontier_best.json,steer_alpha_0p82__reselect_banded-frontier_best,experiments/posthoc_reselect_mundane_hard_gate/steer_alpha_0p82_c19_tok140_seed05_the_spreadsheet_was_still_open__banded-frontier_best.json,5,mixed_trajectory,0.31012854591055355,0.11535858017392712,0.04642334042754505,0.20138470376344084,0.8788548387096774,0.0,0.4415679875679876,0.16,0.4,0.5,0.65,0.09166666666666666,0.39875000000000005,0.16666666666666666,3,18,0.9120537711922041,0.59375,0.3540876730453411,0.71,0.5333333333333333,0.5,0.2,0.3563758652267058,0.20138470376344084,5,0.0,3,0.3518318137552066,The spreadsheet was still open
steer_alpha_0p82_c19_tok140_seed06_the_elevator_button_was_cracked__banded-frontier_best.json,steer_alpha_0p82__reselect_banded-frontier_best,experiments/posthoc_reselect_mundane_hard_gate/steer_alpha_0p82_c19_tok140_seed06_the_elevator_button_was_cracked__banded-frontier_best.json,5,motif_loop_trajectory,0.32849329867518384,0.1707345143981302,0.08570634105330546,0.07888937419354838,0.5585483870967742,0.4,0.5534028065332414,0.16,0.4,0.75,0.75,0.4533333333333333,0.6165,0.5,10,20,0.9085975968219476,0.7631578947368421,0.5598664420056795,0.9550000000000001,0.3333333333333333,0.5,0.0,0.3388058942389237,0.2437557130078555,2,0.16486633881430712,4,0.4305467937967846,The elevator button was cracked
steer_alpha_0p82_c19_tok140_seed07_a_delivery_label_on_a_cardboard_box__banded-frontier_best.json,steer_alpha_0p82__reselect_banded-frontier_best,experiments/posthoc_reselect_mundane_hard_gate/steer_alpha_0p82_c19_tok140_seed07_a_delivery_label_on_a_cardboard_box__banded-frontier_best.json,5,trajectory_truncation_failure,0.28022902957354623,0.09825477120011113,0.03160443272322548,0.06940685141912363,0.4973873463696411,0.4,0.4948888888888889,0.32,0.8,0.75,0.75,0.16666666666666666,0.4875,0.23076923076923078,3,13,0.9462874612889592,0.5333333333333333,0.36734401933938343,0.525,0.3333333333333333,0.5,0.0,0.3841559941328147,0.21248580758556804,1,0.1430789561664444,3,0.36868620949101777,A delivery label on a cardboard box
steer_alpha_0p82_c19_tok140_seed08_i_am_opening_the_fridge__banded-frontier_best.json,steer_alpha_0p82__reselect_banded-frontier_best,experiments/posthoc_reselect_mundane_hard_gate/steer_alpha_0p82_c19_tok140_seed08_i_am_opening_the_fridge__banded-frontier_best.json,5,trajectory_truncation_failure,0.2265548103304325,0.1299868752192081,0.04241701001003937,0.08296846033814782,0.5583071367884452,0.4,0.4418285714285714,0.24000000000000005,0.6,0.5,0.5,0.0,0.275,0.2,2,10,0.9627637424390203,0.78125,0.43156213778800345,0.635,0.4,0.5,0.0,0.3406231889400172,0.25828595385297515,3,0.17531749351482734,3,0.38188144147128567,I am opening the fridge
steer_alpha_0p88_c19_tok140_seed01_the_receipt_on_the_counter__banded-frontier_best.json,steer_alpha_0p88__reselect_banded-frontier_best,experiments/posthoc_reselect_mundane_hard_gate/steer_alpha_0p88_c19_tok140_seed01_the_receipt_on_the_counter__banded-frontier_best.json,5,trajectory_truncation_failure,0.20089251561338034,0.06212533456131614,0.02513225837305267,0.0,0.3700000000000001,0.4,0.2739365079365079,0.24000000000000005,0.6,0.6666666666666666,0.5333333333333333,0.1,0.3383333333333334,0.25,3,12,0.9469085754464489,0.625,0.43825353047935894,0.475,0.26666666666666666,0.3,0.2,0.5350176523967948,0.19343254648403577,1,0.19343254648403577,3,0.3853212555558587,The receipt on the counter
steer_alpha_0p88_c19_tok140_seed02_a_plastic_folder_in_the_drawer__banded-frontier_best.json,steer_alpha_0p88__reselect_banded-frontier_best,experiments/posthoc_reselect_mundane_hard_gate/steer_alpha_0p88_c19_tok140_seed02_a_plastic_folder_in_the_drawer__banded-frontier_best.json,5,frontier_decay_trajectory,0.31715160363675227,0.11141299616586223,0.06883756547180064,0.059163462385321094,0.3979649708090075,0.4,0.44266666666666665,0.16,0.4,1.0,0.7,0.3333333333333333,0.535,0.2222222222222222,2,9,0.9182958340544896,0.7777777777777778,0.4659937620255385,0.24000000000000005,0.2,0.5,0.1,0.4688576990165815,0.2393715707615561,1,0.18020810837623502,3,0.3491266196704424,A plastic folder in the drawer
steer_alpha_0p88_c19_tok140_seed03_the_bus_was_ten_minutes_late__banded-frontier_best.json,steer_alpha_0p88__reselect_banded-frontier_best,experiments/posthoc_reselect_mundane_hard_gate/steer_alpha_0p88_c19_tok140_seed03_the_bus_was_ten_minutes_late__banded-frontier_best.json,5,trajectory_truncation_failure,0.30563374128277027,0.09181464039247447,0.05112227894650356,0.09053899411764706,0.5341911764705882,0.4,0.2966889264799643,0.24000000000000005,0.6,0.75,0.65,0.3,0.49250000000000005,0.08333333333333333,1,12,0.9585348113584488,0.5,0.27980072602548467,0.445,0.4,0.6,0.0,0.3365036301274234,0.2146496931672669,2,0.12411069904961984,3,0.31850002035995734,The bus was ten minutes late
steer_alpha_0p88_c19_tok140_seed04_a_blue_mug_near_the_sink__banded-frontier_best.json,steer_alpha_0p88__reselect_banded-frontier_best,experiments/posthoc_reselect_mundane_hard_gate/steer_alpha_0p88_c19_tok140_seed04_a_blue_mug_near_the_sink__banded-frontier_best.json,5,motif_loop_trajectory,0.33770455683307,0.15465547525858275,0.09973099371667468,0.0009985954476229057,0.6852349617207437,0.0,0.3866463560334528,0.0,0.0,0.75,0.95,0.5190476190476191,0.7560714285714286,0.625,15,24,0.9183843366256258,0.8085106382978724,0.6527555033208738,1.0,0.3333333333333333,0.5,0.8,0.4426338995830926,0.2675626484375,3,0.26656405298987706,4,0.5297578916323687,A blue mug near the sink
steer_alpha_0p88_c19_tok140_seed05_the_spreadsheet_was_still_open__banded-frontier_best.json,steer_alpha_0p88__reselect_banded-frontier_best,experiments/posthoc_reselect_mundane_hard_gate/steer_alpha_0p88_c19_tok140_seed05_the_spreadsheet_was_still_open__banded-frontier_best.json,5,frontier_decay_trajectory,0.21170722253019392,0.03440060364059445,0.023610921652647658,0.0,0.3700000000000001,0.4,0.11411764705882355,0.16,0.4,0.5,0.35,0.4,0.37250000000000005,0.1111111111111111,1,9,0.9756641375534827,0.5,0.3693320842697583,0.2,0.26666666666666666,0.2,0.0,0.7216604213487915,0.1658560053824594,3,0.1658560053824594,3,0.2971456499453183,The spreadsheet was still open
steer_alpha_0p88_c19_tok140_seed06_the_elevator_button_was_cracked__banded-frontier_best.json,steer_alpha_0p88__reselect_banded-frontier_best,experiments/posthoc_reselect_mundane_hard_gate/steer_alpha_0p88_c19_tok140_seed06_the_elevator_button_was_cracked__banded-frontier_best.json,5,trajectory_truncation_failure,0.26967422318003187,0.052889090165596134,0.01121843393171991,0.09180414896948562,0.5964716784232914,0.4,0.33,0.24000000000000005,0.6,0.5,0.7,0.26666666666666666,0.5050000000000001,0.3,3,10,0.9555290352763198,0.5294117647058824,0.3901242658846652,0.5800000000000001,0.26666666666666666,0.4,0.0,0.3491507411880318,0.10180666783783784,2,0.010002518868352225,3,0.33173823082997717,The elevator button was cracked
steer_alpha_0p88_c19_tok140_seed07_a_delivery_label_on_a_cardboard_box__banded-frontier_best.json,steer_alpha_0p88__reselect_banded-frontier_best,experiments/posthoc_reselect_mundane_hard_gate/steer_alpha_0p88_c19_tok140_seed07_a_delivery_label_on_a_cardboard_box__banded-frontier_best.json,5,motif_loop_trajectory,0.27615291117809615,0.10191672401278158,0.04837526478550662,0.13818116359447008,0.65,0.0,0.32022451980516503,0.08,0.2,0.5,0.75,0.25,0.525,0.47058823529411764,8,17,0.9189047521866909,0.7741935483870968,0.6041703131863856,0.86,0.3333333333333333,0.3,0.0,0.6071893268427441,0.1881425045984059,4,0.049961341003935816,3,0.40836822478699975,A delivery label on a cardboard box
steer_alpha_0p88_c19_tok140_seed08_i_am_opening_the_fridge__banded-frontier_best.json,steer_alpha_0p88__reselect_banded-frontier_best,experiments/posthoc_reselect_mundane_hard_gate/steer_alpha_0p88_c19_tok140_seed08_i_am_opening_the_fridge__banded-frontier_best.json,5,motif_loop_trajectory,0.42100202049086033,0.18186599938569165,0.11355734011512768,0.14460980720387903,0.6319718309859155,0.0,0.5821748812457589,0.08,0.2,1.0,1.0,0.6,0.8200000000000001,0.3333333333333333,5,15,0.871974021278389,0.7333333333333334,0.5111753711722423,0.835,0.26666666666666666,0.6,0.1,0.5225435225278783,0.23617677699001358,3,0.09156696978613454,3,0.41865576247501934,I am opening the fridge
steer_alpha_0p66_c19_tok140_seed01_the_receipt_on_the_counter__banded-frontier_best.json,steer_alpha_0p66__reselect_banded-frontier_best,experiments/posthoc_reselect_mundane_dual_guard/steer_alpha_0p66_c19_tok140_seed01_the_receipt_on_the_counter__banded-frontier_best.json,5,trajectory_truncation_failure,0.32387259840155935,0.10480301660300995,0.03526658177392346,0.10841705861733772,0.6330183839396142,0.4,0.4825128205128205,0.32,0.8,0.6666666666666666,0.7833333333333333,0.48666666666666664,0.6498333333333334,0.35,7,20,0.9224050305657796,0.631578947368421,0.4340205121626716,0.5,0.2,0.5,0.3,0.2773394029186212,0.16043999839078635,2,0.05202293977344863,3,0.3964315714208789,The receipt on the counter
steer_alpha_0p66_c19_tok140_seed02_a_plastic_folder_in_the_drawer__banded-frontier_best.json,steer_alpha_0p66__reselect_banded-frontier_best,experiments/posthoc_reselect_mundane_dual_guard/steer_alpha_0p66_c19_tok140_seed02_a_plastic_folder_in_the_drawer__banded-frontier_best.json,5,readable_ontology_collapse_trajectory,0.39367349613782854,0.15180864858969648,0.0731748380069055,0.10172482841449419,0.6265387313038568,0.4,0.55,0.16,0.4,1.0,0.9,0.5219047619047619,0.7298571428571429,0.3888888888888889,7,18,0.8894686235491586,0.71875,0.4722956893654428,0.6799999999999999,0.4,0.8,0.1,0.22866594682721417,0.2097874971622216,1,0.1080626687477274,3,0.3992579500576214,A plastic folder in the drawer
steer_alpha_0p66_c19_tok140_seed03_the_bus_was_ten_minutes_late__banded-frontier_best.json,steer_alpha_0p66__reselect_banded-frontier_best,experiments/posthoc_reselect_mundane_dual_guard/steer_alpha_0p66_c19_tok140_seed03_the_bus_was_ten_minutes_late__banded-frontier_best.json,5,readable_ontology_collapse_trajectory,0.3709504197994566,0.11975970633937938,0.04140475404264933,0.1868016858071506,0.6903240421550281,0.0,0.4097863247863248,0.08,0.2,1.0,0.6,0.06666666666666667,0.36,0.0,0,9,0.9642388260732416,0.4,0.18022114848176674,0.40499999999999997,0.4666666666666666,0.6,0.2,0.20110574240883367,0.1868016858071506,5,0.0,3,0.23758797620950173,The bus was ten minutes late
steer_alpha_0p66_c19_tok140_seed04_a_blue_mug_near_the_sink__banded-frontier_best.json,steer_alpha_0p66__reselect_banded-frontier_best,experiments/posthoc_reselect_mundane_dual_guard/steer_alpha_0p66_c19_tok140_seed04_a_blue_mug_near_the_sink__banded-frontier_best.json,5,mixed_trajectory,0.3185914075338395,0.13621005778232825,0.057430898640824304,0.053992150968055215,0.39905506997823514,0.4,0.5394520757020758,0.16,0.4,0.75,0.95,0.39,0.6980000000000001,0.3333333333333333,4,12,0.9218361000920415,0.5652173913043479,0.4034261525601098,0.63,0.5333333333333333,0.9,0.0,0.27800032801794017,0.18696734532528783,2,0.13297519435723262,3,0.3800909085321064,A blue mug near the sink
steer_alpha_0p66_c19_tok140_seed05_the_spreadsheet_was_still_open__banded-frontier_best.json,steer_alpha_0p66__reselect_banded-frontier_best,experiments/posthoc_reselect_mundane_dual_guard/steer_alpha_0p66_c19_tok140_seed05_the_spreadsheet_was_still_open__banded-frontier_best.json,5,trajectory_truncation_failure,0.3687832094598313,0.1487840380465548,0.06266237005278949,0.09673236400063043,0.639390066003896,0.4,0.5496043417366947,0.24000000000000005,0.6,1.0,0.75,0.3333333333333333,0.5625,0.3684210526315789,7,19,0.9592935954316847,0.5454545454545454,0.4022706288971722,0.5900000000000001,0.26666666666666666,0.6,0.2,0.22786032151935398,0.23571888300929927,4,0.13898651900866885,3,0.3789306003390614,The spreadsheet was still open
steer_alpha_0p66_c19_tok140_seed06_the_elevator_button_was_cracked__banded-frontier_best.json,steer_alpha_0p66__reselect_banded-frontier_best,experiments/posthoc_reselect_mundane_dual_guard/steer_alpha_0p66_c19_tok140_seed06_the_elevator_button_was_cracked__banded-frontier_best.json,5,readable_ontology_collapse_trajectory,0.42912466194514776,0.12709238488881303,0.06568091597406474,0.20920156821632338,0.8693529588510134,0.0,0.49043769356544076,0.16,0.4,1.0,0.8,0.54,0.683,0.25,2,8,0.8982604868614245,0.5789473684210527,0.36403395788679044,0.5650000000000001,0.4666666666666666,0.7,0.4,0.2445118946971101,0.20920156821632338,5,0.0,3,0.3672959694669298,The elevator button was cracked
steer_alpha_0p66_c19_tok140_seed07_a_delivery_label_on_a_cardboard_box__banded-frontier_best.json,steer_alpha_0p66__reselect_banded-frontier_best,experiments/posthoc_reselect_mundane_dual_guard/steer_alpha_0p66_c19_tok140_seed07_a_delivery_label_on_a_cardboard_box__banded-frontier_best.json,5,trajectory_truncation_failure,0.28723700757473114,0.12521100760017576,0.0412781237597094,0.09485328226415095,0.5596460059954154,0.4,0.5282605820105821,0.24000000000000005,0.6,0.75,0.65,0.2833333333333333,0.48500000000000004,0.4,8,20,0.928324965322813,0.6666666666666667,0.46677335606574766,0.6,0.4666666666666666,0.7,0.3,0.26720011366207175,0.19193548158566442,1,0.09708219932151348,3,0.42219890592137027,A delivery label on a cardboard box
steer_alpha_0p66_c19_tok140_seed08_i_am_opening_the_fridge__banded-frontier_best.json,steer_alpha_0p66__reselect_banded-frontier_best,experiments/posthoc_reselect_mundane_dual_guard/steer_alpha_0p66_c19_tok140_seed08_i_am_opening_the_fridge__banded-frontier_best.json,5,readable_ontology_collapse_trajectory,0.3605396224379396,0.1453888056726783,0.06504007133265742,0.10114439083194832,0.6130557559032895,0.4,0.5604709795832147,0.16,0.4,1.0,0.7,0.4133333333333333,0.5710000000000001,0.3888888888888889,7,18,0.9280612399263962,0.6,0.4590467569623042,0.4,0.4,0.9,0.2,0.3702337848115208,0.2044543011016575,2,0.10330991026970918,3,0.39759295666715166,I am opening the fridge
steer_alpha_0p72_c19_tok140_seed01_the_receipt_on_the_counter__banded-frontier_best.json,steer_alpha_0p72__reselect_banded-frontier_best,experiments/posthoc_reselect_mundane_dual_guard/steer_alpha_0p72_c19_tok140_seed01_the_receipt_on_the_counter__banded-frontier_best.json,5,mixed_trajectory,0.2966093735701794,0.1663974220888373,0.07061292973638479,0.205883808612931,0.7254538710815046,0.0,0.5524747474747475,0.16,0.4,0.3333333333333333,0.8166666666666667,0.22000000000000003,0.5481666666666667,0.3125,5,16,0.9560399761161928,0.6071428571428572,0.43125554467398064,0.645,0.4,0.8,0.4,0.39065272336990314,0.21310821573901462,1,0.007224407126083604,3,0.4238923322569205,The receipt on the counter
steer_alpha_0p72_c19_tok140_seed02_a_plastic_folder_in_the_drawer__banded-frontier_best.json,steer_alpha_0p72__reselect_banded-frontier_best,experiments/posthoc_reselect_mundane_dual_guard/steer_alpha_0p72_c19_tok140_seed02_a_plastic_folder_in_the_drawer__banded-frontier_best.json,5,trajectory_truncation_failure,0.26265637422634397,0.08907516459813175,0.02881187125184741,0.08597876504504504,0.586453433953434,0.4,0.4352748196248196,0.24000000000000005,0.6,0.5,0.7,0.4066666666666666,0.5680000000000001,0.4,6,15,0.9100900646727005,0.6333333333333333,0.4682202920717701,0.725,0.4666666666666667,1.0,0.0,0.33276812702551706,0.0996261601228308,1,0.01364739507778577,3,0.43616865443544983,A plastic folder in the drawer
steer_alpha_0p72_c19_tok140_seed03_the_bus_was_ten_minutes_late__banded-frontier_best.json,steer_alpha_0p72__reselect_banded-frontier_best,experiments/posthoc_reselect_mundane_dual_guard/steer_alpha_0p72_c19_tok140_seed03_the_bus_was_ten_minutes_late__banded-frontier_best.json,5,trajectory_truncation_failure,0.28181498154398943,0.10657485941911227,0.03018987467544364,0.11031946565022421,0.647870951669158,0.4,0.498995765908001,0.32,0.8,0.25,0.65,0.2,0.44750000000000006,0.0,0,10,0.9602297178607611,0.4,0.17703746281974342,0.125,0.2,0.5,0.2,0.18518731409871708,0.11088428899467799,3,0.000564823344453777,3,0.2527383257312273,The bus was ten minutes late
steer_alpha_0p72_c19_tok140_seed04_a_blue_mug_near_the_sink__banded-frontier_best.json,steer_alpha_0p72__reselect_banded-frontier_best,experiments/posthoc_reselect_mundane_dual_guard/steer_alpha_0p72_c19_tok140_seed04_a_blue_mug_near_the_sink__banded-frontier_best.json,5,stock_prop_attractor_trajectory,0.33766600071571595,0.14159379989288767,0.07491748964264862,0.09034097301361513,0.5564238298448825,0.4,0.48295879642179457,0.16,0.4,0.75,0.75,0.5333333333333333,0.6525000000000001,0.3076923076923077,4,13,0.9121842574453319,0.65625,0.4429324836908047,0.76,0.6666666666666666,0.7,0.0,0.37391722614633105,0.19928282467612143,4,0.1089418516625063,3,0.39511347899574234,A blue mug near the sink
steer_alpha_0p72_c19_tok140_seed05_the_spreadsheet_was_still_open__banded-frontier_best.json,steer_alpha_0p72__reselect_banded-frontier_best,experiments/posthoc_reselect_mundane_dual_guard/steer_alpha_0p72_c19_tok140_seed05_the_spreadsheet_was_still_open__banded-frontier_best.json,5,trajectory_truncation_failure,0.25552341462027806,0.0786637623240387,0.023143977664341116,0.09586240936188378,0.5618487365870544,0.4,0.38962502875546356,0.32,0.8,0.5,0.75,0.38666666666666666,0.5865,0.4117647058823529,7,17,0.8808650588145942,0.7058823529411764,0.4884632069892637,0.925,0.4,0.5,0.1,0.28055132906396574,0.10439618537055477,1,0.008533776008670987,3,0.4372765153064472,The spreadsheet was still open
steer_alpha_0p72_c19_tok140_seed06_the_elevator_button_was_cracked__banded-frontier_best.json,steer_alpha_0p72__reselect_banded-frontier_best,experiments/posthoc_reselect_mundane_dual_guard/steer_alpha_0p72_c19_tok140_seed06_the_elevator_button_was_cracked__banded-frontier_best.json,5,trajectory_truncation_failure,0.24233403405080456,0.10759689955021379,0.032048912497995775,0.055086377786541574,0.40038181327576905,0.4,0.5317227007502084,0.24000000000000005,0.6,0.5,0.75,0.4,0.5925,0.46153846153846156,6,13,0.9283058070449034,0.5454545454545454,0.5269051256514521,0.47000000000000003,0.4,0.7,0.0,0.6415186352502678,0.1717502412846392,2,0.11666386349809763,3,0.43232875014655114,The elevator button was cracked
steer_alpha_0p72_c19_tok140_seed07_a_delivery_label_on_a_cardboard_box__banded-frontier_best.json,steer_alpha_0p72__reselect_banded-frontier_best,experiments/posthoc_reselect_mundane_dual_guard/steer_alpha_0p72_c19_tok140_seed07_a_delivery_label_on_a_cardboard_box__banded-frontier_best.json,5,trajectory_truncation_failure,0.33203306020673395,0.1305778876713934,0.061751699989945376,0.08283280113124172,0.5775620991175565,0.4,0.49375757575757573,0.24000000000000005,0.6,0.75,0.85,0.42857142857142855,0.660357142857143,0.4,8,20,0.9650857420493172,0.7272727272727273,0.4992071460675889,0.8150000000000001,0.4666666666666666,0.5,0.0,0.32330845761067173,0.21687183204295282,2,0.1340390309117111,3,0.413202704521349,A delivery label on a cardboard box
steer_alpha_0p72_c19_tok140_seed08_i_am_opening_the_fridge__banded-frontier_best.json,steer_alpha_0p72__reselect_banded-frontier_best,experiments/posthoc_reselect_mundane_dual_guard/steer_alpha_0p72_c19_tok140_seed08_i_am_opening_the_fridge__banded-frontier_best.json,5,readable_ontology_collapse_trajectory,0.36392428560277995,0.1615600655579546,0.06300034080346914,0.24655612001547988,0.8782678018575851,0.0,0.5424455743972312,0.16,0.4,0.5,0.75,0.25,0.525,0.2,3,15,0.9807931175908108,0.5,0.3249129703180113,0.325,0.4,0.8,0.3,0.2995648515900564,0.24655612001547988,5,0.0,3,0.3330260247703096,I am opening the fridge
steer_alpha_0p77_c19_tok140_seed01_the_receipt_on_the_counter__banded-frontier_best.json,steer_alpha_0p77__reselect_banded-frontier_best,experiments/posthoc_reselect_mundane_dual_guard/steer_alpha_0p77_c19_tok140_seed01_the_receipt_on_the_counter__banded-frontier_best.json,5,mixed_trajectory,0.30188187192719496,0.08746052762607343,0.03724644564951632,0.09540578075393452,0.5778612461334512,0.4,0.32777777777777783,0.08,0.2,0.6666666666666666,0.5833333333333333,0.33999999999999997,0.47383333333333333,0.3333333333333333,4,12,0.9417623012206598,0.5454545454545454,0.3925773275367135,0.38,0.2,0.5,0.3,0.25834118313811283,0.16414651236597308,2,0.06874073161203856,3,0.3062526803552891,The receipt on the counter
steer_alpha_0p77_c19_tok140_seed02_a_plastic_folder_in_the_drawer__banded-frontier_best.json,steer_alpha_0p77__reselect_banded-frontier_best,experiments/posthoc_reselect_mundane_dual_guard/steer_alpha_0p77_c19_tok140_seed02_a_plastic_folder_in_the_drawer__banded-frontier_best.json,5,trajectory_truncation_failure,0.3495924047058094,0.13408022960306049,0.04972996697808145,0.08702945388193203,0.6249767441860465,0.4,0.5545925925925926,0.24000000000000005,0.6,0.75,0.85,0.32857142857142857,0.6153571428571428,0.21428571428571427,3,14,0.9755937888228714,0.3125,0.26448279891251447,0.3,0.4,1.0,0.2,0.2933961374197152,0.19818965036936784,2,0.1111601964874358,3,0.35197372015295236,A plastic folder in the drawer
steer_alpha_0p77_c19_tok140_seed03_the_bus_was_ten_minutes_late__banded-frontier_best.json,steer_alpha_0p77__reselect_banded-frontier_best,experiments/posthoc_reselect_mundane_dual_guard/steer_alpha_0p77_c19_tok140_seed03_the_bus_was_ten_minutes_late__banded-frontier_best.json,5,trajectory_truncation_failure,0.31636106321493324,0.10017742259189218,0.048388498681237166,0.10410412163580869,0.6409719539674875,0.4,0.4012858853962215,0.24000000000000005,0.6,0.5,0.75,0.7,0.7275,0.5263157894736842,10,19,0.9265768373780258,0.6585365853658536,0.5230206717803743,1.0,0.7333333333333333,0.5,0.0,0.27845380819583826,0.12400741469008565,1,0.01990329305427696,3,0.422985499805267,The bus was ten minutes late
steer_alpha_0p77_c19_tok140_seed04_a_blue_mug_near_the_sink__banded-frontier_best.json,steer_alpha_0p77__reselect_banded-frontier_best,experiments/posthoc_reselect_mundane_dual_guard/steer_alpha_0p77_c19_tok140_seed04_a_blue_mug_near_the_sink__banded-frontier_best.json,5,trajectory_truncation_failure,0.38836106797310826,0.11517106597154256,0.04280319816109433,0.10862067001487632,0.6511445014829382,0.4,0.5511111111111111,0.32,0.8,1.0,0.95,0.4666666666666667,0.7325,0.23076923076923078,3,13,0.928993563422392,0.5925925925925926,0.37523238550330684,0.6,0.6666666666666666,0.7,0.0,0.319894121248728,0.17418714447728692,1,0.0655664744624106,3,0.38782525774513454,A blue mug near the sink
steer_alpha_0p77_c19_tok140_seed05_the_spreadsheet_was_still_open__banded-frontier_best.json,steer_alpha_0p77__reselect_banded-frontier_best,experiments/posthoc_reselect_mundane_dual_guard/steer_alpha_0p77_c19_tok140_seed05_the_spreadsheet_was_still_open__banded-frontier_best.json,5,trajectory_truncation_failure,0.3607280525256218,0.12637195131899465,0.05033994303863152,0.09345301935483871,0.6516129032258065,0.4,0.5293336508584519,0.24000000000000005,0.6,0.75,0.65,0.26666666666666666,0.47750000000000004,0.2,1,5,0.967132018086354,0.25,0.22585365207322666,0.0,0.5333333333333333,0.6,0.0,0.24176826036613336,0.19884323710317464,1,0.10539021774833593,3,0.2317896260370763,The spreadsheet was still open
steer_alpha_0p77_c19_tok140_seed06_the_elevator_button_was_cracked__banded-frontier_best.json,steer_alpha_0p77__reselect_banded-frontier_best,experiments/posthoc_reselect_mundane_dual_guard/steer_alpha_0p77_c19_tok140_seed06_the_elevator_button_was_cracked__banded-frontier_best.json,5,trajectory_truncation_failure,0.30242052836978406,0.08930659016023257,0.027408634114627038,0.09326760683333334,0.6253611111111111,0.4,0.4420512820512821,0.24000000000000005,0.6,0.5,0.55,0.13333333333333333,0.3625,0.125,1,8,1.0,0.0,0.09957920495682109,0.0,0.13333333333333333,0.6,0.0,0.2166460247841054,0.19298719749739116,2,0.09971959066405782,3,0.18957678327970373,The elevator button was cracked
steer_alpha_0p77_c19_tok140_seed07_a_delivery_label_on_a_cardboard_box__banded-frontier_best.json,steer_alpha_0p77__reselect_banded-frontier_best,experiments/posthoc_reselect_mundane_dual_guard/steer_alpha_0p77_c19_tok140_seed07_a_delivery_label_on_a_cardboard_box__banded-frontier_best.json,5,readable_ontology_collapse_trajectory,0.41795886795687215,0.1522941319365235,0.07067975390577806,0.21884843750000002,0.93625,0.0,0.49458479532163746,0.16,0.4,0.75,0.85,0.43,0.661,0.3684210526315789,7,19,0.959546011905515,0.7142857142857143,0.46323879465691054,0.7,0.4,0.6,0.0,0.2372466048635002,0.2527740851928563,2,0.0339256476928563,3,0.3598357657915694,A delivery label on a cardboard box
steer_alpha_0p77_c19_tok140_seed08_i_am_opening_the_fridge__banded-frontier_best.json,steer_alpha_0p77__reselect_banded-frontier_best,experiments/posthoc_reselect_mundane_dual_guard/steer_alpha_0p77_c19_tok140_seed08_i_am_opening_the_fridge__banded-frontier_best.json,5,trajectory_truncation_failure,0.3364149942114385,0.1111890308554055,0.04067313506194716,0.07515110274509805,0.4434007289312403,0.4,0.5529721362229102,0.32,0.8,1.0,0.9,0.40714285714285714,0.6782142857142858,0.3157894736842105,6,19,0.9184847880746415,0.6666666666666667,0.4267417389521364,0.6266666666666667,0.6,0.7,0.0,0.2565157123045415,0.1730199864712116,1,0.09786888372611356,3,0.40177701560473433,I am opening the fridge
steer_alpha_0p82_c19_tok140_seed01_the_receipt_on_the_counter__banded-frontier_best.json,steer_alpha_0p82__reselect_banded-frontier_best,experiments/posthoc_reselect_mundane_dual_guard/steer_alpha_0p82_c19_tok140_seed01_the_receipt_on_the_counter__banded-frontier_best.json,5,trajectory_truncation_failure,0.31277221664494176,0.09158682730443968,0.02752958074123511,0.078509365,0.46564465408805034,0.4,0.5035673290633864,0.32,0.8,1.0,1.0,0.32857142857142857,0.6978571428571428,0.2,2,10,0.9245832503205049,0.7380952380952381,0.45112708402457935,0.9400000000000001,0.4,0.8,0.0,0.5139687534562298,0.10723207426696785,1,0.02872270926696785,3,0.48212791139520833,The receipt on the counter
steer_alpha_0p82_c19_tok140_seed02_a_plastic_folder_in_the_drawer__banded-frontier_best.json,steer_alpha_0p82__reselect_banded-frontier_best,experiments/posthoc_reselect_mundane_dual_guard/steer_alpha_0p82_c19_tok140_seed02_a_plastic_folder_in_the_drawer__banded-frontier_best.json,5,trajectory_truncation_failure,0.28642252837917004,0.1372937008921514,0.05326689921257812,0.09413119282245008,0.5642849433351322,0.4,0.5557142857142858,0.24000000000000005,0.6,0.5,0.85,0.3419047619047619,0.6213571428571429,0.4,10,25,0.9362762828646801,0.6829268292682926,0.4851659416218526,0.8150000000000001,0.6,0.7,0.0,0.33070775688975085,0.21692357493826428,1,0.1227923821158142,3,0.4302361422486928,A plastic folder in the drawer
steer_alpha_0p82_c19_tok140_seed03_the_bus_was_ten_minutes_late__banded-frontier_best.json,steer_alpha_0p82__reselect_banded-frontier_best,experiments/posthoc_reselect_mundane_dual_guard/steer_alpha_0p82_c19_tok140_seed03_the_bus_was_ten_minutes_late__banded-frontier_best.json,5,readable_ontology_collapse_trajectory,0.37300236468190673,0.11246981818343656,0.05817388749225909,0.19795043522785458,0.8778289810547875,0.0,0.3885925925925926,0.16,0.4,0.5,0.6,0.4666666666666667,0.54,0.1,1,10,0.9462874612889592,0.5333333333333333,0.28236183724035185,0.355,0.3333333333333333,0.4,0.1,0.2534758528684259,0.20742816993980973,2,0.00947773471195515,3,0.2560720017921613,The bus was ten minutes late
steer_alpha_0p82_c19_tok140_seed04_a_blue_mug_near_the_sink__banded-frontier_best.json,steer_alpha_0p82__reselect_banded-frontier_best,experiments/posthoc_reselect_mundane_dual_guard/steer_alpha_0p82_c19_tok140_seed04_a_blue_mug_near_the_sink__banded-frontier_best.json,5,trajectory_truncation_failure,0.3335797652492002,0.09651040106412594,0.02724067443128959,0.09580896632397126,0.5812945414632402,0.4,0.44608465608465614,0.24000000000000005,0.6,0.75,0.9,0.4704761904761905,0.7067142857142857,0.47058823529411764,8,17,0.8609312044183168,0.6190476190476191,0.48188242139286125,0.635,0.5333333333333333,0.5,0.0,0.2672552442192081,0.1857548248079866,2,0.08994585848401535,3,0.37333610061496664,A blue mug near the sink
steer_alpha_0p82_c19_tok140_seed05_the_spreadsheet_was_still_open__banded-frontier_best.json,steer_alpha_0p82__reselect_banded-frontier_best,experiments/posthoc_reselect_mundane_dual_guard/steer_alpha_0p82_c19_tok140_seed05_the_spreadsheet_was_still_open__banded-frontier_best.json,5,trajectory_truncation_failure,0.25672153307514667,0.09424718822248719,0.022894204406360964,0.09821327025859436,0.5662167204992317,0.4,0.4950398724082935,0.32,0.8,0.5,0.8,0.20833333333333331,0.5337500000000001,0.25,5,20,0.9402455771798083,0.6944444444444444,0.4290936849322188,0.6799999999999999,0.5333333333333333,0.6,0.2,0.3676906468833163,0.1005570137614679,2,0.0023437435028735437,3,0.4241528954315622,The spreadsheet was still open
steer_alpha_0p82_c19_tok140_seed06_the_elevator_button_was_cracked__banded-frontier_best.json,steer_alpha_0p82__reselect_banded-frontier_best,experiments/posthoc_reselect_mundane_dual_guard/steer_alpha_0p82_c19_tok140_seed06_the_elevator_button_was_cracked__banded-frontier_best.json,5,trajectory_truncation_failure,0.397534676538014,0.164509010495595,0.0846300206577191,0.10534645647361582,0.5673527670908554,0.4,0.5543505866114562,0.24000000000000005,0.6,1.0,0.95,0.72,0.8465,0.6,12,20,0.9312212740697373,0.8048780487804879,0.6235675046989333,0.8,0.4666666666666666,0.6,0.0,0.35930093812881253,0.2437557130078555,2,0.1384092565342397,4,0.46088306074507823,The elevator button was cracked
steer_alpha_0p82_c19_tok140_seed07_a_delivery_label_on_a_cardboard_box__banded-frontier_best.json,steer_alpha_0p82__reselect_banded-frontier_best,experiments/posthoc_reselect_mundane_dual_guard/steer_alpha_0p82_c19_tok140_seed07_a_delivery_label_on_a_cardboard_box__banded-frontier_best.json,5,trajectory_truncation_failure,0.3030280136356215,0.11594584905179497,0.037997333655603704,0.06940685141912363,0.4973873463696411,0.4,0.5542735042735043,0.32,0.8,0.75,0.95,0.26666666666666666,0.6425000000000001,0.3333333333333333,4,12,0.9558970764075576,0.6111111111111112,0.43783332729619623,0.6,0.4,0.7,0.0,0.3697221920365365,0.21248580758556804,1,0.1430789561664444,3,0.4179717793739667,A delivery label on a cardboard box
steer_alpha_0p82_c19_tok140_seed08_i_am_opening_the_fridge__banded-frontier_best.json,steer_alpha_0p82__reselect_banded-frontier_best,experiments/posthoc_reselect_mundane_dual_guard/steer_alpha_0p82_c19_tok140_seed08_i_am_opening_the_fridge__banded-frontier_best.json,5,trajectory_truncation_failure,0.2517239065221858,0.1208105242143824,0.0314126533583004,0.08690559359617865,0.5777389491242704,0.4,0.5524242424242425,0.32,0.8,0.5,0.65,0.2,0.44750000000000006,0.125,1,8,0.9350438661585582,0.78125,0.3910566542881249,0.79,0.4,0.6,0.0,0.3068457714406245,0.20598062240684792,1,0.11907502881066927,3,0.4122900340259731,I am opening the fridge
steer_alpha_0p88_c19_tok140_seed01_the_receipt_on_the_counter__banded-frontier_best.json,steer_alpha_0p88__reselect_banded-frontier_best,experiments/posthoc_reselect_mundane_dual_guard/steer_alpha_0p88_c19_tok140_seed01_the_receipt_on_the_counter__banded-frontier_best.json,5,trajectory_truncation_failure,0.2975485769668776,0.11009202178984287,0.03834973710928909,0.09044331216931217,0.6214814814814815,0.4,0.5552698412698414,0.32,0.8,0.6666666666666666,0.8833333333333334,0.33999999999999997,0.6388333333333334,0.4444444444444444,8,18,0.9445060336173097,0.7631578947368421,0.5225120469697323,0.8333333333333334,0.3333333333333333,0.8,0.0,0.27703391905918784,0.19343254648403577,1,0.1029892343147236,3,0.46746895867738225,The receipt on the counter
steer_alpha_0p88_c19_tok140_seed02_a_plastic_folder_in_the_drawer__banded-frontier_best.json,steer_alpha_0p88__reselect_banded-frontier_best,experiments/posthoc_reselect_mundane_dual_guard/steer_alpha_0p88_c19_tok140_seed02_a_plastic_folder_in_the_drawer__banded-frontier_best.json,5,trajectory_truncation_failure,0.3947346284121453,0.14976488110843475,0.08076191145279657,0.10511411337209302,0.6245639534883721,0.4,0.5542884990253412,0.24000000000000005,0.6,1.0,1.0,0.4666666666666666,0.76,0.5333333333333333,8,15,0.9233488208828896,0.6896551724137931,0.5280601846366401,0.665,0.4666666666666666,0.7,0.0,0.23340437145906218,0.2393715707615561,1,0.1342574573894631,3,0.41294816704790643,A plastic folder in the drawer
steer_alpha_0p88_c19_tok140_seed03_the_bus_was_ten_minutes_late__banded-frontier_best.json,steer_alpha_0p88__reselect_banded-frontier_best,experiments/posthoc_reselect_mundane_dual_guard/steer_alpha_0p88_c19_tok140_seed03_the_bus_was_ten_minutes_late__banded-frontier_best.json,5,trajectory_truncation_failure,0.3237677280348421,0.11461357392869913,0.055550246168990416,0.10051766640503935,0.586895932767206,0.4,0.40668892647996435,0.24000000000000005,0.6,0.75,0.8,0.3,0.575,0.1,1,10,0.9219808289805416,0.5925925925925926,0.3142375872512258,0.725,0.4666666666666666,0.6,0.0,0.3091508992190922,0.2146496931672669,2,0.11413202676222754,3,0.3590170036916166,The bus was ten minutes late
steer_alpha_0p88_c19_tok140_seed04_a_blue_mug_near_the_sink__banded-frontier_best.json,steer_alpha_0p88__reselect_banded-frontier_best,experiments/posthoc_reselect_mundane_dual_guard/steer_alpha_0p88_c19_tok140_seed04_a_blue_mug_near_the_sink__banded-frontier_best.json,5,motif_loop_trajectory,0.3244914873020408,0.17184478966442854,0.10434546421711888,0.08694516747685185,0.545162037037037,0.4,0.4973870967741936,0.08,0.2,0.75,0.95,0.48571428571428565,0.7410714285714286,0.5909090909090909,13,22,0.9560662457537217,0.8333333333333334,0.6322774255672642,1.0,0.26666666666666666,0.7,0.6,0.3735083399575331,0.2675626484375,3,0.18061748096064814,4,0.5291460446767242,A blue mug near the sink
steer_alpha_0p88_c19_tok140_seed05_the_spreadsheet_was_still_open__banded-frontier_best.json,steer_alpha_0p88__reselect_banded-frontier_best,experiments/posthoc_reselect_mundane_dual_guard/steer_alpha_0p88_c19_tok140_seed05_the_spreadsheet_was_still_open__banded-frontier_best.json,5,trajectory_truncation_failure,0.2276952123278253,0.07434704628586268,0.014383720778755002,0.09043573436619719,0.5225928297055058,0.4,0.44265432098765434,0.4,1.0,0.5,0.85,0.15,0.535,0.42857142857142855,6,14,0.9462874612889592,0.7666666666666666,0.5594291330431619,0.7,0.26666666666666666,0.5,0.0,0.4911932842634287,0.11491609236662734,1,0.02448035800043015,3,0.4664032750772068,The spreadsheet was still open
steer_alpha_0p88_c19_tok140_seed06_the_elevator_button_was_cracked__banded-frontier_best.json,steer_alpha_0p88__reselect_banded-frontier_best,experiments/posthoc_reselect_mundane_dual_guard/steer_alpha_0p88_c19_tok140_seed06_the_elevator_button_was_cracked__banded-frontier_best.json,5,trajectory_truncation_failure,0.26898724702483845,0.09091915540599686,0.02071970033278945,0.09180414896948562,0.5964716784232914,0.4,0.5516666666666667,0.4,1.0,0.5,0.75,0.38,0.5835,0.4,6,15,0.9533121741089736,0.55,0.45457885992560687,0.62,0.4,0.7,0.0,0.410394299628034,0.10787141565283925,1,0.016067266683353634,3,0.43602375760510115,The elevator button was cracked
steer_alpha_0p88_c19_tok140_seed07_a_delivery_label_on_a_cardboard_box__banded-frontier_best.json,steer_alpha_0p88__reselect_banded-frontier_best,experiments/posthoc_reselect_mundane_dual_guard/steer_alpha_0p88_c19_tok140_seed07_a_delivery_label_on_a_cardboard_box__banded-frontier_best.json,5,motif_loop_trajectory,0.3118872816710443,0.1447564150694327,0.06778856006807495,0.13818116359447008,0.65,0.0,0.5429831624435069,0.11600000000000002,0.4,0.5,0.85,0.5533333333333333,0.7165000000000001,0.5294117647058824,9,17,0.9375685834284884,0.8048780487804879,0.6428957079133524,0.96,0.3333333333333333,0.7,0.0,0.6147654836126728,0.1881425045984059,4,0.049961341003935816,3,0.48530959486548053,A delivery label on a cardboard box
steer_alpha_0p88_c19_tok140_seed08_i_am_opening_the_fridge__banded-frontier_best.json,steer_alpha_0p88__reselect_banded-frontier_best,experiments/posthoc_reselect_mundane_dual_guard/steer_alpha_0p88_c19_tok140_seed08_i_am_opening_the_fridge__banded-frontier_best.json,5,motif_loop_trajectory,0.40874094676990624,0.15300034307621985,0.09710550995189553,0.14460980720387903,0.6319718309859155,0.0,0.541908375609688,0.16,0.4,1.0,1.0,0.65,0.8425,0.38461538461538464,5,13,0.8661495254558756,0.7407407407407407,0.5248916602616369,0.835,0.2,0.7,0.0,0.4627773896272732,0.2312920789473684,1,0.08668227174348936,3,0.4355563378269398,I am opening the fridge
