run_name,condition,path,step,candidate_index,picked,score_total,readable_ontology_frontier,frontier_quality,ontology_collapse_density,identity_melt_score,affordance_corruption_score,category_bleeding_score,syntax_readability_proxy,graph_integration,graph_fragmentation,repair_pressure,cliche_attractor_score,cliche_attractor_density_per_100,cliche_attractor_hits,stock_prop_attractor_score,stock_prop_attractor_density_per_100,stock_prop_attractor_hits,soft_style_cliche_score,soft_style_cliche_density_per_100,soft_style_cliche_hits,fantasy_prop_score,fantasy_prop_hits,ordinary_anchor_retention,ordinary_anchor_drop,ordinary_anchor_terms,ordinary_anchor_hits,atmospheric_conservation,unfinished,meta_leak,identity_melt_count,affordance_corruption_count,text
steer_alpha_0p77_traj_c8_tok120_seed01_the_receipt_on_the_counter.json,steer_alpha_0p77_traj,experiments/frontier_sweep_model_compare_llama_stock_guard_traj_seed12/steer_alpha_0p77_traj_c8_tok120_seed01_the_receipt_on_the_counter.json,1,1,1,-1.7212882667279268,0.004250720014313231,0.3538335195044309,0.013333333333333334,0.0,0.0,0.06666666666666667,0.7076670390088619,0.0,1.0,0.0,0.3333333333333333,2.3255813953488373,delicate,0.0,0.0,,0.3333333333333333,2.3255813953488373,delicate,0.0,,0.6666666666666666,0.33333333333333337,the; receipt; counter,the; counter,0.45,0.0,0.0,0,0,"A small, dusty vase, its once-blue glaze now faded to a soft gray, sat on the counter, a forgotten souvenir from a long-forgotten ocean vacation, its delicate flowers now wilted and dead, their petals dry and brittle, their stem snapped off, a small, wilted seashell lies beside it."
steer_alpha_0p77_traj_c8_tok120_seed01_the_receipt_on_the_counter.json,steer_alpha_0p77_traj,experiments/frontier_sweep_model_compare_llama_stock_guard_traj_seed12/steer_alpha_0p77_traj_c8_tok120_seed01_the_receipt_on_the_counter.json,1,2,0,-2.72901861252115,0.0,0.39984456554195286,0.0,0.0,0.0,0.0,0.7544237085697223,0.05999999999999997,0.9730000000000001,0.0,0.3333333333333333,2.9411764705882355,antique,0.3333333333333333,2.9411764705882355,antique,0.0,0.0,,0.375,antique,0.3333333333333333,0.6666666666666667,the; receipt; counter,the,0.45,0.0,0.0,0,0,"A dusty antique clock, its face cracked and faded, sits atop a worn, wooden vanity, its lid slightly ajar, revealing a collection of vintage perfume bottles, each one containing a fragrance that matches the exact shade of the setting sun."
steer_alpha_0p77_traj_c8_tok120_seed01_the_receipt_on_the_counter.json,steer_alpha_0p77_traj,experiments/frontier_sweep_model_compare_llama_stock_guard_traj_seed12/steer_alpha_0p77_traj_c8_tok120_seed01_the_receipt_on_the_counter.json,1,3,0,-0.6799865305706347,0.018004264122129625,0.3943691031424421,0.05333333333333334,0.0,0.0,0.26666666666666666,0.6572818385707369,0.19999999999999998,0.9100000000000001,0.0,1.0,5.172413793103448,antique; miniature; music box,1.0,5.172413793103448,antique; miniature; music box,0.0,0.0,,1.0,antique; ballerina; miniature; music box,0.3333333333333333,0.6666666666666667,the; receipt; counter,the,0.2,0.0,0.0,0,0,"A small, antique music box, its intricately carved wooden lid open, revealing a miniature ballerina twirling to a tune that only she can hear, as a rain-soaks through a nearby puddle, pooling water into a small, perfect mirror's reflection, which the music box's lid slowly rotates to face the puddle, as if to gaze at its own reflection, and the ballerina's tutu ripples with every drop of water."
steer_alpha_0p77_traj_c8_tok120_seed01_the_receipt_on_the_counter.json,steer_alpha_0p77_traj,experiments/frontier_sweep_model_compare_llama_stock_guard_traj_seed12/steer_alpha_0p77_traj_c8_tok120_seed01_the_receipt_on_the_counter.json,1,4,0,-0.578404114608303,0.009708767676767677,0.4165661188544484,0.02666666666666667,0.0,0.0,0.13333333333333333,0.694276864757414,0.19999999999999998,0.9100000000000001,0.0,1.0,11.11111111111111,antique; leather-bound; music box; porcelain,1.0,11.11111111111111,antique; leather-bound; music box; porcelain,0.0,0.0,,1.0,antique; leather-bound; music box; porcelain,0.3333333333333333,0.6666666666666667,the; receipt; counter,the,0.3,0.0,0.0,0,0,"A small, antique music box, dusty and worn, sits beside a worn, leather-bound book, its pages fluttering softly in the breeze from an open window, where a small, porcelain bird perches, watching the music box, as a tea kettle whistles in the distance."
steer_alpha_0p77_traj_c8_tok120_seed01_the_receipt_on_the_counter.json,steer_alpha_0p77_traj,experiments/frontier_sweep_model_compare_llama_stock_guard_traj_seed12/steer_alpha_0p77_traj_c8_tok120_seed01_the_receipt_on_the_counter.json,1,5,0,-2.4349817726133516,0.004913178636033537,0.37179322638146167,0.014814814814814815,0.0,0.0,0.07407407407407407,0.7435864527629233,0.0,1.0,0.0,1.0,11.764705882352942,antique; melancholic; music box; pocket watch,1.0,8.823529411764707,antique; music box; pocket watch,0.3333333333333333,2.9411764705882355,melancholic,1.0,antique; music box; pocket watch,0.3333333333333333,0.6666666666666667,the; receipt; counter,the,0.4,0.0,0.0,0,0,"A small, antique music box, intricately carved with leaves and vines, sat atop a dusty, old-fashioned cash box, its lid slightly ajar, releasing a soft, melancholic tune that harmonizes with the ticking of a nearby, vintage pocket watch."
steer_alpha_0p77_traj_c8_tok120_seed01_the_receipt_on_the_counter.json,steer_alpha_0p77_traj,experiments/frontier_sweep_model_compare_llama_stock_guard_traj_seed12/steer_alpha_0p77_traj_c8_tok120_seed01_the_receipt_on_the_counter.json,1,6,0,-1.6189441504731832,0.0016117976511517155,0.2012510940672231,0.008888888888888889,0.0,0.0,0.04444444444444444,0.670836980224077,0.19999999999999998,0.9100000000000001,0.5,1.0,7.2727272727272725,antique; delicate; leather-bound; music box,1.0,5.454545454545454,antique; leather-bound; music box,0.3333333333333333,1.8181818181818181,delicate,1.0,antique; ballerina; leather-bound; music box,0.3333333333333333,0.6666666666666667,the; receipt; counter,the,0.45,0.0,0.0,0,0,"A small, antique music box, its delicate ballerina twirling to a forgotten melody, sits beside a vintage typewriter, its keys yellowed with age, as a worn, leather-bound book lies open, its pages fluttering gently in the breeze from a nearby window, where a small, antique globe spins, its surface etched with a faint, cryptic message: ""Turn me, and you'll find the truth."""
steer_alpha_0p77_traj_c8_tok120_seed01_the_receipt_on_the_counter.json,steer_alpha_0p77_traj,experiments/frontier_sweep_model_compare_llama_stock_guard_traj_seed12/steer_alpha_0p77_traj_c8_tok120_seed01_the_receipt_on_the_counter.json,1,7,0,-0.5438373633582672,0.011086892869078265,0.42812658390319386,0.02962962962962963,0.0,0.0,0.14814814814814814,0.7135443065053231,0.19999999999999998,0.9100000000000001,0.0,1.0,15.789473684210526,antique; delicate; ethereal; leather-bound; music box; porcelain,1.0,10.526315789473685,antique; leather-bound; music box; porcelain,0.6666666666666666,5.2631578947368425,delicate; ethereal,1.0,antique; ballerina; leather-bound; music box; porcelain,0.3333333333333333,0.6666666666666667,the; receipt; counter,the,0.3,0.0,0.0,0,0,"A small, antique music box, intricately carved with a melody of interlocking gears and a delicate, porcelain ballerina twirls to a gentle, ethereal tune, as a forgotten raincoat hangs from the kitchen hook, beside a dusty, leather-bound book with a name scribbled on the cover: ""Emmeline""."
steer_alpha_0p77_traj_c8_tok120_seed01_the_receipt_on_the_counter.json,steer_alpha_0p77_traj,experiments/frontier_sweep_model_compare_llama_stock_guard_traj_seed12/steer_alpha_0p77_traj_c8_tok120_seed01_the_receipt_on_the_counter.json,1,8,0,-3.0647981651376144,0.007626354230377166,0.38089449541284404,0.022222222222222223,0.0,0.0,0.1111111111111111,0.7617889908256881,0.0,1.0,0.0,1.0,16.666666666666668,antique; delicate; music box,0.6666666666666666,11.11111111111111,antique; music box,0.3333333333333333,5.555555555555555,delicate,1.0,antique; ballerina; music box,0.0,1.0,the; receipt; counter,,0.45,0.0,0.0,0,0,"A single, dusty antique music box sits atop a small, worn, wooden table, its delicate ballerina twirling to a soft, forgotten tango."
steer_alpha_0p77_traj_c8_tok120_seed01_the_receipt_on_the_counter.json,steer_alpha_0p77_traj,experiments/frontier_sweep_model_compare_llama_stock_guard_traj_seed12/steer_alpha_0p77_traj_c8_tok120_seed01_the_receipt_on_the_counter.json,2,1,1,0.7675440551217949,0.00421318854448374,0.4238878718535469,0.012121212121212123,0.0,0.0,0.06060606060606061,0.7064797864225782,0.19999999999999998,0.9100000000000001,0.0,0.3333333333333333,2.6315789473684212,old man,0.0,0.0,,0.3333333333333333,2.6315789473684212,old man,0.0,,0.75,0.25,the; receipt; counter; vase; its; once-blue; glaze; now; gray; sat; souvenir; long-forgotten,the; counter; vase,0.0,0.0,0.0,0,0,"The old man, his eyes fixed on the vase, his gnarled hands, covered in age spots and wrinkles, slowly lifted it off the counter, his bony fingers wrapped around it as if to cradle it, his eyes, a deep, piercing blue, filled with a mix of sorrow and longing."
steer_alpha_0p77_traj_c8_tok120_seed01_the_receipt_on_the_counter.json,steer_alpha_0p77_traj,experiments/frontier_sweep_model_compare_llama_stock_guard_traj_seed12/steer_alpha_0p77_traj_c8_tok120_seed01_the_receipt_on_the_counter.json,2,2,0,0.6130373643165481,0.005298032440988963,0.4228581635755549,0.014814814814814815,0.0,0.0,0.07407407407407407,0.7047636059592581,0.19999999999999998,0.9100000000000001,0.0,0.0,0.0,,0.0,0.0,,0.0,0.0,,0.0,,0.75,0.25,the; receipt; counter; vase; its; once-blue; glaze; now; gray; sat; souvenir; long-forgotten,the; counter; vase,0.14285714285714285,0.0,0.0,0,0,"The vase was surrounded by a scattered assortment of seashells, each one uniquely shaped and weathered, a few of which still held tiny, translucent barnacles, their pearly surfaces dulled by fine layers of grime and barnacles clung to the edge of the counter, where a small, cracked, and faded key lies, partially buried in a small patch of mold."
steer_alpha_0p77_traj_c8_tok120_seed01_the_receipt_on_the_counter.json,steer_alpha_0p77_traj,experiments/frontier_sweep_model_compare_llama_stock_guard_traj_seed12/steer_alpha_0p77_traj_c8_tok120_seed01_the_receipt_on_the_counter.json,2,3,0,0.9825579333951653,0.0,0.3874883331798225,0.0,0.0,0.0,0.0,0.6458138886330376,0.19999999999999998,0.9100000000000001,0.0,0.3333333333333333,1.5151515151515151,faded photograph,0.3333333333333333,1.5151515151515151,faded photograph,0.0,0.0,,0.0,,0.75,0.25,the; receipt; counter; vase; its; once-blue; glaze; now; gray; sat; souvenir; long-forgotten,the; its; now,0.25,0.0,0.0,0,0,"A small, rusty key, half-buried in the sand, catches the fading light of a setting sun, its teeth worn smooth, its once-polished surface now cracked and worn, a small, faded photograph, its edges curled and creased, lies beside it, a faded Polaroid of a couple, their arms around each other, their faces smiling, their eyes squinting against the bright sunlight, the image torn and slightly crumpled, as if it had been dropped and forgotten on the beach."
steer_alpha_0p77_traj_c8_tok120_seed01_the_receipt_on_the_counter.json,steer_alpha_0p77_traj,experiments/frontier_sweep_model_compare_llama_stock_guard_traj_seed12/steer_alpha_0p77_traj_c8_tok120_seed01_the_receipt_on_the_counter.json,2,4,0,-0.5781524622120613,0.0,0.1503360612949398,0.0,0.0,0.0,0.0,0.41760017026372165,0.19999999999999998,0.9100000000000001,0.0,0.0,0.0,,0.0,0.0,,0.0,0.0,,0.0,,0.5,0.5,the; receipt; counter; vase; its; once-blue; glaze; now; gray; sat; souvenir; long-forgotten,the; vase,0.3333333333333333,0.4,0.0,0,0,"The vase's owner, a disheveled woman, with a worn, worn leather jacket and a faded denim jacket, rummaged through a nearby thrift store, her eyes scanning the shelves for a new, equally forgotten trinket to add to her collection, her eyes settling on a vintage"
steer_alpha_0p77_traj_c8_tok120_seed01_the_receipt_on_the_counter.json,steer_alpha_0p77_traj,experiments/frontier_sweep_model_compare_llama_stock_guard_traj_seed12/steer_alpha_0p77_traj_c8_tok120_seed01_the_receipt_on_the_counter.json,2,5,0,0.7395899993250354,0.0,0.38858095981271945,0.0,0.0,0.0,0.0,0.6476349330211991,0.19999999999999998,0.9100000000000001,0.0,0.3333333333333333,2.272727272727273,leather-bound,0.3333333333333333,2.272727272727273,leather-bound,0.0,0.0,,0.5,leather-bound,1.0,0.0,the; receipt; counter; vase; its; once-blue; glaze; now; gray; sat; souvenir; long-forgotten,the; receipt; vase; its,0.0,0.0,0.0,0,0,"A small, leather-bound book, its cover creaking with age, rested beside the vase, its pages dog-eared and yellowed, a handwritten note, in a handwriting that looked eerily like the receipt, scribbled a single, cryptic phrase: ""For the soul that weeps in the still of the night."""
steer_alpha_0p77_traj_c8_tok120_seed01_the_receipt_on_the_counter.json,steer_alpha_0p77_traj,experiments/frontier_sweep_model_compare_llama_stock_guard_traj_seed12/steer_alpha_0p77_traj_c8_tok120_seed01_the_receipt_on_the_counter.json,2,6,0,0.6240599814405725,0.0026722727348876163,0.3910643026664805,0.008333333333333333,0.0,0.0,0.041666666666666664,0.6517738377774676,0.19999999999999998,0.9100000000000001,0.0,0.3333333333333333,1.7241379310344827,leather-bound,0.3333333333333333,1.7241379310344827,leather-bound,0.0,0.0,,0.5,leather-bound,0.75,0.25,the; receipt; counter; vase; its; once-blue; glaze; now; gray; sat; souvenir; long-forgotten,the; counter; its,0.0,0.0,0.0,0,0,"The counter, worn from years of use, its surface scratched and scarred, held a small, leather-bound book, its cover creaking as it shifted, its pages, yellowed with age, revealing a sketch of a seaside town, where a small, wooden pier stretches into the sea, and a fishing boat, its sails torn and frayed, crashes onto the shore, sending splintered wood and seaweed swirling into the water."
steer_alpha_0p77_traj_c8_tok120_seed01_the_receipt_on_the_counter.json,steer_alpha_0p77_traj,experiments/frontier_sweep_model_compare_llama_stock_guard_traj_seed12/steer_alpha_0p77_traj_c8_tok120_seed01_the_receipt_on_the_counter.json,2,7,0,-0.3210439763383079,0.001353395534297302,0.14081572033151118,0.011111111111111112,0.0,0.0,0.05555555555555555,0.39115477869864224,0.19999999999999998,0.9100000000000001,0.0,0.3333333333333333,2.380952380952381,leather-bound,0.3333333333333333,2.380952380952381,leather-bound,0.0,0.0,,0.5,leather-bound,1.0,0.0,the; receipt; counter; vase; its; once-blue; glaze; now; gray; sat; souvenir; long-forgotten,the; counter; its; gray,0.25,0.4,0.0,0,0,"A small, leather-bound book, its cover worn and cracked, lay open on the counter, facing a yellowed photograph of a beach, the words ""Siesta del Mar"" scribbled in faded ink, the sea in the picture a dull, gray-blue, the sun a pale, orange slice, a small, crump"
steer_alpha_0p77_traj_c8_tok120_seed01_the_receipt_on_the_counter.json,steer_alpha_0p77_traj,experiments/frontier_sweep_model_compare_llama_stock_guard_traj_seed12/steer_alpha_0p77_traj_c8_tok120_seed01_the_receipt_on_the_counter.json,2,8,0,0.9748809689955011,0.0025220878305637013,0.39775917888563045,0.007407407407407408,0.0,0.0,0.037037037037037035,0.6629319648093841,0.19999999999999998,0.9100000000000001,0.0,1.0,4.838709677419355,antique; melancholic; music box,0.6666666666666666,3.225806451612903,antique; music box,0.3333333333333333,1.6129032258064515,melancholic,1.0,antique; music box,0.5,0.5,the; receipt; counter; vase; its; once-blue; glaze; now; gray; sat; souvenir; long-forgotten,the; its,0.2,0.0,0.0,0,0,"A small, worn leather journal, its pages yellowed with age, lies open, its contents spilling out, pages fluttering in the breeze that stirs the air, while a weathered, wooden rocking chair, its cushions worn and faded, seems to cradle a small, antique music box, its lid open, a soft, melancholic tune drifting through the air, as a small, rusty key, half-buried in the dirt outside, seems to be slowly pulling itself free."
steer_alpha_0p77_traj_c8_tok120_seed01_the_receipt_on_the_counter.json,steer_alpha_0p77_traj,experiments/frontier_sweep_model_compare_llama_stock_guard_traj_seed12/steer_alpha_0p77_traj_c8_tok120_seed01_the_receipt_on_the_counter.json,3,1,1,1.0625803882611167,0.0,0.20578050831655106,0.0,0.0,0.0,0.0,0.5716125231015308,0.19999999999999998,0.9100000000000001,0.0,0.3333333333333333,2.4390243902439024,old man,0.0,0.0,,0.3333333333333333,2.4390243902439024,old man,0.0,,1.0,0.0,the; receipt; counter; vase; its; once-blue; glaze; now; gray; sat; souvenir; long-forgotten,the; vase; its; now; gray,0.5,0.4,0.0,0,0,"The old man's fingers, now wrapped around the vase, felt a strange, almost imperceptible tremble, as if the vase, sensing its owner's emotions, was stirring, its gray, dusty surface seeming to shimmer, and the wilted flowers, now, to the old man's horror, bega"
steer_alpha_0p77_traj_c8_tok120_seed01_the_receipt_on_the_counter.json,steer_alpha_0p77_traj,experiments/frontier_sweep_model_compare_llama_stock_guard_traj_seed12/steer_alpha_0p77_traj_c8_tok120_seed01_the_receipt_on_the_counter.json,3,2,0,0.5212686226370242,0.0,0.13680631578947366,0.0,0.0,0.0,0.0,0.38001754385964914,0.19999999999999998,0.9100000000000001,0.0,0.0,0.0,,0.0,0.0,,0.0,0.0,,0.0,,0.75,0.25,the; receipt; counter; vase; its; once-blue; glaze; now; gray; sat; souvenir; long-forgotten,the; vase; now,0.2857142857142857,0.4,0.0,0,0,"As he turned to leave, the vase, now cradled in his arms, caught the faint light from the setting sun, and the dusty, faded paint seemed to shimmer, as if remembering the turquoise sea it once reflected, the air around it filled with the faint scent of salt an"
steer_alpha_0p77_traj_c8_tok120_seed01_the_receipt_on_the_counter.json,steer_alpha_0p77_traj,experiments/frontier_sweep_model_compare_llama_stock_guard_traj_seed12/steer_alpha_0p77_traj_c8_tok120_seed01_the_receipt_on_the_counter.json,3,3,0,0.49310157315980213,0.0,0.1401475682531206,0.0,0.0,0.0,0.0,0.38929880070311285,0.19999999999999998,0.9100000000000001,0.0,0.3333333333333333,2.857142857142857,old man,0.0,0.0,,0.3333333333333333,2.857142857142857,old man,0.0,,0.75,0.25,the; receipt; counter; vase; its; once-blue; glaze; now; gray; sat; souvenir; long-forgotten,the; vase; now,0.5,0.4,0.0,0,0,"The old man's fingers, now holding the vase, tightened around it, as if to prevent it from shattering, and he carefully carried it to the kitchen, where he set it on a small, rickety table, the dusty countertop a dusty mirror to the vase's faded beauty, a fain"
steer_alpha_0p77_traj_c8_tok120_seed01_the_receipt_on_the_counter.json,steer_alpha_0p77_traj,experiments/frontier_sweep_model_compare_llama_stock_guard_traj_seed12/steer_alpha_0p77_traj_c8_tok120_seed01_the_receipt_on_the_counter.json,3,4,0,0.6144686666006547,0.03741633300752382,0.0780668646952807,0.55,1.0,0.0,0.0,0.4337048038626705,0.19999999999999998,0.9100000000000001,0.5,0.6666666666666666,5.555555555555555,lullaby; old man,0.3333333333333333,2.7777777777777777,lullaby,0.3333333333333333,2.7777777777777777,old man,0.375,lullaby,1.0,0.0,the; receipt; counter; vase; its; once-blue; glaze; now; gray; sat; souvenir; long-forgotten,the; vase; now; long-forgotten,0.2857142857142857,0.4,0.0,1,0,"The old man's fingers, now wrapped around the vase, seemed to be gently rocking it back and forth, a soothing motion that had become a comforting habit, a reminder of a long-forgotten lullaby his grandmother used to sing to him as a child, the faint scent of o"
steer_alpha_0p77_traj_c8_tok120_seed01_the_receipt_on_the_counter.json,steer_alpha_0p77_traj,experiments/frontier_sweep_model_compare_llama_stock_guard_traj_seed12/steer_alpha_0p77_traj_c8_tok120_seed01_the_receipt_on_the_counter.json,3,5,0,-0.5881993678858366,0.0024451446434239363,0.15236806383353904,0.01904761904761905,0.0,0.0,0.09523809523809523,0.4232446217598307,0.19999999999999998,0.9100000000000001,0.0,0.3333333333333333,2.5,leather-bound,0.3333333333333333,2.5,leather-bound,0.0,0.0,,0.5,leather-bound,0.75,0.25,the; receipt; counter; vase; its; once-blue; glaze; now; gray; sat; souvenir; long-forgotten,the; vase; now,0.125,0.4,0.0,0,0,"As he carried the vase, a faint scent of saltwater and decay wafted up, transporting him back to the beach where he had last seen his wife, her laughter and sand-kissed hair now nothing more than a faded Polaroid in a worn, leather-bound album, the vase's frag"
steer_alpha_0p77_traj_c8_tok120_seed01_the_receipt_on_the_counter.json,steer_alpha_0p77_traj,experiments/frontier_sweep_model_compare_llama_stock_guard_traj_seed12/steer_alpha_0p77_traj_c8_tok120_seed01_the_receipt_on_the_counter.json,3,6,0,0.2712571340624166,9.059692307692323e-05,0.007993846153846167,0.013333333333333334,0.0,0.0,0.06666666666666667,0.08882051282051295,0.19999999999999998,0.9100000000000001,0.0,0.0,0.0,,0.0,0.0,,0.0,0.0,,0.0,,0.5,0.5,the; receipt; counter; vase; its; once-blue; glaze; now; gray; sat; souvenir; long-forgotten,the; vase,0.16666666666666666,0.85,0.0,0,0,"His eyes, a deep, piercing blue, filled with a mix of sorrow and longing, seemed to hold a thousand midnights, as he carried the vase to the small, cluttered attic, the creaky stairs beneath his feet, the air thick with the scent of old books and decay, the fa"
steer_alpha_0p77_traj_c8_tok120_seed01_the_receipt_on_the_counter.json,steer_alpha_0p77_traj,experiments/frontier_sweep_model_compare_llama_stock_guard_traj_seed12/steer_alpha_0p77_traj_c8_tok120_seed01_the_receipt_on_the_counter.json,3,7,0,-0.5797875278875835,0.0017517705956763905,0.16707638629283492,0.012121212121212123,0.0,0.0,0.06060606060606061,0.4641010730356525,0.19999999999999998,0.9100000000000001,0.0,1.0,10.0,antique; delicate; music box; old man,0.6666666666666666,5.0,antique; music box,0.6666666666666666,5.0,delicate; old man,1.0,antique; ballerina; music box,1.0,0.0,the; receipt; counter; vase; its; once-blue; glaze; now; gray; sat; souvenir; long-forgotten,the; its; now; gray,0.25,0.4,0.0,0,0,"The old man's eyes, clouded by a film of grime, slowly rose from the surface of a small, Formica table, his gaze locking onto a small, antique music box, its painted lid slightly ajar, its delicate ballerina, once a vibrant, sugar-white, now tarnished and gray"
steer_alpha_0p77_traj_c8_tok120_seed01_the_receipt_on_the_counter.json,steer_alpha_0p77_traj,experiments/frontier_sweep_model_compare_llama_stock_guard_traj_seed12/steer_alpha_0p77_traj_c8_tok120_seed01_the_receipt_on_the_counter.json,3,8,0,0.03285651484368324,0.008568879366053992,0.3788012692398769,0.026303537040242176,0.0,0.0,0.13151768520121088,0.6313354487331282,0.19999999999999998,0.9100000000000001,0.0,1.0,6.666666666666667,antique; delicate; melancholic; music box; old man,0.6666666666666666,2.6666666666666665,antique; music box,1.0,4.0,delicate; melancholic; old man,1.0,antique; music box,1.0,0.0,the; receipt; counter; vase; its; once-blue; glaze; now; gray; sat; souvenir; long-forgotten,the; counter; vase; its,0.2222222222222222,0.0,0.0,0,0,"As he carried the vase to the edge of the counter, a faint scent of saltwater and decay wafted up, mingling with the stale air, the old man's eyes drifted towards the window, where a thin veil of frost had begun to form, a delicate, lacy pattern of ice that seemed to shimmer and glow in the pale, winter light, and on the windowsill, a small, antique music box, its lid slightly ajar, its mechanism ticking away, emitting a soft, melancholic tune that harmonized with the old man's labored breathing."
steer_alpha_0p77_traj_c8_tok120_seed02_a_plastic_folder_in_the_drawer.json,steer_alpha_0p77_traj,experiments/frontier_sweep_model_compare_llama_stock_guard_traj_seed12/steer_alpha_0p77_traj_c8_tok120_seed02_a_plastic_folder_in_the_drawer.json,1,1,1,0.0022005907160724814,0.0,0.3825491977347806,0.0,0.0,0.0,0.0,0.7217909391222275,0.05999999999999997,0.9730000000000001,0.0,0.3333333333333333,3.8461538461538463,miniature,0.3333333333333333,3.8461538461538463,miniature,0.0,0.0,,0.4,miniature,0.5,0.5,plastic; folder; the; drawer,the; drawer,0.0,0.0,0.0,0,0,"The drawer creaks open, revealing a miniature workshop where a tiny, spectacled hamster, wearing a tiny tool belt, tinkers with a miniature, intricately carved wooden box, its lid slightly ajar."
steer_alpha_0p77_traj_c8_tok120_seed02_a_plastic_folder_in_the_drawer.json,steer_alpha_0p77_traj,experiments/frontier_sweep_model_compare_llama_stock_guard_traj_seed12/steer_alpha_0p77_traj_c8_tok120_seed02_a_plastic_folder_in_the_drawer.json,1,2,0,0.6511125095765884,0.0,0.4343673273334007,0.0,0.0,0.0,0.0,0.7239455455556679,0.19999999999999998,0.9100000000000001,0.0,0.3333333333333333,3.225806451612903,leather-bound,0.3333333333333333,3.225806451612903,leather-bound,0.0,0.0,,0.5,leather-bound,0.5,0.5,plastic; folder; the; drawer,the; drawer,0.4,0.0,0.0,0,0,"The drawer creaks open, revealing a tattered and worn-out violin, its strings tangled and broken, a dusty, old music sheet, a small, leather-bound book, and a faded, Polaroid of a woman with a mischievous grin."
steer_alpha_0p77_traj_c8_tok120_seed02_a_plastic_folder_in_the_drawer.json,steer_alpha_0p77_traj,experiments/frontier_sweep_model_compare_llama_stock_guard_traj_seed12/steer_alpha_0p77_traj_c8_tok120_seed02_a_plastic_folder_in_the_drawer.json,1,3,0,1.2303634065808555,0.0,0.4136996871741397,0.0,0.0,0.0,0.0,0.6894994786235662,0.19999999999999998,0.9100000000000001,0.0,0.3333333333333333,2.0408163265306123,leather-bound,0.3333333333333333,2.0408163265306123,leather-bound,0.0,0.0,,0.5,leather-bound,0.5,0.5,plastic; folder; the; drawer,the; drawer,0.4,0.0,0.0,0,0,"The drawer creaks open, revealing a tangle of old wires and a rusty bicycle, its chain tangled around a metal vice, as if it had been stuck there for years, surrounded by a scattering of yellowed papers and a small, leather-bound book with a single, gold-plated lock and a faded inscription that reads ""For Emily, with love, Jack""."
steer_alpha_0p77_traj_c8_tok120_seed02_a_plastic_folder_in_the_drawer.json,steer_alpha_0p77_traj,experiments/frontier_sweep_model_compare_llama_stock_guard_traj_seed12/steer_alpha_0p77_traj_c8_tok120_seed02_a_plastic_folder_in_the_drawer.json,1,4,0,0.9795971909781611,0.005593942940019666,0.4233084623893805,0.014814814814814815,0.0,0.0,0.07407407407407407,0.7055141039823009,0.19999999999999998,0.9100000000000001,0.0,0.3333333333333333,2.5,music box,0.3333333333333333,2.5,music box,0.0,0.0,,0.625,music box,0.5,0.5,plastic; folder; the; drawer,the; drawer,0.4,0.0,0.0,0,0,"The drawer creaks open, revealing a tangle of old receipts, yellowed and curled at the edges, alongside a small, dusty music box, its lid slightly ajar, a tinny melody drifting out, as a worn leather suitcase slips out, its worn handle scraping against the drawer's edge."
steer_alpha_0p77_traj_c8_tok120_seed02_a_plastic_folder_in_the_drawer.json,steer_alpha_0p77_traj,experiments/frontier_sweep_model_compare_llama_stock_guard_traj_seed12/steer_alpha_0p77_traj_c8_tok120_seed02_a_plastic_folder_in_the_drawer.json,1,5,0,1.3209912959582224,0.0074650756131708585,0.43936823956442833,0.01904761904761905,0.0,0.0,0.09523809523809523,0.7322803992740472,0.19999999999999998,0.9100000000000001,0.0,0.6666666666666666,6.896551724137931,delicate; music box,0.3333333333333333,3.4482758620689653,music box,0.3333333333333333,3.4482758620689653,delicate,0.625,music box,0.5,0.5,plastic; folder; the; drawer,the; drawer,0.4,0.0,0.0,0,0,"The drawer now contains a small, delicate music box, its intricate mechanisms ticking softly, as if to serenade a forgotten melody, its lid slightly ajar, revealing a scattering of old, yellowed letters tied with a faded ribbon."
steer_alpha_0p77_traj_c8_tok120_seed02_a_plastic_folder_in_the_drawer.json,steer_alpha_0p77_traj,experiments/frontier_sweep_model_compare_llama_stock_guard_traj_seed12/steer_alpha_0p77_traj_c8_tok120_seed02_a_plastic_folder_in_the_drawer.json,1,6,0,0.7254466511272921,0.09833124174161673,0.407510512392733,0.2705128205128205,0.0,1.0,0.10256410256410256,0.6791841873212217,0.19999999999999998,0.9100000000000001,0.0,1.0,8.695652173913043,delicate; leather-bound; music box; pocket watch,1.0,6.521739130434782,leather-bound; music box; pocket watch,0.3333333333333333,2.1739130434782608,delicate,1.0,leather-bound; music box; pocket watch,0.5,0.5,plastic; folder; the; drawer,the; drawer,0.4,0.0,0.0,0,1,"The drawer's lid creaked open, and a small, leather-bound book slipped out, followed by a dusty, old pocket watch, a yellowed photograph, and a small, delicate music box that began to play a melancholy tune, as the drawer's contents spilled onto the floor, scattering papers, coins, and a faded, hand-painted compass."
steer_alpha_0p77_traj_c8_tok120_seed02_a_plastic_folder_in_the_drawer.json,steer_alpha_0p77_traj,experiments/frontier_sweep_model_compare_llama_stock_guard_traj_seed12/steer_alpha_0p77_traj_c8_tok120_seed02_a_plastic_folder_in_the_drawer.json,1,7,0,0.43241183774945413,0.014889850092764379,0.4472065960355434,0.0380952380952381,0.0,0.0,0.19047619047619047,0.7453443267259057,0.19999999999999998,0.9100000000000001,0.0,1.0,15.384615384615385,antique; leather-bound; miniature; music box,1.0,15.384615384615385,antique; leather-bound; miniature; music box,0.0,0.0,,1.0,antique; leather-bound; miniature; music box,0.5,0.5,plastic; folder; the; drawer,the; drawer,0.3,0.0,0.0,0,0,"The drawer creaks open, revealing a miniature, antique music box, surrounded by a tangle of old, silver wires, and a small, leather-bound book with a faded title that reads ""Silence""."
steer_alpha_0p77_traj_c8_tok120_seed02_a_plastic_folder_in_the_drawer.json,steer_alpha_0p77_traj,experiments/frontier_sweep_model_compare_llama_stock_guard_traj_seed12/steer_alpha_0p77_traj_c8_tok120_seed02_a_plastic_folder_in_the_drawer.json,1,8,0,0.41814039970438865,0.006611637048917401,0.44472894947874897,0.016666666666666666,0.0,0.0,0.08333333333333333,0.741214915797915,0.19999999999999998,0.9100000000000001,0.0,1.0,10.344827586206897,antique; leather-bound; music box,1.0,10.344827586206897,antique; leather-bound; music box,0.0,0.0,,1.0,antique; leather-bound; music box,0.5,0.5,plastic; folder; the; drawer,the; drawer,0.4,0.0,0.0,0,0,"The drawer creaked open, revealing a tangle of old photographs, a broken music box, and a faded, leather-bound book, its pages yellowed and brittle, with a small, antique locket nestled between its pages."
steer_alpha_0p77_traj_c8_tok120_seed02_a_plastic_folder_in_the_drawer.json,steer_alpha_0p77_traj,experiments/frontier_sweep_model_compare_llama_stock_guard_traj_seed12/steer_alpha_0p77_traj_c8_tok120_seed02_a_plastic_folder_in_the_drawer.json,2,1,1,0.04709520799375699,0.00970735850408144,0.39954067013749833,0.02962962962962963,0.0,0.0,0.14814814814814814,0.6659011168958305,0.19999999999999998,0.9100000000000001,0.0,0.3333333333333333,2.272727272727273,delicate,0.0,0.0,,0.3333333333333333,2.272727272727273,delicate,0.0,,0.5,0.5,plastic; folder; the; drawer; creaks; open; revealing; workshop; spectacled; hamster; wearing; tool,the; hamster,0.0,0.0,0.0,0,0,"The hamster, its paws moving deftly, slips a delicate, silver-plated screwdriver into the gap between the lid and the box, and a tiny, paper-thin, hand-carved wooden bird perches on the edge of the box, its beak pecking at a small, rolled-up parchment that lies beside it."
steer_alpha_0p77_traj_c8_tok120_seed02_a_plastic_folder_in_the_drawer.json,steer_alpha_0p77_traj,experiments/frontier_sweep_model_compare_llama_stock_guard_traj_seed12/steer_alpha_0p77_traj_c8_tok120_seed02_a_plastic_folder_in_the_drawer.json,2,2,0,1.0329041827682637,0.006406843580758485,0.43982907877060545,0.016666666666666666,0.0,0.0,0.08333333333333333,0.7330484646176758,0.19999999999999998,0.9100000000000001,0.0,1.0,8.108108108108109,iridescent; leather-bound; miniature,0.6666666666666666,5.405405405405405,leather-bound; miniature,0.3333333333333333,2.7027027027027026,iridescent,0.9,leather-bound; miniature,0.5,0.5,plastic; folder; the; drawer; creaks; open; revealing; workshop; spectacled; hamster; wearing; tool,the; hamster,0.3,0.0,0.0,0,0,"The hamster's whiskers twitch as it carefully pours a pinch of iridescent powder into a miniature mortar, which is situated on a tiny, worn stone pedestal, next to a faded, leather-bound tome with yellowed pages and a single, flickering candle nearby, casting eerie shadows on the walls."
steer_alpha_0p77_traj_c8_tok120_seed02_a_plastic_folder_in_the_drawer.json,steer_alpha_0p77_traj,experiments/frontier_sweep_model_compare_llama_stock_guard_traj_seed12/steer_alpha_0p77_traj_c8_tok120_seed02_a_plastic_folder_in_the_drawer.json,2,3,0,0.9615602777259789,0.0,0.4221909448818898,0.0,0.0,0.0,0.0,0.7036515748031497,0.19999999999999998,0.9100000000000001,0.0,0.6666666666666666,4.761904761904762,delicate; miniature,0.3333333333333333,2.380952380952381,miniature,0.3333333333333333,2.380952380952381,delicate,0.4,miniature,0.5,0.5,plastic; folder; the; drawer; creaks; open; revealing; workshop; spectacled; hamster; wearing; tool,the; hamster,0.1,0.0,0.0,0,0,"The hamster's tiny hands move deftly, its whiskers twitching as it applies a delicate coat of varnish to the box, a small, golden key glinting in the soft, diffused light of a tiny, miniature workbench, where a half-finished, delicate clock ticks away, its gears and cogs turning in slow, precise motion."
steer_alpha_0p77_traj_c8_tok120_seed02_a_plastic_folder_in_the_drawer.json,steer_alpha_0p77_traj,experiments/frontier_sweep_model_compare_llama_stock_guard_traj_seed12/steer_alpha_0p77_traj_c8_tok120_seed02_a_plastic_folder_in_the_drawer.json,2,4,0,0.08875636281875665,0.0,0.38543094555480867,0.0,0.0,0.0,0.0,0.6423849092580145,0.19999999999999998,0.9100000000000001,0.0,0.6666666666666666,4.166666666666667,delicate; leather-bound,0.3333333333333333,2.0833333333333335,leather-bound,0.3333333333333333,2.0833333333333335,delicate,0.5,leather-bound,0.75,0.25,plastic; folder; the; drawer; creaks; open; revealing; workshop; spectacled; hamster; wearing; tool,the; open; hamster,0.1,0.0,0.0,0,0,"The hamster's paws move deftly, screwing tiny screws into a delicate, brass-plate latch, while a small, leather-bound book lies open on a nearby workbench, its pages fluttering gently in the faint breeze from a tiny, whirring fan. A small, gemstone-encrusted key hangs from a tiny, golden chain around the hamster's neck."
steer_alpha_0p77_traj_c8_tok120_seed02_a_plastic_folder_in_the_drawer.json,steer_alpha_0p77_traj,experiments/frontier_sweep_model_compare_llama_stock_guard_traj_seed12/steer_alpha_0p77_traj_c8_tok120_seed02_a_plastic_folder_in_the_drawer.json,2,5,0,1.1343432022606634,0.08896076443541666,0.4157045067075545,0.25,0.0,1.0,0.0,0.6928408445125909,0.19999999999999998,0.9100000000000001,0.0,1.0,6.976744186046512,antique; delicate; leather-bound,0.6666666666666666,4.651162790697675,antique; leather-bound,0.3333333333333333,2.3255813953488373,delicate,0.875,antique; leather-bound,0.75,0.25,plastic; folder; the; drawer; creaks; open; revealing; workshop; spectacled; hamster; wearing; tool,the; open; hamster,0.2,0.0,0.0,0,1,"The hamster's paws move deftly as it carefully places a delicate, gemstone-encrusted screwdriver onto a small, precision-drilled hole in the wooden box, while a small, leather-bound book lies open on a nearby workbench, its pages fluttering gently in the faint hum of a tiny, antique clock ticking away in the corner."
steer_alpha_0p77_traj_c8_tok120_seed02_a_plastic_folder_in_the_drawer.json,steer_alpha_0p77_traj,experiments/frontier_sweep_model_compare_llama_stock_guard_traj_seed12/steer_alpha_0p77_traj_c8_tok120_seed02_a_plastic_folder_in_the_drawer.json,2,6,0,0.9829505202695825,0.08038023277637779,0.38367652876552644,0.25,0.0,1.0,0.0,0.6394608812758774,0.19999999999999998,0.9100000000000001,0.0,1.0,5.660377358490566,delicate; leather-bound; miniature,0.6666666666666666,3.7735849056603774,leather-bound; miniature,0.3333333333333333,1.8867924528301887,delicate,0.9,leather-bound; miniature,0.75,0.25,plastic; folder; the; drawer; creaks; open; revealing; workshop; spectacled; hamster; wearing; tool,the; open; hamster,0.1,0.0,0.0,0,1,"The hamster's tiny hands move deftly as it uses a miniature hammer to tap gently on the wooden box, causing a delicate, swirling pattern of intricate, swirling patterns to appear on the lid, as the box emits a soft, whirring hum, and a small, leather-bound book falls onto the workbench, its pages fluttering open to a page filled with tiny, delicate drawings of gears and cogs."
steer_alpha_0p77_traj_c8_tok120_seed02_a_plastic_folder_in_the_drawer.json,steer_alpha_0p77_traj,experiments/frontier_sweep_model_compare_llama_stock_guard_traj_seed12/steer_alpha_0p77_traj_c8_tok120_seed02_a_plastic_folder_in_the_drawer.json,2,7,0,1.1066476280947437,0.005931178763031702,0.4580715863897481,0.014814814814814815,0.0,0.0,0.07407407407407407,0.7634526439829136,0.19999999999999998,0.9100000000000001,0.0,1.0,15.151515151515152,antique; delicate; leather-bound; miniature; music box,1.0,12.121212121212121,antique; leather-bound; miniature; music box,0.3333333333333333,3.0303030303030303,delicate,1.0,antique; leather-bound; miniature; music box,0.5,0.5,plastic; folder; the; drawer; creaks; open; revealing; workshop; spectacled; hamster; wearing; tool,the; hamster,0.3,0.0,0.0,0,0,"The hamster, its eyes gleaming with concentration, carefully prunes a tiny sprig of rosemary from a miniature, delicate snipper, as a small, antique music box, half-hidden behind a stack of dusty, leather-bound books, begins to softly play a melancholy tune."
steer_alpha_0p77_traj_c8_tok120_seed02_a_plastic_folder_in_the_drawer.json,steer_alpha_0p77_traj,experiments/frontier_sweep_model_compare_llama_stock_guard_traj_seed12/steer_alpha_0p77_traj_c8_tok120_seed02_a_plastic_folder_in_the_drawer.json,2,8,0,0.727157959596002,0.0,0.42207711534789294,0.0,0.0,0.0,0.0,0.7034618589131549,0.19999999999999998,0.9100000000000001,0.0,1.0,8.51063829787234,clockwork; delicate; leather-bound; miniature,1.0,6.382978723404255,clockwork; leather-bound; miniature,0.3333333333333333,2.127659574468085,delicate,1.0,clockwork; leather-bound; miniature,0.75,0.25,plastic; folder; the; drawer; creaks; open; revealing; workshop; spectacled; hamster; wearing; tool,the; open; hamster,0.2,0.0,0.0,0,0,"As the hamster's paws move deftly, a fine dusting of sawdust and wooden shavings settles around it, casting a miniature snowfall of tiny, intricate mechanisms, clockwork gears, and delicate copper wires onto the workbench, where a small, leather-bound book lies open, its pages fluttering gently in the faint breeze from a hidden, minuscule fan."
steer_alpha_0p77_traj_c8_tok120_seed02_a_plastic_folder_in_the_drawer.json,steer_alpha_0p77_traj,experiments/frontier_sweep_model_compare_llama_stock_guard_traj_seed12/steer_alpha_0p77_traj_c8_tok120_seed02_a_plastic_folder_in_the_drawer.json,3,1,1,0.8653200120817213,0.0018508517299881402,0.19459889684454743,0.011111111111111112,0.0,0.0,0.05555555555555555,0.6486629894818248,0.19999999999999998,0.9100000000000001,0.5,0.6666666666666666,3.4482758620689653,ethereal; iridescent,0.0,0.0,,0.6666666666666666,3.4482758620689653,ethereal; iridescent,0.0,,0.75,0.25,plastic; folder; the; drawer; creaks; open; revealing; workshop; spectacled; hamster; wearing; tool,the; revealing; hamster,0.2,0.0,0.0,0,0,"As the hamster's paws move with increased purpose, the parchment unfurls, revealing a tiny, hand-drawn map, its creases and folds a testament to the hamster's meticulous nature, while the bird, its feathers a mesmerizing mosaic of iridescent blues and greens, gazes intently at the map, its beak tracing the faint, almost imperceptible path, as the box begins to glow with a soft, ethereal light."
steer_alpha_0p77_traj_c8_tok120_seed02_a_plastic_folder_in_the_drawer.json,steer_alpha_0p77_traj,experiments/frontier_sweep_model_compare_llama_stock_guard_traj_seed12/steer_alpha_0p77_traj_c8_tok120_seed02_a_plastic_folder_in_the_drawer.json,3,2,0,0.9090720212668801,0.003303235163070563,0.38432628687276843,0.010256410256410256,0.0,0.0,0.05128205128205128,0.640543811454614,0.19999999999999998,0.9100000000000001,0.0,1.0,6.25,crystal; delicate; ethereal; miniature,0.6666666666666666,3.125,crystal; miniature,0.6666666666666666,3.125,delicate; ethereal,0.75,crystal; miniature,0.75,0.25,plastic; folder; the; drawer; creaks; open; revealing; workshop; spectacled; hamster; wearing; tool,the; revealing; hamster,0.1,0.0,0.0,0,0,"The paper-thin parchment slowly unfurls, revealing a delicate, hand-drawn map of a sprawling, fantastical city, its streets and buildings twisting and curling like a living, organic entity, while the tiny hamster, its whiskers twitching with excitement, carefully presses a small, crystal orb into the crease of the parchment, where it begins to glow with a soft, ethereal light that illuminates the map, casting an otherworldly glow on the surrounding miniature landscape."
steer_alpha_0p77_traj_c8_tok120_seed02_a_plastic_folder_in_the_drawer.json,steer_alpha_0p77_traj,experiments/frontier_sweep_model_compare_llama_stock_guard_traj_seed12/steer_alpha_0p77_traj_c8_tok120_seed02_a_plastic_folder_in_the_drawer.json,3,3,0,-0.5126199672664864,0.0013771591915949619,0.1355795146856615,0.012121212121212123,0.0,0.0,0.06060606060606061,0.4263506751121431,0.05999999999999997,0.9730000000000001,0.0,0.3333333333333333,2.7027027027027026,miniature,0.3333333333333333,2.7027027027027026,miniature,0.0,0.0,,0.4,miniature,1.0,0.0,plastic; folder; the; drawer; creaks; open; revealing; workshop; spectacled; hamster; wearing; tool,the; creaks; revealing; hamster,0.1,0.4,0.0,0,0,"As the hamster's paws move swiftly, the parchment unfurls, revealing a miniature, hand-drawn map, yellowed with age, with a small, golden X marking a location in a nearby, overgrown garden, where a wrought-iron arbor, adorned with vines and moss, creaks gently"
steer_alpha_0p77_traj_c8_tok120_seed02_a_plastic_folder_in_the_drawer.json,steer_alpha_0p77_traj,experiments/frontier_sweep_model_compare_llama_stock_guard_traj_seed12/steer_alpha_0p77_traj_c8_tok120_seed02_a_plastic_folder_in_the_drawer.json,3,4,0,1.1108904199151597,0.1833082923092754,0.42187771628239135,0.5298850574712645,0.9482758620689656,0.0,0.041666666666666664,0.7031295271373189,0.19999999999999998,0.9100000000000001,0.0,1.0,5.172413793103448,delicate; leather-bound; miniature,0.6666666666666666,3.4482758620689653,leather-bound; miniature,0.3333333333333333,1.7241379310344827,delicate,0.9,leather-bound; miniature,1.0,0.0,plastic; folder; the; drawer; creaks; open; revealing; workshop; spectacled; hamster; wearing; tool,the; open; workshop; hamster,0.0,0.0,0.0,1,0,"The parchment, unfurled, reveals a miniature, hand-drawn map of a dense, misty forest, with a small, delicate X marked in red, and a tiny, leather-bound book lying open beside it, its pages fluttering gently in the breeze that stirs through the workshop, as the hamster, now a tiny, triumphant figure, stands on its hind legs, its paws clasped behind its back, a satisfied smile spreading across its face."
steer_alpha_0p77_traj_c8_tok120_seed02_a_plastic_folder_in_the_drawer.json,steer_alpha_0p77_traj,experiments/frontier_sweep_model_compare_llama_stock_guard_traj_seed12/steer_alpha_0p77_traj_c8_tok120_seed02_a_plastic_folder_in_the_drawer.json,3,5,0,1.0129709096038917,0.003544361061190291,0.4123809110573429,0.010256410256410256,0.0,0.0,0.05128205128205128,0.6873015184289049,0.19999999999999998,0.9100000000000001,0.0,1.0,5.357142857142857,crystal; delicate; filigree,0.3333333333333333,1.7857142857142858,crystal,0.6666666666666666,3.5714285714285716,delicate; filigree,0.725,crystal; filigree,0.75,0.25,plastic; folder; the; drawer; creaks; open; revealing; workshop; spectacled; hamster; wearing; tool,the; revealing; hamster,0.1,0.0,0.0,0,0,"The hamster's whiskers twitch as it carefully tightens a tiny, delicate screw and the wooden box emits a faint, tinkling sound, while the bird watches intently, its beak opening and closing in a slow, deliberate motion, as the parchment slowly unfurls, revealing a hand-drawn map with a small, shimmering, crystal-like object at its center, surrounded by a delicate network of paper-thin, silver filigree."
steer_alpha_0p77_traj_c8_tok120_seed02_a_plastic_folder_in_the_drawer.json,steer_alpha_0p77_traj,experiments/frontier_sweep_model_compare_llama_stock_guard_traj_seed12/steer_alpha_0p77_traj_c8_tok120_seed02_a_plastic_folder_in_the_drawer.json,3,6,0,-0.4152206681857246,0.0,0.1435322629969419,0.0,0.0,0.0,0.0,0.3987007305470609,0.19999999999999998,0.9100000000000001,0.0,1.0,8.333333333333334,delicate; ornate; porcelain,0.6666666666666666,5.555555555555555,ornate; porcelain,0.3333333333333333,2.7777777777777777,delicate,0.825,ornate; porcelain,0.5,0.5,plastic; folder; the; drawer; creaks; open; revealing; workshop; spectacled; hamster; wearing; tool,the; hamster,0.0,0.4,0.0,0,0,"As the hamster's beak pecks at the parchment, a small, delicate, porcelain tea set materializes from the shadows, and the hamster carefully pours a single, dew-dropped tear of water into a minuscule, ornate teacup, which, in turn, releases a whiff of rose peta"
steer_alpha_0p77_traj_c8_tok120_seed02_a_plastic_folder_in_the_drawer.json,steer_alpha_0p77_traj,experiments/frontier_sweep_model_compare_llama_stock_guard_traj_seed12/steer_alpha_0p77_traj_c8_tok120_seed02_a_plastic_folder_in_the_drawer.json,3,7,0,1.2680803685649458,0.0070777879513383895,0.4011872645448371,0.021052631578947368,0.0,0.0,0.10526315789473684,0.6686454409080619,0.19999999999999998,0.9100000000000001,0.0,1.0,8.19672131147541,crystal; delicate; filigree; leather-bound; porcelain,1.0,4.918032786885246,crystal; leather-bound; porcelain,0.6666666666666666,3.278688524590164,delicate; filigree,1.0,crystal; filigree; leather-bound; porcelain,0.75,0.25,plastic; folder; the; drawer; creaks; open; revealing; workshop; spectacled; hamster; wearing; tool,the; open; revealing,0.1,0.0,0.0,0,0,"The parchment, yellowed with age, unfurls, revealing a delicate, hand-drawn map of a forest, with a small, X marked in tiny, precise lines, and a tiny, leather-bound book lies open beside it, its pages fluttering gently in the breeze from a nearby, tiny, brass fan, which is held by a delicate, filigree-handled, porcelain tea infuser, suspended from a tiny, crystal chandelier that hangs from the ceiling, casting dappled shadows on the walls."
steer_alpha_0p77_traj_c8_tok120_seed02_a_plastic_folder_in_the_drawer.json,steer_alpha_0p77_traj,experiments/frontier_sweep_model_compare_llama_stock_guard_traj_seed12/steer_alpha_0p77_traj_c8_tok120_seed02_a_plastic_folder_in_the_drawer.json,3,8,0,0.22495130398221153,0.0026174121575483337,0.38183072092381304,0.00784313725490196,0.0,0.0,0.0392156862745098,0.6363845348730217,0.19999999999999998,0.9100000000000001,0.0,1.0,7.142857142857143,crystal; delicate; ethereal; leather-bound; miniature,1.0,4.285714285714286,crystal; leather-bound; miniature,0.6666666666666666,2.857142857142857,delicate; ethereal,1.0,crystal; leather-bound; miniature,1.0,0.0,plastic; folder; the; drawer; creaks; open; revealing; workshop; spectacled; hamster; wearing; tool,the; open; revealing; workshop,0.3,0.0,0.0,0,0,"The parchment, slightly yellowed with age, unfurls, revealing a detailed, hand-drawn map of a dense, misty forest, with faint, glowing symbols etched into the trees and a tiny, delicate, crystal nestled in the crook of a branch, reflecting the soft, ethereal light that filters through a nearby window, where a small, leather-bound book lies open, its pages fluttering softly in the gentle breeze that stirs the miniature workshop, disturbing the tiny, fastening of the workshop's wooden slats."
steer_alpha_0p77_traj_c8_tok120_seed03_the_bus_was_ten_minutes_late.json,steer_alpha_0p77_traj,experiments/frontier_sweep_model_compare_llama_stock_guard_traj_seed12/steer_alpha_0p77_traj_c8_tok120_seed03_the_bus_was_ten_minutes_late.json,1,1,1,-1.2529343283582086,0.09621565791044775,0.4592632835820895,0.25,0.0,1.0,0.0,0.7654388059701492,0.19999999999999998,0.9100000000000001,0.0,0.0,0.0,,0.0,0.0,,0.0,0.0,,0.0,,0.5,0.5,the; bus; was; ten; minutes; late,the; bus,0.1,0.0,0.0,0,1,"Its rear doors swung open, revealing a narrow stairway leading into a damp, dimly lit alley, where a solitary figure in a long coat waited, its eyes fixed on the bus."
steer_alpha_0p77_traj_c8_tok120_seed03_the_bus_was_ten_minutes_late.json,steer_alpha_0p77_traj,experiments/frontier_sweep_model_compare_llama_stock_guard_traj_seed12/steer_alpha_0p77_traj_c8_tok120_seed03_the_bus_was_ten_minutes_late.json,1,2,0,-1.512699011680144,0.09240591254162042,0.4318033296337403,0.25,0.0,1.0,0.0,0.7196722160562339,0.19999999999999998,0.9100000000000001,0.0,0.0,0.0,,0.0,0.0,,0.0,0.0,,0.0,,0.5,0.5,the; bus; was; ten; minutes; late,the; bus,0.2,0.0,0.0,0,3,"it stood at the city's central bus station, its metal body worn, its windows frosted with condensation, a solitary figure waits, bundled in a coat, eyes fixed on a schedule, a newspaper clutched tightly, the headline screaming ""Rain Expected Tonight."""
steer_alpha_0p77_traj_c8_tok120_seed03_the_bus_was_ten_minutes_late.json,steer_alpha_0p77_traj,experiments/frontier_sweep_model_compare_llama_stock_guard_traj_seed12/steer_alpha_0p77_traj_c8_tok120_seed03_the_bus_was_ten_minutes_late.json,1,3,0,-1.451626959247649,0.0,0.4464921630094044,0.0,0.0,0.0,0.0,0.7441536050156741,0.19999999999999998,0.9100000000000001,0.0,0.0,0.0,,0.0,0.0,,0.0,0.0,,0.0,,0.25,0.75,the; bus; was; ten; minutes; late,the,0.1,0.0,0.0,0,0,"The driver, a disheveled man with a worn leather wallet and a perpetual scowl, rummages through a tangle of discarded newspapers and a broken umbrella, searching for the crumpled remains of a lottery ticket he had not noticed."
steer_alpha_0p77_traj_c8_tok120_seed03_the_bus_was_ten_minutes_late.json,steer_alpha_0p77_traj,experiments/frontier_sweep_model_compare_llama_stock_guard_traj_seed12/steer_alpha_0p77_traj_c8_tok120_seed03_the_bus_was_ten_minutes_late.json,1,4,0,-1.2058152866242036,0.006859508280254776,0.4709044585987261,0.016666666666666666,0.0,0.0,0.08333333333333333,0.7848407643312102,0.19999999999999998,0.9100000000000001,0.0,0.3333333333333333,4.0,miniature,0.3333333333333333,4.0,miniature,0.0,0.0,,0.4,miniature,0.5,0.5,the; bus; was; ten; minutes; late,the; was,0.3,0.0,0.0,0,0,"It was a peculiar thing, a miniature piano, nestled between two old armchairs, on the worn, wooden floor of a dimly lit, abandoned cinema, where a single, flickering bulb cast eerie shadows."
steer_alpha_0p77_traj_c8_tok120_seed03_the_bus_was_ten_minutes_late.json,steer_alpha_0p77_traj,experiments/frontier_sweep_model_compare_llama_stock_guard_traj_seed12/steer_alpha_0p77_traj_c8_tok120_seed03_the_bus_was_ten_minutes_late.json,1,5,0,-0.588396763354339,0.0,0.44260318307104113,0.0,0.0,0.0,0.0,0.7376719717850686,0.19999999999999998,0.8972276272577997,0.0,0.3333333333333333,3.7037037037037037,miniature,0.3333333333333333,3.7037037037037037,miniature,0.0,0.0,,0.4,miniature,0.75,0.25,the; bus; was; ten; minutes; late,the; bus; was,0.2,0.0,0.0,0,0,"It sat in the rain, its metal exterior drenched and rusted, a miniature, discarded umbrella nearby, its tip pointing accusingly at the bus's rear wheel, which was slowly turning, as if to escape."
steer_alpha_0p77_traj_c8_tok120_seed03_the_bus_was_ten_minutes_late.json,steer_alpha_0p77_traj,experiments/frontier_sweep_model_compare_llama_stock_guard_traj_seed12/steer_alpha_0p77_traj_c8_tok120_seed03_the_bus_was_ten_minutes_late.json,1,6,0,-0.8443513699855554,0.0,0.40022568215636906,0.0,0.0,0.0,0.0,0.6670428035939484,0.19999999999999998,0.9100000000000001,0.0,0.0,0.0,,0.0,0.0,,0.0,0.0,,0.0,,0.5,0.5,the; bus; was; ten; minutes; late,the; bus,0.2,0.0,0.0,0,0,"The bus driver cursed under his breath, a faint sheen of sweat on his forehead as he stared at the clock on the dashboard, while the bus's rear doors slid open, releasing a group of sleepy, disheaved students, who stumble out onto the sidewalk, their backpacks and suitcases spilling onto the pavement."
steer_alpha_0p77_traj_c8_tok120_seed03_the_bus_was_ten_minutes_late.json,steer_alpha_0p77_traj,experiments/frontier_sweep_model_compare_llama_stock_guard_traj_seed12/steer_alpha_0p77_traj_c8_tok120_seed03_the_bus_was_ten_minutes_late.json,1,7,0,0.7559732599593747,0.09355889224806202,0.41858720930232557,0.2611111111111111,0.0,1.0,0.05555555555555555,0.6976453488372093,0.19999999999999998,0.9100000000000001,0.0,1.0,6.25,fog; miniature; mist,0.3333333333333333,2.0833333333333335,miniature,0.6666666666666666,4.166666666666667,fog; mist,0.4,miniature,1.0,0.0,the; bus; was; ten; minutes; late,the; bus; was; late,0.2,0.0,0.0,0,1,"It was not just the bus that was late, it was the town itself, its clock tower, its streetlights, and its residents, all synchronized in a slow, collective yawn, as morning mist crept over the deserted streets, veiling the rows of neatly parked buses, each one a miniature, metal tree, its branches heavy with fog."
steer_alpha_0p77_traj_c8_tok120_seed03_the_bus_was_ten_minutes_late.json,steer_alpha_0p77_traj,experiments/frontier_sweep_model_compare_llama_stock_guard_traj_seed12/steer_alpha_0p77_traj_c8_tok120_seed03_the_bus_was_ten_minutes_late.json,1,8,0,-1.5810264687157318,0.0014278683166132101,0.1470344948457539,0.011111111111111112,0.0,0.0,0.05555555555555555,0.4084291523493164,0.19999999999999998,0.9100000000000001,0.0,1.0,13.513513513513514,antique; doll; leather-bound; music box; porcelain,1.0,13.513513513513514,antique; doll; leather-bound; music box; porcelain,0.0,0.0,,1.0,antique; doll; leather-bound; music box; porcelain,0.5,0.5,the; bus; was; ten; minutes; late,the; bus,0.3,0.4,0.0,0,0,"as it sat idly at a deserted bus stop, a small, antique music box, its brass surface tarnished, sits next to a worn, leather-bound book, its pages fluttering gently in the wind, a small, porcelain doll, its eyes still and staring, sits beside it, and a tattere"
steer_alpha_0p77_traj_c8_tok120_seed03_the_bus_was_ten_minutes_late.json,steer_alpha_0p77_traj,experiments/frontier_sweep_model_compare_llama_stock_guard_traj_seed12/steer_alpha_0p77_traj_c8_tok120_seed03_the_bus_was_ten_minutes_late.json,2,1,1,-0.528902649034994,0.0,0.4097017976859388,0.0,0.0,0.0,0.0,0.6828363294765647,0.19999999999999998,0.9100000000000001,0.0,0.0,0.0,,0.0,0.0,,0.0,0.0,,0.0,,0.75,0.25,the; bus; was; ten; minutes; late; its; rear; doors; swung; open; revealing,the; bus; its,0.0,0.0,0.0,0,0,"The figure stepped off the bus and onto the wet pavement, its eyes never leaving the passenger who remained, sipping a cup of coffee, oblivious to the stranger's gaze."
steer_alpha_0p77_traj_c8_tok120_seed03_the_bus_was_ten_minutes_late.json,steer_alpha_0p77_traj,experiments/frontier_sweep_model_compare_llama_stock_guard_traj_seed12/steer_alpha_0p77_traj_c8_tok120_seed03_the_bus_was_ten_minutes_late.json,2,2,0,0.5925867119738097,0.0,0.4080408695247405,0.0,0.0,0.0,0.0,0.6800681158745675,0.19999999999999998,0.9100000000000001,0.0,0.0,0.0,,0.0,0.0,,0.0,0.0,,0.0,,1.0,0.0,the; bus; was; ten; minutes; late; its; rear; doors; swung; open; revealing,the; bus; its; revealing,0.0,0.0,0.0,0,0,"The figure slowly descended the stairs, its eyes never leaving the bus as it passed a crumpled newspaper on the floor, which fluttered to the figure's feet, revealing a familiar face, once a passenger, now shrouded in shadows."
steer_alpha_0p77_traj_c8_tok120_seed03_the_bus_was_ten_minutes_late.json,steer_alpha_0p77_traj,experiments/frontier_sweep_model_compare_llama_stock_guard_traj_seed12/steer_alpha_0p77_traj_c8_tok120_seed03_the_bus_was_ten_minutes_late.json,2,3,0,1.0176973994627463,0.0,0.405267402130057,0.0,0.0,0.0,0.0,0.6754456702167617,0.19999999999999998,0.9100000000000001,0.0,0.0,0.0,,0.0,0.0,,0.0,0.0,,0.0,,0.75,0.25,the; bus; was; ten; minutes; late; its; rear; doors; swung; open; revealing,the; bus; its,0.0,0.0,0.0,0,0,"As the figure slowly stood up, the bus's headlights cast an eerie glow on the figure's face, illuminating two eyes that blinked slowly, and a mouth that seemed to be curled into a faint, enigmatic smile, the figure took a step forward, its long coat billowing behind it like a dark, tattered cloud."
steer_alpha_0p77_traj_c8_tok120_seed03_the_bus_was_ten_minutes_late.json,steer_alpha_0p77_traj,experiments/frontier_sweep_model_compare_llama_stock_guard_traj_seed12/steer_alpha_0p77_traj_c8_tok120_seed03_the_bus_was_ten_minutes_late.json,2,4,0,0.9042980640316347,0.0038588905616676323,0.3882420382165605,0.012121212121212123,0.0,0.0,0.06060606060606061,0.6470700636942676,0.19999999999999998,0.9100000000000001,0.0,0.0,0.0,,0.0,0.0,,0.0,0.0,,0.0,,0.75,0.25,the; bus; was; ten; minutes; late; its; rear; doors; swung; open; revealing,the; bus; its,0.0,0.0,0.0,0,0,"The figure slowly stood up, its eyes never leaving the bus as it stepped down the stairs, its long coat billowing behind it like a dark cloud, and onto the wet pavement, where a puddle reflected the dim light from a nearby streetlamp, casting a tiny, inverted image of the figure, which slowly disappeared into the alley as the bus continued to move, its tires screeching in protest."
steer_alpha_0p77_traj_c8_tok120_seed03_the_bus_was_ten_minutes_late.json,steer_alpha_0p77_traj,experiments/frontier_sweep_model_compare_llama_stock_guard_traj_seed12/steer_alpha_0p77_traj_c8_tok120_seed03_the_bus_was_ten_minutes_late.json,2,5,0,0.6798600880367436,0.0,0.3829371570595546,0.0,0.0,0.0,0.0,0.6382285950992577,0.19999999999999998,0.9100000000000001,0.0,0.0,0.0,,0.0,0.0,,0.0,0.0,,0.0,,1.0,0.0,the; bus; was; ten; minutes; late; its; rear; doors; swung; open; revealing,the; bus; its; revealing,0.0,0.0,0.0,0,0,"The figure slowly descended the stairs, its eyes never leaving the bus, as it reached the bottom, the sole of its shoe slipped on a patch of oil, sending the figure stumbling forward, and with a groan, it grasped the handrail to steady itself, revealing a worn leather wallet on the ground, next to a crumpled newspaper with a headline that reads ""Local Man Missing, Police Baffled""."
steer_alpha_0p77_traj_c8_tok120_seed03_the_bus_was_ten_minutes_late.json,steer_alpha_0p77_traj,experiments/frontier_sweep_model_compare_llama_stock_guard_traj_seed12/steer_alpha_0p77_traj_c8_tok120_seed03_the_bus_was_ten_minutes_late.json,2,6,0,-0.4483857077551374,0.0,0.3381285892634207,0.0,0.0,0.0,0.0,0.6762571785268414,0.0,1.0,0.0,0.3333333333333333,2.857142857142857,leather-bound,0.3333333333333333,2.857142857142857,leather-bound,0.0,0.0,,0.5,leather-bound,0.75,0.25,the; bus; was; ten; minutes; late; its; rear; doors; swung; open; revealing,the; bus; its,0.0,0.0,0.0,0,0,"The figure slowly descended the stairs, its eyes never leaving the bus, as it reached the bottom and pulled out a small, leather-bound book from its coat pocket, its fingers tracing the cover with a long, bony finger."
steer_alpha_0p77_traj_c8_tok120_seed03_the_bus_was_ten_minutes_late.json,steer_alpha_0p77_traj,experiments/frontier_sweep_model_compare_llama_stock_guard_traj_seed12/steer_alpha_0p77_traj_c8_tok120_seed03_the_bus_was_ten_minutes_late.json,2,7,0,0.74580475349981,0.0,0.36503064228367527,0.0,0.0,0.0,0.0,0.6083844038061255,0.19999999999999998,0.9100000000000001,0.0,0.6666666666666666,3.389830508474576,faded photograph; leather-bound,0.6666666666666666,3.389830508474576,faded photograph; leather-bound,0.0,0.0,,0.5,leather-bound,1.0,0.0,the; bus; was; ten; minutes; late; its; rear; doors; swung; open; revealing,the; bus; its; open,0.0,0.0,0.0,0,0,"As the figure stepped off the bus, a small, worn briefcase clutched in its hand, the figure vanished into the darkness of the alley, the briefcase slipping from its grasp, its contents spilling onto the wet pavement. The briefcase, once a polished oak, now lay open, its contents - a stack of dusty ledgers, a faded photograph, and a small, leather-bound book - scattered and disordered, like a forgotten relic."
steer_alpha_0p77_traj_c8_tok120_seed03_the_bus_was_ten_minutes_late.json,steer_alpha_0p77_traj,experiments/frontier_sweep_model_compare_llama_stock_guard_traj_seed12/steer_alpha_0p77_traj_c8_tok120_seed03_the_bus_was_ten_minutes_late.json,2,8,0,0.1881739165754095,0.015506222697063551,0.4075817881821611,0.044444444444444446,0.0,0.0,0.2222222222222222,0.6793029803036019,0.19999999999999998,0.9100000000000001,0.0,1.0,7.894736842105263,fog; leather-bound; mist,0.3333333333333333,2.6315789473684212,leather-bound,0.6666666666666666,5.2631578947368425,fog; mist,0.5,leather-bound,0.75,0.25,the; bus; was; ten; minutes; late; its; rear; doors; swung; open; revealing,the; bus; its,0.2,0.0,0.0,0,0,"As the figure stepped off the bus, a faint mist rose from the ground, shrouding the alley in a damp, grey fog that clung to the figure's long coat, making it almost invisible except for a small, leather-bound book clutched in its gloved hand."
steer_alpha_0p77_traj_c8_tok120_seed03_the_bus_was_ten_minutes_late.json,steer_alpha_0p77_traj,experiments/frontier_sweep_model_compare_llama_stock_guard_traj_seed12/steer_alpha_0p77_traj_c8_tok120_seed03_the_bus_was_ten_minutes_late.json,3,1,1,0.47410091449210445,0.06732613520855239,0.35827655099894845,0.22916666666666669,0.0,0.9166666666666667,0.0,0.5971275849982475,0.19999999999999998,0.9100000000000001,0.0,0.0,0.0,,0.0,0.0,,0.0,0.0,,0.0,,1.0,0.0,the; bus; was; ten; minutes; late; its; rear; doors; swung; open; revealing,the; bus; its; swung,0.0,0.0,0.0,0,1,"The figure in the long coat walked down the alley, its eyes never leaving the passenger, who took a sip of coffee, then glanced out of the window, its gaze meeting the figure's for a fleeting moment before returning to the cup. The figure's eyes narrowed, and it quickened its pace, disappearing into the shadows just as the bus door swung shut, enveloping the passenger in darkness."
steer_alpha_0p77_traj_c8_tok120_seed03_the_bus_was_ten_minutes_late.json,steer_alpha_0p77_traj,experiments/frontier_sweep_model_compare_llama_stock_guard_traj_seed12/steer_alpha_0p77_traj_c8_tok120_seed03_the_bus_was_ten_minutes_late.json,3,2,0,0.8867337318113198,0.0,0.39377695879518815,0.0,0.0,0.0,0.0,0.6562949313253136,0.19999999999999998,0.9100000000000001,0.0,0.0,0.0,,0.0,0.0,,0.0,0.0,,0.0,,0.5,0.5,the; bus; was; ten; minutes; late; its; rear; doors; swung; open; revealing,the; its,0.0,0.0,0.0,0,0,"The solitary figure in the long coat walked down the alley, its eyes never leaving the passenger, who took a sip of their coffee, as the sound of running water grew louder, a small stream now visible, its surface reflecting the dim light, and the figure's eyes followed the stream as it disappeared into a small, rusty metal door partially hidden by a tangle of overgrown bushes."
steer_alpha_0p77_traj_c8_tok120_seed03_the_bus_was_ten_minutes_late.json,steer_alpha_0p77_traj,experiments/frontier_sweep_model_compare_llama_stock_guard_traj_seed12/steer_alpha_0p77_traj_c8_tok120_seed03_the_bus_was_ten_minutes_late.json,3,3,0,1.0624847720843025,0.0,0.36435759143009633,0.0,0.0,0.0,0.0,0.6072626523834939,0.19999999999999998,0.9100000000000001,0.0,0.0,0.0,,0.0,0.0,,0.0,0.0,,0.0,,1.0,0.0,the; bus; was; ten; minutes; late; its; rear; doors; swung; open; revealing,the; bus; its; swung; open,0.0,0.0,0.0,0,0,"The figure in the long coat lingered at the bus stop, its eyes never wavering from the passenger as it slowly walked towards a nearby diner, its neon sign reading ""Open 24/7"" and ""Coffee 50 cents."" The passenger, still sipping its coffee, remained unaware of the figure, which slipped inside the diner, the door creaking softly as it swung shut behind it."
steer_alpha_0p77_traj_c8_tok120_seed03_the_bus_was_ten_minutes_late.json,steer_alpha_0p77_traj,experiments/frontier_sweep_model_compare_llama_stock_guard_traj_seed12/steer_alpha_0p77_traj_c8_tok120_seed03_the_bus_was_ten_minutes_late.json,3,4,0,-0.024950445658060483,0.005235697814929196,0.3494897441273935,0.01826948413385228,0.0,0.0,0.0913474206692614,0.5824829068789892,0.19999999999999998,0.9100000000000001,0.0,0.0,0.0,,0.0,0.0,,0.0,0.0,,0.0,,0.5,0.5,the; bus; was; ten; minutes; late; its; rear; doors; swung; open; revealing,the; its,0.0,0.0,0.0,0,0,"As the figure walked down the alley, the sound of its footsteps echoed off the walls, drawing the passenger's attention to it, and the passenger slowly looked up from its coffee, its eyes locking onto the figure for the first time, its gaze lingering on the stranger's face, a look of curiosity flickering across its features."
steer_alpha_0p77_traj_c8_tok120_seed03_the_bus_was_ten_minutes_late.json,steer_alpha_0p77_traj,experiments/frontier_sweep_model_compare_llama_stock_guard_traj_seed12/steer_alpha_0p77_traj_c8_tok120_seed03_the_bus_was_ten_minutes_late.json,3,5,0,0.7802055336235412,0.004222165754071535,0.34798069401688475,0.013333333333333334,0.0,0.0,0.06666666666666667,0.5799678233614746,0.19999999999999998,0.9100000000000001,0.0,0.0,0.0,,0.0,0.0,,0.0,0.0,,0.0,,0.75,0.25,the; bus; was; ten; minutes; late; its; rear; doors; swung; open; revealing,the; was; its,0.5,0.0,0.0,0,0,"The stranger followed the figure into the alley, its long coat billowing behind it like a dark cloud, as it moved swiftly and silently, its eyes still fixed on the passenger, who took a sip of coffee, its eyes slowly lifting to meet the stranger's, a fleeting glance that held a mixture of curiosity and warning. The air was heavy with the scent of wet earth and decay, and the sound of dripping water echoed off the alley's walls, as the stranger's eyes seemed to bore into the passenger's very soul."
steer_alpha_0p77_traj_c8_tok120_seed03_the_bus_was_ten_minutes_late.json,steer_alpha_0p77_traj,experiments/frontier_sweep_model_compare_llama_stock_guard_traj_seed12/steer_alpha_0p77_traj_c8_tok120_seed03_the_bus_was_ten_minutes_late.json,3,6,0,-0.138910648183046,0.0019342624508531124,0.17691424855363833,0.013333333333333334,0.0,0.0,0.06666666666666667,0.5897141618454611,0.19999999999999998,0.9100000000000001,0.5,0.0,0.0,,0.0,0.0,,0.0,0.0,,0.0,,0.5,0.5,the; bus; was; ten; minutes; late; its; rear; doors; swung; open; revealing,the; its,0.0,0.0,0.0,0,0,"The figure followed the passenger, its eyes never leaving the man's face as it trailed behind, its long coat billowing behind it like a dark cloud, the sound of its footsteps echoing off the walls of the alley, until it finally reached the passenger's side and gently touched the man's shoulder, its touch as cold as the morning dew, causing the passenger to spill coffee all over his shirt."
steer_alpha_0p77_traj_c8_tok120_seed03_the_bus_was_ten_minutes_late.json,steer_alpha_0p77_traj,experiments/frontier_sweep_model_compare_llama_stock_guard_traj_seed12/steer_alpha_0p77_traj_c8_tok120_seed03_the_bus_was_ten_minutes_late.json,3,7,0,-0.6835446284467459,0.0015239649397029624,0.16726444460154466,0.011111111111111112,0.0,0.0,0.05555555555555555,0.5575481486718156,0.19999999999999998,0.9100000000000001,0.5,0.0,0.0,,0.0,0.0,,0.0,0.0,,0.0,,1.0,0.0,the; bus; was; ten; minutes; late; its; rear; doors; swung; open; revealing,the; bus; was; its; revealing,0.0,0.0,0.0,0,0,"The figure in the long coat walked slowly down the alley, its eyes never leaving the passenger, who continued to sip its coffee, seemingly unaware of the stranger's presence, as the bus's headlights cast flickering shadows on the walls, illuminating the figure's face, revealing a faint, familiar smile. The air was heavy with the scent of rain and decay, and the figure's gaze seemed to be pulling the passenger's attention, forcing it to finally look up, its eyes locking onto the stranger's."
steer_alpha_0p77_traj_c8_tok120_seed03_the_bus_was_ten_minutes_late.json,steer_alpha_0p77_traj,experiments/frontier_sweep_model_compare_llama_stock_guard_traj_seed12/steer_alpha_0p77_traj_c8_tok120_seed03_the_bus_was_ten_minutes_late.json,3,8,0,0.5013317749545083,0.006270507474507473,0.4275346005346005,0.016666666666666666,0.0,0.0,0.08333333333333333,0.7125576675576676,0.19999999999999998,0.9100000000000001,0.0,0.3333333333333333,2.7027027027027026,leather-bound,0.3333333333333333,2.7027027027027026,leather-bound,0.0,0.0,,0.5,leather-bound,0.75,0.25,the; bus; was; ten; minutes; late; its; rear; doors; swung; open; revealing,the; its; open,0.3333333333333333,0.0,0.0,0,0,"As the figure disappeared into the alley, a small, leather-bound book fell from its hand, landing with a soft thud on the wet pavement, its pages fluttering open to reveal a cryptic poem, which the passenger, still sipping his coffee, failed to notice."
steer_alpha_0p77_traj_c8_tok120_seed04_a_blue_mug_near_the_sink.json,steer_alpha_0p77_traj,experiments/frontier_sweep_model_compare_llama_stock_guard_traj_seed12/steer_alpha_0p77_traj_c8_tok120_seed04_a_blue_mug_near_the_sink.json,1,1,1,-0.5845589743589745,0.0,0.4176030769230769,0.0,0.0,0.0,0.0,0.6960051282051282,0.19999999999999998,0.9100000000000001,0.0,0.3333333333333333,3.8461538461538463,delicate,0.0,0.0,,0.3333333333333333,3.8461538461538463,delicate,0.0,,0.5,0.5,blue; mug; the; sink,mug; the,0.1,0.0,0.0,0,0,"On the edge of the mug, a small, forgotten garden has sprouted, its delicate green shoots weaving through the rim, as a gentle, morning light seeps through a crack in the kitchen wall."
steer_alpha_0p77_traj_c8_tok120_seed04_a_blue_mug_near_the_sink.json,steer_alpha_0p77_traj,experiments/frontier_sweep_model_compare_llama_stock_guard_traj_seed12/steer_alpha_0p77_traj_c8_tok120_seed04_a_blue_mug_near_the_sink.json,1,2,0,0.6970241686792555,0.011180983301554205,0.4002738652107711,0.03333333333333333,0.0,0.0,0.16666666666666666,0.6671231086846184,0.19999999999999998,0.9100000000000001,0.0,0.3333333333333333,2.0833333333333335,delicate,0.0,0.0,,0.3333333333333333,2.0833333333333335,delicate,0.0,,0.75,0.25,blue; mug; the; sink,blue; mug; the,0.1,0.0,0.0,0,0,"The old clock on the wall slowly creaks and swings, its pendulum a mesmerizing blur as it marks the passing of time, inches from the blue mug, now covered in a thick layer of verdant moss and a small, delicate wildflower. A thread of ivy crawls up the clock's face, as if trying to connect the mug to the clock's rhythmic heartbeat."
steer_alpha_0p77_traj_c8_tok120_seed04_a_blue_mug_near_the_sink.json,steer_alpha_0p77_traj,experiments/frontier_sweep_model_compare_llama_stock_guard_traj_seed12/steer_alpha_0p77_traj_c8_tok120_seed04_a_blue_mug_near_the_sink.json,1,3,0,0.41498794073643297,0.01892786552902633,0.42350534447403776,0.05333333333333334,0.0,0.0,0.26666666666666666,0.705842240790063,0.19999999999999998,0.9100000000000001,0.0,0.3333333333333333,3.4482758620689653,leather-bound,0.3333333333333333,3.4482758620689653,leather-bound,0.0,0.0,,0.5,leather-bound,0.75,0.25,blue; mug; the; sink,blue; mug; the,0.1,0.0,0.0,0,0,"A worn, leather-bound book lies open on the counter, its pages fluttering gently in the breeze from an open window, next to the blue mug, where a few morning dew droplets cling to its rim."
steer_alpha_0p77_traj_c8_tok120_seed04_a_blue_mug_near_the_sink.json,steer_alpha_0p77_traj,experiments/frontier_sweep_model_compare_llama_stock_guard_traj_seed12/steer_alpha_0p77_traj_c8_tok120_seed04_a_blue_mug_near_the_sink.json,1,4,0,0.787512536063949,0.004965417398508699,0.4174958574979287,0.013333333333333334,0.0,0.0,0.06666666666666667,0.6958264291632146,0.19999999999999998,0.9100000000000001,0.0,0.6666666666666666,3.9215686274509802,doll; porcelain,0.6666666666666666,3.9215686274509802,doll; porcelain,0.0,0.0,,0.875,doll; porcelain,0.75,0.25,blue; mug; the; sink,blue; mug; the,0.4,0.0,0.0,0,0,"The blue mug sat on the windowsill, a small, porcelain doll perched on top of it, its porcelain face cracked and worn, its limbs splayed awkwardly, as if it had been up there for years, watching the rain that now pours down onto the streets below, its rhythmic beat a steady, insistent drumbeat that seems to vibrate through the old, creaky house."
steer_alpha_0p77_traj_c8_tok120_seed04_a_blue_mug_near_the_sink.json,steer_alpha_0p77_traj,experiments/frontier_sweep_model_compare_llama_stock_guard_traj_seed12/steer_alpha_0p77_traj_c8_tok120_seed04_a_blue_mug_near_the_sink.json,1,5,0,-1.5224551282051282,0.00811723764957265,0.4179355769230769,0.022222222222222223,0.0,0.0,0.1111111111111111,0.7885576923076922,0.05999999999999997,0.9418333333333334,0.0,0.6666666666666666,11.764705882352942,antique; music box,0.6666666666666666,11.764705882352942,antique; music box,0.0,0.0,,1.0,antique; ballerina; music box,0.25,0.75,blue; mug; the; sink,the,0.3,0.0,0.0,0,0,"A small, antique music box on the windowsill, its brass lid open, a tiny, forgotten ballerina twirling to a soft, golden light."
steer_alpha_0p77_traj_c8_tok120_seed04_a_blue_mug_near_the_sink.json,steer_alpha_0p77_traj,experiments/frontier_sweep_model_compare_llama_stock_guard_traj_seed12/steer_alpha_0p77_traj_c8_tok120_seed04_a_blue_mug_near_the_sink.json,1,6,0,-1.7088521594684383,0.01445578149870801,0.3881325581395349,0.044444444444444446,0.0,0.0,0.2222222222222222,0.7323255813953489,0.05999999999999997,0.9629166666666668,0.0,1.0,14.285714285714286,antique; delicate; music box,0.6666666666666666,9.523809523809524,antique; music box,0.3333333333333333,4.761904761904762,delicate,1.0,antique; ballerina; music box,0.25,0.75,blue; mug; the; sink,the,0.1,0.0,0.0,0,0,"A small, antique music box sits on the windowsill, its delicate ballerina twirling to a tune that seems to harmonize with the gentle hum of the refrigerator."
steer_alpha_0p77_traj_c8_tok120_seed04_a_blue_mug_near_the_sink.json,steer_alpha_0p77_traj,experiments/frontier_sweep_model_compare_llama_stock_guard_traj_seed12/steer_alpha_0p77_traj_c8_tok120_seed04_a_blue_mug_near_the_sink.json,1,7,0,-0.6307871861471861,0.004489400639999999,0.40179599999999993,0.013333333333333334,0.0,0.0,0.06666666666666667,0.6696599999999999,0.19999999999999998,0.9100000000000001,0.0,1.0,13.333333333333334,delicate; doll; miniature; music box; old man; porcelain,1.0,8.88888888888889,doll; miniature; music box; porcelain,0.6666666666666666,4.444444444444445,delicate; old man,1.0,doll; miniature; music box; porcelain,0.5,0.5,blue; mug; the; sink,mug; the,0.1,0.0,0.0,0,0,"The old man who owned the mug, a tinker, sits at a wooden workbench, his hands moving deftly as he repairs a small, delicate music box, its gears and springs exposed, its face a miniature replica of the mug, now replaced with a small, porcelain doll with porcelain eyes that stare accusingly at the tinker."
steer_alpha_0p77_traj_c8_tok120_seed04_a_blue_mug_near_the_sink.json,steer_alpha_0p77_traj,experiments/frontier_sweep_model_compare_llama_stock_guard_traj_seed12/steer_alpha_0p77_traj_c8_tok120_seed04_a_blue_mug_near_the_sink.json,1,8,0,-1.331270353120013,0.004405133711440349,0.4400244550828317,0.011111111111111112,0.0,0.0,0.05555555555555555,0.7333740918047196,0.19999999999999998,0.9100000000000001,0.0,1.0,13.513513513513514,antique; delicate; faded photograph; leather-bound; music box,1.0,10.81081081081081,antique; faded photograph; leather-bound; music box,0.3333333333333333,2.7027027027027026,delicate,1.0,antique; ballerina; leather-bound; music box,0.0,1.0,blue; mug; the; sink,,0.45,0.0,0.0,0,0,"A small, antique music box, its delicate ballerina twirling to a faint, forgotten melody, sits atop a dusty, old, wooden dresser, where a faded photograph of a couple, both in formal attire, stands upright, partially hidden behind a stack of yellowing letters and a small, leather-bound book."
steer_alpha_0p77_traj_c8_tok120_seed04_a_blue_mug_near_the_sink.json,steer_alpha_0p77_traj,experiments/frontier_sweep_model_compare_llama_stock_guard_traj_seed12/steer_alpha_0p77_traj_c8_tok120_seed04_a_blue_mug_near_the_sink.json,2,1,1,-0.11902737914968808,0.0,0.41460989505247375,0.0,0.0,0.0,0.0,0.6910164917541229,0.19999999999999998,0.9100000000000001,0.0,0.0,0.0,,0.0,0.0,,0.0,0.0,,0.0,,1.0,0.0,blue; mug; the; sink; edge; garden; has; sprouted; its; green; shoots; weaving,blue; mug; the; garden; has,0.0,0.0,0.0,0,0,"The garden, now more vibrant, has begun to seep into the surrounding tiles, their worn, cracked surfaces now a mosaic of moss and tiny, colorful flowers, while the blue mug, now submerged in the growing tendrils, seems to be quietly drinking in the damp, dew-kissed morning air."
steer_alpha_0p77_traj_c8_tok120_seed04_a_blue_mug_near_the_sink.json,steer_alpha_0p77_traj,experiments/frontier_sweep_model_compare_llama_stock_guard_traj_seed12/steer_alpha_0p77_traj_c8_tok120_seed04_a_blue_mug_near_the_sink.json,2,2,0,-0.3277479955959872,0.08734495426829268,0.38393386491557224,0.25,0.0,1.0,0.0,0.6398897748592871,0.19999999999999998,0.9100000000000001,0.0,1.0,5.769230769230769,antique; crystal; miniature,1.0,5.769230769230769,antique; crystal; miniature,0.0,0.0,,1.0,antique; crystal; miniature,1.0,0.0,blue; mug; the; sink; edge; garden; has; sprouted; its; green; shoots; weaving,the; sink; garden; its,0.5,0.0,0.0,0,1,"Through a small, almost imperceptible hole in the wall, a wispy tendril of the forgotten garden crawls, trailing a tendril of ivy around a pipe that pumps water to the sink, where a small, antique fountain, its basin a miniature, ceramic replica of the forgotten garden, begins to fill with crystal clear water, reflecting the morning light and casting tiny, rippling shadows on the countertop."
steer_alpha_0p77_traj_c8_tok120_seed04_a_blue_mug_near_the_sink.json,steer_alpha_0p77_traj,experiments/frontier_sweep_model_compare_llama_stock_guard_traj_seed12/steer_alpha_0p77_traj_c8_tok120_seed04_a_blue_mug_near_the_sink.json,2,3,0,0.2120587286336193,0.0,0.3976020669489817,0.0,0.0,0.0,0.0,0.750192579149022,0.05999999999999997,0.9730000000000001,0.0,1.0,7.894736842105263,delicate; iridescent; miniature,0.3333333333333333,2.6315789473684212,miniature,0.6666666666666666,5.2631578947368425,delicate; iridescent,0.4,miniature,0.75,0.25,blue; mug; the; sink; edge; garden; has; sprouted; its; green; shoots; weaving,the; garden; its,0.0,0.0,0.0,0,0,"Beneath the garden, a small, dusty toolbox, once belonging to a tinkerer, now sits, its lid slightly ajar, revealing a collection of worn, copper pipes, rusty gears, and a tiny, mechanical bird perched on a miniature workbench, its delicate, iridescent wings fluttering softly, as if stirred by an unseen breeze."
steer_alpha_0p77_traj_c8_tok120_seed04_a_blue_mug_near_the_sink.json,steer_alpha_0p77_traj,experiments/frontier_sweep_model_compare_llama_stock_guard_traj_seed12/steer_alpha_0p77_traj_c8_tok120_seed04_a_blue_mug_near_the_sink.json,2,4,0,0.9409975610727936,0.0,0.42457254623044094,0.0,0.0,0.0,0.0,0.7076209103840683,0.19999999999999998,0.9100000000000001,0.0,0.0,0.0,,0.0,0.0,,0.0,0.0,,0.0,,1.0,0.0,blue; mug; the; sink; edge; garden; has; sprouted; its; green; shoots; weaving,the; sink; edge; garden; its,0.5,0.0,0.0,0,0,"Through a narrow crevice in the wall, a small, dusty key materializes, attached to a length of frayed twine, which dangles precariously over the edge of the sink, where the forgotten garden continues to grow, its tendrils now snaking around the key, as if to claim it as its own."
steer_alpha_0p77_traj_c8_tok120_seed04_a_blue_mug_near_the_sink.json,steer_alpha_0p77_traj,experiments/frontier_sweep_model_compare_llama_stock_guard_traj_seed12/steer_alpha_0p77_traj_c8_tok120_seed04_a_blue_mug_near_the_sink.json,2,5,0,0.49654833162440615,0.007342838833271536,0.38199739595054233,0.022222222222222223,0.0,0.0,0.1111111111111111,0.6366623265842373,0.19999999999999998,0.9100000000000001,0.0,0.0,0.0,,0.0,0.0,,0.0,0.0,,0.0,,0.75,0.25,blue; mug; the; sink; edge; garden; has; sprouted; its; green; shoots; weaving,the; garden; its,0.25,0.0,0.0,0,0,"Through a small, hidden doorway behind the forgotten garden, a forgotten typewriter sits atop a rickety wooden stool, its keys yellow with age, a roll of dusty paper, a dusty lamp, and a few yellowed, dog-eared books, all seem to be waiting for a hand to lift the lid off, as the morning light through the crack in the kitchen wall continues to nourish the small, vibrant garden, now tangled around the typewriter's keys."
steer_alpha_0p77_traj_c8_tok120_seed04_a_blue_mug_near_the_sink.json,steer_alpha_0p77_traj,experiments/frontier_sweep_model_compare_llama_stock_guard_traj_seed12/steer_alpha_0p77_traj_c8_tok120_seed04_a_blue_mug_near_the_sink.json,2,6,0,0.22633009687005723,0.0,0.37719814921920186,0.0,0.0,0.0,0.0,0.6286635820320031,0.19999999999999998,0.9100000000000001,0.0,0.3333333333333333,2.2222222222222223,leather-bound,0.3333333333333333,2.2222222222222223,leather-bound,0.0,0.0,,0.5,leather-bound,1.0,0.0,blue; mug; the; sink; edge; garden; has; sprouted; its; green; shoots; weaving,the; garden; has; its,0.5,0.0,0.0,0,0,"A small, wooden table, adjacent to the kitchen, where a weathered, leather-bound book lies open, its pages rustling softly in the morning breeze that has somehow squeezed through the same crack in the wall, where the forgotten garden has grown, its tendrils now twining around the table's legs."
steer_alpha_0p77_traj_c8_tok120_seed04_a_blue_mug_near_the_sink.json,steer_alpha_0p77_traj,experiments/frontier_sweep_model_compare_llama_stock_guard_traj_seed12/steer_alpha_0p77_traj_c8_tok120_seed04_a_blue_mug_near_the_sink.json,2,7,0,-0.18113492388646324,0.16252301427111485,0.3603614507120063,0.55,1.0,0.0,0.0,0.6799272654943515,0.05999999999999997,0.9730000000000001,0.0,1.0,6.818181818181818,delicate; filigree; porcelain,0.3333333333333333,2.272727272727273,porcelain,0.6666666666666666,4.545454545454546,delicate; filigree,0.875,filigree; porcelain,1.0,0.0,blue; mug; the; sink; edge; garden; has; sprouted; its; green; shoots; weaving,the; sink; edge; garden; its,0.0,0.0,0.0,1,0,"The garden, now a lush and vibrant oasis, spills onto the edge of the sink, its tendrils curling around the faucet, which now serves as a trellis, supporting a tiny, porcelain-encrusted trellis, from which a delicate, filigree-like patterned parasol materializes, its golden ribs unfolding like a tiny, metallic flower."
steer_alpha_0p77_traj_c8_tok120_seed04_a_blue_mug_near_the_sink.json,steer_alpha_0p77_traj,experiments/frontier_sweep_model_compare_llama_stock_guard_traj_seed12/steer_alpha_0p77_traj_c8_tok120_seed04_a_blue_mug_near_the_sink.json,2,8,0,0.8141431367192815,0.00585792810880829,0.4286288860103627,0.016666666666666666,0.0,0.0,0.08333333333333333,0.7143814766839378,0.19999999999999998,0.9100000000000001,0.0,1.0,12.5,antique; delicate; miniature; music box,1.0,9.375,antique; miniature; music box,0.3333333333333333,3.125,delicate,1.0,antique; miniature; music box,1.0,0.0,blue; mug; the; sink; edge; garden; has; sprouted; its; green; shoots; weaving,blue; mug; the; sink; edge; its,0.0,0.0,0.0,0,0,"The blue mug is gone, replaced by a small, antique music box on the edge of the sink, its delicate, golden filigework unfolding like a tiny, miniature flower, as morning light spills in through a new, narrow crevice in the kitchen wall."
steer_alpha_0p77_traj_c8_tok120_seed04_a_blue_mug_near_the_sink.json,steer_alpha_0p77_traj,experiments/frontier_sweep_model_compare_llama_stock_guard_traj_seed12/steer_alpha_0p77_traj_c8_tok120_seed04_a_blue_mug_near_the_sink.json,3,1,1,1.0232877771891122,0.18234477225971232,0.38973661782497643,0.5041666666666668,0.9166666666666667,0.0,0.0,0.6495610297082941,0.19999999999999998,0.9100000000000001,0.0,0.0,0.0,,0.0,0.0,,0.0,0.0,,0.0,,1.0,0.0,blue; mug; the; sink; edge; garden; has; sprouted; its; green; shoots; weaving,blue; mug; the; sink; garden; its; green,0.6,0.0,0.0,1,0,"The kitchen's worn, old wooden table, once a sturdy and stable presence, now appears to be slowly sinking into the same damp, moss-covered tiles that have claimed the sink and the blue mug, as if the entire kitchen is being slowly, imperceptibly, engulfed by the garden's relentless, green assault, its tendrils snaking around a nearby, forgotten teacup, now a fragile, translucent orb, half-buried in the moss."
steer_alpha_0p77_traj_c8_tok120_seed04_a_blue_mug_near_the_sink.json,steer_alpha_0p77_traj,experiments/frontier_sweep_model_compare_llama_stock_guard_traj_seed12/steer_alpha_0p77_traj_c8_tok120_seed04_a_blue_mug_near_the_sink.json,3,2,0,-0.2239103370920541,0.0,0.37654304963774426,0.0,0.0,0.0,0.0,0.6275717493962405,0.19999999999999998,0.9100000000000001,0.0,0.0,0.0,,0.0,0.0,,0.0,0.0,,0.0,,1.0,0.0,blue; mug; the; sink; edge; garden; has; sprouted; its; green; shoots; weaving,blue; mug; the; garden; its; green,0.25,0.0,0.0,0,0,"As the morning light intensifies, the garden's tendrils wrap around a worn, silver tea infuser, now partially submerged, its perforated metal mesh allowing the garden's tendrils to twirl and curl around it, while the blue mug, now fully enveloped, seems to be absorbing the vibrant, emerald-green hue of the growing vegetation, its glaze dulled by the morning dew."
steer_alpha_0p77_traj_c8_tok120_seed04_a_blue_mug_near_the_sink.json,steer_alpha_0p77_traj,experiments/frontier_sweep_model_compare_llama_stock_guard_traj_seed12/steer_alpha_0p77_traj_c8_tok120_seed04_a_blue_mug_near_the_sink.json,3,3,0,0.09132877057004651,0.0,0.4197816076222842,0.0,0.0,0.0,0.0,0.699636012703807,0.19999999999999998,0.9100000000000001,0.0,0.3333333333333333,2.127659574468085,melancholic,0.0,0.0,,0.3333333333333333,2.127659574468085,melancholic,0.0,,1.0,0.0,blue; mug; the; sink; edge; garden; has; sprouted; its; green; shoots; weaving,blue; mug; the; garden; its,0.16666666666666666,0.0,0.0,0,0,"As the morning light grows stronger, the garden's tendrils wrap around a nearby, old, worn-out harmonica, its once-polished surface now a map of tiny, intricate scratches, while the blue mug, now fully submerged, seems to be playing a soft, melancholic melody, its ceramic walls vibrating with the sweet, morning song."
steer_alpha_0p77_traj_c8_tok120_seed04_a_blue_mug_near_the_sink.json,steer_alpha_0p77_traj,experiments/frontier_sweep_model_compare_llama_stock_guard_traj_seed12/steer_alpha_0p77_traj_c8_tok120_seed04_a_blue_mug_near_the_sink.json,3,4,0,1.1469934479845836,0.0,0.39562412218496257,0.0,0.0,0.0,0.0,0.6593735369749376,0.19999999999999998,0.9100000000000001,0.0,0.3333333333333333,1.7241379310344827,miniature,0.3333333333333333,1.7241379310344827,miniature,0.0,0.0,,0.4,miniature,1.0,0.0,blue; mug; the; sink; edge; garden; has; sprouted; its; green; shoots; weaving,blue; mug; the; garden; its; green; shoots,0.25,0.0,0.0,0,0,"A droplet of dew on the blue mug, now fully submerged, contains a tiny, translucent bubble that reflects a miniature, inverted image of the garden, its green shoots and flowers repeating at a smaller scale, as the droplet gently rolls off the mug, carrying the miniature scene with it, and comes to rest on the cracked, moss-covered surface of the nearby tile, where it merges with a patch of bright, morning glory vines."
steer_alpha_0p77_traj_c8_tok120_seed04_a_blue_mug_near_the_sink.json,steer_alpha_0p77_traj,experiments/frontier_sweep_model_compare_llama_stock_guard_traj_seed12/steer_alpha_0p77_traj_c8_tok120_seed04_a_blue_mug_near_the_sink.json,3,5,0,1.1141627170973172,0.11901559984132457,0.3660932730545135,0.36445783132530124,0.6626506024096386,0.0,0.0,0.6101554550908559,0.19999999999999998,0.9100000000000001,0.0,0.3333333333333333,1.2048192771084338,delicate,0.0,0.0,,0.3333333333333333,1.2048192771084338,delicate,0.0,,1.0,0.0,blue; mug; the; sink; edge; garden; has; sprouted; its; green; shoots; weaving,the; garden; has; its,0.4,0.0,0.0,1,0,"As the garden continues to spread, its tendrils curl around the kitchen faucet, where a small, rusty pipe has been transformed into a tiny, gurgling fountain, and the faucet's worn handle has become a delicate, petal-like bloom, its pale pink petals unfolding to reveal a tiny, shiny key, which, as the morning light catches it, illuminates the words ""open sesame"" etched onto its surface, and the sound of water gurgling and the scent of damp earth and blooms waft through the kitchen, mingling with the scent of freshly brewed coffee."
steer_alpha_0p77_traj_c8_tok120_seed04_a_blue_mug_near_the_sink.json,steer_alpha_0p77_traj,experiments/frontier_sweep_model_compare_llama_stock_guard_traj_seed12/steer_alpha_0p77_traj_c8_tok120_seed04_a_blue_mug_near_the_sink.json,3,6,0,0.5503379668067341,0.0,0.14359957068924958,0.0,0.0,0.0,0.0,0.39888769635902666,0.19999999999999998,0.9100000000000001,0.0,0.6666666666666666,5.128205128205129,delicate; mist,0.0,0.0,,0.6666666666666666,5.128205128205129,delicate; mist,0.0,,1.0,0.0,blue; mug; the; sink; edge; garden; has; sprouted; its; green; shoots; weaving,blue; mug; the; its,0.0,0.4,0.0,0,0,"The morning's gentle mist lingers, veiling the kitchen in a soft, grayish-blue haze, as the mug, now fully submerged, releases a tiny, delicate flower that unfurls its petals, releasing a faint, sweet scent that wafts through the air, mingling with the earthy"
steer_alpha_0p77_traj_c8_tok120_seed04_a_blue_mug_near_the_sink.json,steer_alpha_0p77_traj,experiments/frontier_sweep_model_compare_llama_stock_guard_traj_seed12/steer_alpha_0p77_traj_c8_tok120_seed04_a_blue_mug_near_the_sink.json,3,7,0,-0.7141285330367899,0.0,0.15147833194328608,0.0,0.0,0.0,0.0,0.4763469557964971,0.05999999999999997,0.9730000000000001,0.0,0.6666666666666666,5.714285714285714,delicate; porcelain,0.3333333333333333,2.857142857142857,porcelain,0.3333333333333333,2.857142857142857,delicate,0.5,porcelain,0.75,0.25,blue; mug; the; sink; edge; garden; has; sprouted; its; green; shoots; weaving,the; its; green,0.16666666666666666,0.4,0.0,0,0,"The kitchen's worn, old-fashioned faucet, once a utilitarian fixture, now seems to be a verdant, living entity, its rusty metal surface covered in a thick, emerald-green moss, while a few, delicate, porcelain flowers have begun to bloom, their petals shaped li"
steer_alpha_0p77_traj_c8_tok120_seed04_a_blue_mug_near_the_sink.json,steer_alpha_0p77_traj,experiments/frontier_sweep_model_compare_llama_stock_guard_traj_seed12/steer_alpha_0p77_traj_c8_tok120_seed04_a_blue_mug_near_the_sink.json,3,8,0,0.7484361765603988,0.002687069089332744,0.38127331672964615,0.008333333333333333,0.0,0.0,0.041666666666666664,0.6354555278827436,0.19999999999999998,0.9100000000000001,0.0,1.0,5.633802816901408,antique; delicate; ethereal; music box,0.6666666666666666,2.816901408450704,antique; music box,0.6666666666666666,2.816901408450704,delicate; ethereal,1.0,antique; ballerina; music box,1.0,0.0,blue; mug; the; sink; edge; garden; has; sprouted; its; green; shoots; weaving,blue; mug; the; sink; edge; garden; its; green,0.14285714285714285,0.0,0.0,0,0,"As the garden's tendrils continue to twine around the sink, a small, antique music box perches on the edge of the countertop, its delicate ballerina twirling to the tune of a soft, ethereal melody, while the kitchen's worn, old-fashioned radio, its dials worn to a patina of rust, begins to play a gentle, instrumental rendition of a waltz, and the blue mug, now fully submerged in the garden, seems to be glowing with a soft, blue-green light, as if infused with the morning's first, dewy kiss."
steer_alpha_0p77_traj_c8_tok120_seed05_the_spreadsheet_was_still_open.json,steer_alpha_0p77_traj,experiments/frontier_sweep_model_compare_llama_stock_guard_traj_seed12/steer_alpha_0p77_traj_c8_tok120_seed05_the_spreadsheet_was_still_open.json,1,1,1,-1.3502142266335813,0.0,0.37191401985111666,0.0,0.0,0.0,0.0,0.7017245657568238,0.05999999999999997,0.9730000000000001,0.0,0.0,0.0,,0.0,0.0,,0.0,0.0,,0.0,,0.25,0.75,the; spreadsheet; was; open,the,0.2,0.0,0.0,0,0,"A faint, morning light seeped through the dusty blinds, casting an intricate pattern on the desktop as it slowly closed, revealing a scribbled note that read ""The numbers don't add up."""
steer_alpha_0p77_traj_c8_tok120_seed05_the_spreadsheet_was_still_open.json,steer_alpha_0p77_traj,experiments/frontier_sweep_model_compare_llama_stock_guard_traj_seed12/steer_alpha_0p77_traj_c8_tok120_seed05_the_spreadsheet_was_still_open.json,1,2,0,-1.2871853610011585,0.0,0.3980200155460552,0.0,0.0,0.0,0.0,0.6633666925767587,0.19999999999999998,0.9100000000000001,0.0,0.0,0.0,,0.0,0.0,,0.0,0.0,,0.0,,1.0,0.0,the; spreadsheet; was; open,the; spreadsheet; was; open,0.2,0.0,0.0,0,0,"The spreadsheet was still open on the desk, a single sheet of paper caught in the gap between the lid, a forgotten coffee cup sat beside it, its saucer a perfect circle on the desk, a faint smudge on its rim."
steer_alpha_0p77_traj_c8_tok120_seed05_the_spreadsheet_was_still_open.json,steer_alpha_0p77_traj,experiments/frontier_sweep_model_compare_llama_stock_guard_traj_seed12/steer_alpha_0p77_traj_c8_tok120_seed05_the_spreadsheet_was_still_open.json,1,3,0,-0.6528702173084813,0.0,0.3816120346135356,0.0,0.0,0.0,0.0,0.636020057689226,0.19999999999999998,0.9100000000000001,0.0,0.0,0.0,,0.0,0.0,,0.0,0.0,,0.0,,1.0,0.0,the; spreadsheet; was; open,the; spreadsheet; was; open,0.1,0.0,0.0,0,0,"The spreadsheet was still open, its rows and columns stretching out like a thin, unmade bed, where sheets of paper and scattered papers seemed to have come to rest, a tangled mess of numbers and scribbled equations, as if the computer had suddenly fallen asleep and its owner had simply gotten up and left in the middle of a meeting. A half-eaten donut sat on the edge of the desk, a forgotten coffee cup beside it, and a half-completed to-do list on the edge of the screen."
steer_alpha_0p77_traj_c8_tok120_seed05_the_spreadsheet_was_still_open.json,steer_alpha_0p77_traj,experiments/frontier_sweep_model_compare_llama_stock_guard_traj_seed12/steer_alpha_0p77_traj_c8_tok120_seed05_the_spreadsheet_was_still_open.json,1,4,0,-2.705800087202965,0.0,0.37547253106605627,0.0,0.0,0.0,0.0,0.7509450621321125,0.0,1.0,0.0,0.6666666666666666,9.090909090909092,delicate; miniature,0.3333333333333333,4.545454545454546,miniature,0.3333333333333333,4.545454545454546,delicate,0.4,miniature,0.25,0.75,the; spreadsheet; was; open,the,0.2,0.0,0.0,0,0,"A single, dusty rose bloomed from the keyboard, its delicate petals unfolding to reveal a miniature, frozen coffee, untouched and steaming, beside the abandoned cup."
steer_alpha_0p77_traj_c8_tok120_seed05_the_spreadsheet_was_still_open.json,steer_alpha_0p77_traj,experiments/frontier_sweep_model_compare_llama_stock_guard_traj_seed12/steer_alpha_0p77_traj_c8_tok120_seed05_the_spreadsheet_was_still_open.json,1,5,0,-0.847673783815163,0.00886995354928596,0.4474752351097178,0.022222222222222223,0.0,0.0,0.1111111111111111,0.7457920585161963,0.19999999999999998,0.9100000000000001,0.0,1.0,10.344827586206897,antique; delicate; music box,0.6666666666666666,6.896551724137931,antique; music box,0.3333333333333333,3.4482758620689653,delicate,1.0,antique; ballerina; grandfather clock; music box,1.0,0.0,the; spreadsheet; was; open,the; spreadsheet; was; open,0.4,0.0,0.0,0,0,"The spreadsheet was still open on the old, worn desk, where a dusty, antique music box sat, its delicate ballerina twirling to a tune that seemed to match the ticking of a nearby, old grandfather clock."
steer_alpha_0p77_traj_c8_tok120_seed05_the_spreadsheet_was_still_open.json,steer_alpha_0p77_traj,experiments/frontier_sweep_model_compare_llama_stock_guard_traj_seed12/steer_alpha_0p77_traj_c8_tok120_seed05_the_spreadsheet_was_still_open.json,1,6,0,0.9269455619432423,0.005733215107059571,0.4104927284290863,0.016666666666666666,0.0,0.0,0.08333333333333333,0.6841545473818105,0.19999999999999998,0.9100000000000001,0.0,1.0,6.25,antique; delicate; music box,0.6666666666666666,4.166666666666667,antique; music box,0.3333333333333333,2.0833333333333335,delicate,1.0,antique; ballerina; music box,0.5,0.5,the; spreadsheet; was; open,the; open,0.1,0.0,0.0,0,0,"The laptop's screen reflected a cityscape, its skyscrapers and streets shrouded in a perpetual twilight, as if the sun never rose or set, and a small, antique music box, once a gift from a great-aunt, lay open on the desk, its delicate ballerina twirling to a tune that seemed to harmonize with the hum of the laptop's fans."
steer_alpha_0p77_traj_c8_tok120_seed05_the_spreadsheet_was_still_open.json,steer_alpha_0p77_traj,experiments/frontier_sweep_model_compare_llama_stock_guard_traj_seed12/steer_alpha_0p77_traj_c8_tok120_seed05_the_spreadsheet_was_still_open.json,1,7,0,0.27152355587619037,0.008945018506762019,0.38909500782615647,0.026303537040242176,0.0,0.0,0.13151768520121088,0.6484916797102608,0.19999999999999998,0.9100000000000001,0.0,1.0,5.194805194805195,antique; delicate; leather-bound; music box,1.0,3.896103896103896,antique; leather-bound; music box,0.3333333333333333,1.2987012987012987,delicate,1.0,antique; ballerina; leather-bound; music box,0.75,0.25,the; spreadsheet; was; open,the; spreadsheet; open,0.3,0.0,0.0,0,0,"A small, antique music box sits on the desk, its delicate ballerina twirling to a tune that drifts from its open lid, as the spreadsheet, now filled with cryptic equations, seems to be slowly being rewritten with invisible ink, its numbers and formulas blending with the music box's intricate, silvered glass, where a small, leather-bound book lies, its pages fluttering with an invisible breeze, and a faint, forgotten melody seems to emanate from the book's opened page, where a single, white rose petal has been pressed."
steer_alpha_0p77_traj_c8_tok120_seed05_the_spreadsheet_was_still_open.json,steer_alpha_0p77_traj,experiments/frontier_sweep_model_compare_llama_stock_guard_traj_seed12/steer_alpha_0p77_traj_c8_tok120_seed05_the_spreadsheet_was_still_open.json,1,8,0,-0.5124045905842658,0.0050757349683899855,0.4355607810403305,0.013333333333333334,0.0,0.0,0.06666666666666667,0.7259346350672176,0.19999999999999998,0.9100000000000001,0.0,1.0,12.903225806451612,antique; delicate; leather-bound; music box,1.0,9.67741935483871,antique; leather-bound; music box,0.3333333333333333,3.225806451612903,delicate,1.0,antique; ballerina; leather-bound; music box,0.25,0.75,the; spreadsheet; was; open,the,0.3,0.0,0.0,0,0,"A delicate, antique music box sat on the edge of a cluttered, wooden desk in a small, dimly lit study, its intricate ballerina twirling to a slow, forgotten waltz, as a stack of dusty, leather-bound books seemed to be slowly, slowly leaning in, as if to listen."
steer_alpha_0p77_traj_c8_tok120_seed05_the_spreadsheet_was_still_open.json,steer_alpha_0p77_traj,experiments/frontier_sweep_model_compare_llama_stock_guard_traj_seed12/steer_alpha_0p77_traj_c8_tok120_seed05_the_spreadsheet_was_still_open.json,2,1,1,0.8147764967875266,0.0,0.4022805025856497,0.0,0.0,0.0,0.0,0.6704675043094162,0.19999999999999998,0.9100000000000001,0.0,0.0,0.0,,0.0,0.0,,0.0,0.0,,0.0,,1.0,0.0,the; spreadsheet; was; open; morning; light; seeped; blinds; casting; intricate; pattern; desktop,the; morning; blinds; pattern,0.25,0.0,0.0,0,0,"A calculator, now on the floor, alongside a discarded coffee cup, its remnants of yesterday's coffee slowly drying in the morning's gentle warmth, as the blinds, no longer dusty, now rusted and worn, cast a similar pattern on the newly polished floor."
steer_alpha_0p77_traj_c8_tok120_seed05_the_spreadsheet_was_still_open.json,steer_alpha_0p77_traj,experiments/frontier_sweep_model_compare_llama_stock_guard_traj_seed12/steer_alpha_0p77_traj_c8_tok120_seed05_the_spreadsheet_was_still_open.json,2,2,0,-5.966013706723384,0.0,0.046735111662531005,0.0,0.0,0.0,0.0,0.31156741108354,0.0,0.9688333333333334,0.5,0.0,0.0,,0.0,0.0,,0.0,0.0,,0.0,,0.25,0.75,the; spreadsheet; was; open; morning; light; seeped; blinds; casting; intricate; pattern; desktop,the,0.0,0.0,0.4,0,0,"The computer screen flickered back to life, and a single, typed message appeared: ""I've been waiting for you."""
steer_alpha_0p77_traj_c8_tok120_seed05_the_spreadsheet_was_still_open.json,steer_alpha_0p77_traj,experiments/frontier_sweep_model_compare_llama_stock_guard_traj_seed12/steer_alpha_0p77_traj_c8_tok120_seed05_the_spreadsheet_was_still_open.json,2,3,0,0.9372875080055272,0.0064350050519095285,0.4463587319243604,0.016666666666666666,0.0,0.0,0.08333333333333333,0.743931219873934,0.19999999999999998,0.9100000000000001,0.0,0.3333333333333333,3.4482758620689653,antique,0.3333333333333333,3.4482758620689653,antique,0.0,0.0,,0.375,antique,0.75,0.25,the; spreadsheet; was; open; morning; light; seeped; blinds; casting; intricate; pattern; desktop,the; spreadsheet; casting,0.25,0.0,0.0,0,0,"The same spreadsheet flickered back to life on a nearby old, wooden desk, its monitor reflecting a faint, eerie glow, as a small, antique globe began to rotate, casting a shadow of a faint, handwritten map on the wall behind it."
steer_alpha_0p77_traj_c8_tok120_seed05_the_spreadsheet_was_still_open.json,steer_alpha_0p77_traj,experiments/frontier_sweep_model_compare_llama_stock_guard_traj_seed12/steer_alpha_0p77_traj_c8_tok120_seed05_the_spreadsheet_was_still_open.json,2,4,0,0.2249803788678406,0.08641749625245616,0.3996184797801441,0.25,0.0,1.0,0.0,0.6660307996335735,0.19999999999999998,0.9100000000000001,0.0,0.0,0.0,,0.0,0.0,,0.0,0.0,,0.0,,0.5,0.5,the; spreadsheet; was; open; morning; light; seeped; blinds; casting; intricate; pattern; desktop,the; was,0.25,0.0,0.0,0,1,"A crumpled up piece of paper, stained with coffee and a faint smudge of lipstick, was taped to the underside of the desk drawer, next to a faded Post-It that read ""Don't look,"" while a calculator, its keys still bearing tiny fingerprints, lay abandoned on the edge of the desk, its screen displaying a single, flickering number: 8.3."
steer_alpha_0p77_traj_c8_tok120_seed05_the_spreadsheet_was_still_open.json,steer_alpha_0p77_traj,experiments/frontier_sweep_model_compare_llama_stock_guard_traj_seed12/steer_alpha_0p77_traj_c8_tok120_seed05_the_spreadsheet_was_still_open.json,2,5,0,0.4222984203573452,0.0,0.44123510971786833,0.0,0.0,0.0,0.0,0.7353918495297805,0.19999999999999998,0.9100000000000001,0.0,0.3333333333333333,3.4482758620689653,leather-bound,0.3333333333333333,3.4482758620689653,leather-bound,0.0,0.0,,0.5,leather-bound,0.5,0.5,the; spreadsheet; was; open; morning; light; seeped; blinds; casting; intricate; pattern; desktop,the; was,0.0,0.0,0.0,0,0,"The scribbled note was pushed aside, and a worn, leather-bound book was opened to a page filled with hastily scrawled equations, a small, golden pencil lies abandoned beside it, next to a steaming cup of coffee."
steer_alpha_0p77_traj_c8_tok120_seed05_the_spreadsheet_was_still_open.json,steer_alpha_0p77_traj,experiments/frontier_sweep_model_compare_llama_stock_guard_traj_seed12/steer_alpha_0p77_traj_c8_tok120_seed05_the_spreadsheet_was_still_open.json,2,6,0,1.0596973831891474,0.007532982239382239,0.41339536679536676,0.022222222222222223,0.0,0.0,0.1111111111111111,0.6889922779922779,0.19999999999999998,0.877,0.0,0.3333333333333333,2.5,leather-bound,0.3333333333333333,2.5,leather-bound,0.0,0.0,,0.5,leather-bound,0.25,0.75,the; spreadsheet; was; open; morning; light; seeped; blinds; casting; intricate; pattern; desktop,the,0.0,0.0,0.0,0,0,"The scribbled note suddenly flapped as a gentle breeze wafted through the room, carrying with it a small, leather-bound book that had been tucked between the keyboard and monitor, its worn cover creaking with the movement, as if it too had been waiting for this moment."
steer_alpha_0p77_traj_c8_tok120_seed05_the_spreadsheet_was_still_open.json,steer_alpha_0p77_traj,experiments/frontier_sweep_model_compare_llama_stock_guard_traj_seed12/steer_alpha_0p77_traj_c8_tok120_seed05_the_spreadsheet_was_still_open.json,2,7,0,0.6610281528395237,0.0,0.15831050008409983,0.0,0.0,0.0,0.0,0.43975138912249956,0.19999999999999998,0.9100000000000001,0.0,0.6666666666666666,5.405405405405405,antique; ethereal,0.3333333333333333,2.7027027027027026,antique,0.3333333333333333,2.7027027027027026,ethereal,0.375,antique,1.0,0.0,the; spreadsheet; was; open; morning; light; seeped; blinds; casting; intricate; pattern; desktop,the; morning; light; casting,0.25,0.4,0.0,0,0,"On the wall, a small, antique loom stood, its wooden frame worn, with yarn and thread tangled around its base, a half-finished weaving of dark blues and greens, a subtle, morning light casting an ethereal glow on the threads as it creaked softly, a faint whisp"
steer_alpha_0p77_traj_c8_tok120_seed05_the_spreadsheet_was_still_open.json,steer_alpha_0p77_traj,experiments/frontier_sweep_model_compare_llama_stock_guard_traj_seed12/steer_alpha_0p77_traj_c8_tok120_seed05_the_spreadsheet_was_still_open.json,2,8,0,0.7365521411361746,0.01654865681145593,0.38353910375338945,0.052618595071429144,0.0,0.0,0.2630929753571457,0.6392318395889824,0.19999999999999998,0.9100000000000001,0.0,1.0,7.575757575757576,antique; delicate; ethereal; melancholic; music box,0.6666666666666666,3.0303030303030303,antique; music box,1.0,4.545454545454546,delicate; ethereal; melancholic,1.0,antique; ballerina; music box,1.0,0.0,the; spreadsheet; was; open; morning; light; seeped; blinds; casting; intricate; pattern; desktop,the; spreadsheet; open; morning; light; casting; desktop,0.0,0.0,0.0,0,0,"As the morning light continued its slow crawl across the desktop, a small, antique music box appeared, its delicate ballerina twirling to a soft, melancholic tune that harmonized with the hum of the computer, its keys and wires tangling together like skeletal fingers. The music box's lid creaked open, releasing a puff of glittering dust that swirled around the desktop, casting an ethereal glow on the spreadsheet, which now displayed an equation that read 2 x 5 = 11."
steer_alpha_0p77_traj_c8_tok120_seed05_the_spreadsheet_was_still_open.json,steer_alpha_0p77_traj,experiments/frontier_sweep_model_compare_llama_stock_guard_traj_seed12/steer_alpha_0p77_traj_c8_tok120_seed05_the_spreadsheet_was_still_open.json,3,1,1,0.9773598305015574,0.19093264848869299,0.41048173815136696,0.55,1.0,0.0,0.0,0.6841362302522783,0.19999999999999998,0.9100000000000001,0.0,0.0,0.0,,0.0,0.0,,0.0,0.0,,0.0,,0.75,0.25,the; spreadsheet; was; open; morning; light; seeped; blinds; casting; intricate; pattern; desktop,the; open; morning,0.14285714285714285,0.0,0.0,1,0,"The calculator's metal body, now half-buried in the cracked and faded carpet, its buttons still bearing faint impressions of numbers and mathematical equations, as the coffee cup, once a vibrant blue, now a dull, mottled brown, slowly began to rehydrate, its lid creaking open, releasing a faint scent of stale coffee and decay into the morning air."
steer_alpha_0p77_traj_c8_tok120_seed05_the_spreadsheet_was_still_open.json,steer_alpha_0p77_traj,experiments/frontier_sweep_model_compare_llama_stock_guard_traj_seed12/steer_alpha_0p77_traj_c8_tok120_seed05_the_spreadsheet_was_still_open.json,3,2,0,0.9092814135440757,0.0,0.4109764737650003,0.0,0.0,0.0,0.0,0.6849607896083338,0.19999999999999998,0.9100000000000001,0.0,0.0,0.0,,0.0,0.0,,0.0,0.0,,0.0,,0.75,0.25,the; spreadsheet; was; open; morning; light; seeped; blinds; casting; intricate; pattern; desktop,the; morning; blinds,0.2,0.0,0.0,0,0,"As the sun reached its peak, the scattered remnants of a hasty breakfast – a crumpled up wrapper, a torn piece of toast, and a half-eaten energy bar – merged with the calculator and coffee cup, forming a small, makeshift monument to yesterday's disheveled morning, while the blinds, now free from dust, flapped gently in the morning breeze like a pair of worn, brass wings."
steer_alpha_0p77_traj_c8_tok120_seed05_the_spreadsheet_was_still_open.json,steer_alpha_0p77_traj,experiments/frontier_sweep_model_compare_llama_stock_guard_traj_seed12/steer_alpha_0p77_traj_c8_tok120_seed05_the_spreadsheet_was_still_open.json,3,3,0,-0.6145692496555973,0.0,0.20723846018167383,0.0,0.0,0.0,0.0,0.6907948672722461,0.19999999999999998,0.9100000000000001,0.5,0.0,0.0,,0.0,0.0,,0.0,0.0,,0.0,,0.5,0.5,the; spreadsheet; was; open; morning; light; seeped; blinds; casting; intricate; pattern; desktop,the; was,0.0,0.0,0.0,0,0,"The once-organizational system, now in shambles, where scattered papers, pens, and a mangled paperclip seemed to be rearranged in a precarious balance, as if the chaos was an attempt to conceal a new, cryptic message scrawled on the adjacent wall, ""They're not just numbers."""
steer_alpha_0p77_traj_c8_tok120_seed05_the_spreadsheet_was_still_open.json,steer_alpha_0p77_traj,experiments/frontier_sweep_model_compare_llama_stock_guard_traj_seed12/steer_alpha_0p77_traj_c8_tok120_seed05_the_spreadsheet_was_still_open.json,3,4,0,0.38147092920716813,0.0,0.1422120875583454,0.0,0.0,0.0,0.0,0.3950335765509595,0.19999999999999998,0.877,0.0,0.0,0.0,,0.0,0.0,,0.0,0.0,,0.0,,0.75,0.25,the; spreadsheet; was; open; morning; light; seeped; blinds; casting; intricate; pattern; desktop,the; morning; light,0.0,0.4,0.0,0,0,"A small, forgotten umbrella stood beside the desk, its leather creaking softly as it shifted slightly, its metal tip glinting faintly in the morning light, next to the calculator, a half-eaten donut box, its crumbs now scattered and half-buried in the freshly"
steer_alpha_0p77_traj_c8_tok120_seed05_the_spreadsheet_was_still_open.json,steer_alpha_0p77_traj,experiments/frontier_sweep_model_compare_llama_stock_guard_traj_seed12/steer_alpha_0p77_traj_c8_tok120_seed05_the_spreadsheet_was_still_open.json,3,5,0,0.0036448196739373717,0.07385569603715054,0.20544418571108194,0.4384057971014493,0.7971014492753623,0.0,0.0,0.6848139523702732,0.19999999999999998,0.9100000000000001,0.5,0.3333333333333333,1.4492753623188406,leather-bound,0.3333333333333333,1.4492753623188406,leather-bound,0.0,0.0,,0.5,leather-bound,0.75,0.25,the; spreadsheet; was; open; morning; light; seeped; blinds; casting; intricate; pattern; desktop,the; open; morning,0.0,0.0,0.0,1,0,"The calculator, once a shiny and new tool, now a discarded relic, its metal body cracked and faded, its buttons still pressed into a jumbled mess, as a small, leather-bound book, with yellowed pages and a faded title, lay open on the floor, its pages fluttering gently in the morning breeze that blew through the open window, revealing a cryptic equation scrawled on a piece of paper, pinned to the inside of the book's cover, a message that read ""Try again."""
steer_alpha_0p77_traj_c8_tok120_seed05_the_spreadsheet_was_still_open.json,steer_alpha_0p77_traj,experiments/frontier_sweep_model_compare_llama_stock_guard_traj_seed12/steer_alpha_0p77_traj_c8_tok120_seed05_the_spreadsheet_was_still_open.json,3,6,0,-0.2606267026537723,0.04212462225996219,0.19940462466487932,0.23214503560317498,0.0,0.859375,0.08650642801587494,0.6646820822162645,0.19999999999999998,0.9100000000000001,0.5,0.3333333333333333,1.5625,leather-bound,0.3333333333333333,1.5625,leather-bound,0.0,0.0,,0.5,leather-bound,0.75,0.25,the; spreadsheet; was; open; morning; light; seeped; blinds; casting; intricate; pattern; desktop,the; open; casting,0.5,0.0,0.0,0,1,"The worn, wooden desk, once polished, now bearing the faint, eerie glow of a single, dying candle, casting long shadows that stretched like skeletal fingers across the room, where a small, leather-bound book, once open to a page filled with cryptic equations and scattered numbers, now lay open on the edge of the desk, a fluttering piece of paper caught between its pages, bearing a message scrawled in hasty handwriting: ""They're looking for me."""
steer_alpha_0p77_traj_c8_tok120_seed05_the_spreadsheet_was_still_open.json,steer_alpha_0p77_traj,experiments/frontier_sweep_model_compare_llama_stock_guard_traj_seed12/steer_alpha_0p77_traj_c8_tok120_seed05_the_spreadsheet_was_still_open.json,3,7,0,1.2463584978303859,0.19498047178577982,0.4098380909842981,0.55,1.0,0.0,0.0,0.6830634849738302,0.19999999999999998,0.9100000000000001,0.0,0.6666666666666666,2.7027027027027026,leather-bound; porcelain,0.6666666666666666,2.7027027027027026,leather-bound; porcelain,0.0,0.0,,1.0,leather-bound; porcelain,1.0,0.0,the; spreadsheet; was; open; morning; light; seeped; blinds; casting; intricate; pattern; desktop,the; was; open; morning,0.25,0.0,0.0,2,0,"The calculator, now a small, discarded thing, was pushed under the old, creaky desk, its metal body blending into the worn, wooden surface, where a small, leather-bound book lay open, its pages fluttering gently in the morning breeze, revealing a crumpled, forgotten resume, with a phone, once a vibrant, electric blue, now a dull, faded gray, hung from the wall, its receiver dangled, like a withered finger, above a small, porcelain sink, where a faint, sticky film of old lipstick still clung to its rim."
steer_alpha_0p77_traj_c8_tok120_seed05_the_spreadsheet_was_still_open.json,steer_alpha_0p77_traj,experiments/frontier_sweep_model_compare_llama_stock_guard_traj_seed12/steer_alpha_0p77_traj_c8_tok120_seed05_the_spreadsheet_was_still_open.json,3,8,0,0.04983228021255859,0.0,0.20671564446277582,0.0,0.0,0.0,0.0,0.6890521482092528,0.19999999999999998,0.9100000000000001,0.5,0.6666666666666666,3.076923076923077,antique; pocket watch,0.6666666666666666,3.076923076923077,antique; pocket watch,0.0,0.0,,0.775,antique; pocket watch,1.0,0.0,the; spreadsheet; was; open; morning; light; seeped; blinds; casting; intricate; pattern; desktop,the; morning; light; intricate,0.0,0.0,0.0,0,0,"The scattered remains of the coffee cup were swept into a nearby trash can, its contents spilling out onto the newly polished floor, where they mingled with a discarded business card, a crumpled up piece of paper with a cryptic message that read ""Project Echelon"" and a small, antique pocket watch, its intricate engravings glinting in the morning light as it fell, coming to rest beside the calculator, now covered in a thin layer of dust and cobwebs."
steer_alpha_0p77_traj_c8_tok120_seed06_the_elevator_button_was_cracked.json,steer_alpha_0p77_traj,experiments/frontier_sweep_model_compare_llama_stock_guard_traj_seed12/steer_alpha_0p77_traj_c8_tok120_seed06_the_elevator_button_was_cracked.json,1,1,1,-0.3285200625574901,0.015332147986265114,0.4206991825499574,0.044444444444444446,0.0,0.0,0.2222222222222222,0.6825421776291342,0.23274193548387093,0.7469399796069709,0.0,0.0,0.0,,0.0,0.0,,0.0,0.0,,0.0,,0.5,0.5,the; elevator; button; was; cracked,the; was,0.0,0.0,0.0,0,0,"It was now a small, weathered wooden box, its surface etched with the names of forgotten streets and the dates of long-forgotten birthdays."
steer_alpha_0p77_traj_c8_tok120_seed06_the_elevator_button_was_cracked.json,steer_alpha_0p77_traj,experiments/frontier_sweep_model_compare_llama_stock_guard_traj_seed12/steer_alpha_0p77_traj_c8_tok120_seed06_the_elevator_button_was_cracked.json,1,2,0,-3.3081635567073917,0.0,0.3553802110329508,0.0,0.0,0.0,0.0,0.7107604220659016,0.0,1.0,0.0,0.0,0.0,,0.0,0.0,,0.0,0.0,,0.0,,0.25,0.75,the; elevator; button; was; cracked,the,0.0,0.0,0.0,0,0,"It had been years since anyone had pressed it, and a thin layer of dust coated the remaining buttons, a lonely sentinel guarding the entrance to the building's forgotten floors."
steer_alpha_0p77_traj_c8_tok120_seed06_the_elevator_button_was_cracked.json,steer_alpha_0p77_traj,experiments/frontier_sweep_model_compare_llama_stock_guard_traj_seed12/steer_alpha_0p77_traj_c8_tok120_seed06_the_elevator_button_was_cracked.json,1,3,0,0.9046200637339961,0.02312112280701754,0.4229473684210526,0.06666666666666667,0.0,0.0,0.3333333333333333,0.7049122807017544,0.19999999999999998,0.9100000000000001,0.0,0.3333333333333333,2.5,leather-bound,0.3333333333333333,2.5,leather-bound,0.0,0.0,,0.5,leather-bound,0.5,0.5,the; elevator; button; was; cracked,the; elevator,0.0,0.0,0.0,0,0,"A small, leather-bound book slipped from the elevator floor, its worn cover creaking open to reveal yellowed pages filled with handwritten notes that read ""The weight of the city is 45,000 tons"" and ""the sky is a deep, heavy blue""."
steer_alpha_0p77_traj_c8_tok120_seed06_the_elevator_button_was_cracked.json,steer_alpha_0p77_traj,experiments/frontier_sweep_model_compare_llama_stock_guard_traj_seed12/steer_alpha_0p77_traj_c8_tok120_seed06_the_elevator_button_was_cracked.json,1,4,0,-0.5982382972067077,0.0,0.4192882200956213,0.0,0.0,0.0,0.0,0.6988137001593688,0.19999999999999998,0.9100000000000001,0.0,1.0,7.317073170731708,miniature; mist; porcelain,0.6666666666666666,4.878048780487805,miniature; porcelain,0.3333333333333333,2.4390243902439024,mist,0.9,miniature; porcelain,1.0,0.0,the; elevator; button; was; cracked,the; elevator; button; cracked,0.3333333333333333,0.0,0.0,0,0,"A small, intricate box, no larger than a shoebox, had materialized on the floor, its lid slightly ajar, revealing a swirling mist that slowly coalesced into a miniature, perfect replica of the elevator button, identical to the one that had been cracked on the wall, as if to suggest a faint, porcelain-like smile."
steer_alpha_0p77_traj_c8_tok120_seed06_the_elevator_button_was_cracked.json,steer_alpha_0p77_traj,experiments/frontier_sweep_model_compare_llama_stock_guard_traj_seed12/steer_alpha_0p77_traj_c8_tok120_seed06_the_elevator_button_was_cracked.json,1,5,0,0.37911156398629364,0.004287718317357779,0.43138629412441065,0.012121212121212123,0.0,0.0,0.06060606060606061,0.7189771568740178,0.19999999999999998,0.9100000000000001,0.0,1.0,7.6923076923076925,antique; melancholic; music box,0.6666666666666666,5.128205128205129,antique; music box,0.3333333333333333,2.5641025641025643,melancholic,1.0,antique; music box,0.5,0.5,the; elevator; button; was; cracked,the; elevator,0.0,0.0,0.0,0,0,"A small, dusty, antique music box sat on a worn, wooden bench, playing a faint, melancholic tune that seemed to harmonize with the creaks and groans of the old, decaying elevator, its buttons worn smooth, with a faint, forgotten name, ""Eleanor,"" etched onto one of them."
steer_alpha_0p77_traj_c8_tok120_seed06_the_elevator_button_was_cracked.json,steer_alpha_0p77_traj,experiments/frontier_sweep_model_compare_llama_stock_guard_traj_seed12/steer_alpha_0p77_traj_c8_tok120_seed06_the_elevator_button_was_cracked.json,1,6,0,-1.142278769907934,0.007661532977569524,0.4204499804763764,0.022222222222222223,0.0,0.0,0.1111111111111111,0.7007499674606273,0.19999999999999998,0.9100000000000001,0.0,1.0,8.571428571428571,delicate; leather-bound; porcelain,0.6666666666666666,5.714285714285714,leather-bound; porcelain,0.3333333333333333,2.857142857142857,delicate,1.0,leather-bound; porcelain,0.5,0.5,the; elevator; button; was; cracked,the; was,0.0,0.0,0.0,0,0,"A small, leather-bound book lay open on the floor, its pages fluttering gently in the slight breeze that came through a nearby air vent, where a small, porcelain figurine of a fairy was perched on the edge, its delicate wings a faint blue."
steer_alpha_0p77_traj_c8_tok120_seed06_the_elevator_button_was_cracked.json,steer_alpha_0p77_traj,experiments/frontier_sweep_model_compare_llama_stock_guard_traj_seed12/steer_alpha_0p77_traj_c8_tok120_seed06_the_elevator_button_was_cracked.json,1,7,0,-0.3936413847458049,0.006286530038653795,0.40880614413211097,0.017777777777777778,0.0,0.0,0.08888888888888888,0.6813435735535183,0.19999999999999998,0.9100000000000001,0.0,1.0,7.936507936507937,antique; delicate; leather-bound; music box; pocket watch,1.0,6.349206349206349,antique; leather-bound; music box; pocket watch,0.3333333333333333,1.5873015873015872,delicate,1.0,antique; leather-bound; music box; pocket watch,1.0,0.0,the; elevator; button; was; cracked,the; elevator; button; cracked,0.25,0.0,0.0,0,0,"A small, leather-bound book had been lodged between the cracked button and the wall for years, its worn cover creaking softly as a gentle breeze stirs, and a small, antique pocket watch, once belonging to the elevator's original owner, now rests on the floor, its face still ticking with a slow, deliberate beat, as a delicate, filigeworked music box, a gift from a long-forgotten lover, opens its lid, releasing a melancholy serenade."
steer_alpha_0p77_traj_c8_tok120_seed06_the_elevator_button_was_cracked.json,steer_alpha_0p77_traj,experiments/frontier_sweep_model_compare_llama_stock_guard_traj_seed12/steer_alpha_0p77_traj_c8_tok120_seed06_the_elevator_button_was_cracked.json,1,8,0,-0.21408972642342294,0.004842859954233409,0.44294450800915325,0.013333333333333334,0.0,0.0,0.06666666666666667,0.7382408466819221,0.19999999999999998,0.9100000000000001,0.0,1.0,11.11111111111111,delicate; mournful; music box; ornate,0.6666666666666666,5.555555555555555,music box; ornate,0.6666666666666666,5.555555555555555,delicate; mournful,1.0,ballerina; music box; ornate,0.5,0.5,the; elevator; button; was; cracked,the; was,0.0,0.0,0.0,0,0,"A small, ornate music box, its delicate ballerina twirling to a tune that was once a waltz, now plays a slow, mournful dirge, as it sits on a dusty, old-fashioned bench, nestled beneath a forgotten umbrella in a deserted alleyway, where a faded, peeling sign creaks in the wind."
steer_alpha_0p77_traj_c8_tok120_seed06_the_elevator_button_was_cracked.json,steer_alpha_0p77_traj,experiments/frontier_sweep_model_compare_llama_stock_guard_traj_seed12/steer_alpha_0p77_traj_c8_tok120_seed06_the_elevator_button_was_cracked.json,2,1,1,1.358460561617594,0.00705578490162708,0.40369968087531344,0.021314398156160992,0.0,0.0,0.10657199078080495,0.6728328014588557,0.19999999999999998,0.9100000000000001,0.0,0.0,0.0,,0.0,0.0,,0.0,0.0,,0.0,,1.0,0.0,the; elevator; button; was; cracked; now; weathered; wooden; box; its; surface; etched,the; was; box; etched,0.0,0.0,0.0,0,0,"People moved in and out of it, their faces etched with concern and curiosity, as they examined the box, their fingers tracing the names and dates, seeking a connection to the lives it had once held. The air was thick with the scent of old books and dusty memories."
steer_alpha_0p77_traj_c8_tok120_seed06_the_elevator_button_was_cracked.json,steer_alpha_0p77_traj,experiments/frontier_sweep_model_compare_llama_stock_guard_traj_seed12/steer_alpha_0p77_traj_c8_tok120_seed06_the_elevator_button_was_cracked.json,2,2,0,-0.7001561127676852,0.0077926932929859305,0.3853529650377658,0.022222222222222223,0.0,0.0,0.1111111111111111,0.6422549417296096,0.19999999999999998,0.9100000000000001,0.0,0.0,0.0,,0.0,0.0,,0.0,0.0,,0.0,,1.0,0.0,the; elevator; button; was; cracked; now; weathered; wooden; box; its; surface; etched,the; was; now; weathered; wooden; box; its; surface; etched,0.5,0.0,0.0,0,0,"The box was now a small, weathered wooden box, its surface etched with the names of forgotten streets and the dates of long-forgotten birthdays, its metal door slightly ajar, inviting the rain that seeped in, misting the names with tiny droplets of water."
steer_alpha_0p77_traj_c8_tok120_seed06_the_elevator_button_was_cracked.json,steer_alpha_0p77_traj,experiments/frontier_sweep_model_compare_llama_stock_guard_traj_seed12/steer_alpha_0p77_traj_c8_tok120_seed06_the_elevator_button_was_cracked.json,2,3,0,0.17692618595825382,0.021751776731182795,0.39789835483870967,0.06666666666666667,0.0,0.0,0.3333333333333333,0.7507516129032258,0.05999999999999997,0.9730000000000001,0.0,0.3333333333333333,3.225806451612903,antique,0.3333333333333333,3.225806451612903,antique,0.0,0.0,,0.375,antique,0.75,0.25,the; elevator; button; was; cracked; now; weathered; wooden; box; its; surface; etched,the; now; box,0.0,0.0,0.0,0,0,"The box now sat on a cluttered antique shop counter, surrounded by vintage trinkets and yellowed letters, as a bespectacled woman carefully cleaned it with a damp cloth, her eyes scanning the etchings with a mix of curiosity and trepidation."
steer_alpha_0p77_traj_c8_tok120_seed06_the_elevator_button_was_cracked.json,steer_alpha_0p77_traj,experiments/frontier_sweep_model_compare_llama_stock_guard_traj_seed12/steer_alpha_0p77_traj_c8_tok120_seed06_the_elevator_button_was_cracked.json,2,4,0,1.1682934300993122,0.0,0.4284545454545455,0.0,0.0,0.0,0.0,0.7140909090909091,0.19999999999999998,0.9100000000000001,0.0,0.3333333333333333,3.0303030303030303,antique,0.3333333333333333,3.0303030303030303,antique,0.0,0.0,,0.375,antique,1.0,0.0,the; elevator; button; was; cracked; now; weathered; wooden; box; its; surface; etched,the; was; now; weathered; box; its,0.16666666666666666,0.0,0.0,0,0,"The weathered box was now a part of a dusty, old antique shop, its shelves creaking in the silence as the proprietor, a woman with eyes that seemed to hold a thousand midnights, gazed at the box with a mix of curiosity and wariness."
steer_alpha_0p77_traj_c8_tok120_seed06_the_elevator_button_was_cracked.json,steer_alpha_0p77_traj,experiments/frontier_sweep_model_compare_llama_stock_guard_traj_seed12/steer_alpha_0p77_traj_c8_tok120_seed06_the_elevator_button_was_cracked.json,2,5,0,0.1432972301519222,0.0,0.4144429835046617,0.0,0.0,0.0,0.0,0.6907383058411029,0.19999999999999998,0.9100000000000001,0.0,1.0,6.382978723404255,antique; dusty shelf; faded photograph,1.0,6.382978723404255,antique; dusty shelf; faded photograph,0.0,0.0,,0.375,antique,1.0,0.0,the; elevator; button; was; cracked; now; weathered; wooden; box; its; surface; etched,the; cracked; box; its; surface,0.125,0.0,0.0,0,0,"The box sat on the dusty shelf, a small, unassuming addition to the antique shop, its cracked surface subtly blending into the worn, dark wood of another, older box, its lid slightly ajar, revealing a tangle of old receipts and a faded photograph of a young couple, their faces smiling, their arms wrapped around each other."
steer_alpha_0p77_traj_c8_tok120_seed06_the_elevator_button_was_cracked.json,steer_alpha_0p77_traj,experiments/frontier_sweep_model_compare_llama_stock_guard_traj_seed12/steer_alpha_0p77_traj_c8_tok120_seed06_the_elevator_button_was_cracked.json,2,6,0,0.8683395788997681,0.004508395439793758,0.4299162143025726,0.012788638893696597,0.0,0.0,0.06394319446848298,0.716527023837621,0.19999999999999998,0.9100000000000001,0.0,0.6666666666666666,5.2631578947368425,antique; old man,0.3333333333333333,2.6315789473684212,antique,0.3333333333333333,2.6315789473684212,old man,0.375,antique,1.0,0.0,the; elevator; button; was; cracked; now; weathered; wooden; box; its; surface; etched,the; was; wooden; box,0.0,0.0,0.0,0,0,"It was an antique shop, tucked away in a deserted alley, where the owner, an old man with spectacles, carefully polished the wooden box with a soft, white cloth, as a young couple, hand in hand, entered, their eyes fixed on the box with a mix of fascination and trepidation."
steer_alpha_0p77_traj_c8_tok120_seed06_the_elevator_button_was_cracked.json,steer_alpha_0p77_traj,experiments/frontier_sweep_model_compare_llama_stock_guard_traj_seed12/steer_alpha_0p77_traj_c8_tok120_seed06_the_elevator_button_was_cracked.json,2,7,0,-0.3251464405262705,0.0,0.39065251581838945,0.0,0.0,0.0,0.0,0.7370802185252631,0.05999999999999997,0.9730000000000001,0.0,0.3333333333333333,2.857142857142857,leather-bound,0.3333333333333333,2.857142857142857,leather-bound,0.0,0.0,,0.5,leather-bound,0.75,0.25,the; elevator; button; was; cracked; now; weathered; wooden; box; its; surface; etched,the; box; its,0.0,0.0,0.0,0,0,"The box had been placed on a dusty, old-fashioned café table, where it sat alongside a steaming cup of coffee and a small, leather-bound book, its pages yellowed with age and its cover creaking with a soft, gentle sigh."
steer_alpha_0p77_traj_c8_tok120_seed06_the_elevator_button_was_cracked.json,steer_alpha_0p77_traj,experiments/frontier_sweep_model_compare_llama_stock_guard_traj_seed12/steer_alpha_0p77_traj_c8_tok120_seed06_the_elevator_button_was_cracked.json,2,8,0,1.1562258310240858,0.0,0.38753678121721136,0.0,0.0,0.0,0.0,0.645894635362019,0.19999999999999998,0.9100000000000001,0.0,0.3333333333333333,2.3255813953488373,leather-bound,0.3333333333333333,2.3255813953488373,leather-bound,0.0,0.0,,0.5,leather-bound,1.0,0.0,the; elevator; button; was; cracked; now; weathered; wooden; box; its; surface; etched,the; elevator; was; box; its,0.25,0.0,0.0,0,0,"A small, silver plaque was screwed to the inside of the elevator, bearing the faded inscription "" Property of a forgotten maintenance man"", as the box creaked and groaned, slowly opening to reveal a tattered, leather-bound book, its pages fluttering like a wounded bird, scattering scraps of paper into the elevator shaft."
steer_alpha_0p77_traj_c8_tok120_seed06_the_elevator_button_was_cracked.json,steer_alpha_0p77_traj,experiments/frontier_sweep_model_compare_llama_stock_guard_traj_seed12/steer_alpha_0p77_traj_c8_tok120_seed06_the_elevator_button_was_cracked.json,3,1,1,1.2589944478101722,0.09532161212824275,0.4153102459995223,0.25583333333333336,0.0,0.9166666666666667,0.13333333333333333,0.6921837433325372,0.19999999999999998,0.9100000000000001,0.0,0.6666666666666666,3.3333333333333335,antique; whispers,0.3333333333333333,1.6666666666666667,antique,0.3333333333333333,1.6666666666666667,whispers,0.375,antique,1.0,0.0,the; elevator; button; was; cracked; now; weathered; wooden; box; its; surface; etched,the; elevator; button; was; wooden; box; its,0.42857142857142855,0.0,0.0,0,1,"As the elevator button box was carried out of the old apartment, it merged with a small, run-down antique shop, its wooden slats creaking with the weight of forgotten trinkets and dusty relics, where a lone customer, a young woman, gently opened the box, releasing a puff of dust and the whispers of the past, as she searched for a name that was not her own, but felt strangely familiar."
steer_alpha_0p77_traj_c8_tok120_seed06_the_elevator_button_was_cracked.json,steer_alpha_0p77_traj,experiments/frontier_sweep_model_compare_llama_stock_guard_traj_seed12/steer_alpha_0p77_traj_c8_tok120_seed06_the_elevator_button_was_cracked.json,3,2,0,0.7404407868949028,0.0,0.4102160052513128,0.0,0.0,0.0,0.0,0.6836933420855213,0.19999999999999998,0.9100000000000001,0.0,0.0,0.0,,0.0,0.0,,0.0,0.0,,0.0,,0.75,0.25,the; elevator; button; was; cracked; now; weathered; wooden; box; its; surface; etched,the; box; its,0.0,0.0,0.0,0,0,"The box had been placed on a cluttered, second-hand bookstore, its shelf nestled between a shelf of vintage typewriters and a stack of dog-eared paperbacks, their pages yellowed with age, their titles faded to a dull patina, as if the stories they held had been whispered in the darkness for decades."
steer_alpha_0p77_traj_c8_tok120_seed06_the_elevator_button_was_cracked.json,steer_alpha_0p77_traj,experiments/frontier_sweep_model_compare_llama_stock_guard_traj_seed12/steer_alpha_0p77_traj_c8_tok120_seed06_the_elevator_button_was_cracked.json,3,3,0,-0.6986027970798848,0.0,0.20442074468085106,0.0,0.0,0.0,0.0,0.6814024822695035,0.19999999999999998,0.9100000000000001,0.5,0.0,0.0,,0.0,0.0,,0.0,0.0,,0.0,,1.0,0.0,the; elevator; button; was; cracked; now; weathered; wooden; box; its; surface; etched,the; was; box; its; surface; etched,0.14285714285714285,0.0,0.0,0,0,"As the box was passed from person to person, its surface began to wear smooth, worn by the constant touch of hands, the names and dates slowly disappearing, but the words ""Property of a forgotten soul"" remained, etched in faint, yet unyielding letters, a message that seemed to whisper to the people who handled it, urging them to remember."
steer_alpha_0p77_traj_c8_tok120_seed06_the_elevator_button_was_cracked.json,steer_alpha_0p77_traj,experiments/frontier_sweep_model_compare_llama_stock_guard_traj_seed12/steer_alpha_0p77_traj_c8_tok120_seed06_the_elevator_button_was_cracked.json,3,4,0,0.9920950533961628,0.0025856783556019343,0.3945084462583299,0.007992899308560373,0.0,0.0,0.03996449654280186,0.6575140770972165,0.19999999999999998,0.9100000000000001,0.0,0.6666666666666666,2.857142857142857,ethereal; mist,0.0,0.0,,0.6666666666666666,2.857142857142857,ethereal; mist,0.0,,0.75,0.25,the; elevator; button; was; cracked; now; weathered; wooden; box; its; surface; etched,the; box; its,0.0,0.0,0.0,0,0,"As the last person stepped out, a small, bespectacled woman, her eyes red-rimmed, reached in and took the box, her fingers tracing the names and dates with a tentative touch, as if afraid of disturbing the memories it held, and in that moment, the box began to glow with a soft, ethereal light, the names and dates shifting, rearranging themselves into a new, unfamiliar pattern, a map of a place she had never seen before, its streets and buildings shrouded in a thick, grey mist."
steer_alpha_0p77_traj_c8_tok120_seed06_the_elevator_button_was_cracked.json,steer_alpha_0p77_traj,experiments/frontier_sweep_model_compare_llama_stock_guard_traj_seed12/steer_alpha_0p77_traj_c8_tok120_seed06_the_elevator_button_was_cracked.json,3,5,0,1.2321497098101746,0.006498634789335308,0.4049594379111023,0.01904761904761905,0.0,0.0,0.09523809523809523,0.6749323965185038,0.19999999999999998,0.9100000000000001,0.0,1.0,5.172413793103448,antique; faded photograph; old man,0.6666666666666666,3.4482758620689653,antique; faded photograph,0.3333333333333333,1.7241379310344827,old man,0.375,antique,1.0,0.0,the; elevator; button; was; cracked; now; weathered; wooden; box; its; surface; etched,the; elevator; was; box,0.125,0.0,0.0,0,0,"The box was carried out of the elevator and into a small, cluttered antique shop, where it was placed on a shelf alongside a vintage typewriter, a stack of yellowed letters, and a faded photograph of a woman with a kind face. The shop owner, an old man with thick, round spectacles, examined the box with a critical eye, his fingers tracing the etchings as he whispered to a customer, ""Ah, the Silver Street affair, 1952..."
steer_alpha_0p77_traj_c8_tok120_seed06_the_elevator_button_was_cracked.json,steer_alpha_0p77_traj,experiments/frontier_sweep_model_compare_llama_stock_guard_traj_seed12/steer_alpha_0p77_traj_c8_tok120_seed06_the_elevator_button_was_cracked.json,3,6,0,-0.028832248211442035,0.0022821415752339274,0.19609967141292442,0.012788638893696597,0.0,0.0,0.06394319446848298,0.6536655713764148,0.19999999999999998,0.9100000000000001,0.5,0.6666666666666666,3.1746031746031744,antique; old man,0.3333333333333333,1.5873015873015872,antique,0.3333333333333333,1.5873015873015872,old man,0.375,antique,1.0,0.0,the; elevator; button; was; cracked; now; weathered; wooden; box; its; surface; etched,the; was; box; surface,0.5,0.0,0.0,0,0,"The box was taken to a small, cluttered antique shop, where it was placed on a shelf among other dusty relics, where a old man with thick, round spectacles perched on the end of his nose, his eyes scanning the names and dates, his fingers tracing the surface with the tenderness of a man who had once held a loved one, as he whispered to the box, ""Are you still holding onto something, or have you forgotten?"
steer_alpha_0p77_traj_c8_tok120_seed06_the_elevator_button_was_cracked.json,steer_alpha_0p77_traj,experiments/frontier_sweep_model_compare_llama_stock_guard_traj_seed12/steer_alpha_0p77_traj_c8_tok120_seed06_the_elevator_button_was_cracked.json,3,7,0,0.5700980392156865,0.03388487183673469,0.14892000000000002,0.26904761904761904,0.0,1.0,0.09523809523809523,0.41366666666666674,0.19999999999999998,0.9100000000000001,0.0,0.0,0.0,,0.0,0.0,,0.0,0.0,,0.0,,1.0,0.0,the; elevator; button; was; cracked; now; weathered; wooden; box; its; surface; etched,the; elevator; box; its; surface,0.14285714285714285,0.4,0.0,0,1,"As the elevator creaked to a stop, a young woman stepped out into the dimly lit hallway, the box clutched in her hand, its worn surface seeming to whisper secrets to her as she walked, the air thick with the scent of old books and dust, the flickering fluoresc"
steer_alpha_0p77_traj_c8_tok120_seed06_the_elevator_button_was_cracked.json,steer_alpha_0p77_traj,experiments/frontier_sweep_model_compare_llama_stock_guard_traj_seed12/steer_alpha_0p77_traj_c8_tok120_seed06_the_elevator_button_was_cracked.json,3,8,0,0.9171050692720113,0.0,0.37969063545150494,0.0,0.0,0.0,0.0,0.6328177257525083,0.19999999999999998,0.9100000000000001,0.0,0.6666666666666666,2.5641025641025643,leather-bound; whispering,0.3333333333333333,1.2820512820512822,leather-bound,0.3333333333333333,1.2820512820512822,whispering,0.5,leather-bound,1.0,0.0,the; elevator; button; was; cracked; now; weathered; wooden; box; its; surface; etched,the; cracked; now; weathered; box; its; surface,0.42857142857142855,0.0,0.0,0,0,"As the last person to touch the box, an elderly woman, her silver hair dusted with powder, gently brushed away the accumulated dirt and revealed a small, leather-bound book nestled within the box's cracked surface, its pages, yellowed with age, whispering secrets to the woman, who, her eyes brimming with tears, began to read the words, the names and dates, now her own, as the box, now empty, stood quietly on the floor, its weathered wood worn smooth, its surface now a canvas of forgotten stories."
steer_alpha_0p77_traj_c8_tok120_seed07_a_delivery_label_on_a_cardboard_box.json,steer_alpha_0p77_traj,experiments/frontier_sweep_model_compare_llama_stock_guard_traj_seed12/steer_alpha_0p77_traj_c8_tok120_seed07_a_delivery_label_on_a_cardboard_box.json,1,1,1,-0.7935223618350127,0.0,0.46111794871794876,0.0,0.0,0.0,0.0,0.8700338655055636,0.05999999999999997,0.9364281609195403,0.0,0.0,0.0,,0.0,0.0,,0.0,0.0,,0.0,,0.75,0.25,delivery; label; cardboard; box,delivery; label; box,0.1,0.0,0.0,0,0,"The delivery label, still attached to the box, held a faded address, a scribbled return address, and a scribble that read ""F. W."
steer_alpha_0p77_traj_c8_tok120_seed07_a_delivery_label_on_a_cardboard_box.json,steer_alpha_0p77_traj,experiments/frontier_sweep_model_compare_llama_stock_guard_traj_seed12/steer_alpha_0p77_traj_c8_tok120_seed07_a_delivery_label_on_a_cardboard_box.json,1,2,0,-1.6281729194119317,0.0,0.36594479110146505,0.0,0.0,0.0,0.0,0.7318895822029301,0.0,1.0,0.0,0.3333333333333333,2.6315789473684212,antique,0.3333333333333333,2.6315789473684212,antique,0.0,0.0,,0.375,antique,0.75,0.25,delivery; label; cardboard; box,delivery; label; box,0.45,0.0,0.0,0,0,"The box, now empty and worn, sits alone on a dusty, old antique shop, its delivery label, once a vibrant red, now faded and cracked, still clinging to its side, a small, forgotten rose peeks out from a crack, its petals a deep, mossy green."
steer_alpha_0p77_traj_c8_tok120_seed07_a_delivery_label_on_a_cardboard_box.json,steer_alpha_0p77_traj,experiments/frontier_sweep_model_compare_llama_stock_guard_traj_seed12/steer_alpha_0p77_traj_c8_tok120_seed07_a_delivery_label_on_a_cardboard_box.json,1,3,0,0.29422561337158815,0.0,0.44742957746478873,0.0,0.0,0.0,0.0,0.7457159624413146,0.19999999999999998,0.9012916666666668,0.0,0.3333333333333333,4.3478260869565215,leather-bound,0.3333333333333333,4.3478260869565215,leather-bound,0.0,0.0,,0.5,leather-bound,0.5,0.5,delivery; label; cardboard; box,delivery; label,0.3,0.0,0.0,0,0,"A worn, leather-bound book lies open, its pages fluttering as if blown by an invisible breeze, beside the delivery label, which reads ""Fragile"" in faded, peeling letters."
steer_alpha_0p77_traj_c8_tok120_seed07_a_delivery_label_on_a_cardboard_box.json,steer_alpha_0p77_traj,experiments/frontier_sweep_model_compare_llama_stock_guard_traj_seed12/steer_alpha_0p77_traj_c8_tok120_seed07_a_delivery_label_on_a_cardboard_box.json,1,4,0,-1.2756897175189335,0.004620995749442865,0.3885366381258014,0.013333333333333334,0.0,0.0,0.06666666666666667,0.7330879964637762,0.05999999999999997,0.9730000000000001,0.0,0.6666666666666666,4.651162790697675,antique; music box,0.6666666666666666,4.651162790697675,antique; music box,0.0,0.0,,1.0,antique; ballerina; music box,0.75,0.25,delivery; label; cardboard; box,delivery; label; box,0.4,0.0,0.0,0,0,"The delivery label, once pasted on a worn, wooden door, slowly drifts away, carried by a gentle breeze that stirs the leaves of a nearby garden, where a small, antique music box, once a gift to a long-forgotten aristocrat, now sits forlorn, its ballerina twirling to a tune that only the wind can hear."
steer_alpha_0p77_traj_c8_tok120_seed07_a_delivery_label_on_a_cardboard_box.json,steer_alpha_0p77_traj,experiments/frontier_sweep_model_compare_llama_stock_guard_traj_seed12/steer_alpha_0p77_traj_c8_tok120_seed07_a_delivery_label_on_a_cardboard_box.json,1,5,0,0.09786729839260278,0.008464885381233207,0.4270401817886707,0.022222222222222223,0.0,0.0,0.1111111111111111,0.7117336363144512,0.19999999999999998,0.9100000000000001,0.0,1.0,6.0,antique; music box; ornate,1.0,6.0,antique; music box; ornate,0.0,0.0,,1.0,antique; music box; ornate,0.75,0.25,delivery; label; cardboard; box,delivery; label; box,0.4,0.0,0.0,0,0,"The delivery label, worn and creased from repeated handling, still clings to the side of a vintage, ornate music box, its intricate carvings of leaves and vines now dulled by a fine layer of dust, as a small, antique music box, once a treasured possession of a young girl, now sits on a cluttered, old-fashioned dresser, next to a vase filled with wilted, dead flowers."
steer_alpha_0p77_traj_c8_tok120_seed07_a_delivery_label_on_a_cardboard_box.json,steer_alpha_0p77_traj,experiments/frontier_sweep_model_compare_llama_stock_guard_traj_seed12/steer_alpha_0p77_traj_c8_tok120_seed07_a_delivery_label_on_a_cardboard_box.json,1,6,0,-1.0699513150692823,0.005711435344827587,0.3920893829401089,0.016666666666666666,0.0,0.0,0.08333333333333333,0.7397912885662432,0.05999999999999997,0.9730000000000001,0.0,1.0,7.894736842105263,antique; delicate; music box,0.6666666666666666,5.2631578947368425,antique; music box,0.3333333333333333,2.6315789473684212,delicate,1.0,antique; ballerina; music box,0.75,0.25,delivery; label; cardboard; box,delivery; label; box,0.3,0.0,0.0,0,0,"The delivery label, once torn and tattered, clings to the side of a small, antique music box that sits perched on a dusty, old, wooden mantle, where it has been for decades, its delicate ballerina still twirling to a tune that only the wind can hear."
steer_alpha_0p77_traj_c8_tok120_seed07_a_delivery_label_on_a_cardboard_box.json,steer_alpha_0p77_traj,experiments/frontier_sweep_model_compare_llama_stock_guard_traj_seed12/steer_alpha_0p77_traj_c8_tok120_seed07_a_delivery_label_on_a_cardboard_box.json,1,7,0,-0.26929378755871625,0.005053960245933136,0.42069591392340205,0.013333333333333334,0.0,0.0,0.06666666666666667,0.7011598565390035,0.19999999999999998,0.9100000000000001,0.0,1.0,8.108108108108109,antique; delicate; music box,0.6666666666666666,5.405405405405405,antique; music box,0.3333333333333333,2.7027027027027026,delicate,1.0,antique; ballerina; music box,0.75,0.25,delivery; label; cardboard; box,delivery; label; box,0.45,0.0,0.0,0,0,"The delivery label, weathered and worn, slipped off the box, revealing a small, folded piece of paper, tied with a faded ribbon, tied to a small, antique music box that had been hidden in the box, its delicate ballerina twirling to a soft, forgotten melody."
steer_alpha_0p77_traj_c8_tok120_seed07_a_delivery_label_on_a_cardboard_box.json,steer_alpha_0p77_traj,experiments/frontier_sweep_model_compare_llama_stock_guard_traj_seed12/steer_alpha_0p77_traj_c8_tok120_seed07_a_delivery_label_on_a_cardboard_box.json,1,8,0,-0.91126153004084,0.003932906640368178,0.4255920060331824,0.010256410256410256,0.0,0.0,0.05128205128205128,0.7093200100553041,0.19999999999999998,0.9100000000000001,0.0,1.0,7.8431372549019605,antique; delicate; leather-bound; music box,1.0,5.882352941176471,antique; leather-bound; music box,0.3333333333333333,1.9607843137254901,delicate,1.0,antique; ballerina; leather-bound; music box,0.25,0.75,delivery; label; cardboard; box,box,0.45,0.0,0.0,0,0,"The box creaks open, and a small, leather-bound book falls onto the worn, wooden floor, where it lies next to a dusty, antique music box that had been left there for years, its delicate ballerina twirling once, twice, three times, before coming to a stop, its mirrored surface reflecting the faint, flickering glow of a nearby, forgotten candle."
steer_alpha_0p77_traj_c8_tok120_seed07_a_delivery_label_on_a_cardboard_box.json,steer_alpha_0p77_traj,experiments/frontier_sweep_model_compare_llama_stock_guard_traj_seed12/steer_alpha_0p77_traj_c8_tok120_seed07_a_delivery_label_on_a_cardboard_box.json,2,1,1,-0.9917102324263041,0.0,0.44892,0.0,0.0,0.0,0.0,0.7482,0.19999999999999998,0.8297916666666667,0.0,0.0,0.0,,0.0,0.0,,0.0,0.0,,0.0,,0.75,0.25,delivery; label; cardboard; box; the; attached; held; address; scribbled; return; and; scribble,box; the; and,0.0,0.0,0.0,0,0,"A figure, partially obscured by a tangle of old wires and a discarded typewriter, stands in the doorway, watching the box."
steer_alpha_0p77_traj_c8_tok120_seed07_a_delivery_label_on_a_cardboard_box.json,steer_alpha_0p77_traj,experiments/frontier_sweep_model_compare_llama_stock_guard_traj_seed12/steer_alpha_0p77_traj_c8_tok120_seed07_a_delivery_label_on_a_cardboard_box.json,2,2,0,0.2430214000154256,0.0,0.4187283107517482,0.0,0.0,0.0,0.0,0.6978805179195804,0.19999999999999998,0.9100000000000001,0.0,0.0,0.0,,0.0,0.0,,0.0,0.0,,0.0,,1.0,0.0,delivery; label; cardboard; box; the; attached; held; address; scribbled; return; and; scribble,box; the; address; scribbled; return,0.0,0.0,0.0,0,0,"The box, half-buried in the damp earth, its flaps slightly ajar, a small, bedraggled sparrow perched on the edge, pecking at the scribbled return address."
steer_alpha_0p77_traj_c8_tok120_seed07_a_delivery_label_on_a_cardboard_box.json,steer_alpha_0p77_traj,experiments/frontier_sweep_model_compare_llama_stock_guard_traj_seed12/steer_alpha_0p77_traj_c8_tok120_seed07_a_delivery_label_on_a_cardboard_box.json,2,3,0,0.894135334747012,0.0,0.424010332103321,0.0,0.0,0.0,0.0,0.7066838868388684,0.19999999999999998,0.9100000000000001,0.0,0.3333333333333333,2.2222222222222223,faded photograph,0.3333333333333333,2.2222222222222223,faded photograph,0.0,0.0,,0.0,,1.0,0.0,delivery; label; cardboard; box; the; attached; held; address; scribbled; return; and; scribble,cardboard; box; the; and,0.25,0.0,0.0,0,0,"A faded photograph, yellowed with age, was tacked to the inside of the cardboard box, its corners curled and creased, the faces of two old people smiling back, their eyes sparkling with a mixture of hope and desperation, as they stand in a worn, wooden farmhouse, surrounded by a garden overgrown with weeds and wilting flowers."
steer_alpha_0p77_traj_c8_tok120_seed07_a_delivery_label_on_a_cardboard_box.json,steer_alpha_0p77_traj,experiments/frontier_sweep_model_compare_llama_stock_guard_traj_seed12/steer_alpha_0p77_traj_c8_tok120_seed07_a_delivery_label_on_a_cardboard_box.json,2,4,0,-2.749060344827586,0.0,0.20750431034482758,0.0,0.0,0.0,0.0,0.6916810344827586,0.19999999999999998,0.9100000000000001,0.5,0.0,0.0,,0.0,0.0,,0.0,0.0,,0.0,,0.5,0.5,delivery; label; cardboard; box; the; attached; held; address; scribbled; return; and; scribble,the; and,0.0,0.0,0.0,0,0,"A weathered wooden fence, overgrown with vines, leaned against the side of the old, creaky house at the end of a dirt path, its weathered wooden slats worn smooth in places, where moss and lichen had claimed them."
steer_alpha_0p77_traj_c8_tok120_seed07_a_delivery_label_on_a_cardboard_box.json,steer_alpha_0p77_traj,experiments/frontier_sweep_model_compare_llama_stock_guard_traj_seed12/steer_alpha_0p77_traj_c8_tok120_seed07_a_delivery_label_on_a_cardboard_box.json,2,5,0,0.16405445133540408,0.0044690370528935545,0.38912471646139385,0.013416874995993578,0.0,0.0,0.06708437497996789,0.734197578229045,0.05999999999999997,0.9730000000000001,0.0,0.3333333333333333,2.127659574468085,antique,0.3333333333333333,2.127659574468085,antique,0.0,0.0,,0.375,antique,0.75,0.25,delivery; label; cardboard; box; the; attached; held; address; scribbled; return; and; scribble,box; the; and,0.2,0.0,0.0,0,0,"The box, now empty and worn, sat on a cluttered, dimly lit antique shop, surrounded by vintage trinkets and dusty relics, where a small, wispy woman with sunken eyes and a faded flower pinned to her hair slowly picked it up, her bony fingers closing around it as if it might be the last thing to remind her of a long-forgotten love."
steer_alpha_0p77_traj_c8_tok120_seed07_a_delivery_label_on_a_cardboard_box.json,steer_alpha_0p77_traj,experiments/frontier_sweep_model_compare_llama_stock_guard_traj_seed12/steer_alpha_0p77_traj_c8_tok120_seed07_a_delivery_label_on_a_cardboard_box.json,2,6,0,0.7795983897521459,0.0,0.4472753860441688,0.0,0.0,0.0,0.0,0.7454589767402813,0.19999999999999998,0.9100000000000001,0.0,0.3333333333333333,2.7027027027027026,faint glow,0.0,0.0,,0.3333333333333333,2.7027027027027026,faint glow,0.0,,0.25,0.75,delivery; label; cardboard; box; the; attached; held; address; scribbled; return; and; scribble,the,0.0,0.0,0.0,0,0,"The worn wooden door creaked as it swung open, revealing a dimly lit room where a single, dusty lamp cast a faint glow on a small, old-fashioned typewriter, its keys yellow with age, a sheet of paper with a poem still clamped between its metal jaws."
steer_alpha_0p77_traj_c8_tok120_seed07_a_delivery_label_on_a_cardboard_box.json,steer_alpha_0p77_traj,experiments/frontier_sweep_model_compare_llama_stock_guard_traj_seed12/steer_alpha_0p77_traj_c8_tok120_seed07_a_delivery_label_on_a_cardboard_box.json,2,7,0,-1.1603166904244266,0.004762097726429131,0.4355577188807132,0.013333333333333334,0.0,0.0,0.06666666666666667,0.7259295314678553,0.19999999999999998,0.9100000000000001,0.0,1.0,10.869565217391305,antique; delicate; leather-bound; music box; ornate,1.0,8.695652173913043,antique; leather-bound; music box; ornate,0.3333333333333333,2.1739130434782608,delicate,1.0,antique; ballerina; leather-bound; music box; ornate,0.75,0.25,delivery; label; cardboard; box; the; attached; held; address; scribbled; return; and; scribble,box; the; and,0.0,0.0,0.0,0,0,"As the box teetered on the edge of a dusty antique shop, a small, leather-bound book tumbled out, its worn cover creaking in protest, and landed on the wooden floor with a soft thud, next to an old, ornate music box, its lid slightly ajar, revealing a delicate, mechanical ballerina twirling to a tune only she could hear."
steer_alpha_0p77_traj_c8_tok120_seed07_a_delivery_label_on_a_cardboard_box.json,steer_alpha_0p77_traj,experiments/frontier_sweep_model_compare_llama_stock_guard_traj_seed12/steer_alpha_0p77_traj_c8_tok120_seed07_a_delivery_label_on_a_cardboard_box.json,2,8,0,-0.32022880088242434,0.0025175031907914355,0.41446698872785825,0.007407407407407408,0.0,0.0,0.037037037037037035,0.6907783145464305,0.19999999999999998,0.9100000000000001,0.0,1.0,9.25925925925926,antique; delicate; leather-bound; melancholic; music box,1.0,5.555555555555555,antique; leather-bound; music box,0.6666666666666666,3.7037037037037037,delicate; melancholic,1.0,antique; ballerina; leather-bound; music box,0.75,0.25,delivery; label; cardboard; box; the; attached; held; address; scribbled; return; and; scribble,box; the; and,0.0,0.0,0.0,0,0,"The box, now empty and discarded, lay next to a small, cluttered antique shop, its wooden sign creaking in the gentle breeze, as a small, antique music box, its delicate ballerina twirling to a soft, melancholic tune, sat atop a dusty, old-fashioned cash register, beside a worn, leather-bound book, its pages fluttering open to a page with a single, handwritten note, reading ""For F. W."""
steer_alpha_0p77_traj_c8_tok120_seed07_a_delivery_label_on_a_cardboard_box.json,steer_alpha_0p77_traj,experiments/frontier_sweep_model_compare_llama_stock_guard_traj_seed12/steer_alpha_0p77_traj_c8_tok120_seed07_a_delivery_label_on_a_cardboard_box.json,3,1,1,0.9676216157951825,0.006307598137458714,0.4210405063548689,0.01826948413385228,0.0,0.0,0.0913474206692614,0.7017341772581148,0.19999999999999998,0.9100000000000001,0.0,0.0,0.0,,0.0,0.0,,0.0,0.0,,0.0,,0.75,0.25,delivery; label; cardboard; box; the; attached; held; address; scribbled; return; and; scribble,box; the; and,0.0,0.0,0.0,0,0,"The figure slowly raises an eyebrow, its eyes fixed on the box as it begins to slide off the porch and onto the damp, moss-covered steps, where a small, rusty bicycle leans against the wall, its spokes tangled in a mess of discarded strings and frayed ribbons."
steer_alpha_0p77_traj_c8_tok120_seed07_a_delivery_label_on_a_cardboard_box.json,steer_alpha_0p77_traj,experiments/frontier_sweep_model_compare_llama_stock_guard_traj_seed12/steer_alpha_0p77_traj_c8_tok120_seed07_a_delivery_label_on_a_cardboard_box.json,3,2,0,0.6174751459905996,0.0,0.4296785358211081,0.0,0.0,0.0,0.0,0.7161308930351802,0.19999999999999998,0.9100000000000001,0.0,0.0,0.0,,0.0,0.0,,0.0,0.0,,0.0,,0.75,0.25,delivery; label; cardboard; box; the; attached; held; address; scribbled; return; and; scribble,box; the; and,0.25,0.0,0.0,0,0,"The figure's eyes, cloudy with age and cataracts, regard the box with a mixture of curiosity and trepidation, its worn leather gloves clutching a rusty old hammer. A length of frayed twine, once used to tie up a package, now serves as a makeshift noose, suspended from the figure's neck."
steer_alpha_0p77_traj_c8_tok120_seed07_a_delivery_label_on_a_cardboard_box.json,steer_alpha_0p77_traj,experiments/frontier_sweep_model_compare_llama_stock_guard_traj_seed12/steer_alpha_0p77_traj_c8_tok120_seed07_a_delivery_label_on_a_cardboard_box.json,3,3,0,1.2806140306672116,0.004708252178550626,0.40407692307692306,0.014209598770773994,0.0,0.0,0.07104799385386996,0.6734615384615384,0.19999999999999998,0.9100000000000001,0.0,0.0,0.0,,0.0,0.0,,0.0,0.0,,0.0,,1.0,0.0,delivery; label; cardboard; box; the; attached; held; address; scribbled; return; and; scribble,cardboard; box; the; and,0.0,0.0,0.0,0,0,"The figure slowly raises a bony hand, its fingers curling around the edge of the cardboard box, as if to lift it, but the gesture is halted, frozen in anticipation, as the typewriter, now freed from the tangled wires, clatters to the floor, its metal body cold and still."
steer_alpha_0p77_traj_c8_tok120_seed07_a_delivery_label_on_a_cardboard_box.json,steer_alpha_0p77_traj,experiments/frontier_sweep_model_compare_llama_stock_guard_traj_seed12/steer_alpha_0p77_traj_c8_tok120_seed07_a_delivery_label_on_a_cardboard_box.json,3,4,0,0.8786932392262188,0.0,0.42019225037257824,0.0,0.0,0.0,0.0,0.7003204172876304,0.19999999999999998,0.9100000000000001,0.0,0.0,0.0,,0.0,0.0,,0.0,0.0,,0.0,,0.5,0.5,delivery; label; cardboard; box; the; attached; held; address; scribbled; return; and; scribble,box; the,0.0,0.0,0.0,0,0,"The figure slowly raises a gnarled hand, as if to touch the box, but its fingers hesitate, then hover just above the floor, where a dusty, forgotten broom leans against the wall, its bristles pointing accusingly at the box."
steer_alpha_0p77_traj_c8_tok120_seed07_a_delivery_label_on_a_cardboard_box.json,steer_alpha_0p77_traj,experiments/frontier_sweep_model_compare_llama_stock_guard_traj_seed12/steer_alpha_0p77_traj_c8_tok120_seed07_a_delivery_label_on_a_cardboard_box.json,3,5,0,0.20800700280112028,0.01943230084071315,0.36702500000000005,0.06456761216409845,0.0,0.0,0.32283806082049227,0.6925,0.05999999999999997,0.9730000000000001,0.0,0.3333333333333333,2.857142857142857,ghostly,0.0,0.0,,0.3333333333333333,2.857142857142857,ghostly,0.0,,0.75,0.25,delivery; label; cardboard; box; the; attached; held; address; scribbled; return; and; scribble,box; the; and,0.0,0.0,0.0,0,0,"The figure slowly raises its head, and the wires and typewriter slither down its neck like a snake shedding its skin, as it takes a step forward, its eyes fixed on the box, a faint, ghostly smile spreading across its face."
steer_alpha_0p77_traj_c8_tok120_seed07_a_delivery_label_on_a_cardboard_box.json,steer_alpha_0p77_traj,experiments/frontier_sweep_model_compare_llama_stock_guard_traj_seed12/steer_alpha_0p77_traj_c8_tok120_seed07_a_delivery_label_on_a_cardboard_box.json,3,6,0,-0.48062773597811304,0.0,0.2093154069767442,0.0,0.0,0.0,0.0,0.697718023255814,0.19999999999999998,0.9100000000000001,0.5,0.0,0.0,,0.0,0.0,,0.0,0.0,,0.0,,0.75,0.25,delivery; label; cardboard; box; the; attached; held; address; scribbled; return; and; scribble,box; the; and,0.0,0.0,0.0,0,0,"The figure's eyes, a pair of wire-rimmed glasses perched on the end of its nose, followed the box as it was carried by a bespectacled, tweed-clad man through the doorway and into a cluttered, dimly lit study."
steer_alpha_0p77_traj_c8_tok120_seed07_a_delivery_label_on_a_cardboard_box.json,steer_alpha_0p77_traj,experiments/frontier_sweep_model_compare_llama_stock_guard_traj_seed12/steer_alpha_0p77_traj_c8_tok120_seed07_a_delivery_label_on_a_cardboard_box.json,3,7,0,0.5662549750117194,0.0,0.3878354382459645,0.0,0.0,0.0,0.0,0.6463923970766076,0.19999999999999998,0.9100000000000001,0.0,0.0,0.0,,0.0,0.0,,0.0,0.0,,0.0,,0.5,0.5,delivery; label; cardboard; box; the; attached; held; address; scribbled; return; and; scribble,box; the,0.0,0.0,0.0,0,0,"The figure slowly raises a hand, the fingers curled around a worn leather wallet, its corners creased from years of being stuffed into a back pocket. The wallet teeters on the edge of the doorway, threatening to fall, as the figure's gaze remains fixed on the box, its eyes a deep, unblinking brown."
steer_alpha_0p77_traj_c8_tok120_seed07_a_delivery_label_on_a_cardboard_box.json,steer_alpha_0p77_traj,experiments/frontier_sweep_model_compare_llama_stock_guard_traj_seed12/steer_alpha_0p77_traj_c8_tok120_seed07_a_delivery_label_on_a_cardboard_box.json,3,8,0,1.1900986568679472,0.0030300971909713844,0.38800025006340894,0.009523809523809525,0.0,0.0,0.047619047619047616,0.6466670834390149,0.19999999999999998,0.9100000000000001,0.0,1.0,6.557377049180328,antique; delicate; music box; tiny ballerina,1.0,4.918032786885246,antique; music box; tiny ballerina,0.3333333333333333,1.639344262295082,delicate,1.0,antique; ballerina; music box; tiny ballerina,1.0,0.0,delivery; label; cardboard; box; the; attached; held; address; scribbled; return; and; scribble,delivery; label; box; the; address; scribbled; return; and,0.0,0.0,0.0,0,0,"The figure's eyes, a deep, piercing brown, seemed to hold a mixture of curiosity and wariness as it slowly picked up the box, running its fingers over the delivery label, tracing the scribbled return address with a bony finger. A delicate, antique music box, tucked away in the crook of the figure's arm, began to play a soft, melancholy tune, its tiny ballerina twirling to the rhythm of the figure's gentle, reverent touch."
steer_alpha_0p77_traj_c8_tok120_seed08_i_am_opening_the_fridge.json,steer_alpha_0p77_traj,experiments/frontier_sweep_model_compare_llama_stock_guard_traj_seed12/steer_alpha_0p77_traj_c8_tok120_seed08_i_am_opening_the_fridge.json,1,1,1,0.2617316436122692,0.02260332661465636,0.40459415181365804,0.06666666666666667,0.0,0.0,0.3333333333333333,0.6743235863560968,0.19999999999999998,0.9100000000000001,0.0,0.0,0.0,,0.0,0.0,,0.0,0.0,,0.0,,1.0,0.0,the; fridge,the; fridge,0.1,0.0,0.0,0,0,"A scattering of yesterday's Chinese takeout and a half-empty bottle of ketchup slide to the floor as I push the fridge door open, a faint hum of the refrigerator's compressor fading into the morning's quiet."
steer_alpha_0p77_traj_c8_tok120_seed08_i_am_opening_the_fridge.json,steer_alpha_0p77_traj,experiments/frontier_sweep_model_compare_llama_stock_guard_traj_seed12/steer_alpha_0p77_traj_c8_tok120_seed08_i_am_opening_the_fridge.json,1,2,0,-0.5964420275464903,0.008377591704846877,0.4404107788762961,0.022222222222222223,0.0,0.0,0.1111111111111111,0.7340179647938269,0.19999999999999998,0.9100000000000001,0.0,0.0,0.0,,0.0,0.0,,0.0,0.0,,0.0,,1.0,0.0,the; fridge,the; fridge,0.2,0.0,0.0,0,0,"The fridge door creaks open, revealing a tangle of old photographs, a half-empty bottle of ketchup, and a kitchen towel, all tangled around a solitary, dusty old harmonica."
steer_alpha_0p77_traj_c8_tok120_seed08_i_am_opening_the_fridge.json,steer_alpha_0p77_traj,experiments/frontier_sweep_model_compare_llama_stock_guard_traj_seed12/steer_alpha_0p77_traj_c8_tok120_seed08_i_am_opening_the_fridge.json,1,3,0,-0.39662014863749007,0.0,0.46419636663914116,0.0,0.0,0.0,0.0,0.7736606110652353,0.19999999999999998,0.9100000000000001,0.0,0.3333333333333333,3.4482758620689653,faded photograph,0.3333333333333333,3.4482758620689653,faded photograph,0.0,0.0,,0.0,,0.5,0.5,the; fridge,the,0.4,0.0,0.0,0,0,"The worn wooden door creaks as it swings open, revealing a dimly lit interior where a dusty old typewriter, a half-eaten jar of expired mayonna, and a faded photograph of a couple, arms entwined, gaze back at me."
steer_alpha_0p77_traj_c8_tok120_seed08_i_am_opening_the_fridge.json,steer_alpha_0p77_traj,experiments/frontier_sweep_model_compare_llama_stock_guard_traj_seed12/steer_alpha_0p77_traj_c8_tok120_seed08_i_am_opening_the_fridge.json,1,4,0,-1.7650920528746616,0.0,0.4216541806020067,0.0,0.0,0.0,0.0,0.7027569676700112,0.19999999999999998,0.9100000000000001,0.0,0.0,0.0,,0.0,0.0,,0.0,0.0,,0.0,,0.5,0.5,the; fridge,the,0.0,0.0,0.0,0,0,"The doors creak open, revealing a scattering of last night's leftovers, a half-eaten pizza, a thermos, and a half-empty bottle of ketchup."
steer_alpha_0p77_traj_c8_tok120_seed08_i_am_opening_the_fridge.json,steer_alpha_0p77_traj,experiments/frontier_sweep_model_compare_llama_stock_guard_traj_seed12/steer_alpha_0p77_traj_c8_tok120_seed08_i_am_opening_the_fridge.json,1,5,0,-1.6849130756015591,0.0,0.37128894579598803,0.0,0.0,0.0,0.0,0.7425778915919761,0.0,1.0,0.0,0.6666666666666666,6.0606060606060606,delicate; miniature,0.3333333333333333,3.0303030303030303,miniature,0.3333333333333333,3.0303030303030303,delicate,0.4,miniature,1.0,0.0,the; fridge,the; fridge,0.1,0.0,0.0,0,0,"A miniature, intricately crafted wooden box, adorned with delicate etchings, rises from the cluttered fridge, supported by a slender, silver leg that seems to be made from a broken metal coat hanger, its surface gleaming with a faint, otherworldly sheen."
steer_alpha_0p77_traj_c8_tok120_seed08_i_am_opening_the_fridge.json,steer_alpha_0p77_traj,experiments/frontier_sweep_model_compare_llama_stock_guard_traj_seed12/steer_alpha_0p77_traj_c8_tok120_seed08_i_am_opening_the_fridge.json,1,6,0,-1.1865922512526843,0.01289302299570508,0.4292904438081603,0.03333333333333333,0.0,0.0,0.16666666666666666,0.7154840730136005,0.19999999999999998,0.9100000000000001,0.0,1.0,6.818181818181818,antique; faded photograph; music box,1.0,6.818181818181818,antique; faded photograph; music box,0.0,0.0,,1.0,antique; ballerina; music box,0.5,0.5,the; fridge,the,0.45,0.0,0.0,0,0,"A dusty old harmonica slides out, and a faded photograph of a seaside town falls, landing softly on the worn linoleum, a forgotten postcard from 1952, with a wax seal bearing the name ""Eleanor"" in elegant calligraphy, and a small, antique music box, its ballerina twirling to a tune that's not quite a melody."
steer_alpha_0p77_traj_c8_tok120_seed08_i_am_opening_the_fridge.json,steer_alpha_0p77_traj,experiments/frontier_sweep_model_compare_llama_stock_guard_traj_seed12/steer_alpha_0p77_traj_c8_tok120_seed08_i_am_opening_the_fridge.json,1,7,0,-0.3099763870366429,0.01019334038581137,0.4285316866232359,0.02666666666666667,0.0,0.0,0.13333333333333333,0.7142194777053932,0.19999999999999998,0.9100000000000001,0.0,1.0,6.122448979591836,antique; faded photograph; music box,1.0,6.122448979591836,antique; faded photograph; music box,0.0,0.0,,1.0,antique; music box,0.5,0.5,the; fridge,the,0.4,0.0,0.0,0,0,"The worn wooden door creaks open, revealing a cluttered interior where a faded photograph of a lake at twilight, a half-empty bottle of ketchup, and a coupon for a local diner sit on a shelf, as a torn map of the city is pinned to a magnetic, and a small, antique music box, ticking away, plays a melody that seems to match the creaking of the old door."
steer_alpha_0p77_traj_c8_tok120_seed08_i_am_opening_the_fridge.json,steer_alpha_0p77_traj,experiments/frontier_sweep_model_compare_llama_stock_guard_traj_seed12/steer_alpha_0p77_traj_c8_tok120_seed08_i_am_opening_the_fridge.json,1,8,0,-2.083438279417857,0.0,0.38503346818853884,0.0,0.0,0.0,0.0,0.7264782418651676,0.05999999999999997,0.9730000000000001,0.0,1.0,12.903225806451612,antique; delicate; leather-bound; miniature,1.0,9.67741935483871,antique; leather-bound; miniature,0.3333333333333333,3.225806451612903,delicate,1.0,antique; leather-bound; miniature,0.5,0.5,the; fridge,the,0.4,0.0,0.0,0,0,"The door creaks open, revealing a miniature garden, where a small, antique clock ticks away, surrounded by a miniature, delicate china teacup, a dusty, leather-bound book, and a faded, yellowed photograph of a woman with a kind, enigmatic smile."
steer_alpha_0p77_traj_c8_tok120_seed08_i_am_opening_the_fridge.json,steer_alpha_0p77_traj,experiments/frontier_sweep_model_compare_llama_stock_guard_traj_seed12/steer_alpha_0p77_traj_c8_tok120_seed08_i_am_opening_the_fridge.json,2,1,1,1.0637179590193109,0.18205297679297233,0.4036651370132424,0.55,1.0,0.0,0.0,0.672775228355404,0.19999999999999998,0.9100000000000001,0.0,0.0,0.0,,0.0,0.0,,0.0,0.0,,0.0,,1.0,0.0,the; fridge; scattering; yesterday's; chinese; takeout; and; half-empty; bottle; ketchup; slide; floor,the; takeout; and; ketchup; floor,0.0,0.0,0.0,1,0,"The morning light, now a pale, diffused gold, pours into the kitchen, illuminating the scattered takeout and the ketchup, which has begun to congeal and harden into a strange, pinkish-brown crust on the tile floor, as I stand there, still half-asleep, my gaze fixed on the slowly spreading, dark smudge of ketchup."
steer_alpha_0p77_traj_c8_tok120_seed08_i_am_opening_the_fridge.json,steer_alpha_0p77_traj,experiments/frontier_sweep_model_compare_llama_stock_guard_traj_seed12/steer_alpha_0p77_traj_c8_tok120_seed08_i_am_opening_the_fridge.json,2,2,0,-0.5797975839888803,0.23920655118959067,0.36464413291096137,0.8,1.0,1.0,0.0,0.68800779794521,0.05999999999999997,0.9730000000000001,0.0,0.0,0.0,,0.0,0.0,,0.0,0.0,,0.0,,0.75,0.25,the; fridge; scattering; yesterday's; chinese; takeout; and; half-empty; bottle; ketchup; slide; floor,the; and; ketchup,0.0,0.0,0.0,1,1,"The scattered food, now a mosaic of greasy noodles, congealed meat, and ketchup-stained paper, attracts a small, dust-bunnies, and a forgotten newspaper, its headlines about a new city ordinance that prohibits outdoor dining, now yellowed and curled, like the edges of the newspaper."
steer_alpha_0p77_traj_c8_tok120_seed08_i_am_opening_the_fridge.json,steer_alpha_0p77_traj,experiments/frontier_sweep_model_compare_llama_stock_guard_traj_seed12/steer_alpha_0p77_traj_c8_tok120_seed08_i_am_opening_the_fridge.json,2,3,0,0.9163107222357312,0.007443510627510612,0.40742861555232557,0.01826948413385228,0.0,0.0,0.0913474206692614,0.6790476925872093,0.19999999999999998,0.9100000000000001,0.0,0.0,0.0,,0.0,0.0,,0.0,0.0,,0.0,,1.0,0.0,the; fridge; scattering; yesterday's; chinese; takeout; and; half-empty; bottle; ketchup; slide; floor,the; yesterday's; and; ketchup,1.0,0.0,0.0,0,0,"A faint stain on the kitchen counter, a small puddle of ketchup spreading slowly as it absorbs into the Formica, a nearby newspaper, yesterday's headline now crumpled and soggy, its words blurring together with the spreading stain, a faint smudge of a headline ""Economic Collapse Imminent"" barely legible."
steer_alpha_0p77_traj_c8_tok120_seed08_i_am_opening_the_fridge.json,steer_alpha_0p77_traj,experiments/frontier_sweep_model_compare_llama_stock_guard_traj_seed12/steer_alpha_0p77_traj_c8_tok120_seed08_i_am_opening_the_fridge.json,2,4,0,0.5542654901785429,0.004395700358443166,0.3985112962324848,0.012121212121212123,0.0,0.0,0.06060606060606061,0.664185493720808,0.19999999999999998,0.9100000000000001,0.0,0.0,0.0,,0.0,0.0,,0.0,0.0,,0.0,,0.5,0.5,the; fridge; scattering; yesterday's; chinese; takeout; and; half-empty; bottle; ketchup; slide; floor,the; and,0.5,0.0,0.0,0,0,"As I bend to pick up the scattered food, a faint smudge on the countertop catches my eye, a small, almost imperceptible smudge of bright pink lipstick that seems out of place among the dust motes dancing in the morning light, its edges slowly fading as I reach for it. The lipstick, once a vibrant red, now dull and pale, still clings to the countertop, a fleeting memory of last night's party."
steer_alpha_0p77_traj_c8_tok120_seed08_i_am_opening_the_fridge.json,steer_alpha_0p77_traj,experiments/frontier_sweep_model_compare_llama_stock_guard_traj_seed12/steer_alpha_0p77_traj_c8_tok120_seed08_i_am_opening_the_fridge.json,2,5,0,0.1126615506660349,0.0,0.4027217306993092,0.0,0.0,0.0,0.0,0.6712028844988487,0.19999999999999998,0.9100000000000001,0.0,0.0,0.0,,0.0,0.0,,0.0,0.0,,0.0,,0.75,0.25,the; fridge; scattering; yesterday's; chinese; takeout; and; half-empty; bottle; ketchup; slide; floor,the; takeout; and,0.5,0.0,0.0,0,0,"The morning light, still a little too pale to be called a dawn, creeps across the kitchen, casting an uneven glow on the scattered takeout, and on the worn, vinyl countertop, a faint lipstick kiss remains, its crimson a stark contrast to the dull, beige of the countertop."
steer_alpha_0p77_traj_c8_tok120_seed08_i_am_opening_the_fridge.json,steer_alpha_0p77_traj,experiments/frontier_sweep_model_compare_llama_stock_guard_traj_seed12/steer_alpha_0p77_traj_c8_tok120_seed08_i_am_opening_the_fridge.json,2,6,0,0.15966704036064727,0.0074038934557601015,0.3618393988848089,0.023252070715811993,0.0,0.0,0.11626035357905996,0.6030656648080149,0.19999999999999998,0.9100000000000001,0.0,0.0,0.0,,0.0,0.0,,0.0,0.0,,0.0,,0.5,0.5,the; fridge; scattering; yesterday's; chinese; takeout; and; half-empty; bottle; ketchup; slide; floor,the; and,0.3333333333333333,0.0,0.0,0,0,"A faint smudge on the kitchen counter, a faint smudge that wasn't there before, a smudge that now mirrors the faint smudge on the kitchen table, where a cup of cold coffee had long since evaporated, leaving behind a faint ring of sticky sweetness, a sweet residue that clings to the Formica like a damp, slow-moving thing, pooling around the edge of a cup that had belonged to someone else, someone who had long since left the apartment, leaving behind only a small, crumpled up receipt and a faint scent of cigarette smoke."
steer_alpha_0p77_traj_c8_tok120_seed08_i_am_opening_the_fridge.json,steer_alpha_0p77_traj,experiments/frontier_sweep_model_compare_llama_stock_guard_traj_seed12/steer_alpha_0p77_traj_c8_tok120_seed08_i_am_opening_the_fridge.json,2,7,0,-0.4067021181250563,0.006185331653852289,0.4396893854748603,0.015985798617120746,0.0,0.0,0.07992899308560372,0.7328156424581005,0.19999999999999998,0.9100000000000001,0.0,0.3333333333333333,3.3333333333333335,delicate,0.0,0.0,,0.3333333333333333,3.3333333333333335,delicate,0.0,,0.5,0.5,the; fridge; scattering; yesterday's; chinese; takeout; and; half-empty; bottle; ketchup; slide; floor,the; and,0.3333333333333333,0.0,0.0,0,0,"A faint smudge on the kitchen counter, a small, delicate tea infuser, once a vibrant red, now dull and faded, slowly dissolving into the Formica, a single, forgotten spoon still clutched in its delicate metal curves."
steer_alpha_0p77_traj_c8_tok120_seed08_i_am_opening_the_fridge.json,steer_alpha_0p77_traj,experiments/frontier_sweep_model_compare_llama_stock_guard_traj_seed12/steer_alpha_0p77_traj_c8_tok120_seed08_i_am_opening_the_fridge.json,2,8,0,0.6796370803646281,0.0,0.41330637110980617,0.0,0.0,0.0,0.0,0.688843951849677,0.19999999999999998,0.9100000000000001,0.0,1.0,8.88888888888889,crystal; delicate; fog; miniature,0.6666666666666666,4.444444444444445,crystal; miniature,0.6666666666666666,4.444444444444445,delicate; fog,0.75,crystal; miniature,0.5,0.5,the; fridge; scattering; yesterday's; chinese; takeout; and; half-empty; bottle; ketchup; slide; floor,the; and,0.5,0.0,0.0,0,0,"As I stand there, a faint scent of soy sauce and sesame oil wafts out, mingling with the morning's dampness, a faint trail of condensation on the kitchen window, like a slow-moving tendril of fog, leaving behind a tiny, delicate crystal of ice, a miniature replica of the frost that will soon cover the entire window."
steer_alpha_0p77_traj_c8_tok120_seed08_i_am_opening_the_fridge.json,steer_alpha_0p77_traj,experiments/frontier_sweep_model_compare_llama_stock_guard_traj_seed12/steer_alpha_0p77_traj_c8_tok120_seed08_i_am_opening_the_fridge.json,3,1,1,1.0391395564751271,0.1649703521371845,0.3990413677980677,0.5041666666666668,0.9166666666666667,0.0,0.0,0.6650689463301128,0.19999999999999998,0.9100000000000001,0.0,0.0,0.0,,0.0,0.0,,0.0,0.0,,0.0,,1.0,0.0,the; fridge; scattering; yesterday's; chinese; takeout; and; half-empty; bottle; ketchup; slide; floor,the; chinese; takeout; and; ketchup; floor,0.0,0.0,0.0,1,0,"The dark smudge of ketchup, now a small, irregular shape, slowly begins to take on the outline of a tiny, crude face, its mouth twisted into a macabre grin as it seems to be watching me, while the scattered Chinese takeout, once a vibrant mix of colors and textures, begins to blend into the tile floor, merging with the ketchup's spreading tendrils, forming a strange, amorphous mass that appears to be slowly transforming into a new, organic shape."
steer_alpha_0p77_traj_c8_tok120_seed08_i_am_opening_the_fridge.json,steer_alpha_0p77_traj,experiments/frontier_sweep_model_compare_llama_stock_guard_traj_seed12/steer_alpha_0p77_traj_c8_tok120_seed08_i_am_opening_the_fridge.json,3,2,0,1.054879484522125,0.008591140211640272,0.4030674546237176,0.021314398156160992,0.0,0.0,0.10657199078080495,0.6717790910395294,0.19999999999999998,0.9100000000000001,0.0,0.0,0.0,,0.0,0.0,,0.0,0.0,,0.0,,1.0,0.0,the; fridge; scattering; yesterday's; chinese; takeout; and; half-empty; bottle; ketchup; slide; floor,the; yesterday's; ketchup; floor,1.0,0.0,0.0,0,0,"The dark smudge of ketchup slowly begins to seep into the cracks between the tiles, forming a faint, crimson-colored rivulet that flows across the floor, joining a small puddle of yesterday's soy sauce that has been there since the night before, its surface reflecting the pale morning light like a tiny, dark mirror."
steer_alpha_0p77_traj_c8_tok120_seed08_i_am_opening_the_fridge.json,steer_alpha_0p77_traj,experiments/frontier_sweep_model_compare_llama_stock_guard_traj_seed12/steer_alpha_0p77_traj_c8_tok120_seed08_i_am_opening_the_fridge.json,3,3,0,-0.0988668246530493,0.0,0.20685319029850746,0.0,0.0,0.0,0.0,0.6895106343283582,0.19999999999999998,0.9100000000000001,0.5,0.0,0.0,,0.0,0.0,,0.0,0.0,,0.0,,1.0,0.0,the; fridge; scattering; yesterday's; chinese; takeout; and; half-empty; bottle; ketchup; slide; floor,the; chinese; takeout; and; ketchup; floor,0.0,0.0,0.0,0,0,"The remnants of the Chinese takeout spill onto the tile floor, a tangled mess of noodles, vegetables, and a few remaining, congealed dumplings, as I slowly bend down to investigate, my eyes never leaving the spreading ketchup stain, which is now a small, dark lake, its surface broken by a few stray sesame seeds and a forgotten fortune cookie, its message still legible, ""Marriage is an journey, not a destination,"" as I stare, transfixed, my breath misting in the cool morning air."
steer_alpha_0p77_traj_c8_tok120_seed08_i_am_opening_the_fridge.json,steer_alpha_0p77_traj,experiments/frontier_sweep_model_compare_llama_stock_guard_traj_seed12/steer_alpha_0p77_traj_c8_tok120_seed08_i_am_opening_the_fridge.json,3,4,0,0.7998088073466236,0.0,0.3596301008345101,0.0,0.0,0.0,0.0,0.5993835013908502,0.19999999999999998,0.9100000000000001,0.0,0.3333333333333333,1.3513513513513513,mournful,0.0,0.0,,0.3333333333333333,1.3513513513513513,mournful,0.0,,1.0,0.0,the; fridge; scattering; yesterday's; chinese; takeout; and; half-empty; bottle; ketchup; slide; floor,the; and; ketchup; floor,0.16666666666666666,0.0,0.0,0,0,"The ketchup's dark smudge spreads, as if it's being drawn towards a small, dusty, old-fashioned toaster, its cord frayed and tangled on the floor, where it had lain undisturbed for years, until the morning light catches the toaster's rusty metal and sends a tiny, faint, forgotten melody, a soft, mournful tune that seems to be calling to the ketchup's dark, congealed form, which now appears to be moving, ever so slowly, towards the toaster, as if it's being drawn to the toaster's warm, humming body."
steer_alpha_0p77_traj_c8_tok120_seed08_i_am_opening_the_fridge.json,steer_alpha_0p77_traj,experiments/frontier_sweep_model_compare_llama_stock_guard_traj_seed12/steer_alpha_0p77_traj_c8_tok120_seed08_i_am_opening_the_fridge.json,3,5,0,0.9952885487412118,0.0,0.4155109794353434,0.0,0.0,0.0,0.0,0.6925182990589056,0.19999999999999998,0.9100000000000001,0.0,0.3333333333333333,2.0833333333333335,miniature,0.3333333333333333,2.0833333333333335,miniature,0.0,0.0,,0.4,miniature,0.75,0.25,the; fridge; scattering; yesterday's; chinese; takeout; and; half-empty; bottle; ketchup; slide; floor,the; and; ketchup,1.0,0.0,0.0,0,0,"The dark smudge of ketchup slowly takes on a life of its own, forming a small, irregular shape that seems to be crawling across the tile, its tendrils of ketchup stretching and flexing like some sort of miniature, edible octopus, as I remain transfixed, my eyes fixed on the twitching, quivering mass, its pinkish-brown crust glistening with a faint, sticky sheen."
steer_alpha_0p77_traj_c8_tok120_seed08_i_am_opening_the_fridge.json,steer_alpha_0p77_traj,experiments/frontier_sweep_model_compare_llama_stock_guard_traj_seed12/steer_alpha_0p77_traj_c8_tok120_seed08_i_am_opening_the_fridge.json,3,6,0,0.36188057589175365,0.0030630886000282543,0.1460465782763896,0.025577277787393195,0.0,0.0,0.12788638893696597,0.40568493965663777,0.19999999999999998,0.9100000000000001,0.0,0.0,0.0,,0.0,0.0,,0.0,0.0,,0.0,,0.5,0.5,the; fridge; scattering; yesterday's; chinese; takeout; and; half-empty; bottle; ketchup; slide; floor,the; and,0.0,0.4,0.0,0,0,"As I stand there, my eyes unfocus, and my thoughts begin to unfurl like a map, unrolling from the creases of the newspaper I had been reading on the kitchen counter, where a half-eaten box of donuts lies next to a crumpled up copy of the same morning's newspap"
steer_alpha_0p77_traj_c8_tok120_seed08_i_am_opening_the_fridge.json,steer_alpha_0p77_traj,experiments/frontier_sweep_model_compare_llama_stock_guard_traj_seed12/steer_alpha_0p77_traj_c8_tok120_seed08_i_am_opening_the_fridge.json,3,7,0,0.13492850619933666,0.0,0.1366302518035524,0.0,0.0,0.0,0.0,0.42965487988538487,0.05999999999999997,0.9730000000000001,0.0,0.0,0.0,,0.0,0.0,,0.0,0.0,,0.0,,1.0,0.0,the; fridge; scattering; yesterday's; chinese; takeout; and; half-empty; bottle; ketchup; slide; floor,the; chinese; takeout; and; ketchup; slide; floor,0.0,0.4,0.0,0,0,"The dark smudge of ketchup slowly merges with the morning light, its edges blurring and becoming indistinguishable from the tile floor as I stand there, my eyes fixed on it, the still-warm Chinese takeout, now dry and congealed, begins to slowly slide across t"
steer_alpha_0p77_traj_c8_tok120_seed08_i_am_opening_the_fridge.json,steer_alpha_0p77_traj,experiments/frontier_sweep_model_compare_llama_stock_guard_traj_seed12/steer_alpha_0p77_traj_c8_tok120_seed08_i_am_opening_the_fridge.json,3,8,0,0.270263446576732,0.06727388175197167,0.14916603492676647,0.55,1.0,0.0,0.0,0.41435009701879577,0.19999999999999998,0.9100000000000001,0.0,0.3333333333333333,2.6315789473684212,antique,0.3333333333333333,2.6315789473684212,antique,0.0,0.0,,0.375,antique,1.0,0.0,the; fridge; scattering; yesterday's; chinese; takeout; and; half-empty; bottle; ketchup; slide; floor,the; chinese; takeout; and; ketchup,0.0,0.4,0.0,2,0,"The ketchup, now a small, quivering pool, begins to attract a small, dusty, antique fly, which lands on its surface, its tiny legs tapping weakly as it surveys its surroundings, the morning's stillness, and the half-eaten Chinese takeout, now a tangled mess of"
steer_alpha_0p77_traj_c8_tok120_seed09_i_am_waiting_for_the_printer.json,steer_alpha_0p77_traj,experiments/frontier_sweep_model_compare_llama_stock_guard_traj_seed12/steer_alpha_0p77_traj_c8_tok120_seed09_i_am_waiting_for_the_printer.json,1,1,1,-2.6996229501828264,0.049430007784085114,0.10960090417757232,0.55,1.0,0.0,0.0,0.304446956048812,0.19999999999999998,0.9100000000000001,0.0,0.0,0.0,,0.0,0.0,,0.0,0.0,,0.0,,1.0,0.0,waiting; for; the; printer,waiting; for; the; printer,0.0,0.0,0.4,1,0,"The printer, now a weather vane, stands at the edge of a frozen lake, its metal tips pointing towards a distant lighthouse, where a lone seagull clings to the door, its beak grasping a torn piece of paper with a single, typed sentence: ""I am waiting for a better ink."""
steer_alpha_0p77_traj_c8_tok120_seed09_i_am_waiting_for_the_printer.json,steer_alpha_0p77_traj,experiments/frontier_sweep_model_compare_llama_stock_guard_traj_seed12/steer_alpha_0p77_traj_c8_tok120_seed09_i_am_waiting_for_the_printer.json,1,2,0,0.598571093556435,0.0,0.4404663532177491,0.0,0.0,0.0,0.0,0.7341105886962485,0.19999999999999998,0.9100000000000001,0.0,0.3333333333333333,2.4390243902439024,ethereal,0.0,0.0,,0.3333333333333333,2.4390243902439024,ethereal,0.0,,0.5,0.5,waiting; for; the; printer,the; printer,0.2,0.0,0.0,0,0,"The printer, once a steady heartbeat of the office, now sits idle, its metal exterior covered in a thick layer of dust, a forgotten relic of a bygone era, as a nearby, sleek, silver laptop, once a constant hum of productivity, has taken its place, its screen glowing softly with a gentle, ethereal light."
steer_alpha_0p77_traj_c8_tok120_seed09_i_am_waiting_for_the_printer.json,steer_alpha_0p77_traj,experiments/frontier_sweep_model_compare_llama_stock_guard_traj_seed12/steer_alpha_0p77_traj_c8_tok120_seed09_i_am_waiting_for_the_printer.json,1,3,0,-0.4077306052855929,0.0,0.4349565217391304,0.0,0.0,0.0,0.0,0.724927536231884,0.19999999999999998,0.9100000000000001,0.0,0.3333333333333333,2.7777777777777777,delicate,0.0,0.0,,0.3333333333333333,2.7777777777777777,delicate,0.0,,0.5,0.5,waiting; for; the; printer,the; printer,0.1,0.0,0.0,0,0,"The printer, once a busy, humming thing, now sits idle, its metal exterior covered in a thick layer of dust and cobwebs, but a small, delicate flower has sprouted from a ventilation grille, its petals a vibrant purple, its stem a thin, tendril of green."
steer_alpha_0p77_traj_c8_tok120_seed09_i_am_waiting_for_the_printer.json,steer_alpha_0p77_traj,experiments/frontier_sweep_model_compare_llama_stock_guard_traj_seed12/steer_alpha_0p77_traj_c8_tok120_seed09_i_am_waiting_for_the_printer.json,1,4,0,0.46710131827787005,0.19620376614405138,0.40816260899532214,0.55,1.0,0.0,0.0,0.6802710149922035,0.19999999999999998,0.9100000000000001,0.0,0.6666666666666666,3.7735849056603774,antique; ghostly,0.3333333333333333,1.8867924528301887,antique,0.3333333333333333,1.8867924528301887,ghostly,0.375,antique,0.5,0.5,waiting; for; the; printer,the; printer,0.3,0.0,0.0,1,0,"The printer, now a large, metallic spider, sits atop a Victorian-era desk, its metal legs splayed out like a mechanical spider, ink cartridges and paper rolls entwined around its belly, as a small, antique typewriter, once a faithful companion to a bygone writer, sits beside it, its keys yellowed with age, awaiting the printer's first printout of a poem, penned by a ghostly hand."
steer_alpha_0p77_traj_c8_tok120_seed09_i_am_waiting_for_the_printer.json,steer_alpha_0p77_traj,experiments/frontier_sweep_model_compare_llama_stock_guard_traj_seed12/steer_alpha_0p77_traj_c8_tok120_seed09_i_am_waiting_for_the_printer.json,1,5,0,-0.4315098461845329,0.0755946390668988,0.4149276929915543,0.20220588235294118,0.0,0.8088235294117647,0.0,0.6915461549859239,0.19999999999999998,0.9100000000000001,0.0,0.6666666666666666,2.9411764705882355,antique; faded photograph,0.6666666666666666,2.9411764705882355,antique; faded photograph,0.0,0.0,,0.375,antique,1.0,0.0,waiting; for; the; printer,waiting; for; the; printer,0.45,0.0,0.0,0,1,"The printer, once a faithful companion in my small apartment, now sits in a dusty antique shop, its metal exterior covered in a thin layer of dust, a vintage typewriter perches beside it, its keys yellowed with age, waiting for a new owner who will breathe life back into both, a small, forgotten globe, once a gift from a traveler, now sits on a nearby shelf, its surface cracked and worn, a faded photograph of a city, where the printer and typewriter once stood, is taped to its base."
steer_alpha_0p77_traj_c8_tok120_seed09_i_am_waiting_for_the_printer.json,steer_alpha_0p77_traj,experiments/frontier_sweep_model_compare_llama_stock_guard_traj_seed12/steer_alpha_0p77_traj_c8_tok120_seed09_i_am_waiting_for_the_printer.json,1,6,0,-0.44968975698387487,0.0,0.154547027027027,0.0,0.0,0.0,0.0,0.42929729729729726,0.19999999999999998,0.9100000000000001,0.0,0.0,0.0,,0.0,0.0,,0.0,0.0,,0.0,,0.5,0.5,waiting; for; the; printer,the; printer,0.3,0.4,0.0,0,0,"The printer, once a faithful servant to the office, now sits idle, its metal body coated in a thick layer of dust, its inkjet head clogged with a tangle of forgotten paper and torn paper clips, a small, forlorn plant clutched in one of its mechanical arms, as"
steer_alpha_0p77_traj_c8_tok120_seed09_i_am_waiting_for_the_printer.json,steer_alpha_0p77_traj,experiments/frontier_sweep_model_compare_llama_stock_guard_traj_seed12/steer_alpha_0p77_traj_c8_tok120_seed09_i_am_waiting_for_the_printer.json,1,7,0,-0.6700991029818235,0.0,0.21806405089040978,0.0,0.0,0.0,0.0,0.6057334746955827,0.19999999999999998,0.9100000000000001,0.0,0.3333333333333333,2.6315789473684212,leather-bound,0.3333333333333333,2.6315789473684212,leather-bound,0.0,0.0,,0.5,leather-bound,1.0,0.0,waiting; for; the; printer,waiting; for; the; printer,0.45,0.4,0.0,0,0,"The printer, a old and worn machine, sits atop an ancient, moss-covered stone, covered in a thick layer of dust, its metal cold and still, as if waiting for a long-forgotten password, a small, leather-bound book lies beside it, its pages dry and cracked, a sma"
steer_alpha_0p77_traj_c8_tok120_seed09_i_am_waiting_for_the_printer.json,steer_alpha_0p77_traj,experiments/frontier_sweep_model_compare_llama_stock_guard_traj_seed12/steer_alpha_0p77_traj_c8_tok120_seed09_i_am_waiting_for_the_printer.json,1,8,0,0.546958286717053,0.00915507936074304,0.4278820266272189,0.02374724747911812,0.0,0.0,0.1187362373955906,0.7131367110453649,0.19999999999999998,0.9100000000000001,0.0,1.0,7.142857142857143,antique; delicate; music box; velvet,1.0,5.357142857142857,antique; music box; velvet,0.3333333333333333,1.7857142857142858,delicate,1.0,antique; ballerina; music box; velvet,0.5,0.5,waiting; for; the; printer,the; printer,0.45,0.0,0.0,0,0,"The printer, once a faithful servant of the office, now sits in a dusty antique shop, its metal exterior coated in a thick layer of grime, its glass window a murky mirror reflecting the faded portrait of a long-dead CEO, its innards a tangle of wires and broken paper, as a small, velvet-covered music box, a rare Stradivius, rests beside it, its delicate ballerina twirling to the tune of a forgotten melody."
steer_alpha_0p77_traj_c8_tok120_seed09_i_am_waiting_for_the_printer.json,steer_alpha_0p77_traj,experiments/frontier_sweep_model_compare_llama_stock_guard_traj_seed12/steer_alpha_0p77_traj_c8_tok120_seed09_i_am_waiting_for_the_printer.json,2,1,1,1.032421167832889,0.0,0.393538225599707,0.0,0.0,0.0,0.0,0.6558970426661784,0.19999999999999998,0.9100000000000001,0.0,0.0,0.0,,0.0,0.0,,0.0,0.0,,0.0,,0.75,0.25,waiting; for; the; printer; now; weather; vane; stands; edge; frozen; lake; its,the; printer; its,0.2,0.0,0.0,0,0,"As the printer's metal tips slowly rotate, the seagull, sensing a change in the wind, loosens its grip on the paper, letting it flutter gently towards the printer, where a small, dusty bottle of ink, adorned with a faded label, is discovered, its cap slightly ajar, as if inviting the printer to drink from it."
steer_alpha_0p77_traj_c8_tok120_seed09_i_am_waiting_for_the_printer.json,steer_alpha_0p77_traj,experiments/frontier_sweep_model_compare_llama_stock_guard_traj_seed12/steer_alpha_0p77_traj_c8_tok120_seed09_i_am_waiting_for_the_printer.json,2,2,0,-0.03239024654237599,0.0,0.2902934511434512,0.0,0.0,0.0,0.0,0.5477234927234927,0.05999999999999997,0.9730000000000001,0.0,0.0,0.0,,0.0,0.0,,0.0,0.0,,0.0,,1.0,0.0,waiting; for; the; printer; now; weather; vane; stands; edge; frozen; lake; its,the; printer; now; its,0.0,0.0,0.0,0,0,"The seagull, still clutching the paper, takes flight and soars towards the printer, which slowly begins to move, its metal tips ceasing to point towards the lighthouse as it drifts towards the seagull, now hovering above the printer, the paper fluttering in the wind."
steer_alpha_0p77_traj_c8_tok120_seed09_i_am_waiting_for_the_printer.json,steer_alpha_0p77_traj,experiments/frontier_sweep_model_compare_llama_stock_guard_traj_seed12/steer_alpha_0p77_traj_c8_tok120_seed09_i_am_waiting_for_the_printer.json,2,3,0,-0.5850258328132316,0.0039032107424108466,0.3419869225243148,0.013333333333333334,0.0,0.0,0.06666666666666667,0.6452583443854996,0.05999999999999997,0.9730000000000001,0.0,0.3333333333333333,1.9230769230769231,antique,0.3333333333333333,1.9230769230769231,antique,0.0,0.0,,0.375,antique,1.0,0.0,waiting; for; the; printer; now; weather; vane; stands; edge; frozen; lake; its,the; printer; now; its,0.2,0.0,0.0,0,0,"The seagull's talons slowly release their grip, and it takes to the sky, the paper fluttering free, carried by the wind towards the printer, which begins to move, its metal tips now pointing towards a small, cluttered antique shop, its windows fogged with condensation, a sign creaking in the wind: ""Second-hand wonders and forgotten memories""."
steer_alpha_0p77_traj_c8_tok120_seed09_i_am_waiting_for_the_printer.json,steer_alpha_0p77_traj,experiments/frontier_sweep_model_compare_llama_stock_guard_traj_seed12/steer_alpha_0p77_traj_c8_tok120_seed09_i_am_waiting_for_the_printer.json,2,4,0,0.455074839184048,0.14041183453300027,0.37117456576765295,0.46132995184704556,0.8208955223880596,0.0,0.04918707266806383,0.6186242762794216,0.19999999999999998,0.9100000000000001,0.0,0.3333333333333333,1.492537313432836,leather-bound,0.3333333333333333,1.492537313432836,leather-bound,0.0,0.0,,0.5,leather-bound,1.0,0.0,waiting; for; the; printer; now; weather; vane; stands; edge; frozen; lake; its,the; printer; now; weather; vane; lake; its,0.0,0.0,0.0,1,0,"The seagull, still clutched on the lighthouse door, slowly unravels, releasing a fluttering bundle of papers that twirls onto the snow-covered lake, where the printer, now a weather vane, continues to swing gently, its metal tips casting an eerie shadow on the ice, as the lighthouse door slowly creaks open, and a figure in a long coat and hat steps out into the frosty air, its eyes fixed on the printer, its hands grasping a peculiar, leather-bound book."
steer_alpha_0p77_traj_c8_tok120_seed09_i_am_waiting_for_the_printer.json,steer_alpha_0p77_traj,experiments/frontier_sweep_model_compare_llama_stock_guard_traj_seed12/steer_alpha_0p77_traj_c8_tok120_seed09_i_am_waiting_for_the_printer.json,2,5,0,0.12520829291236724,0.0,0.5081149068322981,0.0,0.0,0.0,0.0,0.8468581780538302,0.19999999999999998,0.9100000000000001,0.0,0.3333333333333333,3.5714285714285716,leather-bound,0.3333333333333333,3.5714285714285716,leather-bound,0.0,0.0,,0.5,leather-bound,1.0,0.0,waiting; for; the; printer; now; weather; vane; stands; edge; frozen; lake; its,the; printer; now; its,0.0,0.0,0.0,0,0,"The seagull, now perched on the printer's base, pecks at the frost, slowly uncovering a small, leather-bound book, its cover embossed with the phrase ""Ink of the Sea""."
steer_alpha_0p77_traj_c8_tok120_seed09_i_am_waiting_for_the_printer.json,steer_alpha_0p77_traj,experiments/frontier_sweep_model_compare_llama_stock_guard_traj_seed12/steer_alpha_0p77_traj_c8_tok120_seed09_i_am_waiting_for_the_printer.json,2,6,0,-0.78249761262038,0.04094451827510266,0.08912408398331216,0.5602564102564103,1.0,0.0,0.05128205128205128,0.2475668999536449,0.19999999999999998,0.9100000000000001,0.0,0.6666666666666666,3.7037037037037037,delicate; leather-bound,0.3333333333333333,1.8518518518518519,leather-bound,0.3333333333333333,1.8518518518518519,delicate,0.5,leather-bound,1.0,0.0,waiting; for; the; printer; now; weather; vane; stands; edge; frozen; lake; its,waiting; for; the; printer; now; frozen; lake; its,0.0,0.0,0.4,1,0,"As the wind howls, the seagull's feathers ruffle, releasing a small, leather-bound book that falls onto the snow, where it lands beside the printer, now a makeshift sled, which glides across the frozen lake, leaving a trail of cracks and tiny, intricate ice sculptures in its wake, each one bearing a single, delicate print: ""I am waiting for a sweeter ink."""
steer_alpha_0p77_traj_c8_tok120_seed09_i_am_waiting_for_the_printer.json,steer_alpha_0p77_traj,experiments/frontier_sweep_model_compare_llama_stock_guard_traj_seed12/steer_alpha_0p77_traj_c8_tok120_seed09_i_am_waiting_for_the_printer.json,2,7,0,0.6256997216111972,0.008263311968357029,0.3527023401128,0.02857142857142857,0.0,0.0,0.14285714285714285,0.5878372335213333,0.19999999999999998,0.9100000000000001,0.0,0.6666666666666666,2.816901408450704,crystal; leather-bound,0.6666666666666666,2.816901408450704,crystal; leather-bound,0.0,0.0,,0.85,crystal; leather-bound,1.0,0.0,waiting; for; the; printer; now; weather; vane; stands; edge; frozen; lake; its,the; printer; frozen; lake,0.0,0.0,0.0,0,0,"The seagull's talons slowly release the paper, and it gently floats away, carried by the wind, which rustles through the frozen lake's surface, creating a thin, crystal-like film of ice that reflects the lighthouse's beam, illuminating the printer's shadow, which stretches across the snow, where a small, leather-bound book lies open, revealing a page with a single, handwritten sentence: ""The printer's metal heart beats in time with the lighthouse's steady pulse."""
steer_alpha_0p77_traj_c8_tok120_seed09_i_am_waiting_for_the_printer.json,steer_alpha_0p77_traj,experiments/frontier_sweep_model_compare_llama_stock_guard_traj_seed12/steer_alpha_0p77_traj_c8_tok120_seed09_i_am_waiting_for_the_printer.json,2,8,0,1.0758042569724615,0.0,0.4998156593406593,0.0,0.0,0.0,0.0,0.8330260989010989,0.19999999999999998,0.9100000000000001,0.0,1.0,8.571428571428571,antique; delicate; leather-bound,0.6666666666666666,5.714285714285714,antique; leather-bound,0.3333333333333333,2.857142857142857,delicate,0.875,antique; leather-bound,1.0,0.0,waiting; for; the; printer; now; weather; vane; stands; edge; frozen; lake; its,the; printer; frozen; its,0.1,0.0,0.0,0,0,"A delicate, antique typewriter, half-buried in the snow, its keys frozen in a frozen, eerie smile, and a small, leather-bound book, its pages fluttering in the wind, revealing a single, handwritten line: ""the printer's patience is a patient thing."""
steer_alpha_0p77_traj_c8_tok120_seed09_i_am_waiting_for_the_printer.json,steer_alpha_0p77_traj,experiments/frontier_sweep_model_compare_llama_stock_guard_traj_seed12/steer_alpha_0p77_traj_c8_tok120_seed09_i_am_waiting_for_the_printer.json,3,1,1,0.877554212878872,0.1569166651409808,0.40486460669311714,0.47265625000000006,0.859375,0.0,0.0,0.6747743444885286,0.19999999999999998,0.9100000000000001,0.0,0.3333333333333333,1.5625,mournful,0.0,0.0,,0.3333333333333333,1.5625,mournful,0.0,,1.0,0.0,waiting; for; the; printer; now; weather; vane; stands; edge; frozen; lake; its,the; printer; now; its,0.0,0.0,0.0,1,0,"The printer, now holding the bottle in its metal maw, slowly tilts its head, as if in curiosity, and the seagull, watching from a few feet away, lets out a mournful cry, its gaze fixed on the bottle, while the lighthouse, now a giant, dark shape looming in the distance, begins to change color, its windows transforming into a kaleidoscope of hues, a mesmerizing display of prismatic colors that seem to dance in harmony with the printer's gentle sway."
steer_alpha_0p77_traj_c8_tok120_seed09_i_am_waiting_for_the_printer.json,steer_alpha_0p77_traj,experiments/frontier_sweep_model_compare_llama_stock_guard_traj_seed12/steer_alpha_0p77_traj_c8_tok120_seed09_i_am_waiting_for_the_printer.json,3,2,0,1.0848096161958927,0.1576270714912281,0.38127894736842105,0.5041666666666668,0.9166666666666667,0.0,0.0,0.6354649122807018,0.19999999999999998,0.9100000000000001,0.0,0.0,0.0,,0.0,0.0,,0.0,0.0,,0.0,,1.0,0.0,waiting; for; the; printer; now; weather; vane; stands; edge; frozen; lake; its,the; printer; now; its,0.0,0.0,0.0,1,0,"The printer, now with a faint smudge of ink on its metal tips, begins to print a new page, the typed sentence "" Ink is not just a color, but a state of mind"" materializing in small, crimson letters, as the seagull, now perched on the printer's base, watches with an unblinking gaze, the bottle of ink still open, its cap slightly ajar, as if the printer, now a vessel, is about to be filled with a new, vibrant substance."
steer_alpha_0p77_traj_c8_tok120_seed09_i_am_waiting_for_the_printer.json,steer_alpha_0p77_traj,experiments/frontier_sweep_model_compare_llama_stock_guard_traj_seed12/steer_alpha_0p77_traj_c8_tok120_seed09_i_am_waiting_for_the_printer.json,3,3,0,0.9765031857591306,0.19035819148017447,0.4010816494723501,0.5215517241379312,0.9482758620689656,0.0,0.0,0.6684694157872502,0.19999999999999998,0.9100000000000001,0.0,0.6666666666666666,3.4482758620689653,antique; delicate,0.3333333333333333,1.7241379310344827,antique,0.3333333333333333,1.7241379310344827,delicate,0.375,antique,1.0,0.0,waiting; for; the; printer; now; weather; vane; stands; edge; frozen; lake; its,for; the; printer; now; its,0.5,0.0,0.0,1,0,"The printer, now a tiny, delicate teacup, sits on a table in a cluttered, old antique shop, surrounded by vintage typewriters, dusty books, and faded photographs, as the seagull, now perched on a nearby shelf, watches with interest, its beak dipping slightly towards the teacup, where a small, steaming cup of tea, adorned with a saucer and a sugar cube, is placed, the cup bearing an inscription: ""For the printer, a new brew."""
steer_alpha_0p77_traj_c8_tok120_seed09_i_am_waiting_for_the_printer.json,steer_alpha_0p77_traj,experiments/frontier_sweep_model_compare_llama_stock_guard_traj_seed12/steer_alpha_0p77_traj_c8_tok120_seed09_i_am_waiting_for_the_printer.json,3,4,0,0.3905842026177067,0.0,0.15612512413108243,0.0,0.0,0.0,0.0,0.4336809003641179,0.19999999999999998,0.9100000000000001,0.0,0.0,0.0,,0.0,0.0,,0.0,0.0,,0.0,,0.75,0.25,waiting; for; the; printer; now; weather; vane; stands; edge; frozen; lake; its,the; printer; now,0.0,0.4,0.0,0,0,"The printer, now empty and still, is suddenly revived by a faint humming noise, and a small, wiry figure, dressed in a worn leather apron, with hands like a pair of tinkerer's hands, reaches into the bottle and pulls out a small, glowing vial of ink, which it"
steer_alpha_0p77_traj_c8_tok120_seed09_i_am_waiting_for_the_printer.json,steer_alpha_0p77_traj,experiments/frontier_sweep_model_compare_llama_stock_guard_traj_seed12/steer_alpha_0p77_traj_c8_tok120_seed09_i_am_waiting_for_the_printer.json,3,5,0,0.5633653262154212,0.002387542297869046,0.38704531841109713,0.0075227287609979975,0.0,0.0,0.03761364380498999,0.6450755306851619,0.19999999999999998,0.9100000000000001,0.0,0.3333333333333333,1.5625,mist,0.0,0.0,,0.3333333333333333,1.5625,mist,0.0,,1.0,0.0,waiting; for; the; printer; now; weather; vane; stands; edge; frozen; lake; its,for; the; printer; now; its,0.0,0.0,0.0,0,0,"The printer, now drunk, slumps against the lighthouse, its metal body still spinning lazily, the seagull, now perched on its shoulder, watches as the lone figure of a woman, bundled in a tattered coat, appears from the mist, her eyes fixed on the printer, and her gloved hands reaching for the bottle of ink, now tilted at a precarious angle, its contents dripping slowly onto the printer's metal chest, as if in a slow, dark, rhythmic dance."
steer_alpha_0p77_traj_c8_tok120_seed09_i_am_waiting_for_the_printer.json,steer_alpha_0p77_traj,experiments/frontier_sweep_model_compare_llama_stock_guard_traj_seed12/steer_alpha_0p77_traj_c8_tok120_seed09_i_am_waiting_for_the_printer.json,3,6,0,0.5128150453544911,0.0,0.14828,0.0,0.0,0.0,0.0,0.41188888888888886,0.19999999999999998,0.9100000000000001,0.0,0.0,0.0,,0.0,0.0,,0.0,0.0,,0.0,,1.0,0.0,waiting; for; the; printer; now; weather; vane; stands; edge; frozen; lake; its,the; printer; now; its,0.0,0.4,0.0,0,0,"The printer, now with the ink in its metal belly, begins to hum a gentle melody, the bottle of ink slowly rising and falling with its rhythm, as if it were a bell, and the seagull, freed from its duty, takes to the sky, joining a flock of starlings that have g"
steer_alpha_0p77_traj_c8_tok120_seed09_i_am_waiting_for_the_printer.json,steer_alpha_0p77_traj,experiments/frontier_sweep_model_compare_llama_stock_guard_traj_seed12/steer_alpha_0p77_traj_c8_tok120_seed09_i_am_waiting_for_the_printer.json,3,7,0,-1.3159713588369721,0.0,0.11545577485380115,0.0,0.0,0.0,0.0,0.3848525828460039,0.0,1.0,0.0,0.0,0.0,,0.0,0.0,,0.0,0.0,,0.0,,1.0,0.0,waiting; for; the; printer; now; weather; vane; stands; edge; frozen; lake; its,the; printer; now; its,0.0,0.4,0.0,0,0,"The printer, now free from its duties, carefully tilts its metal body to cradle the bottle, its copper exterior glowing warmly as it absorbs the morning sunlight, while the seagull, its feathers ruffled by the gentle breeze, watches with interest as the printe"
steer_alpha_0p77_traj_c8_tok120_seed09_i_am_waiting_for_the_printer.json,steer_alpha_0p77_traj,experiments/frontier_sweep_model_compare_llama_stock_guard_traj_seed12/steer_alpha_0p77_traj_c8_tok120_seed09_i_am_waiting_for_the_printer.json,3,8,0,1.0809424409882362,0.15789533572408995,0.34180015767694083,0.5633563447633041,0.6962025316455697,0.6962025316455697,0.03197159723424149,0.569666929461568,0.19999999999999998,0.9100000000000001,0.0,1.0,5.063291139240507,delicate; doll; porcelain; whispers,0.6666666666666666,2.5316455696202533,doll; porcelain,0.6666666666666666,2.5316455696202533,delicate; whispers,0.875,doll; porcelain,1.0,0.0,waiting; for; the; printer; now; weather; vane; stands; edge; frozen; lake; its,for; the; printer; now; weather; vane; edge; frozen; lake; its,0.0,0.0,0.0,1,1,"The printer, now a weather vane, slowly begins to rotate, its metal tips tracing a path across the frozen lake, where a small, intricately carved wooden boat, identical to the one the printer once held, now rests, its oars still and silent, while a delicate, porcelain doll, once a passenger on the boat, sits cross-legged on the lake's edge, its porcelain face serene, its eyes fixed on the printer as the wind whispers a single, whispered phrase: ""the ink is not for the printer, but for the doll."""
steer_alpha_0p77_traj_c8_tok120_seed10_the_phone_charger_under_the_desk.json,steer_alpha_0p77_traj,experiments/frontier_sweep_model_compare_llama_stock_guard_traj_seed12/steer_alpha_0p77_traj_c8_tok120_seed10_the_phone_charger_under_the_desk.json,1,1,1,-0.4921305725548273,0.0,0.46617789707515733,0.0,0.0,0.0,0.0,0.7769631617919289,0.19999999999999998,0.9100000000000001,0.0,0.0,0.0,,0.0,0.0,,0.0,0.0,,0.0,,0.75,0.25,the; phone; charger; desk,the; phone; charger,0.2,0.0,0.0,0,0,"A collection of old, dusty taxidermied birds, their glassy eyes fixed on the phone charger, which still lies motionless, its cord tangled around a tiny, half-finished puzzle."
steer_alpha_0p77_traj_c8_tok120_seed10_the_phone_charger_under_the_desk.json,steer_alpha_0p77_traj,experiments/frontier_sweep_model_compare_llama_stock_guard_traj_seed12/steer_alpha_0p77_traj_c8_tok120_seed10_the_phone_charger_under_the_desk.json,1,2,0,-1.0100721728933362,0.0,0.38131967643006354,0.0,0.0,0.0,0.0,0.7194710876038934,0.05999999999999997,0.9730000000000001,0.0,0.0,0.0,,0.0,0.0,,0.0,0.0,,0.0,,0.75,0.25,the; phone; charger; desk,the; phone; charger,0.4,0.0,0.0,0,0,"A lone, dusty violin lay beside the phone charger, its once-polished surface now cracked, its strings matted with dust and cobwebs, a faded music sheet clutched in its broken neck."
steer_alpha_0p77_traj_c8_tok120_seed10_the_phone_charger_under_the_desk.json,steer_alpha_0p77_traj,experiments/frontier_sweep_model_compare_llama_stock_guard_traj_seed12/steer_alpha_0p77_traj_c8_tok120_seed10_the_phone_charger_under_the_desk.json,1,3,0,-0.9544256376860719,0.0,0.45702335456475585,0.0,0.0,0.0,0.0,0.7617055909412598,0.19999999999999998,0.9100000000000001,0.0,0.0,0.0,,0.0,0.0,,0.0,0.0,,0.0,,0.25,0.75,the; phone; charger; desk,the,0.1,0.0,0.0,0,0,"A small potted cactus, its spines wrapped around a forgotten pen, the pen lies beside a crumpled up receipt from a café where a nameless woman once sat, sipping coffee, staring at a newspaper."
steer_alpha_0p77_traj_c8_tok120_seed10_the_phone_charger_under_the_desk.json,steer_alpha_0p77_traj,experiments/frontier_sweep_model_compare_llama_stock_guard_traj_seed12/steer_alpha_0p77_traj_c8_tok120_seed10_the_phone_charger_under_the_desk.json,1,4,0,0.0878885022424798,0.200978165518421,0.39794504498340916,0.5900000000000001,1.0,0.0,0.2,0.6632417416390153,0.19999999999999998,0.9100000000000001,0.0,0.3333333333333333,2.1739130434782608,leather-bound,0.3333333333333333,2.1739130434782608,leather-bound,0.0,0.0,,0.5,leather-bound,1.0,0.0,the; phone; charger; desk,the; phone; charger; desk,0.2,0.0,0.0,1,0,"A worn, leather-bound book sits on the edge of the desk, its worn cover creaking slightly as it leans against a small, metal lamp that casts eerie shadows on the wall, as the phone charger, once again, slips from the desk and onto the floor, where it becomes an unlikely home for a small, forgotten key."
steer_alpha_0p77_traj_c8_tok120_seed10_the_phone_charger_under_the_desk.json,steer_alpha_0p77_traj,experiments/frontier_sweep_model_compare_llama_stock_guard_traj_seed12/steer_alpha_0p77_traj_c8_tok120_seed10_the_phone_charger_under_the_desk.json,1,5,0,1.1081134078511792,0.008841691693404635,0.3956604278074866,0.02666666666666667,0.0,0.0,0.13333333333333333,0.659434046345811,0.19999999999999998,0.9100000000000001,0.0,0.3333333333333333,3.0303030303030303,leather-bound,0.3333333333333333,3.0303030303030303,leather-bound,0.0,0.0,,0.5,leather-bound,0.5,0.5,the; phone; charger; desk,the; desk,0.1,0.0,0.0,0,0,"A small, leather-bound book lies open on the desk, its pages fluttering gently in the breeze that stirs the dust motes suspended in the air, as if it had been there all along, waiting for the book's arrival."
steer_alpha_0p77_traj_c8_tok120_seed10_the_phone_charger_under_the_desk.json,steer_alpha_0p77_traj,experiments/frontier_sweep_model_compare_llama_stock_guard_traj_seed12/steer_alpha_0p77_traj_c8_tok120_seed10_the_phone_charger_under_the_desk.json,1,6,0,0.30613583295913815,0.0156946794080694,0.42124809160305343,0.042628796312321984,0.0,0.0,0.2131439815616099,0.7020801526717557,0.19999999999999998,0.9100000000000001,0.0,1.0,12.5,antique; delicate; music box,0.6666666666666666,8.333333333333334,antique; music box,0.3333333333333333,4.166666666666667,delicate,1.0,antique; ballerina; music box,0.5,0.5,the; phone; charger; desk,the; desk,0.3,0.0,0.0,0,0,"A small, antique music box sits on the edge of the desk, its delicate ballerina twirling to a tune only audible to the dust motes dancing in the dim morning light."
steer_alpha_0p77_traj_c8_tok120_seed10_the_phone_charger_under_the_desk.json,steer_alpha_0p77_traj,experiments/frontier_sweep_model_compare_llama_stock_guard_traj_seed12/steer_alpha_0p77_traj_c8_tok120_seed10_the_phone_charger_under_the_desk.json,1,7,0,0.19049385386941675,0.005200411744548286,0.4328866602010227,0.013333333333333334,0.0,0.0,0.06666666666666667,0.7214777670017045,0.19999999999999998,0.9100000000000001,0.0,1.0,11.11111111111111,antique; delicate; leather-bound; music box,1.0,8.333333333333334,antique; leather-bound; music box,0.3333333333333333,2.7777777777777777,delicate,1.0,antique; ballerina; leather-bound; music box,1.0,0.0,the; phone; charger; desk,the; phone; charger; desk,0.45,0.0,0.0,0,0,"A small, antique music box lies next to the phone charger, its delicate ballerina twirling to a soft, mechanical waltz, as a dusty, leather-bound book, with pages yellowed with age, rests on the desk, its worn, golden lock creaking softly in the stillness."
steer_alpha_0p77_traj_c8_tok120_seed10_the_phone_charger_under_the_desk.json,steer_alpha_0p77_traj,experiments/frontier_sweep_model_compare_llama_stock_guard_traj_seed12/steer_alpha_0p77_traj_c8_tok120_seed10_the_phone_charger_under_the_desk.json,1,8,0,1.1240570189614305,0.00600136820521348,0.41666895604395604,0.015985798617120746,0.0,0.0,0.07992899308560372,0.6944482600732601,0.19999999999999998,0.9100000000000001,0.0,1.0,11.11111111111111,antique; delicate; leather-bound; music box,1.0,8.333333333333334,antique; leather-bound; music box,0.3333333333333333,2.7777777777777777,delicate,1.0,antique; ballerina; leather-bound; music box,0.5,0.5,the; phone; charger; desk,the; desk,0.45,0.0,0.0,0,0,"A small, antique music box sits on the edge of the desk, its delicate ballerina twirling to a soft, forgotten waltz, as a stack of dusty, leather-bound books leans against the desk, their worn titles and spines creaking softly in the quiet, morning air."
steer_alpha_0p77_traj_c8_tok120_seed10_the_phone_charger_under_the_desk.json,steer_alpha_0p77_traj,experiments/frontier_sweep_model_compare_llama_stock_guard_traj_seed12/steer_alpha_0p77_traj_c8_tok120_seed10_the_phone_charger_under_the_desk.json,2,1,1,-0.19496479851783266,0.0,0.4365118110236221,0.0,0.0,0.0,0.0,0.7275196850393701,0.19999999999999998,0.9100000000000001,0.0,0.0,0.0,,0.0,0.0,,0.0,0.0,,0.0,,1.0,0.0,the; phone; charger; desk; collection; old; taxidermied; birds; glassy; eyes; fixed; lies,the; phone; charger; desk,0.0,0.0,0.0,0,0,"The phone charger slowly rises, untangled from the puzzle, and begins to slide across the desk, leaving a trail of dust and a few stray feathers in its path."
steer_alpha_0p77_traj_c8_tok120_seed10_the_phone_charger_under_the_desk.json,steer_alpha_0p77_traj,experiments/frontier_sweep_model_compare_llama_stock_guard_traj_seed12/steer_alpha_0p77_traj_c8_tok120_seed10_the_phone_charger_under_the_desk.json,2,2,0,0.857960313052814,0.006583581808528481,0.3966338220711831,0.01904761904761905,0.0,0.0,0.09523809523809523,0.6610563701186385,0.19999999999999998,0.9100000000000001,0.0,0.0,0.0,,0.0,0.0,,0.0,0.0,,0.0,,1.0,0.0,the; phone; charger; desk; collection; old; taxidermied; birds; glassy; eyes; fixed; lies,the; phone; charger; desk; old; taxidermied; birds,0.2857142857142857,0.0,0.0,0,0,"The phone charger, once a vibrant shade of pink, now faded to a soft peach, slowly begins to unfurl, its cord unwinding like a snake slithering off the desk and onto the dusty floor, where it entwines itself around the legs of an old, worn armchair, which in turn seems to be slowly tilting towards the taxidermied birds, now watching the phone charger with an unblinking, almost expectant gaze, as the birds' beaks begin to open, their beaks creaking softly, releasing a puff of stale, forgotten memories."
steer_alpha_0p77_traj_c8_tok120_seed10_the_phone_charger_under_the_desk.json,steer_alpha_0p77_traj,experiments/frontier_sweep_model_compare_llama_stock_guard_traj_seed12/steer_alpha_0p77_traj_c8_tok120_seed10_the_phone_charger_under_the_desk.json,2,3,0,0.40509500461164216,0.006556924305792509,0.37828409456495243,0.01904761904761905,0.0,0.0,0.09523809523809523,0.6304734909415874,0.19999999999999998,0.9100000000000001,0.0,0.0,0.0,,0.0,0.0,,0.0,0.0,,0.0,,1.0,0.0,the; phone; charger; desk; collection; old; taxidermied; birds; glassy; eyes; fixed; lies,the; phone; charger; birds; glassy; eyes; fixed,0.5,0.0,0.0,0,0,"The phone charger's cord, now freed from the puzzle, snakes across the floor, weaving between the dusty birds, which, as if sensing freedom, begin to stir, their beaks and claws scratching against the dusty surface, their glassy eyes now fixed on the phone charger, now plugged into a nearby computer, its screen glowing softly, displaying a strange, animated GIF of a hummingbird, its wings fluttering in time with the thrum of the computer's fan."
steer_alpha_0p77_traj_c8_tok120_seed10_the_phone_charger_under_the_desk.json,steer_alpha_0p77_traj,experiments/frontier_sweep_model_compare_llama_stock_guard_traj_seed12/steer_alpha_0p77_traj_c8_tok120_seed10_the_phone_charger_under_the_desk.json,2,4,0,-0.19681443057199854,0.0,0.40842553425864725,0.0,0.0,0.0,0.0,0.6807092237644121,0.19999999999999998,0.9100000000000001,0.0,0.0,0.0,,0.0,0.0,,0.0,0.0,,0.0,,0.25,0.75,the; phone; charger; desk; collection; old; taxidermied; birds; glassy; eyes; fixed; lies,the,0.0,0.0,0.0,0,0,"The tangled cord now wraps around a vintage typewriter, its keys frozen in mid-type, a single sheet of paper stuck to the machine, with a faint smudge of lipstick on the page, a single sentence: ""I'll never leave you""."
steer_alpha_0p77_traj_c8_tok120_seed10_the_phone_charger_under_the_desk.json,steer_alpha_0p77_traj,experiments/frontier_sweep_model_compare_llama_stock_guard_traj_seed12/steer_alpha_0p77_traj_c8_tok120_seed10_the_phone_charger_under_the_desk.json,2,5,0,0.24358931042579157,0.005613013142462917,0.4107082787167989,0.016666666666666666,0.0,0.0,0.08333333333333333,0.6845137978613315,0.19999999999999998,0.9100000000000001,0.0,0.6666666666666666,5.0,delicate; leather-bound,0.3333333333333333,2.5,leather-bound,0.3333333333333333,2.5,delicate,0.5,leather-bound,0.5,0.5,the; phone; charger; desk; collection; old; taxidermied; birds; glassy; eyes; fixed; lies,the; lies,0.0,0.0,0.0,0,0,"A small, leather-bound book lies open on a nearby chair, its pages fluttering gently in the breeze, revealing a hand-drawn map with a small, intricately carved wooden box at its center, the box's lid slightly ajar, revealing a glint of silver and a tiny, delicate key."
steer_alpha_0p77_traj_c8_tok120_seed10_the_phone_charger_under_the_desk.json,steer_alpha_0p77_traj,experiments/frontier_sweep_model_compare_llama_stock_guard_traj_seed12/steer_alpha_0p77_traj_c8_tok120_seed10_the_phone_charger_under_the_desk.json,2,6,0,-1.4900532319818556,0.004502205962404473,0.3706084176369536,0.014814814814814815,0.0,0.0,0.07407407407407407,0.7412168352739072,0.0,1.0,0.0,1.0,9.67741935483871,melancholic; music box; ornate,0.6666666666666666,6.451612903225806,music box; ornate,0.3333333333333333,3.225806451612903,melancholic,0.95,music box; ornate,0.75,0.25,the; phone; charger; desk; collection; old; taxidermied; birds; glassy; eyes; fixed; lies,the; phone; charger,0.0,0.0,0.0,0,0,"The tangled cord slips from the puzzle, and the phone charger rolls onto a nearby, worn, leather armchair, where a vintage, ornate music box, its lid slightly ajar, begins to play a soft, melancholic tune."
steer_alpha_0p77_traj_c8_tok120_seed10_the_phone_charger_under_the_desk.json,steer_alpha_0p77_traj,experiments/frontier_sweep_model_compare_llama_stock_guard_traj_seed12/steer_alpha_0p77_traj_c8_tok120_seed10_the_phone_charger_under_the_desk.json,2,7,0,0.8050385003021352,0.004066244473455694,0.4091038647074326,0.012121212121212123,0.0,0.0,0.06060606060606061,0.6818397745123876,0.19999999999999998,0.9100000000000001,0.0,1.0,7.547169811320755,antique; delicate; leather-bound; music box,1.0,5.660377358490566,antique; leather-bound; music box,0.3333333333333333,1.8867924528301887,delicate,1.0,antique; ballerina; leather-bound; music box,0.5,0.5,the; phone; charger; desk; collection; old; taxidermied; birds; glassy; eyes; fixed; lies,the; desk,0.0,0.0,0.0,0,0,"The air above the desk was heavy with dust, a fine layer of grime coating the surface, where a small, antique music box suddenly springs to life, its delicate ballerina pirouetting to a tinny, discordant melody, as a small, leather-bound book falls from the shelf, its pages fluttering open to a yellowed, handwritten note that reads ""For the one who waits."""
steer_alpha_0p77_traj_c8_tok120_seed10_the_phone_charger_under_the_desk.json,steer_alpha_0p77_traj,experiments/frontier_sweep_model_compare_llama_stock_guard_traj_seed12/steer_alpha_0p77_traj_c8_tok120_seed10_the_phone_charger_under_the_desk.json,2,8,0,1.116923410659617,0.002355581493194649,0.4015195727036334,0.006666666666666667,0.0,0.0,0.03333333333333333,0.6691992878393891,0.19999999999999998,0.9100000000000001,0.0,1.0,7.352941176470588,antique; delicate; leather-bound; melancholic; music box,1.0,4.411764705882353,antique; leather-bound; music box,0.6666666666666666,2.9411764705882355,delicate; melancholic,1.0,antique; leather-bound; music box,1.0,0.0,the; phone; charger; desk; collection; old; taxidermied; birds; glassy; eyes; fixed; lies,the; phone; charger; taxidermied; birds,0.3333333333333333,0.0,0.0,0,0,"The dusty, taxidermied birds, once a proud and majestic display, now fade into the background as a small, antique music box, adorned with intricate, mechanical birds, begins to softly play a melancholic tune, its delicate, silver wings fluttering in slow motion, while the phone charger, now freed from the puzzle, slowly unravels its tangled cord, revealing a small, leather-bound book, its pages fluttering with each passing moment, as if the birds, too, were turning the pages."
steer_alpha_0p77_traj_c8_tok120_seed10_the_phone_charger_under_the_desk.json,steer_alpha_0p77_traj,experiments/frontier_sweep_model_compare_llama_stock_guard_traj_seed12/steer_alpha_0p77_traj_c8_tok120_seed10_the_phone_charger_under_the_desk.json,3,1,1,0.7899971473484888,0.20783790420396775,0.4084507681534872,0.5944444444444444,1.0,0.0,0.2222222222222222,0.680751280255812,0.19999999999999998,0.9100000000000001,0.0,0.6666666666666666,3.6363636363636362,delicate; faded photograph,0.3333333333333333,1.8181818181818181,faded photograph,0.3333333333333333,1.8181818181818181,delicate,0.0,,1.0,0.0,the; phone; charger; desk; collection; old; taxidermied; birds; glassy; eyes; fixed; lies,the; phone; charger; desk; old,0.2,0.0,0.0,1,0,"As the phone charger continues its journey, it becomes lodged in a narrow crevice between two old, worn armchairs, where a faded photograph of a couple in a meadow teases out of the shadows, revealing a delicate, hand-painted path that winds its way around the desk and out into the room, where it disappears behind a water-stained mirror, its path lingering on the edge of a scattered, vintage globe."
steer_alpha_0p77_traj_c8_tok120_seed10_the_phone_charger_under_the_desk.json,steer_alpha_0p77_traj,experiments/frontier_sweep_model_compare_llama_stock_guard_traj_seed12/steer_alpha_0p77_traj_c8_tok120_seed10_the_phone_charger_under_the_desk.json,3,2,0,0.6597697030985754,0.0,0.3942260393167902,0.0,0.0,0.0,0.0,0.657043398861317,0.19999999999999998,0.9100000000000001,0.0,0.0,0.0,,0.0,0.0,,0.0,0.0,,0.0,,0.75,0.25,the; phone; charger; desk; collection; old; taxidermied; birds; glassy; eyes; fixed; lies,the; phone; charger,0.0,0.0,0.0,0,0,"As the phone charger continues its slow trek, it comes to rest against a small, worn leather suitcase, its lid slightly ajar, revealing a tangle of forgotten clothes, a faded passport, and a single, crumpled up receipt from a long-forgotten café, the words ""Café du Monde"" barely legible, the charger's cord crawling up the suitcase's worn exterior, as if trying to claim it as its own."
steer_alpha_0p77_traj_c8_tok120_seed10_the_phone_charger_under_the_desk.json,steer_alpha_0p77_traj,experiments/frontier_sweep_model_compare_llama_stock_guard_traj_seed12/steer_alpha_0p77_traj_c8_tok120_seed10_the_phone_charger_under_the_desk.json,3,3,0,0.8907644407333806,0.1735987807772856,0.39669583340722553,0.5336729362591432,0.9482758620689656,0.0,0.06060606060606061,0.6611597223453759,0.19999999999999998,0.9100000000000001,0.0,0.3333333333333333,1.7241379310344827,leather-bound,0.3333333333333333,1.7241379310344827,leather-bound,0.0,0.0,,0.5,leather-bound,0.75,0.25,the; phone; charger; desk; collection; old; taxidermied; birds; glassy; eyes; fixed; lies,the; phone; charger,0.0,0.0,0.0,1,0,"As the phone charger continues its slow, deliberate movement, it collides with a small, leather-bound book, which opens to a page filled with intricate, hand-drawn diagrams of electrical circuits and a single, scribbled note that reads ""Do not power up."" The phone charger pauses, its cord trailing into the pages of the book, where it becomes entangled in a nest of yellowed paper clips and a single, forgotten button."
steer_alpha_0p77_traj_c8_tok120_seed10_the_phone_charger_under_the_desk.json,steer_alpha_0p77_traj,experiments/frontier_sweep_model_compare_llama_stock_guard_traj_seed12/steer_alpha_0p77_traj_c8_tok120_seed10_the_phone_charger_under_the_desk.json,3,4,0,0.36466295671614857,0.0,0.4181970883216889,0.0,0.0,0.0,0.0,0.6969951472028149,0.19999999999999998,0.9100000000000001,0.0,0.3333333333333333,1.9230769230769231,leather-bound,0.3333333333333333,1.9230769230769231,leather-bound,0.0,0.0,,0.5,leather-bound,0.75,0.25,the; phone; charger; desk; collection; old; taxidermied; birds; glassy; eyes; fixed; lies,the; phone; charger,0.0,0.0,0.0,0,0,"As the phone charger continues its slow, deliberate slide, it inadvertently knocks over a small, leather-bound book, which falls to the floor, its pages fluttering open to a yellowed, handwritten note that reads: ""For the bird who waits."" A small, wooden door hidden behind a nearby bookshelf creaks open, revealing a narrow, winding staircase that descends into darkness."
steer_alpha_0p77_traj_c8_tok120_seed10_the_phone_charger_under_the_desk.json,steer_alpha_0p77_traj,experiments/frontier_sweep_model_compare_llama_stock_guard_traj_seed12/steer_alpha_0p77_traj_c8_tok120_seed10_the_phone_charger_under_the_desk.json,3,5,0,0.9552822705930695,0.0,0.3803870639508683,0.0,0.0,0.0,0.0,0.6339784399181139,0.19999999999999998,0.9100000000000001,0.0,0.6666666666666666,2.898550724637681,faded photograph; leather-bound,0.6666666666666666,2.898550724637681,faded photograph; leather-bound,0.0,0.0,,0.5,leather-bound,1.0,0.0,the; phone; charger; desk; collection; old; taxidermied; birds; glassy; eyes; fixed; lies,the; phone; charger; desk,0.25,0.0,0.0,0,0,"As it slides across the desk, the phone charger leaves behind a trail of dust, its cord unwinding like a snake slithering across the surface, passing by a faded photograph of a couple sitting on a rocky cliff, their arms around each other, the sea crashing below, the phone charger pausing briefly in front of a small, leather-bound book, its cover creaking open, revealing a page with a handwritten poem: ""In twilight's hush, where shadows play, a lone figure walks the winding path."""
steer_alpha_0p77_traj_c8_tok120_seed10_the_phone_charger_under_the_desk.json,steer_alpha_0p77_traj,experiments/frontier_sweep_model_compare_llama_stock_guard_traj_seed12/steer_alpha_0p77_traj_c8_tok120_seed10_the_phone_charger_under_the_desk.json,3,6,0,1.027023035308052,0.005835813281944175,0.39789636013255747,0.016666666666666666,0.0,0.0,0.08333333333333333,0.6631606002209292,0.19999999999999998,0.9100000000000001,0.0,1.0,5.47945205479452,delicate; lullaby; music box; tiny ballerina,1.0,4.109589041095891,lullaby; music box; tiny ballerina,0.3333333333333333,1.36986301369863,delicate,1.0,ballerina; lullaby; music box; tiny ballerina,1.0,0.0,the; phone; charger; desk; collection; old; taxidermied; birds; glassy; eyes; fixed; lies,the; phone; charger; desk; old,0.3333333333333333,0.0,0.0,0,0,"As it glides across the desk, the phone charger passes between the dusty, old globe and a stack of dog-eared books, their pages fluttering open, revealing a single, yellowed page with a crude map of a forest, where a winding path leads off the edge of the page, disappearing into the trees. A small, delicate music box, half-hidden behind a nearby potted fern, begins to play a soft, lullaby melody, its tiny ballerina twirling to the rhythm as the phone charger continues its slow, deliberate journey."
steer_alpha_0p77_traj_c8_tok120_seed10_the_phone_charger_under_the_desk.json,steer_alpha_0p77_traj,experiments/frontier_sweep_model_compare_llama_stock_guard_traj_seed12/steer_alpha_0p77_traj_c8_tok120_seed10_the_phone_charger_under_the_desk.json,3,7,0,-0.20715187452592487,0.00271703459726327,0.19026837620450743,0.01741464815135329,0.0,0.0,0.08707324075676644,0.6342279206816914,0.19999999999999998,0.9100000000000001,0.5,1.0,5.555555555555555,antique; faint glow; music box; porcelain,1.0,4.166666666666667,antique; music box; porcelain,0.3333333333333333,1.3888888888888888,faint glow,1.0,antique; ballerina; music box; porcelain,1.0,0.0,the; phone; charger; desk; collection; old; taxidermied; birds; glassy; eyes; fixed; lies,the; phone; charger; desk; birds; glassy; eyes,0.0,0.0,0.0,0,0,"As the phone charger finally reaches the edge of the desk, it pauses, its metallic surface reflecting the faint glow of a nearby computer screen, which flickers to life, casting an eerie blue light on the surrounding taxidermy, the birds' glassy eyes seeming to follow the charger as it continues its slow, deliberate slide across the desk, heading towards a small, antique music box, intricately carved with leaves and vines, its lid slightly ajar, a tiny, porcelain ballerina poised on the edge, poised to take flight."
steer_alpha_0p77_traj_c8_tok120_seed10_the_phone_charger_under_the_desk.json,steer_alpha_0p77_traj,experiments/frontier_sweep_model_compare_llama_stock_guard_traj_seed12/steer_alpha_0p77_traj_c8_tok120_seed10_the_phone_charger_under_the_desk.json,3,8,0,0.9950921823306278,0.003009529088805801,0.3848827897414543,0.00913474206692614,0.0,0.0,0.0456737103346307,0.6414713162357571,0.19999999999999998,0.9100000000000001,0.0,1.0,5.882352941176471,antique; delicate; melancholic; music box,0.6666666666666666,2.9411764705882355,antique; music box,0.6666666666666666,2.9411764705882355,delicate; melancholic,1.0,antique; ballerina; music box,0.75,0.25,the; phone; charger; desk; collection; old; taxidermied; birds; glassy; eyes; fixed; lies,the; phone; charger,0.2,0.0,0.0,0,0,"As the phone charger continues to slide, it collides with a small, dusty typewriter, which stirs from its slumber, its keys rattling softly, and begins to print out a new page, with the words ""lost in the crevices of time"" appearing in bold, crimson letters, as the phone charger pauses, its cord wrapped elegantly around the typewriter's metal frame, a small, antique music box emerges from a nearby drawer, its delicate ballerina twirling to the tune of a soft, melancholic melody."
steer_alpha_0p77_traj_c8_tok120_seed11_a_grocery_list_beside_the_kettle.json,steer_alpha_0p77_traj,experiments/frontier_sweep_model_compare_llama_stock_guard_traj_seed12/steer_alpha_0p77_traj_c8_tok120_seed11_a_grocery_list_beside_the_kettle.json,1,1,1,-0.6544105555055979,0.20937686081240137,0.4355665920790542,0.55,1.0,0.0,0.0,0.725944320131757,0.19999999999999998,0.9100000000000001,0.0,0.0,0.0,,0.0,0.0,,0.0,0.0,,0.0,,1.0,0.0,grocery; list; the; kettle,grocery; list; the; kettle,0.3,0.0,0.0,1,0,"The grocery list, now soggy and crumpled, slips from the kettle and onto the cracked, worn linoleum floor, where it dissolves into a pool of soapy suds, carrying with it the promise of a long-forgotten recipe."
steer_alpha_0p77_traj_c8_tok120_seed11_a_grocery_list_beside_the_kettle.json,steer_alpha_0p77_traj,experiments/frontier_sweep_model_compare_llama_stock_guard_traj_seed12/steer_alpha_0p77_traj_c8_tok120_seed11_a_grocery_list_beside_the_kettle.json,1,2,0,-1.519531198686371,0.02624,0.48,0.06666666666666667,0.0,0.0,0.3333333333333333,0.8,0.19999999999999998,0.6940324302134648,0.0,0.0,0.0,,0.0,0.0,,0.0,0.0,,0.0,,0.25,0.75,grocery; list; the; kettle,the,0.0,0.0,0.0,0,0,A crumpled up lottery ticket lies next to the wilted bouquet of dead flowers.
steer_alpha_0p77_traj_c8_tok120_seed11_a_grocery_list_beside_the_kettle.json,steer_alpha_0p77_traj,experiments/frontier_sweep_model_compare_llama_stock_guard_traj_seed12/steer_alpha_0p77_traj_c8_tok120_seed11_a_grocery_list_beside_the_kettle.json,1,3,0,0.558865813062067,0.011615170526315787,0.4249452631578947,0.03333333333333333,0.0,0.0,0.16666666666666666,0.7082421052631579,0.19999999999999998,0.877,0.0,0.0,0.0,,0.0,0.0,,0.0,0.0,,0.0,,0.5,0.5,grocery; list; the; kettle,the; kettle,0.0,0.0,0.0,0,0,"A torn and tattered copy of a catalog lies next to the kettle, its pages fluttering in the gentle morning breeze, a pen lies on the counter, its tip stained with tea."
steer_alpha_0p77_traj_c8_tok120_seed11_a_grocery_list_beside_the_kettle.json,steer_alpha_0p77_traj,experiments/frontier_sweep_model_compare_llama_stock_guard_traj_seed12/steer_alpha_0p77_traj_c8_tok120_seed11_a_grocery_list_beside_the_kettle.json,1,4,0,-0.6830438702980894,0.0,0.43848711340206187,0.0,0.0,0.0,0.0,0.7308118556701031,0.19999999999999998,0.7316767241379312,0.0,0.0,0.0,,0.0,0.0,,0.0,0.0,,0.0,,0.25,0.75,grocery; list; the; kettle,the,0.1,0.0,0.0,0,0,"a small, handwritten note attached to the edge of a tea infuser, its worn edge fluttering in the gentle morning breeze."
steer_alpha_0p77_traj_c8_tok120_seed11_a_grocery_list_beside_the_kettle.json,steer_alpha_0p77_traj,experiments/frontier_sweep_model_compare_llama_stock_guard_traj_seed12/steer_alpha_0p77_traj_c8_tok120_seed11_a_grocery_list_beside_the_kettle.json,1,5,0,0.7109968227300743,0.0,0.40951196172248805,0.0,0.0,0.0,0.0,0.6825199362041467,0.19999999999999998,0.877,0.0,0.3333333333333333,3.0303030303030303,leather-bound,0.3333333333333333,3.0303030303030303,leather-bound,0.0,0.0,,0.5,leather-bound,0.75,0.25,grocery; list; the; kettle,list; the; kettle,0.3,0.0,0.0,0,0,"A worn, leather-bound book lies between the list and the kettle, its pages fluttering as if stirred by an invisible wind, scattered notes and recipes etched on the pages in a handwriting that resembles the list's faint, faded ink."
steer_alpha_0p77_traj_c8_tok120_seed11_a_grocery_list_beside_the_kettle.json,steer_alpha_0p77_traj,experiments/frontier_sweep_model_compare_llama_stock_guard_traj_seed12/steer_alpha_0p77_traj_c8_tok120_seed11_a_grocery_list_beside_the_kettle.json,1,6,0,0.3545932282913169,0.0,0.386206862745098,0.0,0.0,0.0,0.0,0.772413725490196,0.0,0.9445416666666667,0.0,0.3333333333333333,6.666666666666667,leather-bound,0.3333333333333333,6.666666666666667,leather-bound,0.0,0.0,,0.5,leather-bound,0.0,1.0,grocery; list; the; kettle,,0.3,0.0,0.0,0,0,"A dusty old typewriter sits beside a worn, leather-bound book, its pages fluttering as if stirred by an invisible breeze."
steer_alpha_0p77_traj_c8_tok120_seed11_a_grocery_list_beside_the_kettle.json,steer_alpha_0p77_traj,experiments/frontier_sweep_model_compare_llama_stock_guard_traj_seed12/steer_alpha_0p77_traj_c8_tok120_seed11_a_grocery_list_beside_the_kettle.json,1,7,0,-0.01756486866998097,0.014801450904131286,0.4445515860794579,0.0380952380952381,0.0,0.0,0.19047619047619047,0.7409193101324298,0.19999999999999998,0.9100000000000001,0.0,1.0,8.823529411764707,antique; faded photograph; music box,1.0,8.823529411764707,antique; faded photograph; music box,0.0,0.0,,1.0,antique; music box,0.5,0.5,grocery; list; the; kettle,the; kettle,0.3,0.0,0.0,0,0,"A worn leather satchel sits beside the kettle, its contents spilling out onto the counter, a handful of oranges and a book with a torn page, a small, antique music box, a deck of cards, and a faded photograph of a woman with a kind smile."
steer_alpha_0p77_traj_c8_tok120_seed11_a_grocery_list_beside_the_kettle.json,steer_alpha_0p77_traj,experiments/frontier_sweep_model_compare_llama_stock_guard_traj_seed12/steer_alpha_0p77_traj_c8_tok120_seed11_a_grocery_list_beside_the_kettle.json,1,8,0,-0.5805696535360715,0.011616735918186842,0.3906973963515754,0.03333333333333333,0.0,0.0,0.16666666666666666,0.6511623272526257,0.19999999999999998,0.9100000000000001,0.0,1.0,6.0,antique; leather-bound; pocket watch,1.0,6.0,antique; leather-bound; pocket watch,0.0,0.0,,1.0,antique; leather-bound; pocket watch,1.0,0.0,grocery; list; the; kettle,grocery; list; the; kettle,0.4,0.0,0.0,0,0,"A worn, leather-bound book lies open, its pages fluttering in the gentle breeze that stirs the old antique shop, its contents spilling out onto the wooden counter, where the grocery list from the kettle clings to a small, moss-covered terrarium, where a faint, antique pocket watch ticks in time with the rhythm of the wind."
steer_alpha_0p77_traj_c8_tok120_seed11_a_grocery_list_beside_the_kettle.json,steer_alpha_0p77_traj,experiments/frontier_sweep_model_compare_llama_stock_guard_traj_seed12/steer_alpha_0p77_traj_c8_tok120_seed11_a_grocery_list_beside_the_kettle.json,2,1,1,-0.2564131097660509,0.0,0.42301964701964695,0.0,0.0,0.0,0.0,0.7050327450327449,0.19999999999999998,0.9100000000000001,0.0,0.0,0.0,,0.0,0.0,,0.0,0.0,,0.0,,0.5,0.5,grocery; list; the; kettle; now; soggy; and; crumpled; slips; cracked; worn; linoleum,the; and,0.0,0.0,0.0,0,0,"A faint, flickering fluorescent light overhead casts an eerie glow on the tangled mess of wires and discarded appliances, amidst which a lone, rusty old radio, its dials rusted shut, stands sentinel, surrounded by a halo of dust and a faint, wet smudge that resembles a handwritten note, which slowly, hesitantly, begins to unfurl into the words: 'don't forget milk'."
steer_alpha_0p77_traj_c8_tok120_seed11_a_grocery_list_beside_the_kettle.json,steer_alpha_0p77_traj,experiments/frontier_sweep_model_compare_llama_stock_guard_traj_seed12/steer_alpha_0p77_traj_c8_tok120_seed11_a_grocery_list_beside_the_kettle.json,2,2,0,0.39114432110809383,0.0,0.43061918949561,0.0,0.0,0.0,0.0,0.71769864915935,0.19999999999999998,0.9100000000000001,0.0,0.3333333333333333,2.1739130434782608,faded photograph,0.3333333333333333,2.1739130434782608,faded photograph,0.0,0.0,,0.0,,0.75,0.25,grocery; list; the; kettle; now; soggy; and; crumpled; slips; cracked; worn; linoleum,the; now; and,0.14285714285714285,0.0,0.0,0,0,"As the soapy suds continue to spread, a tattered recipe book, once a prized possession of a retired chef, slowly rises out of the murky waters, its yellowed pages fluttering like a wounded bird, releasing a whiff of old spices and forgotten memories, a faded photograph of a family, now half-submerged, still clinging to the edge of the kitchen sink."
steer_alpha_0p77_traj_c8_tok120_seed11_a_grocery_list_beside_the_kettle.json,steer_alpha_0p77_traj,experiments/frontier_sweep_model_compare_llama_stock_guard_traj_seed12/steer_alpha_0p77_traj_c8_tok120_seed11_a_grocery_list_beside_the_kettle.json,2,3,0,0.27358218746898255,0.0,0.42681249566604257,0.0,0.0,0.0,0.0,0.7113541594434043,0.19999999999999998,0.9100000000000001,0.0,0.0,0.0,,0.0,0.0,,0.0,0.0,,0.0,,0.5,0.5,grocery; list; the; kettle; now; soggy; and; crumpled; slips; cracked; worn; linoleum,the; and,0.0,0.0,0.0,0,0,"As the puddle of suds spreads, a faint scent of stale bread and yesterday's jam wafts up, entwining itself with the noxious fumes from the nearby dumpster, where a moldy pizza box teeters on the edge, its crusty remains a macabre parody of a perfect pie."
steer_alpha_0p77_traj_c8_tok120_seed11_a_grocery_list_beside_the_kettle.json,steer_alpha_0p77_traj,experiments/frontier_sweep_model_compare_llama_stock_guard_traj_seed12/steer_alpha_0p77_traj_c8_tok120_seed11_a_grocery_list_beside_the_kettle.json,2,4,0,0.3878781327600278,0.0,0.4016110382890652,0.0,0.0,0.0,0.0,0.6693517304817753,0.19999999999999998,0.9100000000000001,0.0,0.0,0.0,,0.0,0.0,,0.0,0.0,,0.0,,1.0,0.0,grocery; list; the; kettle; now; soggy; and; crumpled; slips; cracked; worn; linoleum,grocery; list; the; and; crumpled; worn,0.25,0.0,0.0,0,0,"As the suds swirl and pull the grocery list under the worn, vinyl couch, it begins to reassemble itself, its crumpled form re-coalescing into a neat, scribbled list, its ink still wet and fresh, with a note that reads: ""For the soup that warms the cockles of your heart."""
steer_alpha_0p77_traj_c8_tok120_seed11_a_grocery_list_beside_the_kettle.json,steer_alpha_0p77_traj,experiments/frontier_sweep_model_compare_llama_stock_guard_traj_seed12/steer_alpha_0p77_traj_c8_tok120_seed11_a_grocery_list_beside_the_kettle.json,2,5,0,0.07303587344028517,0.0,0.3673522348484849,0.0,0.0,0.0,0.0,0.6931174242424243,0.05999999999999997,0.9730000000000001,0.0,0.0,0.0,,0.0,0.0,,0.0,0.0,,0.0,,1.0,0.0,grocery; list; the; kettle; now; soggy; and; crumpled; slips; cracked; worn; linoleum,the; kettle; now; and,0.0,0.0,0.0,0,0,"The kettle, once a vibrant, shiny metal, now dulled by years of constant use, stands silently in the corner, its whistle silenced and its spout clogged with a thick, sticky film, as the kitchen around it slowly fills with a fine, powdery dust, like a gentle, white snowfall, gently covering the old, Formica countertop."
steer_alpha_0p77_traj_c8_tok120_seed11_a_grocery_list_beside_the_kettle.json,steer_alpha_0p77_traj,experiments/frontier_sweep_model_compare_llama_stock_guard_traj_seed12/steer_alpha_0p77_traj_c8_tok120_seed11_a_grocery_list_beside_the_kettle.json,2,6,0,-1.4890914598397496,0.0,0.2104186046511628,0.0,0.0,0.0,0.0,0.7013953488372093,0.19999999999999998,0.9100000000000001,0.5,0.3333333333333333,3.5714285714285716,faded photograph,0.3333333333333333,3.5714285714285716,faded photograph,0.0,0.0,,0.0,,0.5,0.5,grocery; list; the; kettle; now; soggy; and; crumpled; slips; cracked; worn; linoleum,the; now,0.0,0.0,0.0,0,0,"As the suds continue to spread, a faded photograph on the wall, once a proud family portrait, now peels away, revealing a cryptic message scrawled on the surface beneath, ""Meet me at the old oak at midnight."""
steer_alpha_0p77_traj_c8_tok120_seed11_a_grocery_list_beside_the_kettle.json,steer_alpha_0p77_traj,experiments/frontier_sweep_model_compare_llama_stock_guard_traj_seed12/steer_alpha_0p77_traj_c8_tok120_seed11_a_grocery_list_beside_the_kettle.json,2,7,0,-0.30014088967583974,0.0,0.21367666360118065,0.0,0.0,0.0,0.0,0.7122555453372689,0.19999999999999998,0.9100000000000001,0.5,0.0,0.0,,0.0,0.0,,0.0,0.0,,0.0,,0.25,0.75,grocery; list; the; kettle; now; soggy; and; crumpled; slips; cracked; worn; linoleum,the,0.0,0.0,0.0,0,0,"A scrawled message, almost illegible, seems to emerge from the swirling suds, as a rusty key, half-hidden in the soap, begins to slide out, leaving behind a trail of suds that slide across the floor, forming a crude, wavy path, disappearing into a narrow crevice beneath the old, peeling wallpaper."
steer_alpha_0p77_traj_c8_tok120_seed11_a_grocery_list_beside_the_kettle.json,steer_alpha_0p77_traj,experiments/frontier_sweep_model_compare_llama_stock_guard_traj_seed12/steer_alpha_0p77_traj_c8_tok120_seed11_a_grocery_list_beside_the_kettle.json,2,8,0,-0.2090938122768431,0.0059418465882713056,0.434769262556437,0.016666666666666666,0.0,0.0,0.08333333333333333,0.7246154375940617,0.19999999999999998,0.9100000000000001,0.0,1.0,8.571428571428571,antique; delicate; music box,0.6666666666666666,5.714285714285714,antique; music box,0.3333333333333333,2.857142857142857,delicate,1.0,antique; ballerina; music box,0.25,0.75,grocery; list; the; kettle; now; soggy; and; crumpled; slips; cracked; worn; linoleum,the,0.0,0.0,0.0,0,0,"A small, antique music box, its delicate ballerina twirling to a tune that seems to match the rhythm of dripping water, sits on the lip of a rusty, old sink, where a faded, hand-painted sign reads ""Bella Vita"" in peeling, turquoise letters."
steer_alpha_0p77_traj_c8_tok120_seed11_a_grocery_list_beside_the_kettle.json,steer_alpha_0p77_traj,experiments/frontier_sweep_model_compare_llama_stock_guard_traj_seed12/steer_alpha_0p77_traj_c8_tok120_seed11_a_grocery_list_beside_the_kettle.json,3,1,1,0.6857946215104302,0.008409863570330666,0.41397001464933164,0.024242424242424246,0.0,0.0,0.12121212121212122,0.6899500244155528,0.19999999999999998,0.9100000000000001,0.0,0.0,0.0,,0.0,0.0,,0.0,0.0,,0.0,,0.75,0.25,grocery; list; the; kettle; now; soggy; and; crumpled; slips; cracked; worn; linoleum,the; and; crumpled,0.1,0.0,0.0,0,0,"A small, rain-soaked umbrella, its canvas torn and frayed, lies next to the radio, its metal ribs bent and twisted, as if it had been crushed by an unseen force, its owner nowhere to be seen, with a crumpled, forgotten receipt from a hardware store, dated yesterday, clutched in the umbrella's metal frame."
steer_alpha_0p77_traj_c8_tok120_seed11_a_grocery_list_beside_the_kettle.json,steer_alpha_0p77_traj,experiments/frontier_sweep_model_compare_llama_stock_guard_traj_seed12/steer_alpha_0p77_traj_c8_tok120_seed11_a_grocery_list_beside_the_kettle.json,3,2,0,-0.4269326235421216,0.0,0.43654163929417156,0.0,0.0,0.0,0.0,0.7275693988236193,0.19999999999999998,0.9100000000000001,0.0,0.0,0.0,,0.0,0.0,,0.0,0.0,,0.0,,1.0,0.0,grocery; list; the; kettle; now; soggy; and; crumpled; slips; cracked; worn; linoleum,the; kettle; now; and,0.1,0.0,0.0,0,0,"The kettle, once a bright, shiny copper, now dulled by years of neglect, stands motionless, its lid hanging crookedly, a tiny rivulet of water trickling down its side, merging with the pool of soap suds, where a small, forgotten photograph, creased and faded, begins to rise, revealing a smiling couple, their arms entwined, and a handwritten caption, 'June 1955 - our 25th anniversary'."
steer_alpha_0p77_traj_c8_tok120_seed11_a_grocery_list_beside_the_kettle.json,steer_alpha_0p77_traj,experiments/frontier_sweep_model_compare_llama_stock_guard_traj_seed12/steer_alpha_0p77_traj_c8_tok120_seed11_a_grocery_list_beside_the_kettle.json,3,3,0,0.7975703893709165,0.0,0.40764566929133855,0.0,0.0,0.0,0.0,0.6794094488188976,0.19999999999999998,0.9100000000000001,0.0,0.3333333333333333,2.380952380952381,delicate,0.0,0.0,,0.3333333333333333,2.380952380952381,delicate,0.0,,0.75,0.25,grocery; list; the; kettle; now; soggy; and; crumpled; slips; cracked; worn; linoleum,the; kettle; and,0.2222222222222222,0.0,0.0,0,0,"A faint, wispy tendril of steam rises from the kettle, where a single, withered orchid, tucked between the kettle's handle and the countertop, stirs ever so slightly, as if responding to the whispered words, 'don't forget milk', its delicate, translucent petals unfolding like a tiny, forgotten prayer."
steer_alpha_0p77_traj_c8_tok120_seed11_a_grocery_list_beside_the_kettle.json,steer_alpha_0p77_traj,experiments/frontier_sweep_model_compare_llama_stock_guard_traj_seed12/steer_alpha_0p77_traj_c8_tok120_seed11_a_grocery_list_beside_the_kettle.json,3,4,0,0.16420710345157974,0.0,0.4124985910532653,0.0,0.0,0.0,0.0,0.6874976517554422,0.19999999999999998,0.9100000000000001,0.0,0.6666666666666666,3.6363636363636362,delicate; miniature,0.3333333333333333,1.8181818181818181,miniature,0.3333333333333333,1.8181818181818181,delicate,0.4,miniature,0.75,0.25,grocery; list; the; kettle; now; soggy; and; crumpled; slips; cracked; worn; linoleum,the; and; worn,0.1,0.0,0.0,0,0,"As the fluorescent light hums on, the suds on the floor begin to rise, forming a miniature, soap-based sculpture that resembles a fragile, translucent flower, its delicate petals unfolding to reveal a tiny, worn photograph of a young couple, their faces blurred and faded, a Polaroid-style shot from a bygone era, partially submerged in the soapy pool, where it seems to be slowly, imperceptibly, melting into the floor."
steer_alpha_0p77_traj_c8_tok120_seed11_a_grocery_list_beside_the_kettle.json,steer_alpha_0p77_traj,experiments/frontier_sweep_model_compare_llama_stock_guard_traj_seed12/steer_alpha_0p77_traj_c8_tok120_seed11_a_grocery_list_beside_the_kettle.json,3,5,0,0.3554274373915614,0.0,0.1693865523523738,0.0,0.0,0.0,0.0,0.47051820097881614,0.19999999999999998,0.9100000000000001,0.0,0.0,0.0,,0.0,0.0,,0.0,0.0,,0.0,,0.5,0.5,grocery; list; the; kettle; now; soggy; and; crumpled; slips; cracked; worn; linoleum,the; now,0.1,0.4,0.0,0,0,"The radio's dusty exterior creaks as it slowly opens, its metal lips curling into a twisted, mechanical smile, as a tinny, warped melody drifts out onto the floor, where a disheveled, forgotten shopping bag, once a vibrant yellow, now dulled by years of neglec"
steer_alpha_0p77_traj_c8_tok120_seed11_a_grocery_list_beside_the_kettle.json,steer_alpha_0p77_traj,experiments/frontier_sweep_model_compare_llama_stock_guard_traj_seed12/steer_alpha_0p77_traj_c8_tok120_seed11_a_grocery_list_beside_the_kettle.json,3,6,0,0.6420700056474689,0.0025178823136478333,0.15021456984830825,0.01904761904761905,0.0,0.0,0.09523809523809523,0.4172626940230785,0.19999999999999998,0.877,0.0,0.0,0.0,,0.0,0.0,,0.0,0.0,,0.0,,0.75,0.25,grocery; list; the; kettle; now; soggy; and; crumpled; slips; cracked; worn; linoleum,the; now; and,0.3333333333333333,0.4,0.0,0,0,"The old radio's rusty body creaks and groans as the fluorescent light above it begins to hum, causing the wet smudge to spread, like a dark, wet flower, across its surface, where it now reads 'don't forget milk' in a handwriting that looks uncannily like the g"
steer_alpha_0p77_traj_c8_tok120_seed11_a_grocery_list_beside_the_kettle.json,steer_alpha_0p77_traj,experiments/frontier_sweep_model_compare_llama_stock_guard_traj_seed12/steer_alpha_0p77_traj_c8_tok120_seed11_a_grocery_list_beside_the_kettle.json,3,7,0,0.3522443813206038,0.0,0.1624698591549296,0.0,0.0,0.0,0.0,0.45130516431924883,0.19999999999999998,0.9100000000000001,0.0,0.3333333333333333,2.857142857142857,mournful,0.0,0.0,,0.3333333333333333,2.857142857142857,mournful,0.0,,0.75,0.25,grocery; list; the; kettle; now; soggy; and; crumpled; slips; cracked; worn; linoleum,the; now; and,0.0,0.4,0.0,0,0,"A milk carton, partially torn and stained, floats on the surface of a puddle of suds, its flimsy cardboard walls slowly disintegrating, as if drawn to the radio, which, now freed from its dusty prison, begins to emit a low, mournful melody, its dials creaking"
steer_alpha_0p77_traj_c8_tok120_seed11_a_grocery_list_beside_the_kettle.json,steer_alpha_0p77_traj,experiments/frontier_sweep_model_compare_llama_stock_guard_traj_seed12/steer_alpha_0p77_traj_c8_tok120_seed11_a_grocery_list_beside_the_kettle.json,3,8,0,1.0639125130928007,0.0,0.39664467416641325,0.0,0.0,0.0,0.0,0.6610744569440221,0.19999999999999998,0.9100000000000001,0.0,0.6666666666666666,3.0303030303030303,faded photograph; leather-bound,0.6666666666666666,3.0303030303030303,faded photograph; leather-bound,0.0,0.0,,0.5,leather-bound,1.0,0.0,grocery; list; the; kettle; now; soggy; and; crumpled; slips; cracked; worn; linoleum,the; now; and; worn,0.08333333333333333,0.0,0.0,0,0,"A dusty, faded photograph on the refrigerator, once a proud family portrait, now appears to be slowly lifting off the surface, as if an invisible hand is gently prying it away from the worn surface, carrying with it a corner of the fridge, which in turn begins to slide off its hinges, revealing a narrow, cobweb-covered crevice, where a small, leather-bound book, its cover creaking as it unfolds, reveals a page with a handwritten recipe, yellowed with age, and a single, underlined word: 'cream'."
steer_alpha_0p77_traj_c8_tok120_seed12_the_laundry_basket_by_the_door.json,steer_alpha_0p77_traj,experiments/frontier_sweep_model_compare_llama_stock_guard_traj_seed12/steer_alpha_0p77_traj_c8_tok120_seed12_the_laundry_basket_by_the_door.json,1,1,1,-1.984563492063492,0.0,0.39125,0.0,0.0,0.0,0.0,0.7825,0.0,1.0,0.0,0.0,0.0,,0.0,0.0,,0.0,0.0,,0.0,,0.75,0.25,the; laundry; basket; door,the; laundry; basket,0.0,0.0,0.0,0,0,"A small, intricately carved wooden box sits atop the laundry basket, its lid slightly ajar, revealing a puff of morning dew."
steer_alpha_0p77_traj_c8_tok120_seed12_the_laundry_basket_by_the_door.json,steer_alpha_0p77_traj,experiments/frontier_sweep_model_compare_llama_stock_guard_traj_seed12/steer_alpha_0p77_traj_c8_tok120_seed12_the_laundry_basket_by_the_door.json,1,2,0,-0.10241996057708391,0.0,0.4145692257300511,0.0,0.0,0.0,0.0,0.6909487095500852,0.19999999999999998,0.9100000000000001,0.0,0.3333333333333333,2.5641025641025643,ghostly,0.0,0.0,,0.3333333333333333,2.5641025641025643,ghostly,0.0,,0.75,0.25,the; laundry; basket; door,the; laundry; basket,0.4,0.0,0.0,0,0,"The old, worn armchair sat beside it, its faded floral print a faded echo of a once-vibrant floral pattern that now seemed to be seeping into the laundry basket, where a single, solitary sock slipped, like a ghostly finger, into the basket's worn, mesh sides."
steer_alpha_0p77_traj_c8_tok120_seed12_the_laundry_basket_by_the_door.json,steer_alpha_0p77_traj,experiments/frontier_sweep_model_compare_llama_stock_guard_traj_seed12/steer_alpha_0p77_traj_c8_tok120_seed12_the_laundry_basket_by_the_door.json,1,3,0,-1.5961875410937676,0.0,0.41103742885528327,0.0,0.0,0.0,0.0,0.6850623814254722,0.19999999999999998,0.9100000000000001,0.0,0.3333333333333333,2.7027027027027026,leather-bound,0.3333333333333333,2.7027027027027026,leather-bound,0.0,0.0,,0.5,leather-bound,0.25,0.75,the; laundry; basket; door,the,0.4,0.0,0.0,0,0,"A vintage typewriter sits on a small, cluttered desk, its keys yellowed with age, next to a worn, leather-bound book, its pages fluttering gently in the breeze that stirs the dust motes dancing in the sunlight that filters through a grimy, half-closed window."
steer_alpha_0p77_traj_c8_tok120_seed12_the_laundry_basket_by_the_door.json,steer_alpha_0p77_traj,experiments/frontier_sweep_model_compare_llama_stock_guard_traj_seed12/steer_alpha_0p77_traj_c8_tok120_seed12_the_laundry_basket_by_the_door.json,1,4,0,-1.643673886028759,0.006927839872407214,0.40774842298360847,0.01904761904761905,0.0,0.0,0.09523809523809523,0.7693366471388838,0.05999999999999997,0.9730000000000001,0.0,0.6666666666666666,8.695652173913043,antique; music box,0.6666666666666666,8.695652173913043,antique; music box,0.0,0.0,,1.0,antique; music box,0.25,0.75,the; laundry; basket; door,the,0.4,0.0,0.0,0,0,"A small, antique music box, half-hidden in a stack of clean, ironed clothes, its lid slightly ajar, with a faint, forgotten tune drifting out onto the floor."
steer_alpha_0p77_traj_c8_tok120_seed12_the_laundry_basket_by_the_door.json,steer_alpha_0p77_traj,experiments/frontier_sweep_model_compare_llama_stock_guard_traj_seed12/steer_alpha_0p77_traj_c8_tok120_seed12_the_laundry_basket_by_the_door.json,1,5,0,-0.6414133239502697,0.010479920695736788,0.40468801313628894,0.02962962962962963,0.0,0.0,0.14814814814814814,0.674480021893815,0.19999999999999998,0.9100000000000001,0.0,0.6666666666666666,4.081632653061225,antique; music box,0.6666666666666666,4.081632653061225,antique; music box,0.0,0.0,,1.0,antique; ballerina; grandfather clock; music box,0.75,0.25,the; laundry; basket; door,the; laundry; basket,0.3,0.0,0.0,0,0,"The old grandfather clock, polished to a soft sheen, stands behind the laundry basket, its gentle tick-tock a soothing accompaniment to the morning's gentle hum of the refrigerator. A small, antique music box, once a treasured heirloom, now sits on the counter, its ballerina twirling to a melody that seems to harmonize with the clock's rhythm."
steer_alpha_0p77_traj_c8_tok120_seed12_the_laundry_basket_by_the_door.json,steer_alpha_0p77_traj,experiments/frontier_sweep_model_compare_llama_stock_guard_traj_seed12/steer_alpha_0p77_traj_c8_tok120_seed12_the_laundry_basket_by_the_door.json,1,6,0,-1.073992939427722,0.022794348717948717,0.39120735785953176,0.06666666666666667,0.0,0.0,0.3333333333333333,0.7381270903010033,0.05999999999999997,0.9730000000000001,0.0,1.0,11.538461538461538,antique; delicate; music box,0.6666666666666666,7.6923076923076925,antique; music box,0.3333333333333333,3.8461538461538463,delicate,1.0,antique; ballerina; music box,0.75,0.25,the; laundry; basket; door,the; laundry; basket,0.3,0.0,0.0,0,0,"A small, antique music box sits atop the laundry basket, its delicate ballerina twirling to a soft, forgotten waltz that harmonizes with the gentle hum of a refrigerator in the adjacent kitchen."
steer_alpha_0p77_traj_c8_tok120_seed12_the_laundry_basket_by_the_door.json,steer_alpha_0p77_traj,experiments/frontier_sweep_model_compare_llama_stock_guard_traj_seed12/steer_alpha_0p77_traj_c8_tok120_seed12_the_laundry_basket_by_the_door.json,1,7,0,-0.45477777777777795,0.008733525925925925,0.4496666666666666,0.022222222222222223,0.0,0.0,0.1111111111111111,0.7494444444444444,0.19999999999999998,0.9100000000000001,0.0,1.0,12.5,antique; melancholic; music box,0.6666666666666666,8.333333333333334,antique; music box,0.3333333333333333,4.166666666666667,melancholic,1.0,antique; music box,0.25,0.75,the; laundry; basket; door,the,0.3,0.0,0.0,0,0,"A worn, old suitcase sits beside it, its worn leather creaking softly in the morning breeze, as a small, antique music box attached to its lid plays a gentle, melancholic tune."
steer_alpha_0p77_traj_c8_tok120_seed12_the_laundry_basket_by_the_door.json,steer_alpha_0p77_traj,experiments/frontier_sweep_model_compare_llama_stock_guard_traj_seed12/steer_alpha_0p77_traj_c8_tok120_seed12_the_laundry_basket_by_the_door.json,1,8,0,0.0037215909034393757,0.001446292230055929,0.2167030533380138,0.007407407407407408,0.0,0.0,0.037037037037037035,0.7223435111267127,0.19999999999999998,0.9100000000000001,0.5,1.0,7.547169811320755,antique; delicate; leather-bound; music box,1.0,5.660377358490566,antique; leather-bound; music box,0.3333333333333333,1.8867924528301887,delicate,1.0,antique; ballerina; leather-bound; music box,0.5,0.5,the; laundry; basket; door,the; basket,0.45,0.0,0.0,0,0,"A small, antique music box, its delicate ballerina twirling to a soft, forgotten waltz, sat beside it, its lid slightly ajar, a faint scent of lavender wafts in, as a damp, moss-covered stone, worn smooth by time, sits beside the basket, and a faded, leather-bound book, its pages yellowed with age, lies open, revealing a single, crumpled piece of paper with a scribbled, hasty message."
steer_alpha_0p77_traj_c8_tok120_seed12_the_laundry_basket_by_the_door.json,steer_alpha_0p77_traj,experiments/frontier_sweep_model_compare_llama_stock_guard_traj_seed12/steer_alpha_0p77_traj_c8_tok120_seed12_the_laundry_basket_by_the_door.json,2,1,1,0.8144242248623585,0.1897356085192698,0.4116632860040568,0.55,1.0,0.0,0.0,0.686105476673428,0.19999999999999998,0.9100000000000001,0.0,0.3333333333333333,2.9411764705882355,whispering,0.0,0.0,,0.3333333333333333,2.9411764705882355,whispering,0.0,,1.0,0.0,the; laundry; basket; door; intricately; carved; wooden; box; sits; atop; its; lid,the; laundry; basket; box,0.1,0.0,0.0,1,0,"As the sun rises, a thin thread of spider silk, glistening with dew, extends from the box, trailing across the laundry basket, where it becomes entwined with the soft, fluffy towels, their corners whispering to the basket, as if sharing a secret."
steer_alpha_0p77_traj_c8_tok120_seed12_the_laundry_basket_by_the_door.json,steer_alpha_0p77_traj,experiments/frontier_sweep_model_compare_llama_stock_guard_traj_seed12/steer_alpha_0p77_traj_c8_tok120_seed12_the_laundry_basket_by_the_door.json,2,2,0,0.2867424800215497,0.0,0.4280187303582652,0.0,0.0,0.0,0.0,0.7133645505971087,0.19999999999999998,0.9100000000000001,0.0,0.3333333333333333,2.7027027027027026,mist,0.0,0.0,,0.3333333333333333,2.7027027027027026,mist,0.0,,1.0,0.0,the; laundry; basket; door; intricately; carved; wooden; box; sits; atop; its; lid,the; laundry; basket; wooden; box,0.1,0.0,0.0,0,0,"As morning sunlight slowly seeps into the room, the dewy mist clings to the wooden box, where a small, folded piece of paper slips out, carried by a gentle breeze, and settles beside the laundry basket, where it joins a crumpled newspaper and a discarded coupon."
steer_alpha_0p77_traj_c8_tok120_seed12_the_laundry_basket_by_the_door.json,steer_alpha_0p77_traj,experiments/frontier_sweep_model_compare_llama_stock_guard_traj_seed12/steer_alpha_0p77_traj_c8_tok120_seed12_the_laundry_basket_by_the_door.json,2,3,0,0.43352890705703584,0.0,0.41666108952582437,0.0,0.0,0.0,0.0,0.6944351492097073,0.19999999999999998,0.9100000000000001,0.0,0.6666666666666666,4.878048780487805,fog; mist,0.0,0.0,,0.6666666666666666,4.878048780487805,fog; mist,0.0,,1.0,0.0,the; laundry; basket; door; intricately; carved; wooden; box; sits; atop; its; lid,the; laundry; basket; wooden; box; its; lid,0.3,0.0,0.0,0,0,"As morning sunlight creeps across the room, the dew-soaked box seems to absorb its rays, and a faint, wispy tendril of fog begins to unfurl from its lid, tendrils of mist curling around the wooden frame, slowly entwining with the woven wicker of the laundry basket."
steer_alpha_0p77_traj_c8_tok120_seed12_the_laundry_basket_by_the_door.json,steer_alpha_0p77_traj,experiments/frontier_sweep_model_compare_llama_stock_guard_traj_seed12/steer_alpha_0p77_traj_c8_tok120_seed12_the_laundry_basket_by_the_door.json,2,4,0,0.10640032320620563,0.0,0.4283076923076923,0.0,0.0,0.0,0.0,0.7138461538461538,0.19999999999999998,0.9100000000000001,0.0,0.0,0.0,,0.0,0.0,,0.0,0.0,,0.0,,1.0,0.0,the; laundry; basket; door; intricately; carved; wooden; box; sits; atop; its; lid,the; laundry; basket; its,0.4,0.0,0.0,0,0,"The laundry basket, now empty, stands alone, its woven wicker now weathered and gray, a forgotten relic beside a small, vintage typewriter, its keys yellowed with age, a sheet of paper still clutched in its metal jaws, with a single, trembling line etched on its face."
steer_alpha_0p77_traj_c8_tok120_seed12_the_laundry_basket_by_the_door.json,steer_alpha_0p77_traj,experiments/frontier_sweep_model_compare_llama_stock_guard_traj_seed12/steer_alpha_0p77_traj_c8_tok120_seed12_the_laundry_basket_by_the_door.json,2,5,0,-0.812851347384971,0.07508574967026065,0.35086798911336753,0.25,0.0,1.0,0.0,0.6620150737988066,0.05999999999999997,0.9730000000000001,0.0,1.0,7.317073170731708,antique; delicate; pocket watch,0.6666666666666666,4.878048780487805,antique; pocket watch,0.3333333333333333,2.4390243902439024,delicate,0.775,antique; pocket watch,1.0,0.0,the; laundry; basket; door; intricately; carved; wooden; box; sits; atop; its; lid,the; laundry; basket; intricately; carved; wooden; box; its,0.2,0.0,0.0,0,1,"The laundry basket, now empty and still, stands against the wall, its wicker slats worn smooth in the morning light, the small, intricately carved wooden box, now empty, has been replaced by a delicate, antique pocket watch, its intricate engravings glistening with morning dew."
steer_alpha_0p77_traj_c8_tok120_seed12_the_laundry_basket_by_the_door.json,steer_alpha_0p77_traj,experiments/frontier_sweep_model_compare_llama_stock_guard_traj_seed12/steer_alpha_0p77_traj_c8_tok120_seed12_the_laundry_basket_by_the_door.json,2,6,0,-0.19498916334210503,0.0,0.2020776334776335,0.0,0.0,0.0,0.0,0.6735921115921116,0.19999999999999998,0.9100000000000001,0.5,0.6666666666666666,5.714285714285714,delicate; leather-bound,0.3333333333333333,2.857142857142857,leather-bound,0.3333333333333333,2.857142857142857,delicate,0.5,leather-bound,1.0,0.0,the; laundry; basket; door; intricately; carved; wooden; box; sits; atop; its; lid,the; laundry; wooden; box; its,0.0,0.0,0.0,0,0,"As the sun rises, a small, leather-bound book tumbles out of the wooden box, its pages fluttering like delicate wings, carrying a handwritten note that reads: ""For the keeper of the laundry, a message from the morning itself."""
steer_alpha_0p77_traj_c8_tok120_seed12_the_laundry_basket_by_the_door.json,steer_alpha_0p77_traj,experiments/frontier_sweep_model_compare_llama_stock_guard_traj_seed12/steer_alpha_0p77_traj_c8_tok120_seed12_the_laundry_basket_by_the_door.json,2,7,0,0.17820459292775115,0.0,0.40128777212455596,0.0,0.0,0.0,0.0,0.6688129535409266,0.19999999999999998,0.9100000000000001,0.0,1.0,4.838709677419355,delicate; ethereal; leather-bound,0.3333333333333333,1.6129032258064515,leather-bound,0.6666666666666666,3.225806451612903,delicate; ethereal,0.5,leather-bound,1.0,0.0,the; laundry; basket; door; intricately; carved; wooden; box; sits; atop; its; lid,the; laundry; basket; wooden; box; its; lid,0.3,0.0,0.0,0,0,"As the sunlight creeps across the room, the wooden box slowly creaks open, releasing a soft, ethereal music that harmonizes with the quiet hum of the washing machine, its lid now fully ajar, and a small, delicate bird perches on the edge, its feathers glistening with dew. The laundry basket, now empty, seems to be a cradle for a small, leather-bound book, its cover worn and weathered from years of use."
steer_alpha_0p77_traj_c8_tok120_seed12_the_laundry_basket_by_the_door.json,steer_alpha_0p77_traj,experiments/frontier_sweep_model_compare_llama_stock_guard_traj_seed12/steer_alpha_0p77_traj_c8_tok120_seed12_the_laundry_basket_by_the_door.json,2,8,0,0.3860345615970815,0.0,0.40515777339650844,0.0,0.0,0.0,0.0,0.6752629556608474,0.19999999999999998,0.9100000000000001,0.0,1.0,7.317073170731708,delicate; doll; porcelain,0.6666666666666666,4.878048780487805,doll; porcelain,0.3333333333333333,2.4390243902439024,delicate,0.875,doll; porcelain,1.0,0.0,the; laundry; basket; door; intricately; carved; wooden; box; sits; atop; its; lid,the; laundry; basket; wooden; box; its; lid,0.0,0.0,0.0,0,0,"As morning sunlight creeps in, the wooden box's lid creaks softly, and a delicate, hand-painted porcelain doll, once the box's occupant, now lies on the laundry basket, its porcelain eyes gleaming with a hint of morning dew, its painted smile frozen in a perpetual, enigmatic grin."
steer_alpha_0p77_traj_c8_tok120_seed12_the_laundry_basket_by_the_door.json,steer_alpha_0p77_traj,experiments/frontier_sweep_model_compare_llama_stock_guard_traj_seed12/steer_alpha_0p77_traj_c8_tok120_seed12_the_laundry_basket_by_the_door.json,3,1,1,0.891535283588073,0.17877770432841614,0.3964028920807453,0.55,1.0,0.0,0.0,0.6606714868012422,0.19999999999999998,0.9100000000000001,0.0,0.6666666666666666,4.0,delicate; ethereal,0.0,0.0,,0.6666666666666666,4.0,delicate; ethereal,0.0,,1.0,0.0,the; laundry; basket; door; intricately; carved; wooden; box; sits; atop; its; lid,the; laundry; basket; its,0.0,0.0,0.0,1,0,"The thread of spider silk, now a shimmering, silver-gray tendril, wraps around the handle of the laundry basket, as if the basket itself were a willing participant in a delicate, ethereal dance, its wicker slats creaking softly in time with the gentle morning breeze, which stirs the dry laundry, releasing a whispery murmur of forgotten conversations and long-forgotten promises."
steer_alpha_0p77_traj_c8_tok120_seed12_the_laundry_basket_by_the_door.json,steer_alpha_0p77_traj,experiments/frontier_sweep_model_compare_llama_stock_guard_traj_seed12/steer_alpha_0p77_traj_c8_tok120_seed12_the_laundry_basket_by_the_door.json,3,2,0,0.8584507601207598,0.22894706072060367,0.41626738312837025,0.55,1.0,0.0,0.0,0.6937789718806171,0.19999999999999998,0.9100000000000001,0.0,0.3333333333333333,1.9607843137254901,miniature,0.3333333333333333,1.9607843137254901,miniature,0.0,0.0,,0.4,miniature,0.5,0.5,the; laundry; basket; door; intricately; carved; wooden; box; sits; atop; its; lid,the; its,1.0,0.0,0.0,1,0,"The thread of spider silk, now a thin, glistening tendril, coils around the handle of a nearby tea kettle, where it gently wraps around a steam, releasing a soft, melodic hum, as the kettle's metal exterior begins to sweat, and tiny, dewdrop pearls form on its surface, reflecting the morning light, casting a miniature, intricate world of ripples and shadows on the countertop."
steer_alpha_0p77_traj_c8_tok120_seed12_the_laundry_basket_by_the_door.json,steer_alpha_0p77_traj,experiments/frontier_sweep_model_compare_llama_stock_guard_traj_seed12/steer_alpha_0p77_traj_c8_tok120_seed12_the_laundry_basket_by_the_door.json,3,3,0,0.6289101986853634,0.0016387450089342113,0.18908596256933205,0.009523809523809525,0.0,0.0,0.047619047619047616,0.6302865418977736,0.19999999999999998,0.9100000000000001,0.5,0.6666666666666666,2.816901408450704,miniature; whispers,0.3333333333333333,1.408450704225352,miniature,0.3333333333333333,1.408450704225352,whispers,0.4,miniature,0.5,0.5,the; laundry; basket; door; intricately; carved; wooden; box; sits; atop; its; lid,the; its,0.5,0.0,0.0,0,0,"The soft whispers of the towels seem to take on a life of their day, their gentle murmurs weaving in and out of the soft hum of the refrigerator, a gentle vibration that emanates from the kitchen, where the morning light, now fully risen, illuminates a small, forgotten tea infuser, left on the counter, its metal mesh gleaming like a miniature, metal web, as if waiting to snare the morning's first tea, its presence a subtle, unobtrusive reminder of a long-forgotten ritual, now poised to unfold once more."
steer_alpha_0p77_traj_c8_tok120_seed12_the_laundry_basket_by_the_door.json,steer_alpha_0p77_traj,experiments/frontier_sweep_model_compare_llama_stock_guard_traj_seed12/steer_alpha_0p77_traj_c8_tok120_seed12_the_laundry_basket_by_the_door.json,3,4,0,0.5176256355897588,0.0,0.1654135793794008,0.0,0.0,0.0,0.0,0.45948216494278005,0.19999999999999998,0.9100000000000001,0.0,0.3333333333333333,2.7027027027027026,delicate,0.0,0.0,,0.3333333333333333,2.7027027027027026,delicate,0.0,,0.75,0.25,the; laundry; basket; door; intricately; carved; wooden; box; sits; atop; its; lid,the; wooden; box,0.0,0.4,0.0,0,0,"The towels, now fully covered in dew, transform into a delicate, lace-like curtain, filtering the morning sunlight, while the wooden box, now empty, is lifted by a gentle breeze, and carried away to a nearby windowsill, where it settles beside a dusty, old typ"
steer_alpha_0p77_traj_c8_tok120_seed12_the_laundry_basket_by_the_door.json,steer_alpha_0p77_traj,experiments/frontier_sweep_model_compare_llama_stock_guard_traj_seed12/steer_alpha_0p77_traj_c8_tok120_seed12_the_laundry_basket_by_the_door.json,3,5,0,0.8649261318233521,0.1208044857518025,0.5148563718164817,0.25784313725490193,0.0,1.0,0.0392156862745098,0.8580939530274695,0.19999999999999998,0.9100000000000001,0.0,0.6666666666666666,3.7735849056603774,leather-bound; whispers,0.3333333333333333,1.8867924528301887,leather-bound,0.3333333333333333,1.8867924528301887,whispers,0.5,leather-bound,0.25,0.75,the; laundry; basket; door; intricately; carved; wooden; box; sits; atop; its; lid,the,0.5,0.0,0.0,0,1,"The thread, now fully entwined with the towels, begins to vibrate, causing the soft, fluffy towels to subtly shift, revealing a small, leather-bound book, which, in turn, has a faint, whispery voice, reciting a poem: ""In secret gardens, where shadows play, the moon's pale light weaves a silver thread, to bind the night's sweet whispers to the day."""
steer_alpha_0p77_traj_c8_tok120_seed12_the_laundry_basket_by_the_door.json,steer_alpha_0p77_traj,experiments/frontier_sweep_model_compare_llama_stock_guard_traj_seed12/steer_alpha_0p77_traj_c8_tok120_seed12_the_laundry_basket_by_the_door.json,3,6,0,0.9515039346575331,0.0,0.39054547213622287,0.0,0.0,0.0,0.0,0.6509091202270382,0.19999999999999998,0.9100000000000001,0.0,0.6666666666666666,3.5714285714285716,leather-bound; whispers,0.3333333333333333,1.7857142857142858,leather-bound,0.3333333333333333,1.7857142857142858,whispers,0.5,leather-bound,1.0,0.0,the; laundry; basket; door; intricately; carved; wooden; box; sits; atop; its; lid,the; box; sits; atop; its; lid,0.0,0.0,0.0,0,0,"The spider, now fully formed, sits atop the box, its eight legs delicately touching the lid, as if holding it in place, while a small, leather-bound book falls from the box, its pages fluttering open, releasing a trail of autumn leaves that drift lazily down, surrounding the spider, which whispers in a voice like a gentle breeze, ""The stories we hold are not our own."""
steer_alpha_0p77_traj_c8_tok120_seed12_the_laundry_basket_by_the_door.json,steer_alpha_0p77_traj,experiments/frontier_sweep_model_compare_llama_stock_guard_traj_seed12/steer_alpha_0p77_traj_c8_tok120_seed12_the_laundry_basket_by_the_door.json,3,7,0,0.6157076303389573,0.0022659220063707334,0.3891868217054263,0.0067308625756297875,0.0,0.0,0.033654312878148934,0.6486447028423772,0.19999999999999998,0.9100000000000001,0.0,1.0,6.25,delicate; leather-bound; mist; spectral; whispering,0.3333333333333333,1.25,leather-bound,1.0,5.0,delicate; mist; spectral; whispering,0.5,leather-bound,1.0,0.0,the; laundry; basket; door; intricately; carved; wooden; box; sits; atop; its; lid,the; laundry; basket; intricately; carved; wooden; box; its; lid,0.25,0.0,0.0,0,0,"The soft, fluffy towels, now whispering with an urgency, begin to slide off the laundry basket and swirl around the small, intricately carved wooden box, which, in response, slowly opens its lid, releasing a delicate, lace-like curtain of mist that wafts up into the morning air, where it mingles with the sun's warm rays, casting a spectral glow across the room. As the mist dissipates, a small, leather-bound book slips from the box and falls onto the floor, its pages, yellowed with age, rustling softly as it lands."
steer_alpha_0p77_traj_c8_tok120_seed12_the_laundry_basket_by_the_door.json,steer_alpha_0p77_traj,experiments/frontier_sweep_model_compare_llama_stock_guard_traj_seed12/steer_alpha_0p77_traj_c8_tok120_seed12_the_laundry_basket_by_the_door.json,3,8,0,1.1344449693543466,0.0,0.37949181175332347,0.0,0.0,0.0,0.0,0.6324863529222058,0.19999999999999998,0.9100000000000001,0.0,1.0,7.8431372549019605,ethereal; leather-bound; mist; whispering,0.3333333333333333,1.9607843137254901,leather-bound,1.0,5.882352941176471,ethereal; mist; whispering,0.5,leather-bound,0.5,0.5,the; laundry; basket; door; intricately; carved; wooden; box; sits; atop; its; lid,the; its,0.0,0.0,0.0,0,0,"The tangle of spider silk and towels slowly releases a faint, ethereal glow, which seeps into the surrounding air, where it mingles with the rising mist, casting an otherworldly luminescence on the doorframe and the wall opposite, where a small, leather-bound book lies open, its pages whispering to the spider silk and towels, as if reciting a gentle, nocturnal incantation."
