run_name,condition,path,step,candidate_index,picked,score_total,readable_ontology_frontier,frontier_quality,ontology_collapse_density,identity_melt_score,affordance_corruption_score,category_bleeding_score,syntax_readability_proxy,graph_integration,graph_fragmentation,repair_pressure,cliche_attractor_score,cliche_attractor_density_per_100,cliche_attractor_hits,stock_prop_attractor_score,stock_prop_attractor_density_per_100,stock_prop_attractor_hits,soft_style_cliche_score,soft_style_cliche_density_per_100,soft_style_cliche_hits,fantasy_prop_score,fantasy_prop_hits,ordinary_anchor_retention,ordinary_anchor_drop,ordinary_anchor_terms,ordinary_anchor_hits,semantic_loop_pressure,semantic_loop_terms,lineage_diversity,lineage_revisited_terms,lineage_new_terms,net_transport_score,atmospheric_conservation,unfinished,meta_leak,identity_melt_count,affordance_corruption_count,text
steer_alpha_0p77_traj_c8_tok120_seed01_the_receipt_on_the_counter.json,steer_alpha_0p77_traj,experiments/frontier_sweep_mistral7b_live_semantic_loop_guard_seed12/steer_alpha_0p77_traj_c8_tok120_seed01_the_receipt_on_the_counter.json,1,1,1,1.619033775312127,0.06726370510443702,0.6152168149796069,0.13333333333333333,0.0,0.0,0.6666666666666666,0.8848275862068966,0.39059139784946223,0.27423387096774204,0.0,0.0,0.0,,0.0,0.0,,0.0,0.0,,0.0,,0.6666666666666666,0.33333333333333337,the; receipt; counter,the; counter,0.0,,0.6666666666666666,counter,ash-veiled; cat,0.8333333333333333,0.0,0.0,0.0,0,0,The ash-veiled cat on the counter.
steer_alpha_0p77_traj_c8_tok120_seed01_the_receipt_on_the_counter.json,steer_alpha_0p77_traj,experiments/frontier_sweep_mistral7b_live_semantic_loop_guard_seed12/steer_alpha_0p77_traj_c8_tok120_seed01_the_receipt_on_the_counter.json,1,2,0,1.174212385250526,0.04650763092124382,0.4253746730601569,0.13333333333333333,0.0,0.0,0.6666666666666666,0.7211711711711711,0.17967741935483866,0.3691451612903226,0.0,0.0,0.0,,0.0,0.0,,0.0,0.0,,0.0,,0.6666666666666666,0.33333333333333337,the; receipt; counter,the; counter,0.0,,0.75,counter,coffee; cup; heat,0.875,0.0,0.0,0.0,0,0,The coffee cup with its heat above the counter.
steer_alpha_0p77_traj_c8_tok120_seed01_the_receipt_on_the_counter.json,steer_alpha_0p77_traj,experiments/frontier_sweep_mistral7b_live_semantic_loop_guard_seed12/steer_alpha_0p77_traj_c8_tok120_seed01_the_receipt_on_the_counter.json,1,3,0,2.1206897435897436,0.0,0.9087173076923076,0.0,0.0,0.0,0.0,0.9771153846153846,0.8599999999999999,0.06300000000000006,0.0,0.0,0.0,,0.0,0.0,,0.0,0.0,,0.0,,0.3333333333333333,0.6666666666666667,the; receipt; counter,the,0.0,,1.0,,billfold; till,1.0,0.0,0.0,0.0,0,0,"A billfold, open beside the till."
steer_alpha_0p77_traj_c8_tok120_seed01_the_receipt_on_the_counter.json,steer_alpha_0p77_traj,experiments/frontier_sweep_mistral7b_live_semantic_loop_guard_seed12/steer_alpha_0p77_traj_c8_tok120_seed01_the_receipt_on_the_counter.json,1,4,0,0.768012563552067,0.02786707878787879,0.5097636363636364,0.06666666666666667,0.0,0.0,0.3333333333333333,0.9618181818181818,0.05999999999999997,0.6738189655172415,0.0,0.0,0.0,,0.0,0.0,,0.0,0.0,,0.0,,0.6666666666666666,0.33333333333333337,the; receipt; counter,the; counter,0.0,,0.8333333333333334,counter,tin; can; rainbow; emerge; brim,0.9166666666666667,0.0,0.0,0.0,0,0,The tin can rests on the counter. Rainbows emerge from its brim.
steer_alpha_0p77_traj_c8_tok120_seed01_the_receipt_on_the_counter.json,steer_alpha_0p77_traj,experiments/frontier_sweep_mistral7b_live_semantic_loop_guard_seed12/steer_alpha_0p77_traj_c8_tok120_seed01_the_receipt_on_the_counter.json,1,5,0,-1.129496664751637,0.022117365219189406,0.4045859491315136,0.06666666666666667,0.0,0.0,0.3333333333333333,0.7847435897435897,0.031129032258064487,0.6962620504263998,0.0,0.0,0.0,,0.0,0.0,,0.0,0.0,,0.0,,0.3333333333333333,0.6666666666666667,the; receipt; counter,the,0.0,,1.0,,customer; scoop; ocean; fish; glass,1.0,0.0,0.0,0.0,0,0,A customer scoops an ocean of fish from the glass.
steer_alpha_0p77_traj_c8_tok120_seed01_the_receipt_on_the_counter.json,steer_alpha_0p77_traj,experiments/frontier_sweep_mistral7b_live_semantic_loop_guard_seed12/steer_alpha_0p77_traj_c8_tok120_seed01_the_receipt_on_the_counter.json,1,6,0,-1.8545258620689653,0.021459415708812258,0.39255028735632186,0.06666666666666667,0.0,0.0,0.3333333333333333,0.7406609195402298,0.05999999999999997,0.9404583333333335,0.0,0.0,0.0,,0.0,0.0,,0.0,0.0,,0.0,,1.0,0.0,the; receipt; counter,the; receipt; counter,0.0,,0.7777777777777778,counter; receipt,till; coin; tumble; pocket; bed; wilted; flower,0.8888888888888888,0.0,0.0,0.0,0,0,"In the till, a coin beside the counter. The receipt tumbles from its silver pocket, A bed of wilted flowers."
steer_alpha_0p77_traj_c8_tok120_seed01_the_receipt_on_the_counter.json,steer_alpha_0p77_traj,experiments/frontier_sweep_mistral7b_live_semantic_loop_guard_seed12/steer_alpha_0p77_traj_c8_tok120_seed01_the_receipt_on_the_counter.json,1,7,0,-1.1286520570234364,0.0,0.39468749999999997,0.0,0.0,0.0,0.0,0.7893749999999999,0.0,0.7704856321839081,0.0,0.0,0.0,,0.0,0.0,,0.0,0.0,,0.0,,0.3333333333333333,0.6666666666666667,the; receipt; counter,the,0.0,,1.0,,cash; register; drawer; slide; releasing; cascade,1.0,0.0,0.0,0.0,0,0,"The cash register drawer slides open, releasing a cascade of change."
steer_alpha_0p77_traj_c8_tok120_seed01_the_receipt_on_the_counter.json,steer_alpha_0p77_traj,experiments/frontier_sweep_mistral7b_live_semantic_loop_guard_seed12/steer_alpha_0p77_traj_c8_tok120_seed01_the_receipt_on_the_counter.json,1,8,0,-1.4527976053639844,0.0,0.4,0.0,0.0,0.0,0.0,0.8,0.0,0.7008189655172414,0.0,0.3333333333333333,14.285714285714286,crystal,0.3333333333333333,14.285714285714286,crystal,0.0,0.0,,0.35,crystal,0.3333333333333333,0.6666666666666667,the; receipt; counter,the,0.0,,1.0,,mint; tea; leave; nestled; crystal; vase,1.0,0.0,0.0,0.0,0,0,The mint tea leaves nestled in a crystal vase.
steer_alpha_0p77_traj_c8_tok120_seed01_the_receipt_on_the_counter.json,steer_alpha_0p77_traj,experiments/frontier_sweep_mistral7b_live_semantic_loop_guard_seed12/steer_alpha_0p77_traj_c8_tok120_seed01_the_receipt_on_the_counter.json,2,1,1,1.9956908102110733,0.10761550063824553,0.6692545719212821,0.19609640474436812,0.0,0.0,0.9804820237218406,0.8322893081761007,0.6082258064516127,0.22750528364849845,0.0,0.0,0.0,,0.0,0.0,,0.0,0.0,,0.0,,1.0,0.0,the; receipt; counter; ash-veiled; cat,the; counter; ash-veiled; cat,0.0,,0.4,ash-veiled; cat; counter,matchmaker; finger,0.7,0.0,0.0,0.0,0,0,The matchmaker's fingers in the ash-veiled cat on the counter.
steer_alpha_0p77_traj_c8_tok120_seed01_the_receipt_on_the_counter.json,steer_alpha_0p77_traj,experiments/frontier_sweep_mistral7b_live_semantic_loop_guard_seed12/steer_alpha_0p77_traj_c8_tok120_seed01_the_receipt_on_the_counter.json,2,2,0,1.0639544802867384,0.02907162485186993,0.5544483870967742,0.06394319446848298,0.0,0.0,0.3197159723424149,0.9400000000000001,0.17967741935483866,0.3691451612903226,0.0,0.0,0.0,,0.0,0.0,,0.0,0.0,,0.0,,0.75,0.25,the; receipt; counter; ash-veiled; cat,the; receipt; counter,0.0,,0.5,receipt; counter,chime; ring,0.75,0.0,0.0,0.0,0,0,"The receipt on the counter, its chime rings."
steer_alpha_0p77_traj_c8_tok120_seed01_the_receipt_on_the_counter.json,steer_alpha_0p77_traj,experiments/frontier_sweep_mistral7b_live_semantic_loop_guard_seed12/steer_alpha_0p77_traj_c8_tok120_seed01_the_receipt_on_the_counter.json,2,3,0,0.8067979537453347,0.025929458064516124,0.47431935483870963,0.06666666666666667,0.0,0.0,0.3333333333333333,0.92,0.031129032258064487,0.6742620504263998,0.0,0.0,0.0,,0.0,0.0,,0.0,0.0,,0.0,,0.5,0.5,the; receipt; counter; ash-veiled; cat,the; counter,0.0,,0.8,counter,coffee; pot; steam-foaming; milk,0.9,0.0,0.0,0.0,0,0,"The dried coffee pot, steam-foaming milk on the counter."
steer_alpha_0p77_traj_c8_tok120_seed01_the_receipt_on_the_counter.json,steer_alpha_0p77_traj,experiments/frontier_sweep_mistral7b_live_semantic_loop_guard_seed12/steer_alpha_0p77_traj_c8_tok120_seed01_the_receipt_on_the_counter.json,2,4,0,-0.9596504019232213,0.0,0.48020502645502644,0.0,0.0,0.0,0.0,0.9604100529100529,0.0,0.9206157635467982,0.0,0.0,0.0,,0.0,0.0,,0.0,0.0,,0.0,,0.75,0.25,the; receipt; counter; ash-veiled; cat,the; ash-veiled; cat,0.0,,0.7142857142857143,ash-veiled; cat,curled; nose; drinking; saucer; milk,0.8571428571428572,0.0,0.0,0.0,0,0,"The ash-veiled cat curled its nose, drinking from a saucer of milk."
steer_alpha_0p77_traj_c8_tok120_seed01_the_receipt_on_the_counter.json,steer_alpha_0p77_traj,experiments/frontier_sweep_mistral7b_live_semantic_loop_guard_seed12/steer_alpha_0p77_traj_c8_tok120_seed01_the_receipt_on_the_counter.json,2,5,0,-1.7340468301118452,0.0,0.4463805120910384,0.0,0.0,0.0,0.0,0.8927610241820768,0.0,1.0,0.0,0.0,0.0,,0.0,0.0,,0.0,0.0,,0.0,,0.75,0.25,the; receipt; counter; ash-veiled; cat,the; ash-veiled; cat,0.0,,0.75,ash-veiled; cat,receiver; cradle; quiet-bellow; tin; hollow-timed; window,0.875,0.0,0.0,0.0,0,0,"The receiver cradles the ash-veiled cat, quiet-bellows of tin, its hollow-timed window."
steer_alpha_0p77_traj_c8_tok120_seed01_the_receipt_on_the_counter.json,steer_alpha_0p77_traj,experiments/frontier_sweep_mistral7b_live_semantic_loop_guard_seed12/steer_alpha_0p77_traj_c8_tok120_seed01_the_receipt_on_the_counter.json,2,6,0,-0.9567641864018334,0.0,0.4783636363636364,0.0,0.0,0.0,0.0,0.9567272727272728,0.0,0.8753333333333333,0.0,0.3333333333333333,12.5,delicate,0.0,0.0,,0.3333333333333333,12.5,delicate,0.0,,0.5,0.5,the; receipt; counter; ash-veiled; cat,the; receipt,0.0,,0.8,receipt,adhered; fern; teapot; silverfish,0.9,0.0,0.0,0.0,0,0,"The receipt, adhered to a fern, a delicate teapot, and a silverfish."
steer_alpha_0p77_traj_c8_tok120_seed01_the_receipt_on_the_counter.json,steer_alpha_0p77_traj,experiments/frontier_sweep_mistral7b_live_semantic_loop_guard_seed12/steer_alpha_0p77_traj_c8_tok120_seed01_the_receipt_on_the_counter.json,2,7,0,-0.17810915712145636,0.013069161053399546,0.3586050289042559,0.044444444444444446,0.0,0.0,0.2222222222222222,0.5868614236999148,0.2221114369501466,0.7746647959011697,0.0,0.0,0.0,,0.0,0.0,,0.0,0.0,,0.0,,0.75,0.25,the; receipt; counter; ash-veiled; cat,the; counter; cat,0.27272727272727276,cat,0.8,cat; counter,whisker; hawk-feathered; vessel; candle; flame; tail; fur-shaped; knife,0.6545454545454545,0.0,0.0,0.0,0,0,"The cat's whiskers across the counter. The hawk-feathered vessel and the candle flame, the cat's tail fur-shaped knife."
steer_alpha_0p77_traj_c8_tok120_seed01_the_receipt_on_the_counter.json,steer_alpha_0p77_traj,experiments/frontier_sweep_mistral7b_live_semantic_loop_guard_seed12/steer_alpha_0p77_traj_c8_tok120_seed01_the_receipt_on_the_counter.json,2,8,0,0.19559130109335587,0.040458954061614316,0.5550771136501964,0.08888888888888889,0.0,0.0,0.4444444444444444,0.7855462462066236,0.4132258064516128,0.4261719503151651,0.0,0.0,0.0,,0.0,0.0,,0.0,0.0,,0.0,,1.0,0.0,the; receipt; counter; ash-veiled; cat,the; receipt; counter; ash-veiled; cat,0.5,cat,0.2,receipt; ash-veiled; cat; counter,paw,0.3,0.0,0.0,0.0,0,0,"The receipt, the ash-veiled cat on the counter. The paw of the cat."
steer_alpha_0p77_traj_c8_tok120_seed01_the_receipt_on_the_counter.json,steer_alpha_0p77_traj,experiments/frontier_sweep_mistral7b_live_semantic_loop_guard_seed12/steer_alpha_0p77_traj_c8_tok120_seed01_the_receipt_on_the_counter.json,3,1,1,0.38219033736365005,0.01465989222327017,0.5363375203635429,0.03333333333333333,0.0,0.0,0.16666666666666666,0.8938958672725714,0.19999999999999998,0.7600933908045977,0.0,0.0,0.0,,0.0,0.0,,0.0,0.0,,0.0,,1.0,0.0,the; receipt; counter; ash-veiled; cat; matchmaker's; fingers,the; counter; matchmaker's; fingers,0.0,,0.6666666666666666,matchmaker; finger; counter,slip; silverfish; rosebud; cocklefish; rose; trailing,0.8333333333333333,0.0,0.0,0.0,0,0,"The matchmaker's fingers slip within a silverfish, holding a rosebud. The cocklefish of roses, trailing into the black counter."
steer_alpha_0p77_traj_c8_tok120_seed01_the_receipt_on_the_counter.json,steer_alpha_0p77_traj,experiments/frontier_sweep_mistral7b_live_semantic_loop_guard_seed12/steer_alpha_0p77_traj_c8_tok120_seed01_the_receipt_on_the_counter.json,3,2,0,0.025246600846698497,0.02843977751375512,0.5196802401038286,0.06530493056757483,0.0,0.0,0.32652465283787413,0.8661337335063811,0.19999999999999998,0.9100000000000001,0.0,0.0,0.0,,0.0,0.0,,0.0,0.0,,0.0,,1.0,0.0,the; receipt; counter; ash-veiled; cat; matchmaker's; fingers,the; counter; ash-veiled; cat; matchmaker's; fingers,0.0,,0.6428571428571429,matchmaker; finger; ash-veiled; cat; counter,pin; whisker; quiver; shadowy; pender; black-boundered; tiger-drawn; bell; tearder,0.8214285714285714,0.1,0.0,0.0,0,0,"The matchmaker's fingers pin on the ash-veiled cat, as its whiskers quiver, the shadowy penders and black-boundered counter. A tiger-drawn bell of tearders."
steer_alpha_0p77_traj_c8_tok120_seed01_the_receipt_on_the_counter.json,steer_alpha_0p77_traj,experiments/frontier_sweep_mistral7b_live_semantic_loop_guard_seed12/steer_alpha_0p77_traj_c8_tok120_seed01_the_receipt_on_the_counter.json,3,3,0,-0.37069537753550075,0.02175996422851616,0.4013271360234025,0.06612197222702992,0.0,0.0,0.3306098611351496,0.5604266161910308,0.43222011385199244,0.6620547013021003,0.0,0.0,0.0,,0.0,0.0,,0.0,0.0,,0.0,,1.0,0.0,the; receipt; counter; ash-veiled; cat; matchmaker's; fingers,the; receipt; counter; matchmaker's; fingers,0.17647058823529416,counter,0.75,matchmaker; finger; counter; receipt,ash-veil-licked; fire; smoke; dissolved; frisking; shadow-hoe; two; counter-dancer; ash-veil; pocket; spiderweb; hand,0.7205882352941176,0.0,0.0,0.0,0,0,"The matchmaker's fingers in the ash-veil-licked fire; smoke, dissolved in the counter, leaning against a frisking in its shadow-hoes. Two counter-dancer, the ash-veil on the receipt's pocket, resting on the counter, in spiderweb's hands."
steer_alpha_0p77_traj_c8_tok120_seed01_the_receipt_on_the_counter.json,steer_alpha_0p77_traj,experiments/frontier_sweep_mistral7b_live_semantic_loop_guard_seed12/steer_alpha_0p77_traj_c8_tok120_seed01_the_receipt_on_the_counter.json,3,4,0,-1.4771735842527383,0.043085842806896604,0.39993223140495865,0.1313815357055174,0.0,0.0,0.6569076785275869,0.6665537190082644,0.19999999999999998,0.9099841954022989,0.0,0.0,0.0,,0.0,0.0,,0.0,0.0,,0.0,,1.0,0.0,the; receipt; counter; ash-veiled; cat; matchmaker's; fingers,the; counter; ash-veiled; cat; matchmaker's; fingers,0.4615384615384616,counter; ticking,0.5454545454545454,matchmaker; finger; counter; ash-veiled; cat,clasp; ticking; lamp; questionmark; time; steepped,0.416083916083916,0.0,0.0,0.0,0,0,"The matchmaker's fingers clasp a ticking lamp at the counter, ticking a questionmark of time. The ash-veiled cat, steepped across its counter."
steer_alpha_0p77_traj_c8_tok120_seed01_the_receipt_on_the_counter.json,steer_alpha_0p77_traj,experiments/frontier_sweep_mistral7b_live_semantic_loop_guard_seed12/steer_alpha_0p77_traj_c8_tok120_seed01_the_receipt_on_the_counter.json,3,5,0,0.9169322538002517,0.0547306368442458,0.6078201634237924,0.10980991269256715,0.0,0.0,0.5490495634628357,0.7087710437710437,0.7151382488479262,0.21654903596588806,0.0,0.0,0.0,,0.0,0.0,,0.0,0.0,,0.0,,1.0,0.0,the; receipt; counter; ash-veiled; cat; matchmaker's; fingers,the; counter; ash-veiled; matchmaker's; fingers,0.675,counter; matchmaker,0.42857142857142855,matchmaker; finger; ash-veiled; counter,palm; shard; sunlight,0.23214285714285712,0.0,0.0,0.0,0,0,"The matchmaker's fingers in the ash-veiled counter, where the matchmaker's palm in the counter. The shard of sunlight, a counter."
steer_alpha_0p77_traj_c8_tok120_seed01_the_receipt_on_the_counter.json,steer_alpha_0p77_traj,experiments/frontier_sweep_mistral7b_live_semantic_loop_guard_seed12/steer_alpha_0p77_traj_c8_tok120_seed01_the_receipt_on_the_counter.json,3,6,0,-0.1351052128918746,0.024620253352366773,0.3642010165456846,0.0824399105059531,0.0,0.0,0.4121995525297655,0.5396860187818462,0.34967741935483865,0.8426451612903227,0.0,0.0,0.0,,0.0,0.0,,0.0,0.0,,0.0,,1.0,0.0,the; receipt; counter; ash-veiled; cat; matchmaker's; fingers,the; counter; matchmaker's; fingers,0.6382352941176471,counter; matchmaker,0.7692307692307693,matchmaker; finger; counter,flickering; garter; asht-veil; pane; hing-clawed; moonlight; silver-tuckedered; ticking; spine; weep,0.32002262443438906,0.0,0.0,0.0,0,0,"The matchmaker's fingers flickering on the counter, a matchmaker's garter in the asht-veil of a counter pane of silver, and a hing-clawed moonlight. The silver-tuckedered counter, a ticking of its spine as it weeps on the counter."
steer_alpha_0p77_traj_c8_tok120_seed01_the_receipt_on_the_counter.json,steer_alpha_0p77_traj,experiments/frontier_sweep_mistral7b_live_semantic_loop_guard_seed12/steer_alpha_0p77_traj_c8_tok120_seed01_the_receipt_on_the_counter.json,3,7,0,-1.4138871356627585,0.04430416151909411,0.4126396488362597,0.12812372242023765,0.0,0.0,0.6406186121011882,0.6877327480604328,0.19999999999999998,0.9100000000000001,0.0,0.0,0.0,,0.0,0.0,,0.0,0.0,,0.0,,1.0,0.0,the; receipt; counter; ash-veiled; cat; matchmaker's; fingers,the; counter; ash-veiled; cat; matchmaker's; fingers,0.7861111111111112,ash-veiled; counter; finger; matchmaker,0.5833333333333334,matchmaker; finger; ash-veiled; cat; counter,trace; fragile; shadow; ash-veil; moonlight; cloud; rain-kissed,0.16932870370370365,0.1,0.0,0.0,0,0,"The matchmaker's fingers trace the ash-veiled cat on the counter, the matchmaker's fingers and its fragile shadow, the ash-veil of moonlight. The cloud of rain-kissed ash-veiled counter."
steer_alpha_0p77_traj_c8_tok120_seed01_the_receipt_on_the_counter.json,steer_alpha_0p77_traj,experiments/frontier_sweep_mistral7b_live_semantic_loop_guard_seed12/steer_alpha_0p77_traj_c8_tok120_seed01_the_receipt_on_the_counter.json,3,8,0,1.2974008779434882,0.06809233823645894,0.5041405026655134,0.16471486903885074,0.0,0.0,0.8235743451942537,0.6269523852223816,0.6082258064516127,0.22750528364849845,0.0,0.0,0.0,,0.0,0.0,,0.0,0.0,,0.0,,1.0,0.0,the; receipt; counter; ash-veiled; cat; matchmaker's; fingers,the; counter; ash-veiled; cat; matchmaker's; fingers,0.9375,ash-veiled; cat; counter,0.0,matchmaker; finger; ash-veiled; cat; counter,,0.03125,0.0,0.0,0.0,0,0,The matchmaker's fingers in the ash-veiled cat on the counter. The ash-veiled cat on the counter.
steer_alpha_0p77_traj_c8_tok120_seed02_a_plastic_folder_in_the_drawer.json,steer_alpha_0p77_traj,experiments/frontier_sweep_mistral7b_live_semantic_loop_guard_seed12/steer_alpha_0p77_traj_c8_tok120_seed02_a_plastic_folder_in_the_drawer.json,1,1,1,0.8762359455895669,0.02641445483210483,0.48319124692874693,0.06666666666666667,0.0,0.0,0.3333333333333333,0.7376965601965602,0.31,0.548485632183908,0.0,0.0,0.0,,0.0,0.0,,0.0,0.0,,0.0,,0.75,0.25,plastic; folder; the; drawer,folder; the; drawer,0.0,,0.6666666666666666,folder; drawer,reveal; collection; feather; scattered,0.8333333333333333,0.0,0.0,0.0,0,0,"The folder unfolds open to reveal a collection of white feathers, scattered on the drawer."
steer_alpha_0p77_traj_c8_tok120_seed02_a_plastic_folder_in_the_drawer.json,steer_alpha_0p77_traj,experiments/frontier_sweep_mistral7b_live_semantic_loop_guard_seed12/steer_alpha_0p77_traj_c8_tok120_seed02_a_plastic_folder_in_the_drawer.json,1,2,0,2.655082564589111,0.0,0.6793841242762613,0.0,0.0,0.0,0.0,0.9771153846153846,0.39059139784946223,0.27423387096774204,0.0,0.0,0.0,,0.0,0.0,,0.0,0.0,,0.0,,0.5,0.5,plastic; folder; the; drawer,the; drawer,0.0,,0.6666666666666666,drawer,pencil; sharpener,0.8333333333333333,0.0,0.0,0.0,0,0,A pencil sharpener on the drawer.
steer_alpha_0p77_traj_c8_tok120_seed02_a_plastic_folder_in_the_drawer.json,steer_alpha_0p77_traj,experiments/frontier_sweep_mistral7b_live_semantic_loop_guard_seed12/steer_alpha_0p77_traj_c8_tok120_seed02_a_plastic_folder_in_the_drawer.json,1,3,0,1.8177686274509806,0.0,0.5,0.0,0.0,0.0,0.0,1.0,0.0,0.45,0.0,0.0,0.0,,0.0,0.0,,0.0,0.0,,0.0,,0.5,0.5,plastic; folder; the; drawer,the; drawer,0.0,,0.75,drawer,vine; sprouting; leave,0.875,0.0,0.0,0.0,0,0,"Inside the drawer, a dried vine, sprouting leaves."
steer_alpha_0p77_traj_c8_tok120_seed02_a_plastic_folder_in_the_drawer.json,steer_alpha_0p77_traj,experiments/frontier_sweep_mistral7b_live_semantic_loop_guard_seed12/steer_alpha_0p77_traj_c8_tok120_seed02_a_plastic_folder_in_the_drawer.json,1,4,0,0.5256874899665298,0.0,0.5082943121023712,0.0,0.0,0.0,0.0,0.7598633603238866,0.33785714285714274,0.5501063218390806,0.0,0.0,0.0,,0.0,0.0,,0.0,0.0,,0.0,,1.0,0.0,plastic; folder; the; drawer,plastic; folder; the; drawer,0.0,,0.625,drawer; plastic; folder,old; book; shelf; page; story,0.8125,0.1,0.0,0.0,0,0,"Inside the drawer, an old book rests on a shelf. The plastic folder contains pages of stories."
steer_alpha_0p77_traj_c8_tok120_seed02_a_plastic_folder_in_the_drawer.json,steer_alpha_0p77_traj,experiments/frontier_sweep_mistral7b_live_semantic_loop_guard_seed12/steer_alpha_0p77_traj_c8_tok120_seed02_a_plastic_folder_in_the_drawer.json,1,5,0,0.5166323901857902,0.0,0.5303966979027219,0.0,0.0,0.0,0.0,0.8839944965045367,0.19999999999999998,0.7304281609195402,0.0,0.0,0.0,,0.0,0.0,,0.0,0.0,,0.0,,0.75,0.25,plastic; folder; the; drawer,folder; the; drawer,0.0,,0.7777777777777778,folder; drawer,pen; silky; feather; duster; lavender-scented; candle; wait,0.8888888888888888,0.0,0.0,0.0,0,0,"The pen rests on the folder, a silky feather duster. A lavender-scented candle waits in the drawer."
steer_alpha_0p77_traj_c8_tok120_seed02_a_plastic_folder_in_the_drawer.json,steer_alpha_0p77_traj,experiments/frontier_sweep_mistral7b_live_semantic_loop_guard_seed12/steer_alpha_0p77_traj_c8_tok120_seed02_a_plastic_folder_in_the_drawer.json,1,6,0,0.7276104185525994,0.0,0.45467308080808083,0.0,0.0,0.0,0.0,0.8578737373737374,0.05999999999999997,0.7350324302134648,0.0,0.0,0.0,,0.0,0.0,,0.0,0.0,,0.0,,0.5,0.5,plastic; folder; the; drawer,the; drawer,0.37500000000000006,mannequin,0.8571428571428571,drawer,wood-carved; mannequin; seated; hand; begin; dance,0.5803571428571429,0.0,0.0,0.0,0,0,"A wood-carved mannequin, seated on the drawer. The mannequin's hand begins to dance."
steer_alpha_0p77_traj_c8_tok120_seed02_a_plastic_folder_in_the_drawer.json,steer_alpha_0p77_traj,experiments/frontier_sweep_mistral7b_live_semantic_loop_guard_seed12/steer_alpha_0p77_traj_c8_tok120_seed02_a_plastic_folder_in_the_drawer.json,1,7,0,0.6193095193404619,0.0,0.49061648936170216,0.0,0.0,0.0,0.0,0.9256914893617021,0.05999999999999997,0.8794841954022989,0.0,0.3333333333333333,7.142857142857143,delicate,0.0,0.0,,0.3333333333333333,7.142857142857143,delicate,0.0,,0.5,0.5,plastic; folder; the; drawer,the; drawer,0.37500000000000006,drawer,0.8571428571428571,drawer,wooden; flowerbed; sprout; transluid; orchid; petal,0.5803571428571429,0.0,0.0,0.0,0,0,"Inside the drawer, a wooden flowerbed sprouts. A delicate, transluid orchid leans on a drawer, its petals of blue."
steer_alpha_0p77_traj_c8_tok120_seed02_a_plastic_folder_in_the_drawer.json,steer_alpha_0p77_traj,experiments/frontier_sweep_mistral7b_live_semantic_loop_guard_seed12/steer_alpha_0p77_traj_c8_tok120_seed02_a_plastic_folder_in_the_drawer.json,1,8,0,0.7864373712933449,0.0,0.42400000000000004,0.0,0.0,0.0,0.0,0.8,0.05999999999999997,0.721485632183908,0.0,0.6666666666666666,22.22222222222222,antique; pocket watch,0.6666666666666666,22.22222222222222,antique; pocket watch,0.0,0.0,,0.775,antique; pocket watch,0.5,0.5,plastic; folder; the; drawer,the; drawer,0.0,,0.8333333333333334,drawer,antique; pocket; watch; ticking; time,0.9166666666666667,0.1,0.0,0.0,0,0,"An antique pocket watch rests inside the drawer, ticking time."
steer_alpha_0p77_traj_c8_tok120_seed02_a_plastic_folder_in_the_drawer.json,steer_alpha_0p77_traj,experiments/frontier_sweep_mistral7b_live_semantic_loop_guard_seed12/steer_alpha_0p77_traj_c8_tok120_seed02_a_plastic_folder_in_the_drawer.json,2,1,1,2.386104747362281,0.0,0.501522455506118,0.0,0.0,0.0,0.0,0.7342241379310345,0.3661290322580645,0.43459538375973306,0.0,0.0,0.0,,0.0,0.0,,0.0,0.0,,0.0,,0.75,0.25,plastic; folder; the; drawer; unfolds; open; reveal; collection; white; feathers; scattered,plastic; folder; the,0.0,,0.6666666666666666,plastic; folder,sink; fountain; water; lip,0.8333333333333333,0.0,0.0,0.0,0,0,The plastic folder sinks into a fountain. The water spills over its lip.
steer_alpha_0p77_traj_c8_tok120_seed02_a_plastic_folder_in_the_drawer.json,steer_alpha_0p77_traj,experiments/frontier_sweep_mistral7b_live_semantic_loop_guard_seed12/steer_alpha_0p77_traj_c8_tok120_seed02_a_plastic_folder_in_the_drawer.json,2,2,0,1.0460585794635147,0.0,0.4219461173155203,0.0,0.0,0.0,0.0,0.7032435288592005,0.19999999999999998,0.9100000000000001,0.0,0.0,0.0,,0.0,0.0,,0.0,0.0,,0.0,,0.75,0.25,plastic; folder; the; drawer; unfolds; open; reveal; collection; white; feathers; scattered,the; drawer; feathers,0.0,,0.8333333333333334,feather; drawer,quiver; dance; dish; drop; water; mirror; drip; river; edge; glassy-reflection,0.9166666666666667,0.1,0.0,0.0,0,0,"The feathers quiver and dance, as a small dish beside the drawer. A single drop of water wets its mirror, and drips from the river's edge, its glassy-reflection."
steer_alpha_0p77_traj_c8_tok120_seed02_a_plastic_folder_in_the_drawer.json,steer_alpha_0p77_traj,experiments/frontier_sweep_mistral7b_live_semantic_loop_guard_seed12/steer_alpha_0p77_traj_c8_tok120_seed02_a_plastic_folder_in_the_drawer.json,2,3,0,0.5044963235294124,0.0,0.4104375,0.0,0.0,0.0,0.0,0.6840625,0.19999999999999998,0.9100000000000001,0.0,0.0,0.0,,0.0,0.0,,0.0,0.0,,0.0,,0.5,0.5,plastic; folder; the; drawer; unfolds; open; reveal; collection; white; feathers; scattered,the; feathers,0.0,,0.9411764705882353,feather,gather; one; strung; together; forming; window; rain; pool; nestled; narrow; space; roof,0.9705882352941176,0.1,0.0,0.0,0,0,"The feathers gather, each one strung together, forming a window, as if the rain pools outside, nestled in the narrow space between its roof and a pond. The waves lick the shore."
steer_alpha_0p77_traj_c8_tok120_seed02_a_plastic_folder_in_the_drawer.json,steer_alpha_0p77_traj,experiments/frontier_sweep_mistral7b_live_semantic_loop_guard_seed12/steer_alpha_0p77_traj_c8_tok120_seed02_a_plastic_folder_in_the_drawer.json,2,4,0,-1.1397090576090576,0.0,0.4349454545454546,0.0,0.0,0.0,0.0,0.724909090909091,0.19999999999999998,0.9100000000000001,0.0,0.0,0.0,,0.0,0.0,,0.0,0.0,,0.0,,0.25,0.75,plastic; folder; the; drawer; unfolds; open; reveal; collection; white; feathers; scattered,the,0.2307692307692308,water,1.0,,pair; leather; shoe; sits; fishbowl; filled; water; tail; frog; droplet; hang; mouth,0.7692307692307692,0.0,0.0,0.0,0,0,"A pair of leather shoe, sits beside a small fishbowl, filled with water. The tail of a small frog, droplets of water hang from its mouth."
steer_alpha_0p77_traj_c8_tok120_seed02_a_plastic_folder_in_the_drawer.json,steer_alpha_0p77_traj,experiments/frontier_sweep_mistral7b_live_semantic_loop_guard_seed12/steer_alpha_0p77_traj_c8_tok120_seed02_a_plastic_folder_in_the_drawer.json,2,5,0,1.4665666367064356,0.017982030748915297,0.49340938030560266,0.044444444444444446,0.0,0.0,0.2222222222222222,0.6760526315789473,0.45967741935483863,0.48138366703744906,0.0,0.0,0.0,,0.0,0.0,,0.0,0.0,,0.0,,1.0,0.0,plastic; folder; the; drawer; unfolds; open; reveal; collection; white; feathers; scattered,folder; the; drawer; collection; white; feathers,0.4285714285714286,feather,0.3333333333333333,folder; feather; drawer; collection,revealing; display,0.38095238095238093,0.0,0.0,0.0,0,0,"The folder opens, revealing its white feathers on the drawer, unfolding to display a collection of white feathers."
steer_alpha_0p77_traj_c8_tok120_seed02_a_plastic_folder_in_the_drawer.json,steer_alpha_0p77_traj,experiments/frontier_sweep_mistral7b_live_semantic_loop_guard_seed12/steer_alpha_0p77_traj_c8_tok120_seed02_a_plastic_folder_in_the_drawer.json,2,6,0,-0.20628026175987646,0.019951731034482757,0.3649706896551724,0.06666666666666667,0.0,0.0,0.3333333333333333,0.6082844827586207,0.19999999999999998,0.9100000000000001,0.0,0.0,0.0,,0.0,0.0,,0.0,0.0,,0.0,,1.0,0.0,plastic; folder; the; drawer; unfolds; open; reveal; collection; white; feathers; scattered,the; drawer; collection; white; feathers,0.6000000000000001,drawer; feather,0.625,feather; drawer; collection,cascade; content; home; phantom; firefly,0.32499999999999996,0.0,0.0,0.0,0,0,The white feathers cascade down from the drawer and the collection of feathers. The contents of the drawer are home to a phantom of fireflies.
steer_alpha_0p77_traj_c8_tok120_seed02_a_plastic_folder_in_the_drawer.json,steer_alpha_0p77_traj,experiments/frontier_sweep_mistral7b_live_semantic_loop_guard_seed12/steer_alpha_0p77_traj_c8_tok120_seed02_a_plastic_folder_in_the_drawer.json,2,7,0,1.3407995200271383,0.0,0.4740402813299232,0.0,0.0,0.0,0.0,0.7900671355498721,0.19999999999999998,0.6579008620689656,0.0,0.0,0.0,,0.0,0.0,,0.0,0.0,,0.0,,0.75,0.25,plastic; folder; the; drawer; unfolds; open; reveal; collection; white; feathers; scattered,the; white; feathers,0.64375,feather,0.8333333333333334,feather,light; bulb; switch; pouring; plate,0.3265625,0.0,0.0,0.0,0,0,"The white feather on the feathers, the light bulb switches on, pouring white feathers. They grow over the plate."
steer_alpha_0p77_traj_c8_tok120_seed02_a_plastic_folder_in_the_drawer.json,steer_alpha_0p77_traj,experiments/frontier_sweep_mistral7b_live_semantic_loop_guard_seed12/steer_alpha_0p77_traj_c8_tok120_seed02_a_plastic_folder_in_the_drawer.json,2,8,0,0.06304468619939274,0.01296441248372908,0.3480898339903392,0.044444444444444446,0.0,0.0,0.2222222222222222,0.580149723317232,0.19999999999999998,0.9100000000000001,0.0,0.0,0.0,,0.0,0.0,,0.0,0.0,,0.0,,0.75,0.25,plastic; folder; the; drawer; unfolds; open; reveal; collection; white; feathers; scattered,the; drawer; feathers,0.5294117647058825,bird; drawer; feather,0.8571428571428571,feather; drawer,bird; watch; nestled; hand; night; sky; glass; moonwater; drink; water; drenched; rain,0.4369747899159663,0.1,0.0,0.0,0,0,"A bird watches over the feathers, nestled in the drawer. The drawer's hand rests on the night sky, with a glass of moonwater, the bird drinks water from the nearby feathers, drenched in the rain outside."
steer_alpha_0p77_traj_c8_tok120_seed02_a_plastic_folder_in_the_drawer.json,steer_alpha_0p77_traj,experiments/frontier_sweep_mistral7b_live_semantic_loop_guard_seed12/steer_alpha_0p77_traj_c8_tok120_seed02_a_plastic_folder_in_the_drawer.json,3,1,1,-0.2510674397376744,0.0,0.4454405534182187,0.0,0.0,0.0,0.0,0.7424009223636978,0.19999999999999998,0.9100000000000001,0.0,0.0,0.0,,0.0,0.0,,0.0,0.0,,0.0,,0.25,0.75,plastic; folder; the; drawer; unfolds; open; reveal; collection; white; feathers; scattered; sinks,the,0.0,,0.9375,fountain,rainbow; soapbuboon; stream; sun; saltman; unite; pear; darkfish; surround; glass; slugfish; milk,0.96875,0.2,0.0,0.0,0,0,"A rainbow of soapbuboons, where a soft stream of sun, saltman unites with the pear, a darkfish surrounds a glass, a slugfish of milk. An ice-cold frothbellows atop the fountain."
steer_alpha_0p77_traj_c8_tok120_seed02_a_plastic_folder_in_the_drawer.json,steer_alpha_0p77_traj,experiments/frontier_sweep_mistral7b_live_semantic_loop_guard_seed12/steer_alpha_0p77_traj_c8_tok120_seed02_a_plastic_folder_in_the_drawer.json,3,2,0,-0.12706093654853223,0.0,0.4310760869565218,0.0,0.0,0.0,0.0,0.7184601449275363,0.19999999999999998,0.9100000000000001,0.0,0.0,0.0,,0.0,0.0,,0.0,0.0,,0.0,,0.25,0.75,plastic; folder; the; drawer; unfolds; open; reveal; collection; white; feathers; scattered; sinks,the,0.0,,0.8181818181818182,water; lip,lilyfish; kisse; pearl; glass; goldfish; step; out; edge; pool,0.9090909090909092,0.0,0.0,0.0,0,0,"water lilyfish, its lip kisses onto the surface of a pearl of glass. A goldfish steps out onto the edge of its pool."
steer_alpha_0p77_traj_c8_tok120_seed02_a_plastic_folder_in_the_drawer.json,steer_alpha_0p77_traj,experiments/frontier_sweep_mistral7b_live_semantic_loop_guard_seed12/steer_alpha_0p77_traj_c8_tok120_seed02_a_plastic_folder_in_the_drawer.json,3,3,0,0.9027363139949054,0.0,0.40375541549706045,0.0,0.0,0.0,0.0,0.6729256924951008,0.19999999999999998,0.9100000000000001,0.0,0.0,0.0,,0.0,0.0,,0.0,0.0,,0.0,,0.25,0.75,plastic; folder; the; drawer; unfolds; open; reveal; collection; white; feathers; scattered; sinks,the,0.0,,0.9230769230769231,fountain; water,swallow; fern; curtain; lid; flower; take; root; dance; thin; needle; echo; sunlight,0.9615384615384616,0.0,0.0,0.0,0,0,"The fountain swallows a fern near its curtain lid, as a flower takes root. A dance of thin needle and an echo of sunlight in the world, and a fingerprint presses its paintwork on the glass, transforming into a grand piano with a shrunken, fish-like reed with its nose, floating in the water."
steer_alpha_0p77_traj_c8_tok120_seed02_a_plastic_folder_in_the_drawer.json,steer_alpha_0p77_traj,experiments/frontier_sweep_mistral7b_live_semantic_loop_guard_seed12/steer_alpha_0p77_traj_c8_tok120_seed02_a_plastic_folder_in_the_drawer.json,3,4,0,0.4895424566688129,0.0076508951751669075,0.41986619863720837,0.022222222222222223,0.0,0.0,0.1111111111111111,0.6997769977286806,0.19999999999999998,0.9100000000000001,0.0,0.0,0.0,,0.0,0.0,,0.0,0.0,,0.0,,0.75,0.25,plastic; folder; the; drawer; unfolds; open; reveal; collection; white; feathers; scattered; sinks,plastic; the; feathers,0.15789473684210528,feather,0.7222222222222222,fountain; lip; feather; water; plastic,spout; shower; glass; formed; clasp; roof; sprout; pot; ticket; birdstand; laced; vine,0.7251461988304093,0.0,0.0,0.0,0,0,"The fountain spouts a shower of glass, formed on its lip, where feathers clasp its roof. Water sprouts through the feathers, a small pot that tickets a plastic birdstand, laced with vines in the topyard."
steer_alpha_0p77_traj_c8_tok120_seed02_a_plastic_folder_in_the_drawer.json,steer_alpha_0p77_traj,experiments/frontier_sweep_mistral7b_live_semantic_loop_guard_seed12/steer_alpha_0p77_traj_c8_tok120_seed02_a_plastic_folder_in_the_drawer.json,3,5,0,0.939065382508004,0.0,0.3981171721764862,0.0,0.0,0.0,0.0,0.6635286202941436,0.19999999999999998,0.9100000000000001,0.0,0.0,0.0,,0.0,0.0,,0.0,0.0,,0.0,,0.75,0.25,plastic; folder; the; drawer; unfolds; open; reveal; collection; white; feathers; scattered; sinks,the; drawer; white,0.16666666666666663,feather,0.7058823529411765,feather; water; fountain; sink; drawer,attain; top-knot; origastoon; undulating; curtain; waterfall; churn; finger; mixing; bubbling; collect; peblet,0.7107843137254903,0.0,0.0,0.0,0,0,"White feather attains a top-knot of origastoon, and an undulating curtain of waterfall, as the white feather, churns into a finger, mixing with the bubbling water. Inside its fountain, it collects a peblet inside the sink of a drawer."
steer_alpha_0p77_traj_c8_tok120_seed02_a_plastic_folder_in_the_drawer.json,steer_alpha_0p77_traj,experiments/frontier_sweep_mistral7b_live_semantic_loop_guard_seed12/steer_alpha_0p77_traj_c8_tok120_seed02_a_plastic_folder_in_the_drawer.json,3,6,0,0.9083708986626342,0.0,0.49053971838503896,0.0,0.0,0.0,0.0,0.8027741228070177,0.2221114369501466,0.7269981292345031,0.0,0.0,0.0,,0.0,0.0,,0.0,0.0,,0.0,,0.25,0.75,plastic; folder; the; drawer; unfolds; open; reveal; collection; white; feathers; scattered; sinks,the,0.27272727272727276,water,0.7,water; fountain; lip,glass; sliper; hanging; marblefishpool; fish; pond; waterfall,0.6181818181818182,0.0,0.0,0.0,0,0,"A glass sliper, hanging on the water, a single marblefishpool. The fountain beneath the water, a fish near a pond's lip in the waterfall."
steer_alpha_0p77_traj_c8_tok120_seed02_a_plastic_folder_in_the_drawer.json,steer_alpha_0p77_traj,experiments/frontier_sweep_mistral7b_live_semantic_loop_guard_seed12/steer_alpha_0p77_traj_c8_tok120_seed02_a_plastic_folder_in_the_drawer.json,3,7,0,-0.07295009861975976,0.0,0.3529529231921133,0.0,0.0,0.0,0.0,0.5882548719868556,0.19999999999999998,0.9100000000000001,0.0,0.0,0.0,,0.0,0.0,,0.0,0.0,,0.0,,0.5,0.5,plastic; folder; the; drawer; unfolds; open; reveal; collection; white; feathers; scattered; sinks,the; feathers,0.3529411764705883,moonlight; water,0.8,water; feather; fountain,absore; moonlight; reflecting; mirror; sprout; pool; flower; spit; spread; shadow; take; caterpillar,0.5823529411764705,0.0,0.0,0.0,0,0,"The water absores the moonlight reflecting on the surface of its mirror, the feathers sprout into a pool, the fountain's flowers spit its kiss. The water spreads over the moonlight's surface, its shadow takes a caterpillar."
steer_alpha_0p77_traj_c8_tok120_seed02_a_plastic_folder_in_the_drawer.json,steer_alpha_0p77_traj,experiments/frontier_sweep_mistral7b_live_semantic_loop_guard_seed12/steer_alpha_0p77_traj_c8_tok120_seed02_a_plastic_folder_in_the_drawer.json,3,8,0,0.9117695781346371,0.0,0.38780192650153794,0.0,0.0,0.0,0.0,0.6463365441692299,0.19999999999999998,0.8390689655172414,0.0,0.0,0.0,,0.0,0.0,,0.0,0.0,,0.0,,0.25,0.75,plastic; folder; the; drawer; unfolds; open; reveal; collection; white; feathers; scattered; sinks,the,0.2142857142857143,fountain,0.8461538461538461,water; fountain,sews; cloth; pear-like; fish; glass; held; kiss-kiss; current; glassfish; swim; clock,0.7252747252747253,0.0,0.0,0.0,0,0,"Water sews through the fountain, under its cloth, a pear-like fish. Its glass held, a kiss-kiss across the fountain in the current, where glassfish swims inside the clock."
steer_alpha_0p77_traj_c8_tok120_seed03_the_bus_was_ten_minutes_late.json,steer_alpha_0p77_traj,experiments/frontier_sweep_mistral7b_live_semantic_loop_guard_seed12/steer_alpha_0p77_traj_c8_tok120_seed03_the_bus_was_ten_minutes_late.json,1,1,1,-1.4884304871373837,0.01824306104463438,0.48981965811965816,0.044444444444444446,0.0,0.0,0.2222222222222222,0.9241880341880342,0.05999999999999997,0.8410948275862069,0.0,0.0,0.0,,0.0,0.0,,0.0,0.0,,0.0,,0.5,0.5,the; bus; was; ten; minutes; late,the; bus,0.0,,0.8888888888888888,bus,cat; meowed; purring; loudly; cold; slate-blue; table; station,0.9444444444444444,0.1,0.0,0.0,0,0,"A cat meowed, purring loudly on the cold, slate-blue table in the bus station."
steer_alpha_0p77_traj_c8_tok120_seed03_the_bus_was_ten_minutes_late.json,steer_alpha_0p77_traj,experiments/frontier_sweep_mistral7b_live_semantic_loop_guard_seed12/steer_alpha_0p77_traj_c8_tok120_seed03_the_bus_was_ten_minutes_late.json,1,2,0,-1.8163645320197044,0.0,0.5,0.0,0.0,0.0,0.0,1.0,0.0,0.8729490968801314,0.0,0.0,0.0,,0.0,0.0,,0.0,0.0,,0.0,,1.0,0.0,the; bus; was; ten; minutes; late,the; bus; was; ten; minutes; late,0.0,,0.42857142857142855,bus; ten; minute; late,playing; solitaire; rain,0.7142857142857143,0.1,0.0,0.0,0,0,"The bus was ten minutes late, playing a solitaire of rain."
steer_alpha_0p77_traj_c8_tok120_seed03_the_bus_was_ten_minutes_late.json,steer_alpha_0p77_traj,experiments/frontier_sweep_mistral7b_live_semantic_loop_guard_seed12/steer_alpha_0p77_traj_c8_tok120_seed03_the_bus_was_ten_minutes_late.json,1,3,0,-0.9754722741858542,0.0,0.4083069543562295,0.0,0.0,0.0,0.0,0.650688373476063,0.255,0.558365763546798,0.0,0.0,0.0,,0.0,0.0,,0.0,0.0,,0.0,,0.5,0.5,the; bus; was; ten; minutes; late,the; bus,0.0,,0.8333333333333334,bus,headlight; cut; steam; crack; moonlight,0.9166666666666667,0.0,0.0,0.0,0,0,The bus's headlights cut through the steam and crack in the moonlight.
steer_alpha_0p77_traj_c8_tok120_seed03_the_bus_was_ten_minutes_late.json,steer_alpha_0p77_traj,experiments/frontier_sweep_mistral7b_live_semantic_loop_guard_seed12/steer_alpha_0p77_traj_c8_tok120_seed03_the_bus_was_ten_minutes_late.json,1,4,0,-3.282391242937853,0.0,0.3673728813559322,0.0,0.0,0.0,0.0,0.7347457627118644,0.0,0.8510416666666667,0.0,0.0,0.0,,0.0,0.0,,0.0,0.0,,0.0,,0.5,0.5,the; bus; was; ten; minutes; late,the; bus,0.0,,0.8571428571428571,bus,driver; pulled; wristwatch; hand; rattling; apple,0.9285714285714286,0.0,0.0,0.0,0,0,The bus driver pulled back her wristwatch and hands the rattling apples.
steer_alpha_0p77_traj_c8_tok120_seed03_the_bus_was_ten_minutes_late.json,steer_alpha_0p77_traj,experiments/frontier_sweep_mistral7b_live_semantic_loop_guard_seed12/steer_alpha_0p77_traj_c8_tok120_seed03_the_bus_was_ten_minutes_late.json,1,5,0,-1.6960645894909687,0.0,0.379,0.0,0.0,0.0,0.0,0.758,0.0,0.7484856321839081,0.0,0.0,0.0,,0.0,0.0,,0.0,0.0,,0.0,,0.25,0.75,the; bus; was; ten; minutes; late,the,0.0,,1.0,,driver; pour; coffee; cup; hand; tremble,1.0,0.0,0.0,0.0,0,0,"The driver pours coffee into the cup, his hands tremble."
steer_alpha_0p77_traj_c8_tok120_seed03_the_bus_was_ten_minutes_late.json,steer_alpha_0p77_traj,experiments/frontier_sweep_mistral7b_live_semantic_loop_guard_seed12/steer_alpha_0p77_traj_c8_tok120_seed03_the_bus_was_ten_minutes_late.json,1,6,0,-2.249985802495978,0.0,0.36229142496847416,0.0,0.0,0.0,0.0,0.6835687263556116,0.05999999999999997,0.9107614942528737,0.0,0.0,0.0,,0.0,0.0,,0.0,0.0,,0.0,,0.5,0.5,the; bus; was; ten; minutes; late,the; bus,0.0,,0.8571428571428571,bus,sun; shone; window; warming; street; city,0.9285714285714286,0.1,0.0,0.0,0,0,"The sun shone through the bus window, warming the dusty streets of the city."
steer_alpha_0p77_traj_c8_tok120_seed03_the_bus_was_ten_minutes_late.json,steer_alpha_0p77_traj,experiments/frontier_sweep_mistral7b_live_semantic_loop_guard_seed12/steer_alpha_0p77_traj_c8_tok120_seed03_the_bus_was_ten_minutes_late.json,1,7,0,-2.444187728937729,0.0,0.37959615384615386,0.0,0.0,0.0,0.0,0.7591923076923077,0.0,0.8977916666666668,0.0,0.0,0.0,,0.0,0.0,,0.0,0.0,,0.0,,0.5,0.5,the; bus; was; ten; minutes; late,the; bus,0.0,,0.9,bus,driver; pulled; off; watch; time; offering; thousand; lily; blossom,0.95,0.0,0.0,0.0,0,0,"The bus driver pulled off his watch to the time, offering a thousand lilies in blossom."
steer_alpha_0p77_traj_c8_tok120_seed03_the_bus_was_ten_minutes_late.json,steer_alpha_0p77_traj,experiments/frontier_sweep_mistral7b_live_semantic_loop_guard_seed12/steer_alpha_0p77_traj_c8_tok120_seed03_the_bus_was_ten_minutes_late.json,1,8,0,-2.7740606060606057,0.0,0.4809090909090909,0.0,0.0,0.0,0.0,0.9618181818181818,0.0,0.8753333333333333,0.0,0.0,0.0,,0.0,0.0,,0.0,0.0,,0.0,,0.25,0.75,the; bus; was; ten; minutes; late,the,0.0,,1.0,,elderly; man; checked; watch; waiting; second; tick,1.0,0.0,0.0,0.0,0,0,"The elderly man checked his watch, waiting for the seconds to tick."
steer_alpha_0p77_traj_c8_tok120_seed03_the_bus_was_ten_minutes_late.json,steer_alpha_0p77_traj,experiments/frontier_sweep_mistral7b_live_semantic_loop_guard_seed12/steer_alpha_0p77_traj_c8_tok120_seed03_the_bus_was_ten_minutes_late.json,2,1,1,-0.20972648542393002,0.10228993316519545,0.4989752837326608,0.25,0.0,1.0,0.0,0.9414627994955864,0.05999999999999997,0.8707916666666667,0.0,0.3333333333333333,7.6923076923076925,soft glow,0.0,0.0,,0.3333333333333333,7.6923076923076925,soft glow,0.0,,0.75,0.25,the; bus; was; ten; minutes; late; cat; meowed; purring; loudly; cold; slate-blue,the; bus; cat,0.0,,0.6666666666666666,bus; station; cat,neon; sign; hummed; gently; casting; glow,0.8333333333333333,0.0,0.0,0.0,0,2,"The bus station's neon sign hummed gently, casting a soft glow on the cat."
steer_alpha_0p77_traj_c8_tok120_seed03_the_bus_was_ten_minutes_late.json,steer_alpha_0p77_traj,experiments/frontier_sweep_mistral7b_live_semantic_loop_guard_seed12/steer_alpha_0p77_traj_c8_tok120_seed03_the_bus_was_ten_minutes_late.json,2,2,0,-1.0188240019775059,0.0,0.4793996415770609,0.0,0.0,0.0,0.0,0.7777777777777778,0.23274193548387093,0.6772733129403041,0.0,0.0,0.0,,0.0,0.0,,0.0,0.0,,0.0,,0.5,0.5,the; bus; was; ten; minutes; late; cat; meowed; purring; loudly; cold; slate-blue,the; cat,0.0,,0.875,cat,droplet; rainwater; collected; cupped; paw; forming; pool,0.9375,0.0,0.0,0.0,0,0,"A droplet of rainwater collected in the cat's cupped paw, forming a small, still pool."
steer_alpha_0p77_traj_c8_tok120_seed03_the_bus_was_ten_minutes_late.json,steer_alpha_0p77_traj,experiments/frontier_sweep_mistral7b_live_semantic_loop_guard_seed12/steer_alpha_0p77_traj_c8_tok120_seed03_the_bus_was_ten_minutes_late.json,2,3,0,-1.2135573219883564,0.0,0.495142946708464,0.0,0.0,0.0,0.0,0.9342319749216301,0.05999999999999997,0.7350324302134648,0.0,0.0,0.0,,0.0,0.0,,0.0,0.0,,0.0,,0.75,0.25,the; bus; was; ten; minutes; late; cat; meowed; purring; loudly; cold; slate-blue,the; bus; cat,0.0,,0.7142857142857143,cat; bus,claw; tapped; window; puncturing; reflection,0.8571428571428572,0.0,0.0,0.0,0,0,"The cat's claws tapped on the bus window, puncturing its reflection."
steer_alpha_0p77_traj_c8_tok120_seed03_the_bus_was_ten_minutes_late.json,steer_alpha_0p77_traj,experiments/frontier_sweep_mistral7b_live_semantic_loop_guard_seed12/steer_alpha_0p77_traj_c8_tok120_seed03_the_bus_was_ten_minutes_late.json,2,4,0,0.3021867142228942,0.0,0.5059175438596492,0.0,0.0,0.0,0.0,0.9545614035087719,0.05999999999999997,0.8098175287356322,0.0,0.0,0.0,,0.0,0.0,,0.0,0.0,,0.0,,0.5,0.5,the; bus; was; ten; minutes; late; cat; meowed; purring; loudly; cold; slate-blue,the; cat,0.0,,0.75,table; cat,watering; can; filled; rose; sits; naps,0.875,0.0,0.0,0.0,0,0,"A watering can, filled with roses, sits on the table where the cat naps."
steer_alpha_0p77_traj_c8_tok120_seed03_the_bus_was_ten_minutes_late.json,steer_alpha_0p77_traj,experiments/frontier_sweep_mistral7b_live_semantic_loop_guard_seed12/steer_alpha_0p77_traj_c8_tok120_seed03_the_bus_was_ten_minutes_late.json,2,5,0,-2.652900234741784,0.0,0.46647887323943665,0.0,0.0,0.0,0.0,0.9329577464788733,0.0,0.9454583333333334,0.0,0.0,0.0,,0.0,0.0,,0.0,0.0,,0.0,,0.5,0.5,the; bus; was; ten; minutes; late; cat; meowed; purring; loudly; cold; slate-blue,the; cat,0.0,,0.9,cat,mother; smoked; cigarette; sharing; ashtray; puffing; out; smoke; ring,0.95,0.0,0.0,0.0,0,0,"A mother smoked a cigarette, sharing her ashtray with the cat, puffing out smoke rings."
steer_alpha_0p77_traj_c8_tok120_seed03_the_bus_was_ten_minutes_late.json,steer_alpha_0p77_traj,experiments/frontier_sweep_mistral7b_live_semantic_loop_guard_seed12/steer_alpha_0p77_traj_c8_tok120_seed03_the_bus_was_ten_minutes_late.json,2,6,0,-1.3312280701754384,0.0,0.37557473684210524,0.0,0.0,0.0,0.0,0.7086315789473684,0.05999999999999997,0.9730000000000001,0.0,0.0,0.0,,0.0,0.0,,0.0,0.0,,0.0,,0.75,0.25,the; bus; was; ten; minutes; late; cat; meowed; purring; loudly; cold; slate-blue,the; bus; cat,0.0,,0.8181818181818182,cat; bus,suddenly; shaking; fur; step; arrive; sound; purr; echoe; window,0.9090909090909092,0.0,0.0,0.0,0,0,"The cat, suddenly shaking its fur, steps onto the bus as it arrives, the sound of its purr echoes through the windows."
steer_alpha_0p77_traj_c8_tok120_seed03_the_bus_was_ten_minutes_late.json,steer_alpha_0p77_traj,experiments/frontier_sweep_mistral7b_live_semantic_loop_guard_seed12/steer_alpha_0p77_traj_c8_tok120_seed03_the_bus_was_ten_minutes_late.json,2,7,0,-2.334044871794872,0.0,0.3592652564102564,0.0,0.0,0.0,0.0,0.6778589743589744,0.05999999999999997,0.9404583333333335,0.0,0.0,0.0,,0.0,0.0,,0.0,0.0,,0.0,,0.75,0.25,the; bus; was; ten; minutes; late; cat; meowed; purring; loudly; cold; slate-blue,the; bus; cat,0.0,,0.8,cat; bus,jumped; empty; seat; delayed; leaving; pawprint; cushioned; vinyl,0.9,0.0,0.0,0.0,0,0,"The cat jumped onto the empty seat of the delayed bus, leaving pawprints in the cushioned vinyl."
steer_alpha_0p77_traj_c8_tok120_seed03_the_bus_was_ten_minutes_late.json,steer_alpha_0p77_traj,experiments/frontier_sweep_mistral7b_live_semantic_loop_guard_seed12/steer_alpha_0p77_traj_c8_tok120_seed03_the_bus_was_ten_minutes_late.json,2,8,0,-0.19261381074168815,0.0,0.4003826086956522,0.0,0.0,0.0,0.0,0.6673043478260869,0.19999999999999998,0.877,0.0,0.3333333333333333,4.3478260869565215,velvet,0.3333333333333333,4.3478260869565215,velvet,0.0,0.0,,0.375,velvet,0.75,0.25,the; bus; was; ten; minutes; late; cat; meowed; purring; loudly; cold; slate-blue,the; bus; cat,0.2,bus,0.7142857142857143,bus; station; cat; table,arrived; metal; wheel; scraping; gravel; leaped; landing; softly; velvet; seat,0.6857142857142858,0.0,0.0,0.0,0,0,"The bus arrived at the station, metal wheels scraping along the gravel. The cat leaped from the table, landing softly on the velvet bus seat."
steer_alpha_0p77_traj_c8_tok120_seed03_the_bus_was_ten_minutes_late.json,steer_alpha_0p77_traj,experiments/frontier_sweep_mistral7b_live_semantic_loop_guard_seed12/steer_alpha_0p77_traj_c8_tok120_seed03_the_bus_was_ten_minutes_late.json,3,1,1,0.4602956926154611,0.08699425039061995,0.3943188556449426,0.26904761904761904,0.0,1.0,0.09523809523809523,0.657198092741571,0.19999999999999998,0.9100000000000001,0.0,0.0,0.0,,0.0,0.0,,0.0,0.0,,0.0,,1.0,0.0,the; bus; was; ten; minutes; late; cat; meowed; purring; loudly; cold; slate-blue,the; bus; cat; loudly,0.36458333333333337,bus; engine,0.5714285714285714,cat; loudly; table; bus; station; neon; sign; hummed; glow,meowing; leapt; engine; block; came; halt; rhythmic; purr; shaking; fervently; bathing; amber,0.49925595238095233,0.0,0.0,0.0,0,2,"The cat, still meowing loudly, leapt from the table onto the bus's engine block as it came to a halt, its rhythmic purr shaking the engine. The bus station's neon sign hummed more fervently, bathing the bus in an amber glow."
steer_alpha_0p77_traj_c8_tok120_seed03_the_bus_was_ten_minutes_late.json,steer_alpha_0p77_traj,experiments/frontier_sweep_mistral7b_live_semantic_loop_guard_seed12/steer_alpha_0p77_traj_c8_tok120_seed03_the_bus_was_ten_minutes_late.json,3,2,0,1.282178566432074,0.0,0.40675866819747414,0.0,0.0,0.0,0.0,0.677931113662457,0.19999999999999998,0.6579008620689656,0.0,0.0,0.0,,0.0,0.0,,0.0,0.0,,0.0,,1.0,0.0,the; bus; was; ten; minutes; late; cat; meowed; purring; loudly; cold; slate-blue,the; bus; was; cat,0.0,,0.625,cat; bus; station,meow; muffled; loud; engine; pulled,0.8125,0.0,0.0,0.0,0,0,The cat's meow was muffled by the bus's loud engine as it pulled into the station.
steer_alpha_0p77_traj_c8_tok120_seed03_the_bus_was_ten_minutes_late.json,steer_alpha_0p77_traj,experiments/frontier_sweep_mistral7b_live_semantic_loop_guard_seed12/steer_alpha_0p77_traj_c8_tok120_seed03_the_bus_was_ten_minutes_late.json,3,3,0,0.6729926539965989,0.0,0.4208586858685868,0.0,0.0,0.0,0.0,0.7014311431143114,0.19999999999999998,0.83025,0.0,0.0,0.0,,0.0,0.0,,0.0,0.0,,0.0,,0.75,0.25,the; bus; was; ten; minutes; late; cat; meowed; purring; loudly; cold; slate-blue,the; bus; cat,0.0,,0.7692307692307693,cat; bus; neon,tail; twitched; scratched; ticket; dispenser; eyes; shining; yellow; reflected; light,0.8846153846153846,0.0,0.0,0.0,0,0,"The cat's tail twitched as it scratched at the bus ticket dispenser, its eyes shining yellow in the reflected neon light."
steer_alpha_0p77_traj_c8_tok120_seed03_the_bus_was_ten_minutes_late.json,steer_alpha_0p77_traj,experiments/frontier_sweep_mistral7b_live_semantic_loop_guard_seed12/steer_alpha_0p77_traj_c8_tok120_seed03_the_bus_was_ten_minutes_late.json,3,4,0,-0.14673829425552198,0.008916893415192006,0.40778475984109785,0.02666666666666667,0.0,0.0,0.13333333333333333,0.6796412664018298,0.19999999999999998,0.9100000000000001,0.0,0.0,0.0,,0.0,0.0,,0.0,0.0,,0.0,,0.75,0.25,the; bus; was; ten; minutes; late; cat; meowed; purring; loudly; cold; slate-blue,the; bus; cat,0.0,,0.6470588235294118,bus; station; neon; casting; cat; table,rumbling; softly; arrived; headlight; bright; beam; cut; dull; radiance; elongated; shadow,0.8235294117647058,0.0,0.0,0.0,0,0,"The bus, rumbling softly, arrived at the station. Its headlights' bright beam cut through the neon's dull radiance, casting elongated shadows across the cat on the table."
steer_alpha_0p77_traj_c8_tok120_seed03_the_bus_was_ten_minutes_late.json,steer_alpha_0p77_traj,experiments/frontier_sweep_mistral7b_live_semantic_loop_guard_seed12/steer_alpha_0p77_traj_c8_tok120_seed03_the_bus_was_ten_minutes_late.json,3,5,0,0.11511465542099208,0.006574834027777778,0.36081406250000003,0.022222222222222223,0.0,0.0,0.1111111111111111,0.68078125,0.05999999999999997,0.9730000000000001,0.0,0.0,0.0,,0.0,0.0,,0.0,0.0,,0.0,,1.0,0.0,the; bus; was; ten; minutes; late; cat; meowed; purring; loudly; cold; slate-blue,the; bus; cat; purring; loudly,0.16666666666666663,bus,0.7058823529411765,bus; loudly; cat; station; purring,screeched; halt; engine; whirring; door; waiting; crowd; disembark; padding; softly; step; floor,0.7107843137254903,0.0,0.0,0.0,0,0,"The bus screeched to a halt, its engine whirring loudly as it opens its doors to the waiting crowd. The cat disembarks, padding softly over the bus steps and onto the station floor, still purring."
steer_alpha_0p77_traj_c8_tok120_seed03_the_bus_was_ten_minutes_late.json,steer_alpha_0p77_traj,experiments/frontier_sweep_mistral7b_live_semantic_loop_guard_seed12/steer_alpha_0p77_traj_c8_tok120_seed03_the_bus_was_ten_minutes_late.json,3,6,0,-1.096093982810906,0.0,0.3505484732824428,0.0,0.0,0.0,0.0,0.6614122137404581,0.05999999999999997,0.9730000000000001,0.0,0.0,0.0,,0.0,0.0,,0.0,0.0,,0.0,,0.75,0.25,the; bus; was; ten; minutes; late; cat; meowed; purring; loudly; cold; slate-blue,the; bus; cat,0.15789473684210528,bus,0.7777777777777778,bus; station; cat; table,screeched; halt; tire; leaving; gravel; dust; floor; jump; off; race; meet; fur,0.7485380116959064,0.0,0.0,0.0,0,0,"The bus screeched to a halt, its tires leaving gravel dust on the station floor. The cat jumps off the table and races to meet the bus, its fur ruffling in the wind."
steer_alpha_0p77_traj_c8_tok120_seed03_the_bus_was_ten_minutes_late.json,steer_alpha_0p77_traj,experiments/frontier_sweep_mistral7b_live_semantic_loop_guard_seed12/steer_alpha_0p77_traj_c8_tok120_seed03_the_bus_was_ten_minutes_late.json,3,7,0,-0.9117456594060365,0.0,0.3835960224375318,0.0,0.0,0.0,0.0,0.6393267040625531,0.19999999999999998,0.9100000000000001,0.0,0.0,0.0,,0.0,0.0,,0.0,0.0,,0.0,,0.75,0.25,the; bus; was; ten; minutes; late; cat; meowed; purring; loudly; cold; slate-blue,the; bus; cat,0.25,bus,0.9047619047619048,cat; bus,tethered; seat; purr; lurch; rain-soaked; highway; scattering; rivulet; water; windshield; driver; hums,0.7142857142857142,0.0,0.0,0.0,0,0,"The cat, now tethered to the bus seat, purrs as the bus lurches along the rain-soaked highway, scattering rivulets of water across the windshield. The bus driver hums a melody, loud and clear, as he skillfully maneuvers the vehicle through the downpour."
steer_alpha_0p77_traj_c8_tok120_seed03_the_bus_was_ten_minutes_late.json,steer_alpha_0p77_traj,experiments/frontier_sweep_mistral7b_live_semantic_loop_guard_seed12/steer_alpha_0p77_traj_c8_tok120_seed03_the_bus_was_ten_minutes_late.json,3,8,0,1.0470174338925202,0.006771785547785547,0.3716223776223776,0.022222222222222223,0.0,0.0,0.1111111111111111,0.6193706293706294,0.19999999999999998,0.9100000000000001,0.0,0.0,0.0,,0.0,0.0,,0.0,0.0,,0.0,,1.0,0.0,the; bus; was; ten; minutes; late; cat; meowed; purring; loudly; cold; slate-blue,the; bus; cat; loudly,0.33333333333333326,bus; station,0.6875,cat; table; station; bus; loudly,leapt; bounding; floor; toward; pull; curb; roar; door; low; rumble; engine,0.5625000000000001,0.0,0.0,0.0,0,0,"The cat leapt from the table, bounding across the station floor towards the bus as it pulls up to the curb. The bus roars loudly as it opens its doors, the low rumble of its engine carrying through the station."
steer_alpha_0p77_traj_c8_tok120_seed04_a_blue_mug_near_the_sink.json,steer_alpha_0p77_traj,experiments/frontier_sweep_mistral7b_live_semantic_loop_guard_seed12/steer_alpha_0p77_traj_c8_tok120_seed04_a_blue_mug_near_the_sink.json,1,1,1,2.622573769471251,0.07143549123001161,0.6533733953964477,0.13333333333333333,0.0,0.0,0.6666666666666666,0.8952298456260721,0.45967741935483863,0.36405033370411577,0.0,0.0,0.0,,0.0,0.0,,0.0,0.0,,0.0,,0.75,0.25,blue; mug; the; sink,mug; the; sink,0.0,,0.6666666666666666,sink; mug,spoon; counter; encased; waterfall,0.8333333333333333,0.0,0.0,0.0,0,0,"A spoon rests on the sink counter, encased in the mug's waterfall."
steer_alpha_0p77_traj_c8_tok120_seed04_a_blue_mug_near_the_sink.json,steer_alpha_0p77_traj,experiments/frontier_sweep_mistral7b_live_semantic_loop_guard_seed12/steer_alpha_0p77_traj_c8_tok120_seed04_a_blue_mug_near_the_sink.json,1,2,0,-0.5472671006834802,0.05534336913580247,0.5061893518518519,0.13333333333333333,0.0,0.0,0.6666666666666666,0.907962962962963,0.11499999999999996,0.6078189655172415,0.0,0.0,0.0,,0.0,0.0,,0.0,0.0,,0.0,,0.5,0.5,blue; mug; the; sink,mug; the,0.0,,0.8333333333333334,mug,salt; shaker; counter; spout; pouring,0.9166666666666667,0.0,0.0,0.0,0,0,"The salt shaker on the counter, its tiny spout pouring into the mug."
steer_alpha_0p77_traj_c8_tok120_seed04_a_blue_mug_near_the_sink.json,steer_alpha_0p77_traj,experiments/frontier_sweep_mistral7b_live_semantic_loop_guard_seed12/steer_alpha_0p77_traj_c8_tok120_seed04_a_blue_mug_near_the_sink.json,1,3,0,2.393043379120879,0.0,0.9876041666666666,0.0,0.0,0.0,0.0,0.9876041666666666,1.0,0.13933333333333334,0.0,0.0,0.0,,0.0,0.0,,0.0,0.0,,0.0,,0.5,0.5,blue; mug; the; sink,mug; the,0.0,,0.8,mug,slice; lemon; sprig; water,0.9,0.0,0.0,0.0,0,0,"A slice of lemon resting on the mug, holding a sprig of water."
steer_alpha_0p77_traj_c8_tok120_seed04_a_blue_mug_near_the_sink.json,steer_alpha_0p77_traj,experiments/frontier_sweep_mistral7b_live_semantic_loop_guard_seed12/steer_alpha_0p77_traj_c8_tok120_seed04_a_blue_mug_near_the_sink.json,1,4,0,0.4180655913978494,0.0,0.5898387096774194,0.0,0.0,0.0,0.0,1.0,0.17967741935483866,0.3691451612903226,0.0,0.0,0.0,,0.0,0.0,,0.0,0.0,,0.0,,0.5,0.5,blue; mug; the; sink,mug; the,0.0,,0.75,mug,partially; filled; tea,0.875,0.0,0.0,0.0,0,0,"The mug, partially filled with tea."
steer_alpha_0p77_traj_c8_tok120_seed04_a_blue_mug_near_the_sink.json,steer_alpha_0p77_traj,experiments/frontier_sweep_mistral7b_live_semantic_loop_guard_seed12/steer_alpha_0p77_traj_c8_tok120_seed04_a_blue_mug_near_the_sink.json,1,5,0,1.3885212264532294,0.0,0.7434245012733447,0.0,0.0,0.0,0.0,0.924342105263158,0.6085483870967741,0.17615322580645168,0.0,0.0,0.0,,0.0,0.0,,0.0,0.0,,0.0,,0.5,0.5,blue; mug; the; sink,mug; the,0.0,,0.75,mug,green; plant; windowsill,0.875,0.0,0.0,0.0,0,0,"A green plant on the windowsill, next to the mug."
steer_alpha_0p77_traj_c8_tok120_seed04_a_blue_mug_near_the_sink.json,steer_alpha_0p77_traj,experiments/frontier_sweep_mistral7b_live_semantic_loop_guard_seed12/steer_alpha_0p77_traj_c8_tok120_seed04_a_blue_mug_near_the_sink.json,1,6,0,2.302139133950341,0.0,0.6433876623376622,0.0,0.0,0.0,0.0,0.9618181818181818,0.33785714285714274,0.48043965517241394,0.0,0.0,0.0,,0.0,0.0,,0.0,0.0,,0.0,,1.0,0.0,blue; mug; the; sink,blue; mug; the; sink,0.0,,0.7142857142857143,mug; sink,sitting; table; filled; rainwater; fish,0.8571428571428572,0.0,0.0,0.0,0,0,"The blue mug, sitting on a table, filled with rainwater, as fish in the sink."
steer_alpha_0p77_traj_c8_tok120_seed04_a_blue_mug_near_the_sink.json,steer_alpha_0p77_traj,experiments/frontier_sweep_mistral7b_live_semantic_loop_guard_seed12/steer_alpha_0p77_traj_c8_tok120_seed04_a_blue_mug_near_the_sink.json,1,7,0,-0.18957944998061904,0.0,0.3668571428571429,0.0,0.0,0.0,0.0,0.7337142857142858,0.0,0.7484856321839081,0.0,0.0,0.0,,0.0,0.0,,0.0,0.0,,0.0,,0.5,0.5,blue; mug; the; sink,the; sink,0.0,,0.8,sink,green; vine; slither; drain,0.9,0.0,0.0,0.0,0,0,"A green vine slithers down the drain, spilling into the sink."
steer_alpha_0p77_traj_c8_tok120_seed04_a_blue_mug_near_the_sink.json,steer_alpha_0p77_traj,experiments/frontier_sweep_mistral7b_live_semantic_loop_guard_seed12/steer_alpha_0p77_traj_c8_tok120_seed04_a_blue_mug_near_the_sink.json,1,8,0,0.34113010959047296,0.0,0.4369600702576113,0.0,0.0,0.0,0.0,0.6812295081967213,0.2828571428571428,0.6637729885057473,0.0,0.0,0.0,,0.0,0.0,,0.0,0.0,,0.0,,0.75,0.25,blue; mug; the; sink,mug; the; sink,0.0,,0.6666666666666666,mug; sink,spoon; balanced; atop; edge,0.8333333333333333,0.0,0.0,0.0,0,0,"A single silver spoon balanced atop the mug, resting on the edge of the sink."
steer_alpha_0p77_traj_c8_tok120_seed04_a_blue_mug_near_the_sink.json,steer_alpha_0p77_traj,experiments/frontier_sweep_mistral7b_live_semantic_loop_guard_seed12/steer_alpha_0p77_traj_c8_tok120_seed04_a_blue_mug_near_the_sink.json,2,1,1,0.34108498909778295,0.12435600152671755,0.38712047792897447,0.3833333333333333,0.0,1.0,0.6666666666666666,0.6452007965482908,0.19999999999999998,0.8214966843501327,0.0,0.0,0.0,,0.0,0.0,,0.0,0.0,,0.0,,1.0,0.0,blue; mug; the; sink; spoon; counter; encased; mug's; waterfall,the; sink; spoon; counter,0.2142857142857143,counter,0.7692307692307693,spoon; counter; sink,shadow; silverware; drawer; teeter; atop; magnifying; glass; mirror; rusty; cradle,0.695054945054945,0.1,0.0,0.0,0,1,"The spoon rests on the counter, its shadow on the sink. The silverware drawer teeters atop the counter, holding a magnifying glass mirror above a rusty cradle."
steer_alpha_0p77_traj_c8_tok120_seed04_a_blue_mug_near_the_sink.json,steer_alpha_0p77_traj,experiments/frontier_sweep_mistral7b_live_semantic_loop_guard_seed12/steer_alpha_0p77_traj_c8_tok120_seed04_a_blue_mug_near_the_sink.json,2,2,0,0.5642913760532275,0.03907480103359173,0.5360872093023256,0.08888888888888889,0.0,0.0,0.4444444444444444,0.8934786821705426,0.19999999999999998,0.7316767241379312,0.0,0.0,0.0,,0.0,0.0,,0.0,0.0,,0.0,,1.0,0.0,blue; mug; the; sink; spoon; counter; encased; mug's; waterfall,the; sink; spoon; counter,0.0,,0.7,spoon; counter; sink,baloon; edge; shadow; growl; softly; mirror; reflect,0.85,0.0,0.0,0.0,0,0,"The spoon baloons on the counter's edge, where its shadows growl softly. A mirror reflects in the sink."
steer_alpha_0p77_traj_c8_tok120_seed04_a_blue_mug_near_the_sink.json,steer_alpha_0p77_traj,experiments/frontier_sweep_mistral7b_live_semantic_loop_guard_seed12/steer_alpha_0p77_traj_c8_tok120_seed04_a_blue_mug_near_the_sink.json,2,3,0,2.4281767644548347,0.055446793290422756,0.6761804059807653,0.1,0.0,0.0,0.5,0.8859239130434783,0.5264976958525345,0.3833276789024843,0.0,0.0,0.0,,0.0,0.0,,0.0,0.0,,0.0,,1.0,0.0,blue; mug; the; sink; spoon; counter; encased; mug's; waterfall,the; spoon; counter; waterfall,0.37500000000000006,counter,0.5714285714285714,spoon; counter; waterfall,gloss; water; replounding; dishrag,0.49107142857142855,0.0,0.0,0.0,0,0,"The spoon rests on the counter, holding a gloss of water. A white counter replounding, waterfall over a dishrag."
steer_alpha_0p77_traj_c8_tok120_seed04_a_blue_mug_near_the_sink.json,steer_alpha_0p77_traj,experiments/frontier_sweep_mistral7b_live_semantic_loop_guard_seed12/steer_alpha_0p77_traj_c8_tok120_seed04_a_blue_mug_near_the_sink.json,2,4,0,-0.01473002790048783,0.029579420289855073,0.40581521739130433,0.08888888888888889,0.0,0.0,0.4444444444444444,0.6763586956521739,0.19999999999999998,0.9100000000000001,0.0,0.0,0.0,,0.0,0.0,,0.0,0.0,,0.0,,0.75,0.25,blue; mug; the; sink; spoon; counter; encased; mug's; waterfall,the; spoon; counter,0.27272727272727276,counter,0.8,spoon; counter,pile; salt; pepper; kitchen; sits; wielding; kettle; steam,0.6545454545454545,0.0,0.0,0.0,0,0,"A pile of salt and pepper rests in the kitchen. The spoon sits on the counter, counter, wielding a kettle of steam."
steer_alpha_0p77_traj_c8_tok120_seed04_a_blue_mug_near_the_sink.json,steer_alpha_0p77_traj,experiments/frontier_sweep_mistral7b_live_semantic_loop_guard_seed12/steer_alpha_0p77_traj_c8_tok120_seed04_a_blue_mug_near_the_sink.json,2,5,0,-0.09584172511950584,0.024689733730904637,0.3763678922393999,0.08000000000000002,0.0,0.0,0.4,0.6272798203989999,0.19999999999999998,0.8495609605911332,0.0,0.0,0.0,,0.0,0.0,,0.0,0.0,,0.0,,1.0,0.0,blue; mug; the; sink; spoon; counter; encased; mug's; waterfall,mug; the; sink; spoon; counter,0.4285714285714286,counter; spoon,0.6666666666666666,spoon; mug; counter; sink,crackedling; glittering; salt; pepper; propped; edge; forming; candlewick,0.4761904761904761,0.0,0.0,0.0,0,0,"The spoon rests on the mug counter, crackedling with glittering salt and pepper. The spoon, propped on the sink's edge, forming a silver candlewick across the counter."
steer_alpha_0p77_traj_c8_tok120_seed04_a_blue_mug_near_the_sink.json,steer_alpha_0p77_traj,experiments/frontier_sweep_mistral7b_live_semantic_loop_guard_seed12/steer_alpha_0p77_traj_c8_tok120_seed04_a_blue_mug_near_the_sink.json,2,6,0,0.863695070735258,0.026933020641194558,0.3695079051383399,0.08888888888888889,0.0,0.0,0.4444444444444444,0.6158465085638999,0.19999999999999998,0.8623175287356324,0.0,0.0,0.0,,0.0,0.0,,0.0,0.0,,0.0,,0.75,0.25,blue; mug; the; sink; spoon; counter; encased; mug's; waterfall,the; spoon; counter,0.4423076923076924,counter,0.8181818181818182,spoon; counter,softly; moonlight; countertop; hump; cradle; teapot; pour; rainwater; acting,0.506993006993007,0.0,0.0,0.0,0,0,"The spoon rests on the counter, glowing softly in the moonlight. A countertop humps cradle a teapot that pours the rainwater of the nearby counter, acting as a counter."
steer_alpha_0p77_traj_c8_tok120_seed04_a_blue_mug_near_the_sink.json,steer_alpha_0p77_traj,experiments/frontier_sweep_mistral7b_live_semantic_loop_guard_seed12/steer_alpha_0p77_traj_c8_tok120_seed04_a_blue_mug_near_the_sink.json,2,7,0,1.2171521592398475,0.048848243621399175,0.4467827160493827,0.13333333333333333,0.0,0.0,0.6666666666666666,0.6965432098765432,0.2828571428571428,0.5941063218390805,0.0,0.0,0.0,,0.0,0.0,,0.0,0.0,,0.0,,0.75,0.25,blue; mug; the; sink; spoon; counter; encased; mug's; waterfall,the; spoon; counter,0.6611111111111112,counter; spoon,0.7142857142857143,spoon; counter,ride; providing; gentle; noise; window,0.29047619047619044,0.0,0.0,0.0,0,0,"The spoon rests on the counter. A spoon rides on a counter, providing a gentle noise from its window."
steer_alpha_0p77_traj_c8_tok120_seed04_a_blue_mug_near_the_sink.json,steer_alpha_0p77_traj,experiments/frontier_sweep_mistral7b_live_semantic_loop_guard_seed12/steer_alpha_0p77_traj_c8_tok120_seed04_a_blue_mug_near_the_sink.json,2,8,0,0.4538079790346754,0.03835907546226887,0.3508452023988006,0.13333333333333333,0.0,0.0,0.6666666666666666,0.584742003998001,0.19999999999999998,0.8403175287356324,0.0,0.0,0.0,,0.0,0.0,,0.0,0.0,,0.0,,1.0,0.0,blue; mug; the; sink; spoon; counter; encased; mug's; waterfall,blue; mug; the; sink; spoon; counter,0.6833333333333333,counter; sink; spoon; water,0.6363636363636364,spoon; sink; counter; mug,water; drop; green; frog; brim; stovetop; door,0.25909090909090904,0.0,0.0,0.0,0,0,"Water drops from the spoon rests on the sink counter, a green frog, as the spoon brims with water from the sink's stovetop counter. The door rests against the blue mug."
steer_alpha_0p77_traj_c8_tok120_seed04_a_blue_mug_near_the_sink.json,steer_alpha_0p77_traj,experiments/frontier_sweep_mistral7b_live_semantic_loop_guard_seed12/steer_alpha_0p77_traj_c8_tok120_seed04_a_blue_mug_near_the_sink.json,3,1,1,-0.20926135517498134,0.13635050632911394,0.38229113924050634,0.3566666666666667,0.0,1.0,0.5333333333333333,0.6371518987341772,0.19999999999999998,0.9100000000000001,0.0,0.0,0.0,,0.0,0.0,,0.0,0.0,,0.0,,1.0,0.0,blue; mug; the; sink; spoon; counter; encased; mug's; waterfall; its; shadow; silverware,the; spoon; counter; its; shadow,0.16666666666666663,counter,0.7058823529411765,counter; rusty; cradle; shadow; spoon,line; sewing; needle; crocheting; net; thread; sinking; pot; embrace; warming; sun; rays,0.7107843137254903,1.0,0.0,0.0,0,1,"A line of sewing needles lies across the counter, crocheting a net of thread into the sinking pot, beside the rusty cradle. Its shadow embraces the spoon on the counter, warming the sun's rays."
steer_alpha_0p77_traj_c8_tok120_seed04_a_blue_mug_near_the_sink.json,steer_alpha_0p77_traj,experiments/frontier_sweep_mistral7b_live_semantic_loop_guard_seed12/steer_alpha_0p77_traj_c8_tok120_seed04_a_blue_mug_near_the_sink.json,3,2,0,0.27472094838201966,0.10665805213713854,0.38703500155562465,0.2755772777873932,0.0,1.0,0.12788638893696597,0.6450583359260411,0.19999999999999998,0.9100000000000001,0.0,0.0,0.0,,0.0,0.0,,0.0,0.0,,0.0,,1.0,0.0,blue; mug; the; sink; spoon; counter; encased; mug's; waterfall; its; shadow; silverware,the; its; shadow; silverware,0.4,cradle; shadow,0.5384615384615384,rusty; cradle; shadow; mirror; silverware; drawer,reflecting; flickering; candle; wick; flicker; casting; dancing,0.46153846153846145,1.0,0.0,0.0,0,1,"The rusty cradle, its shadow reflecting in the mirror of the silverware drawer, contains a flickering candle. Its wick flickers, casting dancing shadows on the cradle's surface."
steer_alpha_0p77_traj_c8_tok120_seed04_a_blue_mug_near_the_sink.json,steer_alpha_0p77_traj,experiments/frontier_sweep_mistral7b_live_semantic_loop_guard_seed12/steer_alpha_0p77_traj_c8_tok120_seed04_a_blue_mug_near_the_sink.json,3,3,0,-0.7245781463195864,0.0,0.3831814902758933,0.0,0.0,0.0,0.0,0.7229839439167798,0.05999999999999997,0.9730000000000001,0.0,0.0,0.0,,0.0,0.0,,0.0,0.0,,0.0,,0.5,0.5,blue; mug; the; sink; spoon; counter; encased; mug's; waterfall; its; shadow; silverware,the; its,0.0,,0.7333333333333333,magnifying; glass; mirror; cradle,shine; skull; revealing; reflection; worn; pillow; rust; collect; rainwater; moistening; windowsill,0.8666666666666667,0.0,0.0,0.0,0,0,"The magnifying glass mirror shines upon a skull, revealing its reflection. The cradle's worn pillows of rust collect rainwater, moistening its windowsills."
steer_alpha_0p77_traj_c8_tok120_seed04_a_blue_mug_near_the_sink.json,steer_alpha_0p77_traj,experiments/frontier_sweep_mistral7b_live_semantic_loop_guard_seed12/steer_alpha_0p77_traj_c8_tok120_seed04_a_blue_mug_near_the_sink.json,3,4,0,0.010523852076716134,0.0,0.4020622043745728,0.0,0.0,0.0,0.0,0.6701036739576214,0.19999999999999998,0.9100000000000001,0.0,0.0,0.0,,0.0,0.0,,0.0,0.0,,0.0,,0.5,0.5,blue; mug; the; sink; spoon; counter; encased; mug's; waterfall; its; shadow; silverware,the; silverware,0.0,,0.6111111111111112,magnifying; glass; mirror; cradle; rusty; silverware; drawer,tilted; reflect; puddle; dollar; countertop; legs; rock; gently; entwining; teetering; twin,0.8055555555555556,1.0,0.0,0.0,0,0,"The magnifying glass mirror, tilted, reflects a puddle of silver dollars on the countertop. The cradle's rusty legs rock gently, entwining the silverware drawer's teetering twins."
steer_alpha_0p77_traj_c8_tok120_seed04_a_blue_mug_near_the_sink.json,steer_alpha_0p77_traj,experiments/frontier_sweep_mistral7b_live_semantic_loop_guard_seed12/steer_alpha_0p77_traj_c8_tok120_seed04_a_blue_mug_near_the_sink.json,3,5,0,0.26595371059816375,0.013060884870403857,0.41810759493670885,0.0380952380952381,0.0,0.0,0.19047619047619047,0.6968459915611814,0.19999999999999998,0.9100000000000001,0.0,0.0,0.0,,0.0,0.0,,0.0,0.0,,0.0,,1.0,0.0,blue; mug; the; sink; spoon; counter; encased; mug's; waterfall; its; shadow; silverware,the; counter; its; silverware,0.16666666666666663,teacup,0.5882352941176471,silverware; drawer; counter; atop; magnifying; glass; mirror,balance; handle; gaping; teeth; revealing; teacup; swirling; brim; sweet; rain,0.661764705882353,0.0,0.0,0.0,0,0,"The silverware drawer balances on the counter, its handle gaping open, its teeth revealing a teacup, swirling inside it. The teacup, atop the magnifying glass mirror, brims with sweet rain."
steer_alpha_0p77_traj_c8_tok120_seed04_a_blue_mug_near_the_sink.json,steer_alpha_0p77_traj,experiments/frontier_sweep_mistral7b_live_semantic_loop_guard_seed12/steer_alpha_0p77_traj_c8_tok120_seed04_a_blue_mug_near_the_sink.json,3,6,0,-0.21239819362845025,0.006702393568179414,0.36781428118057763,0.022222222222222223,0.0,0.0,0.1111111111111111,0.6939892097746747,0.05999999999999997,0.9730000000000001,0.0,0.0,0.0,,0.0,0.0,,0.0,0.0,,0.0,,1.0,0.0,blue; mug; the; sink; spoon; counter; encased; mug's; waterfall; its; shadow; silverware,the; counter; its; silverware,0.2142857142857143,drawer,0.6923076923076923,silverware; drawer; counter; atop,stand; content; salt; shaker; cracked; shimmering; house; marigold; teetering,0.6648351648351648,0.0,0.0,0.0,0,0,"The silverware drawer stands open, its contents spill onto the counter. A salt shaker, cracked and shimmering, houses a single marigold, teetering atop the drawer."
steer_alpha_0p77_traj_c8_tok120_seed04_a_blue_mug_near_the_sink.json,steer_alpha_0p77_traj,experiments/frontier_sweep_mistral7b_live_semantic_loop_guard_seed12/steer_alpha_0p77_traj_c8_tok120_seed04_a_blue_mug_near_the_sink.json,3,7,0,1.043926208704973,0.0,0.3992746883664315,0.0,0.0,0.0,0.0,0.6654578139440525,0.19999999999999998,0.9100000000000001,0.0,0.3333333333333333,2.7027027027027026,lullaby,0.3333333333333333,2.7027027027027026,lullaby,0.0,0.0,,0.375,lullaby,1.0,0.0,blue; mug; the; sink; spoon; counter; encased; mug's; waterfall; its; shadow; silverware,the; sink; its; silverware,0.0,,0.85,silverware; drawer; sink,countertop; nest; amethyst; geode; cracked; moon; reflection; twinkle; echoing; milkman; mustache; rinsed,0.925,0.0,0.0,0.0,0,0,"The countertop, holding the silverware drawer, becomes a nest for an amethyst geode that's cracked open. Within it, the moon's reflection twinkles, echoing the milkman's mustache in the rinsed sink, molding a pebble made of words in its crescent-moon lullaby."
steer_alpha_0p77_traj_c8_tok120_seed04_a_blue_mug_near_the_sink.json,steer_alpha_0p77_traj,experiments/frontier_sweep_mistral7b_live_semantic_loop_guard_seed12/steer_alpha_0p77_traj_c8_tok120_seed04_a_blue_mug_near_the_sink.json,3,8,0,0.813110516934046,0.0,0.4065636363636363,0.0,0.0,0.0,0.0,0.6776060606060605,0.19999999999999998,0.9100000000000001,0.0,0.3333333333333333,3.7037037037037037,porcelain,0.3333333333333333,3.7037037037037037,porcelain,0.0,0.0,,0.5,porcelain,1.0,0.0,blue; mug; the; sink; spoon; counter; encased; mug's; waterfall; its; shadow; silverware,the; sink; its; silverware,0.0,,0.8333333333333334,silverware; drawer; sink,submerged; watery; ripple; coursing; side; fish; emerge; porcelain; drain; scale; catch; glint,0.9166666666666667,0.0,0.0,0.0,0,0,"The silverware drawer is submerged in the sink, watery ripples coursing down its sides as fish emerge from the porcelain drain. Their scales catch glints of sunrise in the kettle of their reflection."
steer_alpha_0p77_traj_c8_tok120_seed05_the_spreadsheet_was_still_open.json,steer_alpha_0p77_traj,experiments/frontier_sweep_mistral7b_live_semantic_loop_guard_seed12/steer_alpha_0p77_traj_c8_tok120_seed05_the_spreadsheet_was_still_open.json,1,1,1,0.6517379315174345,0.0,0.46199999999999997,0.0,0.0,0.0,0.0,0.77,0.19999999999999998,0.7684856321839081,0.0,0.0,0.0,,0.0,0.0,,0.0,0.0,,0.0,,0.5,0.5,the; spreadsheet; was; open,the; spreadsheet,0.0,,0.8888888888888888,spreadsheet,ran; tongue; teapot; bubbling; frothy; coffee; glisten; light,0.9444444444444444,0.0,0.0,0.0,0,0,"The spreadsheet ran over the tongue of a teapot, bubbling with frothy coffee and glisten of light."
steer_alpha_0p77_traj_c8_tok120_seed05_the_spreadsheet_was_still_open.json,steer_alpha_0p77_traj,experiments/frontier_sweep_mistral7b_live_semantic_loop_guard_seed12/steer_alpha_0p77_traj_c8_tok120_seed05_the_spreadsheet_was_still_open.json,1,2,0,-0.41055087897227827,0.0,0.4115294117647059,0.0,0.0,0.0,0.0,0.7764705882352941,0.05999999999999997,0.8794841954022989,0.0,0.0,0.0,,0.0,0.0,,0.0,0.0,,0.0,,0.5,0.5,the; spreadsheet; was; open,the; open,0.0,,1.0,,laptop; touchscreen; displayed; pattern; vibrant; flower; one,1.0,0.0,0.0,0.0,0,0,"The laptop's touchscreen displayed a pattern of vibrant flowers, each one open."
steer_alpha_0p77_traj_c8_tok120_seed05_the_spreadsheet_was_still_open.json,steer_alpha_0p77_traj,experiments/frontier_sweep_mistral7b_live_semantic_loop_guard_seed12/steer_alpha_0p77_traj_c8_tok120_seed05_the_spreadsheet_was_still_open.json,1,3,0,0.23372418265989903,0.0,0.5693598331461492,0.0,0.0,0.0,0.0,0.9317641843971631,0.2221114369501466,0.9000498533724341,0.0,0.0,0.0,,0.0,0.0,,0.0,0.0,,0.0,,0.5,0.5,the; spreadsheet; was; open,the; spreadsheet,0.0,,0.9090909090909091,spreadsheet,drop; water; filled; bead; light; swallow; minnow; reflecting; moon; rays,0.9545454545454546,0.0,0.0,0.0,0,0,"A single drop of water, filled with beads of light. The spreadsheet swallows a minnow, reflecting the moon's rays."
steer_alpha_0p77_traj_c8_tok120_seed05_the_spreadsheet_was_still_open.json,steer_alpha_0p77_traj,experiments/frontier_sweep_mistral7b_live_semantic_loop_guard_seed12/steer_alpha_0p77_traj_c8_tok120_seed05_the_spreadsheet_was_still_open.json,1,4,0,-1.0067572419495425,0.01859633309709426,0.5102652374202693,0.044444444444444446,0.0,0.0,0.2222222222222222,0.8504420623671156,0.19999999999999998,0.7464856321839082,0.0,0.3333333333333333,6.25,whispering,0.0,0.0,,0.3333333333333333,6.25,whispering,0.0,,0.25,0.75,the; spreadsheet; was; open,the,0.0,,1.0,,number; danced; desk; glow-in-the-dark; cat; creep; moon; faintly; whispering,1.0,0.0,0.0,0.0,0,0,"The numbers danced on the desk, and a glow-in-the-dark cat creeps over the moon, faintly whispering."
steer_alpha_0p77_traj_c8_tok120_seed05_the_spreadsheet_was_still_open.json,steer_alpha_0p77_traj,experiments/frontier_sweep_mistral7b_live_semantic_loop_guard_seed12/steer_alpha_0p77_traj_c8_tok120_seed05_the_spreadsheet_was_still_open.json,1,5,0,0.07279259766203716,0.0,0.4045035691109669,0.0,0.0,0.0,0.0,0.6741726151849449,0.19999999999999998,0.9100000000000001,0.0,0.0,0.0,,0.0,0.0,,0.0,0.0,,0.0,,0.5,0.5,the; spreadsheet; was; open,the; spreadsheet,0.0,,0.9230769230769231,spreadsheet,silvery; moon; reflect; light; reflecting; shimmer; glass; table; paper; dance; rhythm; fiddle,0.9615384615384616,0.0,0.0,0.0,0,0,"The silvery moon reflects light onto the surface of the spreadsheet, reflecting its silver shimmer on a glass table, where its papers dance the rhythm of a fiddle."
steer_alpha_0p77_traj_c8_tok120_seed05_the_spreadsheet_was_still_open.json,steer_alpha_0p77_traj,experiments/frontier_sweep_mistral7b_live_semantic_loop_guard_seed12/steer_alpha_0p77_traj_c8_tok120_seed05_the_spreadsheet_was_still_open.json,1,6,0,-0.6136639091245824,0.0,0.45741684158538093,0.0,0.0,0.0,0.0,0.7623614026423016,0.19999999999999998,0.9100000000000001,0.0,0.3333333333333333,7.142857142857143,iridescent,0.0,0.0,,0.3333333333333333,7.142857142857143,iridescent,0.0,,0.25,0.75,the; spreadsheet; was; open,the,0.0,,1.0,,solicitation; flower; bloom; sheen; sunlight; bathe; iridescent; petal-like; wave; ivy,1.0,0.0,0.0,0.0,0,0,"A solicitation of flowers blooms. The sheen of sunlight bathes them in iridescent, petal-like waves of ivy."
steer_alpha_0p77_traj_c8_tok120_seed05_the_spreadsheet_was_still_open.json,steer_alpha_0p77_traj,experiments/frontier_sweep_mistral7b_live_semantic_loop_guard_seed12/steer_alpha_0p77_traj_c8_tok120_seed05_the_spreadsheet_was_still_open.json,1,7,0,0.7871186274509803,0.011733965714285713,0.37562999999999996,0.0380952380952381,0.0,0.0,0.19047619047619047,0.62605,0.19999999999999998,0.9100000000000001,0.0,0.0,0.0,,0.0,0.0,,0.0,0.0,,0.0,,0.5,0.5,the; spreadsheet; was; open,the; spreadsheet,0.16666666666666663,number,0.9411764705882353,spreadsheet,number; crackled; free; confine; glass; hinged; keyboard; desk; screen; dance; luminous; twitchy,0.8088235294117647,0.0,0.0,0.0,0,0,"The numbers on the spreadsheet crackled, as if breaking free from the confines of the glass, hinged between keyboard and desk. The numbers on the screen dance, luminous and twitchy, swaying, caught between the golden embrace of a sunflower."
steer_alpha_0p77_traj_c8_tok120_seed05_the_spreadsheet_was_still_open.json,steer_alpha_0p77_traj,experiments/frontier_sweep_mistral7b_live_semantic_loop_guard_seed12/steer_alpha_0p77_traj_c8_tok120_seed05_the_spreadsheet_was_still_open.json,1,8,0,1.70289591828831,0.0,0.5471812646937786,0.0,0.0,0.0,0.0,0.7169106984969054,0.5264976958525345,0.3136610122358176,0.0,0.3333333333333333,7.6923076923076925,porcelain,0.3333333333333333,7.6923076923076925,porcelain,0.0,0.0,,0.5,porcelain,0.5,0.5,the; spreadsheet; was; open,the; spreadsheet,0.0,,0.8571428571428571,spreadsheet,content; porcelain; vintage-aged; teapot; rose; bloom,0.9285714285714286,0.0,0.0,0.0,0,0,"The spreadsheet's contents spilled into the porcelain of a vintage-aged teapot, in which roses bloom."
steer_alpha_0p77_traj_c8_tok120_seed05_the_spreadsheet_was_still_open.json,steer_alpha_0p77_traj,experiments/frontier_sweep_mistral7b_live_semantic_loop_guard_seed12/steer_alpha_0p77_traj_c8_tok120_seed05_the_spreadsheet_was_still_open.json,2,1,1,1.5011095022624434,0.0,0.4923717948717949,0.0,0.0,0.0,0.0,0.9847435897435898,0.0,0.45,0.0,0.0,0.0,,0.0,0.0,,0.0,0.0,,0.0,,0.5,0.5,the; spreadsheet; was; open; ran; tongue; teapot; bubbling; frothy; coffee; and; glisten,the; teapot,0.0,,0.75,teapot,bluebird; built; nest,0.875,0.0,0.0,0.0,0,0,"Inside the teapot, bluebirds built their nests."
steer_alpha_0p77_traj_c8_tok120_seed05_the_spreadsheet_was_still_open.json,steer_alpha_0p77_traj,experiments/frontier_sweep_mistral7b_live_semantic_loop_guard_seed12/steer_alpha_0p77_traj_c8_tok120_seed05_the_spreadsheet_was_still_open.json,2,2,0,-2.037013614850329,0.0,0.3757797805642633,0.0,0.0,0.0,0.0,0.7515595611285266,0.0,0.8753333333333333,0.0,0.0,0.0,,0.0,0.0,,0.0,0.0,,0.0,,0.5,0.5,the; spreadsheet; was; open; ran; tongue; teapot; bubbling; frothy; coffee; and; glisten,the; teapot,0.0,,0.8571428571428571,teapot,steam; rose; lifting; lid; reveal; paperweight,0.9285714285714286,0.0,0.0,0.0,0,0,"The steam rose from the teapot, lifting its lid to reveal a paperweight."
steer_alpha_0p77_traj_c8_tok120_seed05_the_spreadsheet_was_still_open.json,steer_alpha_0p77_traj,experiments/frontier_sweep_mistral7b_live_semantic_loop_guard_seed12/steer_alpha_0p77_traj_c8_tok120_seed05_the_spreadsheet_was_still_open.json,2,3,0,-0.47827390956382576,0.0,0.42707142857142855,0.0,0.0,0.0,0.0,0.7117857142857142,0.19999999999999998,0.9100000000000001,0.0,0.0,0.0,,0.0,0.0,,0.0,0.0,,0.0,,0.5,0.5,the; spreadsheet; was; open; ran; tongue; teapot; bubbling; frothy; coffee; and; glisten,the; teapot,0.0,,0.9230769230769231,teapot,coalesced; cassette; player; spooling; reel; vinyl; record; stylus; arm; grazed; edge; pot,0.9615384615384616,0.0,0.0,0.0,0,0,"The teapot coalesced into a cassette player, spooling reels of vinyl records. The stylus arm grazed the edge of the pot."
steer_alpha_0p77_traj_c8_tok120_seed05_the_spreadsheet_was_still_open.json,steer_alpha_0p77_traj,experiments/frontier_sweep_mistral7b_live_semantic_loop_guard_seed12/steer_alpha_0p77_traj_c8_tok120_seed05_the_spreadsheet_was_still_open.json,2,4,0,-0.8437002223569843,0.0,0.4055979381443299,0.0,0.0,0.0,0.0,0.6759965635738832,0.19999999999999998,0.9100000000000001,0.0,0.0,0.0,,0.0,0.0,,0.0,0.0,,0.0,,0.75,0.25,the; spreadsheet; was; open; ran; tongue; teapot; bubbling; frothy; coffee; and; glisten,the; teapot; coffee,0.0,,0.8333333333333334,teapot; coffee,cooled; solitary; drop; slipping; precipice; scale; bean; old; grand; piano,0.9166666666666667,0.1,0.0,0.0,0,0,"The teapot cooled, a solitary drop of coffee slipping down the precipice of the scale, the beans of the old grand piano."
steer_alpha_0p77_traj_c8_tok120_seed05_the_spreadsheet_was_still_open.json,steer_alpha_0p77_traj,experiments/frontier_sweep_mistral7b_live_semantic_loop_guard_seed12/steer_alpha_0p77_traj_c8_tok120_seed05_the_spreadsheet_was_still_open.json,2,5,0,-0.21609521789907182,0.0,0.4189776470588235,0.0,0.0,0.0,0.0,0.6982960784313725,0.19999999999999998,0.8801436781609198,0.0,0.0,0.0,,0.0,0.0,,0.0,0.0,,0.0,,0.75,0.25,the; spreadsheet; was; open; ran; tongue; teapot; bubbling; frothy; coffee; and; glisten,the; spreadsheet; teapot,0.0,,0.8,teapot; spreadsheet,handle; shook; brightness; pouring; content; lacework; cuckoo; clock,0.9,0.0,0.0,0.0,0,0,"The teapot's handle shook the brightness of the spreadsheet, pouring content into the lacework of a golden cuckoo clock."
steer_alpha_0p77_traj_c8_tok120_seed05_the_spreadsheet_was_still_open.json,steer_alpha_0p77_traj,experiments/frontier_sweep_mistral7b_live_semantic_loop_guard_seed12/steer_alpha_0p77_traj_c8_tok120_seed05_the_spreadsheet_was_still_open.json,2,6,0,-0.547900499330167,0.0,0.4098695652173913,0.0,0.0,0.0,0.0,0.6831159420289855,0.19999999999999998,0.9100000000000001,0.0,0.0,0.0,,0.0,0.0,,0.0,0.0,,0.0,,0.75,0.25,the; spreadsheet; was; open; ran; tongue; teapot; bubbling; frothy; coffee; and; glisten,the; teapot; and,0.15789473684210528,teapot,0.9444444444444444,teapot,content; steamed; gently; releasing; floral; scent; jasmine; finger; orange; tree; reach; caressing,0.8187134502923976,0.2,0.0,0.0,0,0,"The teapot and its contents steamed gently, releasing a floral scent of jasmine. The fingers of an orange tree reach through the teapot, caressing the cold sweat of rainwater against a rusty key."
steer_alpha_0p77_traj_c8_tok120_seed05_the_spreadsheet_was_still_open.json,steer_alpha_0p77_traj,experiments/frontier_sweep_mistral7b_live_semantic_loop_guard_seed12/steer_alpha_0p77_traj_c8_tok120_seed05_the_spreadsheet_was_still_open.json,2,7,0,-0.018092750938617508,0.00990094970057214,0.45278733386762837,0.02666666666666667,0.0,0.0,0.13333333333333333,0.7546455564460474,0.19999999999999998,0.9100000000000001,0.0,0.3333333333333333,4.3478260869565215,porcelain,0.3333333333333333,4.3478260869565215,porcelain,0.0,0.0,,0.5,porcelain,0.75,0.25,the; spreadsheet; was; open; ran; tongue; teapot; bubbling; frothy; coffee; and; glisten,the; teapot; and,0.0,,0.9285714285714286,teapot,porcelain; handle; twirled; gently; dipping; tip; window-box; petunia; cosmo; hydrangea; unfurl; glossy,0.9642857142857143,0.0,0.0,0.0,0,0,"The porcelain handle of the teapot twirled gently, dipping its tip into a window-box. Petunias, cosmos, and hydrangea unfurl beneath its glossy lip."
steer_alpha_0p77_traj_c8_tok120_seed05_the_spreadsheet_was_still_open.json,steer_alpha_0p77_traj,experiments/frontier_sweep_mistral7b_live_semantic_loop_guard_seed12/steer_alpha_0p77_traj_c8_tok120_seed05_the_spreadsheet_was_still_open.json,2,8,0,-0.7350777369661747,0.0,0.4011885135135136,0.0,0.0,0.0,0.0,0.7569594594594595,0.05999999999999997,0.8791522988505748,0.0,0.3333333333333333,8.333333333333334,porcelain,0.3333333333333333,8.333333333333334,porcelain,0.0,0.0,,0.5,porcelain,0.5,0.5,the; spreadsheet; was; open; ran; tongue; teapot; bubbling; frothy; coffee; and; glisten,the; spreadsheet,0.0,,0.8888888888888888,spreadsheet,cooled; morning; dew; reflected; sliver; tea; porcelain; mug,0.9444444444444444,0.0,0.0,0.0,0,0,"The spreadsheet, cooled by the morning dew, reflected a sliver of tea in its porcelain mug."
steer_alpha_0p77_traj_c8_tok120_seed05_the_spreadsheet_was_still_open.json,steer_alpha_0p77_traj,experiments/frontier_sweep_mistral7b_live_semantic_loop_guard_seed12/steer_alpha_0p77_traj_c8_tok120_seed05_the_spreadsheet_was_still_open.json,3,1,1,1.568426059127713,0.0,0.5737262096774193,0.0,0.0,0.0,0.0,0.9358333333333333,0.22612903225806447,0.6845953837597332,0.0,0.0,0.0,,0.0,0.0,,0.0,0.0,,0.0,,0.5,0.5,the; spreadsheet; was; open; ran; tongue; teapot; bubbling; frothy; coffee; and; glisten,the; teapot,0.0,,0.8,teapot,mouth; bouquet; marigold; bloomed,0.9,0.0,0.0,0.0,0,0,"Inside the mouth of the teapot, a bouquet of marigolds bloomed."
steer_alpha_0p77_traj_c8_tok120_seed05_the_spreadsheet_was_still_open.json,steer_alpha_0p77_traj,experiments/frontier_sweep_mistral7b_live_semantic_loop_guard_seed12/steer_alpha_0p77_traj_c8_tok120_seed05_the_spreadsheet_was_still_open.json,3,2,0,-0.8221975118909699,0.0,0.394180376344086,0.0,0.0,0.0,0.0,0.7437365591397849,0.05999999999999997,0.8743657635467981,0.0,0.0,0.0,,0.0,0.0,,0.0,0.0,,0.0,,0.25,0.75,the; spreadsheet; was; open; ran; tongue; teapot; bubbling; frothy; coffee; and; glisten,the,0.0,,0.7142857142857143,tongue; bluebird,warming; iron; skillet; snowflake; lick,0.8571428571428572,0.0,0.0,0.0,0,0,"In the warming of an iron skillet, snowflakes lick the tongues of bluebirds."
steer_alpha_0p77_traj_c8_tok120_seed05_the_spreadsheet_was_still_open.json,steer_alpha_0p77_traj,experiments/frontier_sweep_mistral7b_live_semantic_loop_guard_seed12/steer_alpha_0p77_traj_c8_tok120_seed05_the_spreadsheet_was_still_open.json,3,3,0,-0.2815412407661546,0.0,0.4134125874125874,0.0,0.0,0.0,0.0,0.689020979020979,0.19999999999999998,0.9100000000000001,0.0,0.0,0.0,,0.0,0.0,,0.0,0.0,,0.0,,0.25,0.75,the; spreadsheet; was; open; ran; tongue; teapot; bubbling; frothy; coffee; and; glisten,the,0.0,,0.7142857142857143,bluebird; nest,dewdrop; sunshine; danced; swaying; breeze,0.8571428571428572,0.0,0.0,0.0,0,0,"Dewdrops of sunshine danced upon the back of the bluebirds, their nests swaying in the breeze."
steer_alpha_0p77_traj_c8_tok120_seed05_the_spreadsheet_was_still_open.json,steer_alpha_0p77_traj,experiments/frontier_sweep_mistral7b_live_semantic_loop_guard_seed12/steer_alpha_0p77_traj_c8_tok120_seed05_the_spreadsheet_was_still_open.json,3,4,0,-0.10463458333034859,0.0,0.408463768115942,0.0,0.0,0.0,0.0,0.6807729468599033,0.19999999999999998,0.9100000000000001,0.0,0.0,0.0,,0.0,0.0,,0.0,0.0,,0.0,,0.5,0.5,the; spreadsheet; was; open; ran; tongue; teapot; bubbling; frothy; coffee; and; glisten,the; teapot,0.25,teapot,0.8181818181818182,teapot; bluebird,carried; weight; umbrella; revealing; lacework; wing; handle; can; remember,0.6818181818181819,0.0,0.0,0.0,0,0,"The teapot carried the weight of an umbrella, revealing its lacework under bluebirds' wings. The handles of the teapot hold more than they can remember."
steer_alpha_0p77_traj_c8_tok120_seed05_the_spreadsheet_was_still_open.json,steer_alpha_0p77_traj,experiments/frontier_sweep_mistral7b_live_semantic_loop_guard_seed12/steer_alpha_0p77_traj_c8_tok120_seed05_the_spreadsheet_was_still_open.json,3,5,0,-0.1889227626259371,0.0,0.39463236714975847,0.0,0.0,0.0,0.0,0.7445893719806763,0.05999999999999997,0.9730000000000001,0.0,0.3333333333333333,4.3478260869565215,lullaby,0.3333333333333333,4.3478260869565215,lullaby,0.0,0.0,,0.375,lullaby,0.75,0.25,the; spreadsheet; was; open; ran; tongue; teapot; bubbling; frothy; coffee; and; glisten,the; teapot; and,0.0,,0.9285714285714286,teapot,hummed; rhythm; lullaby; dandelion; spout; china; frog; hopped; sudden; drum; leave; sing,0.9642857142857143,0.0,0.0,0.0,0,0,"The teapot hummed with the rhythm of a lullaby, dandelions growing from its spout. Inside the china, frogs hopped to a sudden drum, and leaves sing a song."
steer_alpha_0p77_traj_c8_tok120_seed05_the_spreadsheet_was_still_open.json,steer_alpha_0p77_traj,experiments/frontier_sweep_mistral7b_live_semantic_loop_guard_seed12/steer_alpha_0p77_traj_c8_tok120_seed05_the_spreadsheet_was_still_open.json,3,6,0,-0.7354215899867573,0.0,0.37992592592592594,0.0,0.0,0.0,0.0,0.6332098765432099,0.19999999999999998,0.9100000000000001,0.0,0.3333333333333333,3.7037037037037037,clockwork,0.3333333333333333,3.7037037037037037,clockwork,0.0,0.0,,0.35,clockwork,0.25,0.75,the; spreadsheet; was; open; ran; tongue; teapot; bubbling; frothy; coffee; and; glisten,the,0.17647058823529416,river,0.9375,bluebird,chipped; teaspoon; held; palm; moon; moonlight; river; cut; ripple; forming; mirror; danced,0.7977941176470588,0.0,0.0,0.0,0,0,"A chipped teaspoon, held in the palm of the moon, a moonlight river cut through its ripples, forming a mirror. The bluebirds danced on the surface of the river, twirling to the beat of the clockwork."
steer_alpha_0p77_traj_c8_tok120_seed05_the_spreadsheet_was_still_open.json,steer_alpha_0p77_traj,experiments/frontier_sweep_mistral7b_live_semantic_loop_guard_seed12/steer_alpha_0p77_traj_c8_tok120_seed05_the_spreadsheet_was_still_open.json,3,7,0,-0.11760021995490466,0.014053320794896839,0.4020333102012491,0.042628796312321984,0.0,0.0,0.2131439815616099,0.6700555170020819,0.19999999999999998,0.9100000000000001,0.0,0.0,0.0,,0.0,0.0,,0.0,0.0,,0.0,,0.75,0.25,the; spreadsheet; was; open; ran; tongue; teapot; bubbling; frothy; coffee; and; glisten,the; coffee; and,0.2142857142857143,clock,0.8461538461538461,coffee; bluebird,dripped; lips; grandmother; clock; nested; hand; pendulum; grandchildren; played; toy; soldier,0.7252747252747253,0.0,0.0,0.0,0,0,"The coffee dripped from the lips of a grandmother clock. Bluebirds nested within the hands of the pendulum clock, and grandchildren played with toy soldiers."
steer_alpha_0p77_traj_c8_tok120_seed05_the_spreadsheet_was_still_open.json,steer_alpha_0p77_traj,experiments/frontier_sweep_mistral7b_live_semantic_loop_guard_seed12/steer_alpha_0p77_traj_c8_tok120_seed05_the_spreadsheet_was_still_open.json,3,8,0,-0.15623095052929625,0.0,0.4120500930521092,0.0,0.0,0.0,0.0,0.6721153846153847,0.22612903225806447,0.6845953837597332,0.0,0.3333333333333333,12.5,porcelain,0.3333333333333333,12.5,porcelain,0.0,0.0,,0.5,porcelain,0.5,0.5,the; spreadsheet; was; open; ran; tongue; teapot; bubbling; frothy; coffee; and; glisten,the; teapot,0.0,,0.6,bluebird; teapot,feather; bristled; porcelain,0.8,0.0,0.0,0.0,0,0,The feathers of bluebirds bristled the porcelain of the teapot.
steer_alpha_0p77_traj_c8_tok120_seed06_the_elevator_button_was_cracked.json,steer_alpha_0p77_traj,experiments/frontier_sweep_mistral7b_live_semantic_loop_guard_seed12/steer_alpha_0p77_traj_c8_tok120_seed06_the_elevator_button_was_cracked.json,1,1,1,-0.33678411285908505,0.2835604838709677,0.5155645161290322,0.55,1.0,0.0,0.0,1.0,0.031129032258064487,0.6265953837597331,0.0,0.0,0.0,,0.0,0.0,,0.0,0.0,,0.0,,1.0,0.0,the; elevator; button; was; cracked,the; elevator; button; was; cracked,0.0,,0.4,elevator; button; cracked,water; fountain,0.7,1.0,0.0,0.0,1,0,"The elevator button was cracked, and it had become a water fountain."
steer_alpha_0p77_traj_c8_tok120_seed06_the_elevator_button_was_cracked.json,steer_alpha_0p77_traj,experiments/frontier_sweep_mistral7b_live_semantic_loop_guard_seed12/steer_alpha_0p77_traj_c8_tok120_seed06_the_elevator_button_was_cracked.json,1,2,0,1.5410273681515612,0.0,0.765295698924731,0.0,0.0,0.0,0.0,1.0,0.5305913978494622,0.21123387096774202,0.0,0.0,0.0,,0.0,0.0,,0.0,0.0,,0.0,,0.75,0.25,the; elevator; button; was; cracked,the; elevator; button,0.0,,0.3333333333333333,elevator; button,cactus,0.6666666666666666,0.0,0.0,0.0,0,0,"The elevator button, now glued to a cactus."
steer_alpha_0p77_traj_c8_tok120_seed06_the_elevator_button_was_cracked.json,steer_alpha_0p77_traj,experiments/frontier_sweep_mistral7b_live_semantic_loop_guard_seed12/steer_alpha_0p77_traj_c8_tok120_seed06_the_elevator_button_was_cracked.json,1,3,0,0.8979686274509805,0.0,0.5,0.0,0.0,0.0,0.0,1.0,0.0,0.45,0.0,0.0,0.0,,0.0,0.0,,0.0,0.0,,0.0,,0.5,0.5,the; elevator; button; was; cracked,the; cracked,0.0,,0.6666666666666666,cracked,buttonbird; sang,0.8333333333333333,1.0,0.0,0.0,0,0,The cracked buttonbird sang.
steer_alpha_0p77_traj_c8_tok120_seed06_the_elevator_button_was_cracked.json,steer_alpha_0p77_traj,experiments/frontier_sweep_mistral7b_live_semantic_loop_guard_seed12/steer_alpha_0p77_traj_c8_tok120_seed06_the_elevator_button_was_cracked.json,1,4,0,2.688659487666034,0.0,0.5075658602150537,0.0,0.0,0.0,0.0,0.73,0.39059139784946223,0.27423387096774204,0.0,0.0,0.0,,0.0,0.0,,0.0,0.0,,0.0,,0.5,0.5,the; elevator; button; was; cracked,the; button,0.0,,0.6666666666666666,button,crack; window,0.8333333333333333,0.0,0.0,0.0,0,0,The crack in the button is now a window.
steer_alpha_0p77_traj_c8_tok120_seed06_the_elevator_button_was_cracked.json,steer_alpha_0p77_traj,experiments/frontier_sweep_mistral7b_live_semantic_loop_guard_seed12/steer_alpha_0p77_traj_c8_tok120_seed06_the_elevator_button_was_cracked.json,1,5,0,1.8276575163398694,0.0,0.44277777777777777,0.0,0.0,0.0,0.0,0.8855555555555555,0.0,0.45,0.0,0.0,0.0,,0.0,0.0,,0.0,0.0,,0.0,,0.5,0.5,the; elevator; button; was; cracked,the; button,0.0,,1.0,,buttonclasp; held; button-like; ocean,1.0,0.0,0.0,0.0,0,0,The buttonclasp held a button-like ocean.
steer_alpha_0p77_traj_c8_tok120_seed06_the_elevator_button_was_cracked.json,steer_alpha_0p77_traj,experiments/frontier_sweep_mistral7b_live_semantic_loop_guard_seed12/steer_alpha_0p77_traj_c8_tok120_seed06_the_elevator_button_was_cracked.json,1,6,0,-1.223951903820431,0.0,0.3584505595148787,0.0,0.0,0.0,0.0,0.6952583979328165,0.031129032258064487,0.6742620504263998,0.0,0.0,0.0,,0.0,0.0,,0.0,0.0,,0.0,,0.75,0.25,the; elevator; button; was; cracked,the; button; cracked,0.0,,0.6,cracked; button,puddle; reflected; reflection,0.8,1.0,0.0,0.0,0,0,A puddle reflected the cracked button's reflection.
steer_alpha_0p77_traj_c8_tok120_seed06_the_elevator_button_was_cracked.json,steer_alpha_0p77_traj,experiments/frontier_sweep_mistral7b_live_semantic_loop_guard_seed12/steer_alpha_0p77_traj_c8_tok120_seed06_the_elevator_button_was_cracked.json,1,7,0,0.0023506493506493253,0.0,0.4036060606060606,0.0,0.0,0.0,0.0,0.6726767676767677,0.19999999999999998,0.9100000000000001,0.0,0.0,0.0,,0.0,0.0,,0.0,0.0,,0.0,,0.75,0.25,the; elevator; button; was; cracked,the; button; cracked,0.25,button,0.8181818181818182,cracked; button,glow; emerald-like; pool; water; gleam; immersed; cascade; falling; tear,0.6818181818181819,1.0,0.0,0.0,0,0,"The cracked button glows, glowing with an emerald-like pool of water. The button gleams, immersed in the cascade of falling tears."
steer_alpha_0p77_traj_c8_tok120_seed06_the_elevator_button_was_cracked.json,steer_alpha_0p77_traj,experiments/frontier_sweep_mistral7b_live_semantic_loop_guard_seed12/steer_alpha_0p77_traj_c8_tok120_seed06_the_elevator_button_was_cracked.json,1,8,0,-0.933430792891319,0.0,0.38570044429254957,0.0,0.0,0.0,0.0,0.642834073820916,0.19999999999999998,0.9100000000000001,0.0,0.3333333333333333,3.5714285714285716,lullaby,0.3333333333333333,3.5714285714285716,lullaby,0.0,0.0,,0.375,lullaby,1.0,0.0,the; elevator; button; was; cracked,the; elevator; button; cracked,0.5531189083820662,button; elevator,0.8125,cracked; elevator; button,emit; musical; note; hovering; rough; edge; crack; wider; drip; water; hums; midnight,0.40498598927875246,1.0,0.0,0.0,0,0,"The cracked elevator button emits a musical note, hovering above the button's rough edge, where the crack grows wider like a drip of water. The elevator button hums a midnight lullaby."
steer_alpha_0p77_traj_c8_tok120_seed06_the_elevator_button_was_cracked.json,steer_alpha_0p77_traj,experiments/frontier_sweep_mistral7b_live_semantic_loop_guard_seed12/steer_alpha_0p77_traj_c8_tok120_seed06_the_elevator_button_was_cracked.json,2,1,1,0.1650929673436775,0.02733333333333333,0.5,0.06666666666666667,0.0,0.0,0.3333333333333333,1.0,0.0,0.7556157635467982,0.0,0.0,0.0,,0.0,0.0,,0.0,0.0,,0.0,,1.0,0.0,the; elevator; button; was; cracked; and; had; water; fountain,the; elevator; button; water,0.0,,0.5714285714285714,elevator; button; water,glass; sat; filled; cool,0.7857142857142857,0.0,0.0,0.0,0,0,"A glass sat by the elevator button, filled with cool water."
steer_alpha_0p77_traj_c8_tok120_seed06_the_elevator_button_was_cracked.json,steer_alpha_0p77_traj,experiments/frontier_sweep_mistral7b_live_semantic_loop_guard_seed12/steer_alpha_0p77_traj_c8_tok120_seed06_the_elevator_button_was_cracked.json,2,2,0,2.0525165717900062,0.0,0.5898387096774194,0.0,0.0,0.0,0.0,1.0,0.17967741935483866,0.3691451612903226,0.0,0.0,0.0,,0.0,0.0,,0.0,0.0,,0.0,,0.5,0.5,the; elevator; button; was; cracked; and; had; water; fountain,the; elevator,0.0,,0.75,elevator,rubber; ducky; pool,0.875,0.0,0.0,0.0,0,0,"A rubber ducky, floating in the elevator pool."
steer_alpha_0p77_traj_c8_tok120_seed06_the_elevator_button_was_cracked.json,steer_alpha_0p77_traj,experiments/frontier_sweep_mistral7b_live_semantic_loop_guard_seed12/steer_alpha_0p77_traj_c8_tok120_seed06_the_elevator_button_was_cracked.json,2,3,0,0.1245834044077403,0.0,0.42400000000000004,0.0,0.0,0.0,0.0,0.8,0.05999999999999997,0.8794841954022989,0.0,0.0,0.0,,0.0,0.0,,0.0,0.0,,0.0,,1.0,0.0,the; elevator; button; was; cracked; and; had; water; fountain,the; and; water; fountain,0.0,,0.75,fountain; water,lobby; hosted; brass; coin; stamped; base,0.875,0.0,0.0,0.0,0,0,"The lobby hosted a fountain of brass and water, with coins stamped into its base."
steer_alpha_0p77_traj_c8_tok120_seed06_the_elevator_button_was_cracked.json,steer_alpha_0p77_traj,experiments/frontier_sweep_mistral7b_live_semantic_loop_guard_seed12/steer_alpha_0p77_traj_c8_tok120_seed06_the_elevator_button_was_cracked.json,2,4,0,-0.29393886036739547,0.0,0.3733867924528302,0.0,0.0,0.0,0.0,0.7467735849056604,0.0,0.7556157635467982,0.0,0.0,0.0,,0.0,0.0,,0.0,0.0,,0.0,,1.0,0.0,the; elevator; button; was; cracked; and; had; water; fountain,the; elevator; button; cracked,0.0,,0.5,elevator; cracked; button,fish; swam; pool,0.75,1.0,0.0,0.0,0,0,"Inside the elevator, a large fish swam in the cracked button pool."
steer_alpha_0p77_traj_c8_tok120_seed06_the_elevator_button_was_cracked.json,steer_alpha_0p77_traj,experiments/frontier_sweep_mistral7b_live_semantic_loop_guard_seed12/steer_alpha_0p77_traj_c8_tok120_seed06_the_elevator_button_was_cracked.json,2,5,0,-0.03587691427853157,0.0,0.49918525641025646,0.0,0.0,0.0,0.0,0.9418589743589744,0.05999999999999997,0.8231250000000001,0.0,0.0,0.0,,0.0,0.0,,0.0,0.0,,0.0,,1.0,0.0,the; elevator; button; was; cracked; and; had; water; fountain,the; elevator; button; water,0.0,,0.6666666666666666,elevator; button; water,broken; flowed; birdcage; filling; bird; singing,0.8333333333333333,0.0,0.0,0.0,0,0,"The broken elevator button's water flowed down into a birdcage, filling it with birds singing."
steer_alpha_0p77_traj_c8_tok120_seed06_the_elevator_button_was_cracked.json,steer_alpha_0p77_traj,experiments/frontier_sweep_mistral7b_live_semantic_loop_guard_seed12/steer_alpha_0p77_traj_c8_tok120_seed06_the_elevator_button_was_cracked.json,2,6,0,0.2596728691288429,0.0,0.45640909090909093,0.0,0.0,0.0,0.0,0.9128181818181819,0.0,0.7484856321839081,0.0,0.0,0.0,,0.0,0.0,,0.0,0.0,,0.0,,0.75,0.25,the; elevator; button; was; cracked; and; had; water; fountain,the; button; water,0.0,,0.6666666666666666,button; water,raincoat; hanging; drip; tile,0.8333333333333333,0.0,0.0,0.0,0,0,"The raincoat, hanging above the button, drips water onto the tiles."
steer_alpha_0p77_traj_c8_tok120_seed06_the_elevator_button_was_cracked.json,steer_alpha_0p77_traj,experiments/frontier_sweep_mistral7b_live_semantic_loop_guard_seed12/steer_alpha_0p77_traj_c8_tok120_seed06_the_elevator_button_was_cracked.json,2,7,0,-0.3462585520361987,0.0,0.3591923076923077,0.0,0.0,0.0,0.0,0.7183846153846154,0.0,0.8276666666666668,0.0,0.0,0.0,,0.0,0.0,,0.0,0.0,,0.0,,0.75,0.25,the; elevator; button; was; cracked; and; had; water; fountain,the; elevator; water,0.0,,0.7142857142857143,elevator; water,flowed; downward; filling; darkness; music,0.8571428571428572,0.0,0.0,0.0,0,0,"Inside the elevator, the water flowed downward, filling the darkness with its music."
steer_alpha_0p77_traj_c8_tok120_seed06_the_elevator_button_was_cracked.json,steer_alpha_0p77_traj,experiments/frontier_sweep_mistral7b_live_semantic_loop_guard_seed12/steer_alpha_0p77_traj_c8_tok120_seed06_the_elevator_button_was_cracked.json,2,8,0,-2.9584414682539686,0.0,0.37384375000000003,0.0,0.0,0.0,0.0,0.7476875000000001,0.0,1.0,0.0,0.0,0.0,,0.0,0.0,,0.0,0.0,,0.0,,1.0,0.0,the; elevator; button; was; cracked; and; had; water; fountain,the; elevator; button; cracked; water,0.0,,0.6,water; cracked; elevator; button,flowed; streaming; shaft; feeding; dancing; fern,0.8,1.0,0.0,0.0,0,0,"Water flowed from the cracked elevator button, streaming down the shaft, feeding a dancing fern."
steer_alpha_0p77_traj_c8_tok120_seed06_the_elevator_button_was_cracked.json,steer_alpha_0p77_traj,experiments/frontier_sweep_mistral7b_live_semantic_loop_guard_seed12/steer_alpha_0p77_traj_c8_tok120_seed06_the_elevator_button_was_cracked.json,3,1,1,0.011871303647895681,0.0,0.3825,0.0,0.0,0.0,0.0,0.765,0.0,0.8252824302134647,0.0,0.0,0.0,,0.0,0.0,,0.0,0.0,,0.0,,1.0,0.0,the; elevator; button; was; cracked; and; had; water; fountain; glass; sat; filled,the; elevator; button; was; and; water; glass,0.0,,0.42857142857142855,glass; elevator; button; water,empty; dispensed; stream,0.7142857142857143,0.0,0.0,0.0,0,0,"The glass was empty, and the elevator button dispensed a stream of water into it."
steer_alpha_0p77_traj_c8_tok120_seed06_the_elevator_button_was_cracked.json,steer_alpha_0p77_traj,experiments/frontier_sweep_mistral7b_live_semantic_loop_guard_seed12/steer_alpha_0p77_traj_c8_tok120_seed06_the_elevator_button_was_cracked.json,3,2,0,0.10645840667846085,0.0,0.3633114035087719,0.0,0.0,0.0,0.0,0.7266228070175438,0.0,0.850125,0.0,0.0,0.0,,0.0,0.0,,0.0,0.0,,0.0,,1.0,0.0,the; elevator; button; was; cracked; and; had; water; fountain; glass; sat; filled,the; elevator; button; and; had; water; glass,0.0,,0.6,glass; water; elevator; button,moved; slightly; though; breeze; pushed; gently,0.8,0.0,0.0,0.0,0,0,"The glass had moved slightly, as though a breeze pushed it gently, and now the water from the elevator button spilled into it."
steer_alpha_0p77_traj_c8_tok120_seed06_the_elevator_button_was_cracked.json,steer_alpha_0p77_traj,experiments/frontier_sweep_mistral7b_live_semantic_loop_guard_seed12/steer_alpha_0p77_traj_c8_tok120_seed06_the_elevator_button_was_cracked.json,3,3,0,-1.139715636672326,0.0,0.34970271979759643,0.0,0.0,0.0,0.0,0.6994054395951929,0.0,0.8735,0.0,0.0,0.0,,0.0,0.0,,0.0,0.0,,0.0,,1.0,0.0,the; elevator; button; was; cracked; and; had; water; fountain; glass; sat; filled,the; elevator; button; cracked; water; glass,0.0,,0.45454545454545453,glass; cool; water; cracked; elevator; button,child; reached; laughing; quenching; thirst,0.7272727272727273,1.0,0.0,0.0,0,0,"A child reached for the glass, laughing, quenching her thirst on the cool water from the cracked elevator button."
steer_alpha_0p77_traj_c8_tok120_seed06_the_elevator_button_was_cracked.json,steer_alpha_0p77_traj,experiments/frontier_sweep_mistral7b_live_semantic_loop_guard_seed12/steer_alpha_0p77_traj_c8_tok120_seed06_the_elevator_button_was_cracked.json,3,4,0,-0.9465182857305163,0.0,0.35046595847416706,0.0,0.0,0.0,0.0,0.7009319169483341,0.0,1.0,0.0,0.0,0.0,,0.0,0.0,,0.0,0.0,,0.0,,0.75,0.25,the; elevator; button; was; cracked; and; had; water; fountain; glass; sat; filled,the; and; glass,0.0,,0.9166666666666666,glass,droplet; bounce; off; rim; polished; reflective; floor; illuminating; room; crystalline; sparkle,0.9583333333333333,0.0,0.0,0.0,0,0,"Droplets bounce off the rim of the glass and onto the polished, reflective floor, illuminating the room with crystalline sparkles."
steer_alpha_0p77_traj_c8_tok120_seed06_the_elevator_button_was_cracked.json,steer_alpha_0p77_traj,experiments/frontier_sweep_mistral7b_live_semantic_loop_guard_seed12/steer_alpha_0p77_traj_c8_tok120_seed06_the_elevator_button_was_cracked.json,3,5,0,0.8017987952767318,0.011111,0.4065,0.03333333333333333,0.0,0.0,0.16666666666666666,0.6775,0.19999999999999998,0.7793433908045978,0.0,0.0,0.0,,0.0,0.0,,0.0,0.0,,0.0,,0.75,0.25,the; elevator; button; was; cracked; and; had; water; fountain; glass; sat; filled,the; elevator; glass,0.27272727272727276,elevator,0.8,glass; elevator,stood; reflecting; flickering; light; woman; cupping; hand; drink,0.6545454545454545,0.0,0.0,0.0,0,0,"The glass in the elevator stood still, reflecting the flickering elevator lights above. A woman leans over it, cupping her hands to drink."
steer_alpha_0p77_traj_c8_tok120_seed06_the_elevator_button_was_cracked.json,steer_alpha_0p77_traj,experiments/frontier_sweep_mistral7b_live_semantic_loop_guard_seed12/steer_alpha_0p77_traj_c8_tok120_seed06_the_elevator_button_was_cracked.json,3,6,0,0.33807286514605805,0.0,0.3493452380952381,0.0,0.0,0.0,0.0,0.6986904761904762,0.0,0.8735,0.0,0.0,0.0,,0.0,0.0,,0.0,0.0,,0.0,,1.0,0.0,the; elevator; button; was; cracked; and; had; water; fountain; glass; sat; filled,the; elevator; button; cracked; and; glass,0.25,glass,0.6363636363636364,glass; cracked; elevator; button,man; reached; took; drink; glanced; lowered; lips,0.6136363636363635,1.0,0.0,0.0,0,0,A man reached for the glass and took a drink. He glanced at the cracked elevator button as he lowered the glass to his lips.
steer_alpha_0p77_traj_c8_tok120_seed06_the_elevator_button_was_cracked.json,steer_alpha_0p77_traj,experiments/frontier_sweep_mistral7b_live_semantic_loop_guard_seed12/steer_alpha_0p77_traj_c8_tok120_seed06_the_elevator_button_was_cracked.json,3,7,0,-0.46572894501129736,0.0,0.37581060191518467,0.0,0.0,0.0,0.0,0.7090766073871408,0.05999999999999997,0.8927916666666668,0.0,0.0,0.0,,0.0,0.0,,0.0,0.0,,0.0,,1.0,0.0,the; elevator; button; was; cracked; and; had; water; fountain; glass; sat; filled,the; elevator; button; was; cracked; water; glass,0.27272727272727276,glass,0.5,glass; water; cracked; elevator; button,empty; drop; hung; falling; gently,0.5454545454545454,1.0,0.0,0.0,0,0,"The glass was empty. A drop of water hung from the cracked elevator button, falling gently into the glass."
steer_alpha_0p77_traj_c8_tok120_seed06_the_elevator_button_was_cracked.json,steer_alpha_0p77_traj,experiments/frontier_sweep_mistral7b_live_semantic_loop_guard_seed12/steer_alpha_0p77_traj_c8_tok120_seed06_the_elevator_button_was_cracked.json,3,8,0,-0.218764925212108,0.0,0.40555033214103214,0.0,0.0,0.0,0.0,0.6759172202350536,0.19999999999999998,0.832477011494253,0.0,0.0,0.0,,0.0,0.0,,0.0,0.0,,0.0,,1.0,0.0,the; elevator; button; was; cracked; and; had; water; fountain; glass; sat; filled,the; elevator; button; water; glass,0.30000000000000004,water,0.4444444444444444,water; glass; elevator; button; cool,droplet; glistened; edge; mixing,0.5055555555555555,0.0,0.0,0.0,0,0,"Water droplets glistened on the edge of the glass, about to spill into the elevator button, mixing with the cool water within."
steer_alpha_0p77_traj_c8_tok120_seed07_a_delivery_label_on_a_cardboard_box.json,steer_alpha_0p77_traj,experiments/frontier_sweep_mistral7b_live_semantic_loop_guard_seed12/steer_alpha_0p77_traj_c8_tok120_seed07_a_delivery_label_on_a_cardboard_box.json,1,1,1,1.7047548252688183,0.0331715300932008,0.6700199974798386,0.0603759374819711,0.0,0.0,0.3018796874098555,0.7464062499999999,0.7953225806451613,0.23143817204301076,0.0,0.0,0.0,,0.0,0.0,,0.0,0.0,,0.0,,0.25,0.75,delivery; label; cardboard; box,box,0.0,,0.75,box,envelope; letter; slot,0.875,0.0,0.0,0.0,0,0,The box opens and spills an envelope of letters through the slot of its surface.
steer_alpha_0p77_traj_c8_tok120_seed07_a_delivery_label_on_a_cardboard_box.json,steer_alpha_0p77_traj,experiments/frontier_sweep_mistral7b_live_semantic_loop_guard_seed12/steer_alpha_0p77_traj_c8_tok120_seed07_a_delivery_label_on_a_cardboard_box.json,1,2,0,-0.5106306737056456,0.022547354838709677,0.4124516129032258,0.06666666666666667,0.0,0.0,0.3333333333333333,0.8,0.031129032258064487,0.6265953837597331,0.0,0.0,0.0,,0.0,0.0,,0.0,0.0,,0.0,,0.25,0.75,delivery; label; cardboard; box,box,0.0,,0.75,box,doorknob; letter; slid,0.875,0.0,0.0,0.0,0,0,A doorknob and a letter slid underneath the box.
steer_alpha_0p77_traj_c8_tok120_seed07_a_delivery_label_on_a_cardboard_box.json,steer_alpha_0p77_traj,experiments/frontier_sweep_mistral7b_live_semantic_loop_guard_seed12/steer_alpha_0p77_traj_c8_tok120_seed07_a_delivery_label_on_a_cardboard_box.json,1,3,0,1.031020745033609,0.0,0.7019721407624633,0.0,0.0,0.0,0.0,0.9618181818181818,0.45967741935483863,0.48138366703744906,0.0,0.0,0.0,,0.0,0.0,,0.0,0.0,,0.0,,0.25,0.75,delivery; label; cardboard; box,box,0.0,,0.8333333333333334,box,package; cylinder; incense; smoke; rising,0.9166666666666667,0.0,0.0,0.0,0,0,"The package inside the box, a cylinder of incense sticks, its smoke rising."
steer_alpha_0p77_traj_c8_tok120_seed07_a_delivery_label_on_a_cardboard_box.json,steer_alpha_0p77_traj,experiments/frontier_sweep_mistral7b_live_semantic_loop_guard_seed12/steer_alpha_0p77_traj_c8_tok120_seed07_a_delivery_label_on_a_cardboard_box.json,1,4,0,-0.14401230332558512,0.013235988967691095,0.3631826241134752,0.044444444444444446,0.0,0.0,0.2222222222222222,0.7263652482269504,0.0,0.9197916666666668,0.0,0.0,0.0,,0.0,0.0,,0.0,0.0,,0.0,,0.5,0.5,delivery; label; cardboard; box,cardboard; box,0.0,,0.8,cardboard; box,revealing; sliding; drawer; collection; stamp; ink-stamped; postage; meter,0.9,0.0,0.0,0.0,0,0,"The cardboard box, opened, revealing a sliding drawer with a collection of stamps and ink-stamped postage meter."
steer_alpha_0p77_traj_c8_tok120_seed07_a_delivery_label_on_a_cardboard_box.json,steer_alpha_0p77_traj,experiments/frontier_sweep_mistral7b_live_semantic_loop_guard_seed12/steer_alpha_0p77_traj_c8_tok120_seed07_a_delivery_label_on_a_cardboard_box.json,1,5,0,1.5462091611127216,0.0,0.49058743622448975,0.0,0.0,0.0,0.0,0.7333928571428572,0.33785714285714274,0.5977729885057472,0.0,0.0,0.0,,0.0,0.0,,0.0,0.0,,0.0,,0.25,0.75,delivery; label; cardboard; box,label,0.0,,0.8571428571428571,label,address; living; room; revealing; vase; hyacinth,0.9285714285714286,0.0,0.0,0.0,0,0,"The label's address opens into a living room, revealing a single vase of hyacinths."
steer_alpha_0p77_traj_c8_tok120_seed07_a_delivery_label_on_a_cardboard_box.json,steer_alpha_0p77_traj,experiments/frontier_sweep_mistral7b_live_semantic_loop_guard_seed12/steer_alpha_0p77_traj_c8_tok120_seed07_a_delivery_label_on_a_cardboard_box.json,1,6,0,-0.827760300399445,0.0,0.4873404255319149,0.0,0.0,0.0,0.0,0.9746808510638298,0.0,0.7484856321839081,0.0,0.0,0.0,,0.0,0.0,,0.0,0.0,,0.0,,0.25,0.75,delivery; label; cardboard; box,box,0.0,,0.8333333333333334,box,lid; propped; revealing; solitary; seedling,0.9166666666666667,0.0,0.0,0.0,0,0,"The box, lid propped open, revealing a solitary seedling."
steer_alpha_0p77_traj_c8_tok120_seed07_a_delivery_label_on_a_cardboard_box.json,steer_alpha_0p77_traj,experiments/frontier_sweep_mistral7b_live_semantic_loop_guard_seed12/steer_alpha_0p77_traj_c8_tok120_seed07_a_delivery_label_on_a_cardboard_box.json,1,7,0,-0.33411906969142113,0.0,0.35366499442586397,0.0,0.0,0.0,0.0,0.7073299888517279,0.0,0.850125,0.0,0.3333333333333333,7.6923076923076925,delicate,0.0,0.0,,0.3333333333333333,7.6923076923076925,delicate,0.0,,0.5,0.5,delivery; label; cardboard; box,cardboard; box,0.33333333333333326,box,0.75,box; cardboard,tea; cup; nestled; steaming; atop; crumbled,0.5833333333333334,0.0,0.0,0.0,0,0,"A delicate tea cup nestled within the box, steaming atop the crumbled cardboard box."
steer_alpha_0p77_traj_c8_tok120_seed07_a_delivery_label_on_a_cardboard_box.json,steer_alpha_0p77_traj,experiments/frontier_sweep_mistral7b_live_semantic_loop_guard_seed12/steer_alpha_0p77_traj_c8_tok120_seed07_a_delivery_label_on_a_cardboard_box.json,1,8,0,0.7154242813146194,0.0,0.3935342465753425,0.0,0.0,0.0,0.0,0.6558904109589041,0.19999999999999998,0.7275675287356322,0.0,0.0,0.0,,0.0,0.0,,0.0,0.0,,0.0,,0.5,0.5,delivery; label; cardboard; box,cardboard; box,0.33333333333333326,box,0.75,box; cardboard,top; key; embedded; rose; full; bloom,0.5833333333333334,0.0,0.0,0.0,0,0,"On top of the box, a single key embedded into the cardboard box, a single rose in full bloom."
steer_alpha_0p77_traj_c8_tok120_seed07_a_delivery_label_on_a_cardboard_box.json,steer_alpha_0p77_traj,experiments/frontier_sweep_mistral7b_live_semantic_loop_guard_seed12/steer_alpha_0p77_traj_c8_tok120_seed07_a_delivery_label_on_a_cardboard_box.json,2,1,1,0.9364640913327122,0.023047437157560354,0.465527027027027,0.0603759374819711,0.0,0.0,0.3018796874098555,0.7758783783783784,0.19999999999999998,0.7969022988505747,0.0,0.0,0.0,,0.0,0.0,,0.0,0.0,,0.0,,0.5,0.5,delivery; label; cardboard; box; the; and; spills; envelope; letters; slot; its; surface,envelope; letters,0.0,,0.75,envelope; letter,handwritten; desk; manuscript; pile; coffee; table,0.875,0.0,0.0,0.0,0,0,A handwritten envelope of letters on a desk. A manuscript rests upon a pile of coffee table.
steer_alpha_0p77_traj_c8_tok120_seed07_a_delivery_label_on_a_cardboard_box.json,steer_alpha_0p77_traj,experiments/frontier_sweep_mistral7b_live_semantic_loop_guard_seed12/steer_alpha_0p77_traj_c8_tok120_seed07_a_delivery_label_on_a_cardboard_box.json,2,2,0,-1.1054968923051491,0.03248296496129156,0.4456504339201587,0.08888888888888889,0.0,0.0,0.4444444444444444,0.7427507232002645,0.19999999999999998,0.9100000000000001,0.0,0.0,0.0,,0.0,0.0,,0.0,0.0,,0.0,,0.5,0.5,delivery; label; cardboard; box; the; and; spills; envelope; letters; slot; its; surface,the; its,0.0,,0.9090909090909091,letter,feather; table; pen; sits; stack; book; filled; coffee-stained; page; leave,0.9545454545454546,0.0,0.0,0.0,0,0,"A letter from a feather rests on the nearby table, its pen sits among a stack of books, filled with coffee-stained pages of its leaves."
steer_alpha_0p77_traj_c8_tok120_seed07_a_delivery_label_on_a_cardboard_box.json,steer_alpha_0p77_traj,experiments/frontier_sweep_mistral7b_live_semantic_loop_guard_seed12/steer_alpha_0p77_traj_c8_tok120_seed07_a_delivery_label_on_a_cardboard_box.json,2,3,0,0.03207311274404323,0.011114412077539729,0.4239438202247191,0.03197159723424149,0.0,0.0,0.15985798617120744,0.7065730337078652,0.19999999999999998,0.8710100574712645,0.0,0.0,0.0,,0.0,0.0,,0.0,0.0,,0.0,,0.5,0.5,delivery; label; cardboard; box; the; and; spills; envelope; letters; slot; its; surface,the; letters,0.0,,0.8888888888888888,letter,envelopment; table; candelabra; vase; gushing; water; glass; rainbow,0.9444444444444444,0.0,0.0,0.0,0,0,"The letters within the envelopments of the table. A candelabra, vase, gushing water into a glass of rainbow."
steer_alpha_0p77_traj_c8_tok120_seed07_a_delivery_label_on_a_cardboard_box.json,steer_alpha_0p77_traj,experiments/frontier_sweep_mistral7b_live_semantic_loop_guard_seed12/steer_alpha_0p77_traj_c8_tok120_seed07_a_delivery_label_on_a_cardboard_box.json,2,4,0,-0.5213361040068205,0.0,0.44191521739130435,0.0,0.0,0.0,0.0,0.7365253623188406,0.19999999999999998,0.9100000000000001,0.0,0.0,0.0,,0.0,0.0,,0.0,0.0,,0.0,,0.75,0.25,delivery; label; cardboard; box; the; and; spills; envelope; letters; slot; its; surface,the; letters; its,0.0,,0.9,letter,envelopment; leafy; tree; branch; note; root; blooming; potted; plant,0.95,0.0,0.0,0.0,0,0,"The envelopments of letters, each leafy tree's branches. The notes of its roots with a blooming potted plant."
steer_alpha_0p77_traj_c8_tok120_seed07_a_delivery_label_on_a_cardboard_box.json,steer_alpha_0p77_traj,experiments/frontier_sweep_mistral7b_live_semantic_loop_guard_seed12/steer_alpha_0p77_traj_c8_tok120_seed07_a_delivery_label_on_a_cardboard_box.json,2,5,0,-0.12672349535347638,0.0,0.4361141439205955,0.0,0.0,0.0,0.0,0.7268569065343259,0.19999999999999998,0.9100000000000001,0.0,0.0,0.0,,0.0,0.0,,0.0,0.0,,0.0,,1.0,0.0,delivery; label; cardboard; box; the; and; spills; envelope; letters; slot; its; surface,the; letters; its; surface,0.0,,0.9375,letter,scattered; wind; taper; curled; rosebud; one; watering; can; echoe; sound; paper-thin; avalanche,0.96875,0.0,0.0,0.0,0,0,"The scattered wind tapers, curled rosebud of letters on its surface. Each one lies within a watering can, echoes the sound of paper-thin avalanche of blue anemophodal hydrstant of ivy."
steer_alpha_0p77_traj_c8_tok120_seed07_a_delivery_label_on_a_cardboard_box.json,steer_alpha_0p77_traj,experiments/frontier_sweep_mistral7b_live_semantic_loop_guard_seed12/steer_alpha_0p77_traj_c8_tok120_seed07_a_delivery_label_on_a_cardboard_box.json,2,6,0,0.9428580551298082,0.0,0.4048490566037736,0.0,0.0,0.0,0.0,0.6747484276729561,0.19999999999999998,0.9100000000000001,0.0,0.0,0.0,,0.0,0.0,,0.0,0.0,,0.0,,1.0,0.0,delivery; label; cardboard; box; the; and; spills; envelope; letters; slot; its; surface,the; and; envelope; letters,0.17647058823529416,letter,0.875,letter; envelope,envelopment; wiggle; pens; inked; blotter; ink; garden; violet; pinned; ground; cactus; bloom,0.7720588235294117,0.0,0.0,0.0,0,0,"The envelopments of those letters wiggle in the envelope of pens, inked blotter, spilling ink like a garden of violets. The letters are pinned to the ground and a cactus blooms near a pot of soap."
steer_alpha_0p77_traj_c8_tok120_seed07_a_delivery_label_on_a_cardboard_box.json,steer_alpha_0p77_traj,experiments/frontier_sweep_mistral7b_live_semantic_loop_guard_seed12/steer_alpha_0p77_traj_c8_tok120_seed07_a_delivery_label_on_a_cardboard_box.json,2,7,0,-0.3613435533806053,0.015559283396917012,0.4451154499151103,0.042628796312321984,0.0,0.0,0.2131439815616099,0.7418590831918506,0.19999999999999998,0.9100000000000001,0.0,0.0,0.0,,0.0,0.0,,0.0,0.0,,0.0,,0.75,0.25,delivery; label; cardboard; box; the; and; spills; envelope; letters; slot; its; surface,the; letters; its,0.27272727272727276,ink,0.9,letter,fall; softly; table; plume; ink; feed; ivy-lined; postcard; window,0.6909090909090909,0.0,0.0,0.0,0,0,"The letters fall softly onto a table, while a plume of ink from its feed of ink. An ivy-lined postcard at the window."
steer_alpha_0p77_traj_c8_tok120_seed07_a_delivery_label_on_a_cardboard_box.json,steer_alpha_0p77_traj,experiments/frontier_sweep_mistral7b_live_semantic_loop_guard_seed12/steer_alpha_0p77_traj_c8_tok120_seed07_a_delivery_label_on_a_cardboard_box.json,2,8,0,0.7415223001822089,0.01541216202258461,0.42243980582524276,0.04353662037838322,0.0,0.0,0.2176831018919161,0.7040663430420713,0.19999999999999998,0.9100000000000001,0.0,0.0,0.0,,0.0,0.0,,0.0,0.0,,0.0,,0.75,0.25,delivery; label; cardboard; box; the; and; spills; envelope; letters; slot; its; surface,the; and; its,0.13636363636363638,water,0.9523809523809523,letter,glass; water; overflow; stone; empty-mouthed; crab; sound; old; grandmother; clock; kettle; filled,0.8430735930735931,0.1,0.0,0.0,0,0,"A glass of water overflows a letter resting on a stone, empty-mouthed crab, and the sound of an old grandmother clock, as a kettle filled with water. Its fingers and flowers bloom through the petals of her dress, as if they weave and waltz with stars."
steer_alpha_0p77_traj_c8_tok120_seed07_a_delivery_label_on_a_cardboard_box.json,steer_alpha_0p77_traj,experiments/frontier_sweep_mistral7b_live_semantic_loop_guard_seed12/steer_alpha_0p77_traj_c8_tok120_seed07_a_delivery_label_on_a_cardboard_box.json,3,1,1,0.24608567437864437,0.10678452397660819,0.4422736842105263,0.29444444444444445,0.0,1.0,0.2222222222222222,0.7371228070175438,0.19999999999999998,0.898907430213465,0.0,0.0,0.0,,0.0,0.0,,0.0,0.0,,0.0,,0.25,0.75,delivery; label; cardboard; box; the; and; spills; envelope; letters; slot; its; surface,the,0.25,book,0.6363636363636364,handwritten; manuscript; coffee; table,weight; stack; book; cradle; feather; quill; pen,0.6136363636363635,0.0,0.0,0.0,0,1,"The handwritten manuscript rests upon the coffee table, under the weight of a stack of books. Each book cradles a single feather quill pen."
steer_alpha_0p77_traj_c8_tok120_seed07_a_delivery_label_on_a_cardboard_box.json,steer_alpha_0p77_traj,experiments/frontier_sweep_mistral7b_live_semantic_loop_guard_seed12/steer_alpha_0p77_traj_c8_tok120_seed07_a_delivery_label_on_a_cardboard_box.json,3,2,0,1.138135762975091,0.0,0.41936438969764833,0.0,0.0,0.0,0.0,0.6989406494960806,0.19999999999999998,0.9100000000000001,0.0,0.0,0.0,,0.0,0.0,,0.0,0.0,,0.0,,0.5,0.5,delivery; label; cardboard; box; the; and; spills; envelope; letters; slot; its; surface,the; its,0.14285714285714285,manuscript,0.85,manuscript; coffee; table,flattened; displaying; page; horizontal; split; embodying; shape; three-legged; wooden; stool; candle; stubborn,0.7928571428571429,0.0,0.0,0.0,0,0,"The manuscript on the coffee table is flattened open, displaying pages in its horizontal split, embodying the shape of a three-legged wooden stool. A candle, stubborn with wax, burns atop the manuscript, melted in warm light."
steer_alpha_0p77_traj_c8_tok120_seed07_a_delivery_label_on_a_cardboard_box.json,steer_alpha_0p77_traj,experiments/frontier_sweep_mistral7b_live_semantic_loop_guard_seed12/steer_alpha_0p77_traj_c8_tok120_seed07_a_delivery_label_on_a_cardboard_box.json,3,3,0,0.24537667735823354,0.0,0.3972401315789474,0.0,0.0,0.0,0.0,0.6620668859649124,0.19999999999999998,0.8801436781609198,0.0,0.0,0.0,,0.0,0.0,,0.0,0.0,,0.0,,0.5,0.5,delivery; label; cardboard; box; the; and; spills; envelope; letters; slot; its; surface,the; its,0.25,manuscript,0.5454545454545454,manuscript; coffee; table; handwritten; letter,sits; atop; page; folded; woven; fold,0.5795454545454546,0.0,0.0,0.0,0,0,"The manuscript sits atop a coffee table, its pages folded open. A handwritten letter, woven into the folds of the manuscript's binding."
steer_alpha_0p77_traj_c8_tok120_seed07_a_delivery_label_on_a_cardboard_box.json,steer_alpha_0p77_traj,experiments/frontier_sweep_mistral7b_live_semantic_loop_guard_seed12/steer_alpha_0p77_traj_c8_tok120_seed07_a_delivery_label_on_a_cardboard_box.json,3,4,0,-0.20189070048309188,0.0,0.40250543478260864,0.0,0.0,0.0,0.0,0.6708423913043478,0.19999999999999998,0.9100000000000001,0.0,0.0,0.0,,0.0,0.0,,0.0,0.0,,0.0,,0.75,0.25,delivery; label; cardboard; box; the; and; spills; envelope; letters; slot; its; surface,the; and; letters,0.4,manuscript; table,0.6923076923076923,manuscript; coffee; table; letter,reclaimed; book; worn; page; collection; document; flow; curling; vase,0.5076923076923077,0.1,0.0,0.0,0,0,"The manuscript on the coffee table, reclaimed by a book of worn pages. A collection of letters and documents flow from the manuscript, curling around a large vase on the table."
steer_alpha_0p77_traj_c8_tok120_seed07_a_delivery_label_on_a_cardboard_box.json,steer_alpha_0p77_traj,experiments/frontier_sweep_mistral7b_live_semantic_loop_guard_seed12/steer_alpha_0p77_traj_c8_tok120_seed07_a_delivery_label_on_a_cardboard_box.json,3,5,0,-0.0008472222222219994,0.0,0.363975,0.0,0.0,0.0,0.0,0.606625,0.19999999999999998,0.9100000000000001,0.0,0.0,0.0,,0.0,0.0,,0.0,0.0,,0.0,,0.25,0.75,delivery; label; cardboard; box; the; and; spills; envelope; letters; slot; its; surface,the,0.4,manuscript; page,0.7692307692307693,manuscript; coffee; table,sits; page; book; quill; ink; tucked; feed; line; fountain; pen,0.5307692307692308,0.1,0.0,0.0,0,0,"The manuscript on the coffee table sits on the dusty page of an open book. A quill of ink, tucked into the pages of the manuscript, feeds upon the lines of a fountain pen."
steer_alpha_0p77_traj_c8_tok120_seed07_a_delivery_label_on_a_cardboard_box.json,steer_alpha_0p77_traj,experiments/frontier_sweep_mistral7b_live_semantic_loop_guard_seed12/steer_alpha_0p77_traj_c8_tok120_seed07_a_delivery_label_on_a_cardboard_box.json,3,6,0,-0.06763600373482759,0.0,0.422304,0.0,0.0,0.0,0.0,0.70384,0.19999999999999998,0.9100000000000001,0.0,0.0,0.0,,0.0,0.0,,0.0,0.0,,0.0,,0.75,0.25,delivery; label; cardboard; box; the; and; spills; envelope; letters; slot; its; surface,the; spills; its,0.5,manuscript; page,0.7,pile; manuscript; handwritten,quill; page; ink; word; sery; note; pinned,0.425,0.0,0.0,0.0,0,0,"A quill resting upon a small pile of manuscript pages, its ink spills its words across a series of handwritten notes pinned to the page of the manuscript."
steer_alpha_0p77_traj_c8_tok120_seed07_a_delivery_label_on_a_cardboard_box.json,steer_alpha_0p77_traj,experiments/frontier_sweep_mistral7b_live_semantic_loop_guard_seed12/steer_alpha_0p77_traj_c8_tok120_seed07_a_delivery_label_on_a_cardboard_box.json,3,7,0,0.9005411424070788,0.0,0.40784935158580155,0.0,0.0,0.0,0.0,0.6797489193096693,0.19999999999999998,0.9100000000000001,0.0,0.6666666666666666,9.090909090909092,antique; leather-bound,0.6666666666666666,9.090909090909092,antique; leather-bound,0.0,0.0,,0.875,antique; leather-bound,0.25,0.75,delivery; label; cardboard; box; the; and; spills; envelope; letters; slot; its; surface,the,0.18750000000000003,manuscript,0.8,coffee; table; manuscript,antique; leather-bound; book; patchwork; quilt; page; ripple; wind; tossed; branch; sycamore; tree,0.7312500000000001,0.1,0.0,0.0,0,0,"An antique, leather-bound book on a coffee table, open to a manuscript resting on a patchwork quilt. Pages of the manuscript ripple in the wind, as if tossed in the branches of a sycamore tree."
steer_alpha_0p77_traj_c8_tok120_seed07_a_delivery_label_on_a_cardboard_box.json,steer_alpha_0p77_traj,experiments/frontier_sweep_mistral7b_live_semantic_loop_guard_seed12/steer_alpha_0p77_traj_c8_tok120_seed07_a_delivery_label_on_a_cardboard_box.json,3,8,0,1.1870369290399065,0.0,0.36249296556830807,0.0,0.0,0.0,0.0,0.6041549426138468,0.19999999999999998,0.8214966843501327,0.0,0.3333333333333333,3.5714285714285716,porcelain,0.3333333333333333,3.5714285714285716,porcelain,0.0,0.0,,0.5,porcelain,0.5,0.5,delivery; label; cardboard; box; the; and; spills; envelope; letters; slot; its; surface,the; and,0.6529411764705882,coin; atop; manuscript,0.6923076923076923,handwritten; manuscript; coffee; table,atop; porcelain; cup; filled; coin; act; inkwell; writer; pen,0.29366515837104074,0.0,0.0,0.0,0,0,"The handwritten manuscript on the coffee table, and atop it, a porcelain cup filled with coins. The coins rest atop the manuscript, the coins act as inkwell for the writer's pen."
steer_alpha_0p77_traj_c8_tok120_seed08_i_am_opening_the_fridge.json,steer_alpha_0p77_traj,experiments/frontier_sweep_mistral7b_live_semantic_loop_guard_seed12/steer_alpha_0p77_traj_c8_tok120_seed08_i_am_opening_the_fridge.json,1,1,1,1.3570118279569892,0.0,0.6194921975806451,0.0,0.0,0.0,0.0,0.77025,0.6085483870967741,0.17615322580645168,0.0,0.0,0.0,,0.0,0.0,,0.0,0.0,,0.0,,0.5,0.5,the; fridge,the,0.0,,1.0,,sprig; parsley; milk; carton,1.0,0.0,0.0,0.0,0,0,"Inside, a sprig of parsley beside the milk carton."
steer_alpha_0p77_traj_c8_tok120_seed08_i_am_opening_the_fridge.json,steer_alpha_0p77_traj,experiments/frontier_sweep_mistral7b_live_semantic_loop_guard_seed12/steer_alpha_0p77_traj_c8_tok120_seed08_i_am_opening_the_fridge.json,1,2,0,2.4236431010574178,0.0,0.8244913306451612,0.0,0.0,0.0,0.0,0.9870652173913044,0.6705913978494622,0.3674752502780868,0.0,0.0,0.0,,0.0,0.0,,0.0,0.0,,0.0,,1.0,0.0,the; fridge,the; fridge,0.0,,0.8333333333333334,fridge,jar; yogurt; sits; carton; milk,0.9166666666666667,0.0,0.0,0.0,0,0,"A jar of yogurt sits in the fridge, next to a carton of milk."
steer_alpha_0p77_traj_c8_tok120_seed08_i_am_opening_the_fridge.json,steer_alpha_0p77_traj,experiments/frontier_sweep_mistral7b_live_semantic_loop_guard_seed12/steer_alpha_0p77_traj_c8_tok120_seed08_i_am_opening_the_fridge.json,1,3,0,0.7614036169232103,0.0,0.4969046867695185,0.0,0.0,0.0,0.0,0.727463768115942,0.3661290322580645,0.43459538375973306,0.0,0.0,0.0,,0.0,0.0,,0.0,0.0,,0.0,,0.5,0.5,the; fridge,the,0.0,,1.0,,light; bulb; shelf; swimming; milk,1.0,0.0,0.0,0.0,0,0,"Inside the light bulb lies on the shelf, swimming in milk."
steer_alpha_0p77_traj_c8_tok120_seed08_i_am_opening_the_fridge.json,steer_alpha_0p77_traj,experiments/frontier_sweep_mistral7b_live_semantic_loop_guard_seed12/steer_alpha_0p77_traj_c8_tok120_seed08_i_am_opening_the_fridge.json,1,4,0,-0.21165276354444207,0.024458838095238095,0.44741777003484323,0.06666666666666667,0.0,0.0,0.3333333333333333,0.7456962833914054,0.19999999999999998,0.9100000000000001,0.0,0.0,0.0,,0.0,0.0,,0.0,0.0,,0.0,,1.0,0.0,the; fridge,the; fridge,0.0,,0.9090909090909091,fridge,jar; pickle; crouch; counter; hums; spit; out; colander-sized; morsel; ice,0.9545454545454546,0.0,0.0,0.0,0,0,A jar of pickles crouches on the counter. The fridge hums and spits out colander-sized morsel of ice.
steer_alpha_0p77_traj_c8_tok120_seed08_i_am_opening_the_fridge.json,steer_alpha_0p77_traj,experiments/frontier_sweep_mistral7b_live_semantic_loop_guard_seed12/steer_alpha_0p77_traj_c8_tok120_seed08_i_am_opening_the_fridge.json,1,5,0,0.07201409374323053,0.0,0.44259331217361625,0.0,0.0,0.0,0.0,0.7376555202893604,0.19999999999999998,0.8297916666666667,0.0,0.0,0.0,,0.0,0.0,,0.0,0.0,,0.0,,1.0,0.0,the; fridge,the; fridge,0.0,,0.9,fridge,milk; carton; light; loaf; bread; apple; wedged; body; butter-knife,0.95,0.0,0.0,0.0,0,0,"Inside the milk carton lies in the fridge light. A loaf of bread and an apple wedged in its body, butter-knife."
steer_alpha_0p77_traj_c8_tok120_seed08_i_am_opening_the_fridge.json,steer_alpha_0p77_traj,experiments/frontier_sweep_mistral7b_live_semantic_loop_guard_seed12/steer_alpha_0p77_traj_c8_tok120_seed08_i_am_opening_the_fridge.json,1,6,0,-0.35205389556353084,0.0,0.39406153846153846,0.0,0.0,0.0,0.0,0.6567692307692308,0.19999999999999998,0.7275675287356322,0.0,0.0,0.0,,0.0,0.0,,0.0,0.0,,0.0,,1.0,0.0,the; fridge,the; fridge,0.0,,0.875,fridge,milk; carton; freezer; slice; cheese; wedge; light,0.9375,0.0,0.0,0.0,0,0,The milk carton lies in the freezer. A slice of cheese wedges in the fridge light.
steer_alpha_0p77_traj_c8_tok120_seed08_i_am_opening_the_fridge.json,steer_alpha_0p77_traj,experiments/frontier_sweep_mistral7b_live_semantic_loop_guard_seed12/steer_alpha_0p77_traj_c8_tok120_seed08_i_am_opening_the_fridge.json,1,7,0,-2.071432901973787,0.0,0.3398016826923077,0.0,0.0,0.0,0.0,0.6796033653846154,0.0,0.9064841954022989,0.0,0.0,0.0,,0.0,0.0,,0.0,0.0,,0.0,,1.0,0.0,the; fridge,the; fridge,0.0,,0.875,fridge,milk; carton; fall; shelf; block; cheese; emerge,0.9375,0.0,0.0,0.0,0,0,The milk carton falls from the shelf. A block of cheese emerges from the fridge.
steer_alpha_0p77_traj_c8_tok120_seed08_i_am_opening_the_fridge.json,steer_alpha_0p77_traj,experiments/frontier_sweep_mistral7b_live_semantic_loop_guard_seed12/steer_alpha_0p77_traj_c8_tok120_seed08_i_am_opening_the_fridge.json,1,8,0,-1.375828431372549,0.0,0.36245764705882355,0.0,0.0,0.0,0.0,0.6838823529411765,0.05999999999999997,0.9404583333333335,0.0,0.0,0.0,,0.0,0.0,,0.0,0.0,,0.0,,1.0,0.0,the; fridge,the; fridge,0.0,,0.9,fridge,hand; reach; lettuce; glow; celery; absorbing; cold; wind; winter,0.95,0.1,0.0,0.0,0,0,"Hands reach for the lettuce. The fridge glows with the celery stick, absorbing the cold winds of winter."
steer_alpha_0p77_traj_c8_tok120_seed08_i_am_opening_the_fridge.json,steer_alpha_0p77_traj,experiments/frontier_sweep_mistral7b_live_semantic_loop_guard_seed12/steer_alpha_0p77_traj_c8_tok120_seed08_i_am_opening_the_fridge.json,2,1,1,0.6443308194637052,0.015246595322466331,0.5578022678951098,0.03333333333333333,0.0,0.0,0.16666666666666666,0.9296704464918497,0.19999999999999998,0.877426724137931,0.0,0.0,0.0,,0.0,0.0,,0.0,0.0,,0.0,,0.5,0.5,the; fridge; inside; sprig; parsley; milk; carton,the; inside,0.0,,1.0,,bottle; lemon; half; moon; shadow; mound; mushroom; kitchen; baking; scone,1.0,0.0,0.0,0.0,0,0,"Inside, a bottle of lemon in the half moon's shadow, a mound of mushrooms in the kitchen, baking scone."
steer_alpha_0p77_traj_c8_tok120_seed08_i_am_opening_the_fridge.json,steer_alpha_0p77_traj,experiments/frontier_sweep_mistral7b_live_semantic_loop_guard_seed12/steer_alpha_0p77_traj_c8_tok120_seed08_i_am_opening_the_fridge.json,2,2,0,0.3881976573663173,0.0,0.44820505617977524,0.0,0.0,0.0,0.0,0.7470084269662921,0.19999999999999998,0.8774583333333335,0.0,0.0,0.0,,0.0,0.0,,0.0,0.0,,0.0,,0.5,0.5,the; fridge; inside; sprig; parsley; milk; carton,the; inside,0.0,,1.0,,chili; pepper; table; leafy; pillow; sweat; jelly; silverfish; two; turtle,1.0,0.0,0.0,0.0,0,0,"Inside, a chili pepper rests on the table, and the leafy pillow sweats. A jelly of silverfish and two turtles."
steer_alpha_0p77_traj_c8_tok120_seed08_i_am_opening_the_fridge.json,steer_alpha_0p77_traj,experiments/frontier_sweep_mistral7b_live_semantic_loop_guard_seed12/steer_alpha_0p77_traj_c8_tok120_seed08_i_am_opening_the_fridge.json,2,3,0,0.34906045083141435,0.0,0.4032885447106955,0.0,0.0,0.0,0.0,0.6721475745178258,0.19999999999999998,0.8445689655172415,0.0,0.0,0.0,,0.0,0.0,,0.0,0.0,,0.0,,0.5,0.5,the; fridge; inside; sprig; parsley; milk; carton,the; inside,0.0,,1.0,,garden; snail; dewdrop; salt; water; underside; moonlight; glowworm; tongue,1.0,0.0,0.0,0.0,0,0,"Inside, the small garden snail grows from the inside of a dewdrop of salt water, kissing the underside of the moonlight. A glowworm's tongue."
steer_alpha_0p77_traj_c8_tok120_seed08_i_am_opening_the_fridge.json,steer_alpha_0p77_traj,experiments/frontier_sweep_mistral7b_live_semantic_loop_guard_seed12/steer_alpha_0p77_traj_c8_tok120_seed08_i_am_opening_the_fridge.json,2,4,0,0.4358032849503439,0.0,0.5333181818181818,0.0,0.0,0.0,0.0,0.8888636363636364,0.19999999999999998,0.9100000000000001,0.0,0.0,0.0,,0.0,0.0,,0.0,0.0,,0.0,,0.5,0.5,the; fridge; inside; sprig; parsley; milk; carton,the; inside,0.0,,1.0,,jar; honey; nectar; water; wider; webs; moonlight; gleaming; glass; mint; lemon,1.0,0.0,0.0,0.0,0,0,"Inside, a jar of honey, the nectar of water. Wider webs of moonlight, Inside, a gleaming glass of mint lemon."
steer_alpha_0p77_traj_c8_tok120_seed08_i_am_opening_the_fridge.json,steer_alpha_0p77_traj,experiments/frontier_sweep_mistral7b_live_semantic_loop_guard_seed12/steer_alpha_0p77_traj_c8_tok120_seed08_i_am_opening_the_fridge.json,2,5,0,-0.16375744298341988,0.0,0.3755439757160647,0.0,0.0,0.0,0.0,0.6259066261934412,0.19999999999999998,0.9100000000000001,0.0,0.0,0.0,,0.0,0.0,,0.0,0.0,,0.0,,1.0,0.0,the; fridge; inside; sprig; parsley; milk; carton,the; fridge; inside; parsley,0.0,,0.8461538461538461,parsley; fridge,mirror; reflect; silverfish; stove; eyelight; whiskey; left; sink; moonlight; reflection; finger,0.9230769230769231,0.0,0.0,0.0,0,0,"Inside, the mirror reflects silverfish on the stove, an eyelight of parsley, whiskey left on the sink, the spilled moonlight's reflection on its fingers. Inside the fridge."
steer_alpha_0p77_traj_c8_tok120_seed08_i_am_opening_the_fridge.json,steer_alpha_0p77_traj,experiments/frontier_sweep_mistral7b_live_semantic_loop_guard_seed12/steer_alpha_0p77_traj_c8_tok120_seed08_i_am_opening_the_fridge.json,2,6,0,0.16550534759358304,0.0,0.41000374331550804,0.0,0.0,0.0,0.0,0.6833395721925134,0.19999999999999998,0.9100000000000001,0.0,0.3333333333333333,2.9411764705882355,iridescent,0.0,0.0,,0.3333333333333333,2.9411764705882355,iridescent,0.0,,1.0,0.0,the; fridge; inside; sprig; parsley; milk; carton,the; fridge; inside; parsley,0.2307692307692308,honey; lily,0.9166666666666666,fridge; parsley,pan; honey; lily; flower; blooming; treasured; shell; rind; freezer; fern; flit; pewer,0.737179487179487,0.0,0.0,0.0,0,0,"Inside the fridge, inside a pan of honey, lily flowers blooming with a treasured shell. Rind of parsley in the freezer, fern flits with pewers of water, singing an iridescent lily full of a field of oysters and an eggplant, inside a silvery beetle in a valley of honeys."
steer_alpha_0p77_traj_c8_tok120_seed08_i_am_opening_the_fridge.json,steer_alpha_0p77_traj,experiments/frontier_sweep_mistral7b_live_semantic_loop_guard_seed12/steer_alpha_0p77_traj_c8_tok120_seed08_i_am_opening_the_fridge.json,2,7,0,-0.08110803541069589,0.0069200087778353864,0.39593119322873654,0.021314398156160992,0.0,0.0,0.10657199078080495,0.6598853220478943,0.19999999999999998,0.9100000000000001,0.0,0.0,0.0,,0.0,0.0,,0.0,0.0,,0.0,,1.0,0.0,the; fridge; inside; sprig; parsley; milk; carton,the; inside; milk; carton,0.0,,0.8947368421052632,milk; carton,teapot; chamomoon; steamy; kettle; boil; hot; condensation; moonlight; yard; moth-licked; ice; cream,0.9473684210526316,0.0,0.0,0.0,0,0,"Inside the teapot of chamomoon, the steamy kettle boils, hot and condensation of moonlight in the yard. The moth-licked ice cream scoop from the milk carton, its fingers grip the silver key, fingering inside."
steer_alpha_0p77_traj_c8_tok120_seed08_i_am_opening_the_fridge.json,steer_alpha_0p77_traj,experiments/frontier_sweep_mistral7b_live_semantic_loop_guard_seed12/steer_alpha_0p77_traj_c8_tok120_seed08_i_am_opening_the_fridge.json,2,8,0,0.20901393238914312,0.0,0.42346611570247933,0.0,0.0,0.0,0.0,0.7057768595041323,0.19999999999999998,0.8608936781609196,0.0,0.3333333333333333,5.0,porcelain,0.3333333333333333,5.0,porcelain,0.0,0.0,,0.5,porcelain,1.0,0.0,the; fridge; inside; sprig; parsley; milk; carton,the; fridge; inside; parsley,0.6004273504273505,glass; wine,0.8181818181818182,parsley; fridge,wine; glass; pearl; champagne; wait; porcelain; rim; chilled; ice,0.3632478632478632,0.0,0.0,0.0,0,0,"Inside, the parsley's wine glass, containing a pearl of wine. A glass of champagne waits on its porcelain rim, chilled in ice, inside the fridge."
steer_alpha_0p77_traj_c8_tok120_seed08_i_am_opening_the_fridge.json,steer_alpha_0p77_traj,experiments/frontier_sweep_mistral7b_live_semantic_loop_guard_seed12/steer_alpha_0p77_traj_c8_tok120_seed08_i_am_opening_the_fridge.json,3,1,1,0.43971660539215685,0.1071147535444747,0.46326562499999996,0.2819715972342415,0.0,1.0,0.15985798617120744,0.772109375,0.19999999999999998,0.9100000000000001,0.0,0.0,0.0,,0.0,0.0,,0.0,0.0,,0.0,,0.5,0.5,the; fridge; inside; sprig; parsley; milk; carton; bottle; lemon; half; moon's; shadow,the; lemon,0.0,,0.875,lemon; kitchen,wine; glass; peeled; spout; glow; water; droplet; lone; slice; pear; counter; bearing,0.9375,0.0,0.0,0.0,0,1,"A wine glass beside the peeled lemon, its spout glows with water droplets. A lone slice of pear leans against a kitchen counter, bearing a basket of peaches."
steer_alpha_0p77_traj_c8_tok120_seed08_i_am_opening_the_fridge.json,steer_alpha_0p77_traj,experiments/frontier_sweep_mistral7b_live_semantic_loop_guard_seed12/steer_alpha_0p77_traj_c8_tok120_seed08_i_am_opening_the_fridge.json,3,2,0,1.663503682724343,0.0,0.5093358788768501,0.0,0.0,0.0,0.0,0.6922686733556298,0.4714976958525344,0.4493276789024843,0.0,0.0,0.0,,0.0,0.0,,0.0,0.0,,0.0,,0.25,0.75,the; fridge; inside; sprig; parsley; milk; carton; bottle; lemon; half; moon's; shadow,the,0.0,,1.0,,loaf; bread; saucepan; stove; glistening; steam,1.0,0.1,0.0,0.0,0,0,"The soft loaf of bread rests beside the saucepan on the stove, glistening with steam."
steer_alpha_0p77_traj_c8_tok120_seed08_i_am_opening_the_fridge.json,steer_alpha_0p77_traj,experiments/frontier_sweep_mistral7b_live_semantic_loop_guard_seed12/steer_alpha_0p77_traj_c8_tok120_seed08_i_am_opening_the_fridge.json,3,3,0,-0.06976333675704471,0.009125229949980761,0.4083485956136975,0.02666666666666667,0.0,0.0,0.13333333333333333,0.6805809926894959,0.19999999999999998,0.9100000000000001,0.0,0.0,0.0,,0.0,0.0,,0.0,0.0,,0.0,,1.0,0.0,the; fridge; inside; sprig; parsley; milk; carton; bottle; lemon; half; moon's; shadow,the; inside; parsley; lemon; half; moon's; shadow,0.0,,0.5384615384615384,half; moon; shadow; lemon; parsley; kitchen,window; bouquet; violet; weathered; table; twirl; warmth,0.7692307692307692,0.1,0.0,0.0,0,0,"Inside the window, a bouquet of violets; the half moon's shadow, the lemon and parsley on a weathered table. The kitchen twirls in warmth."
steer_alpha_0p77_traj_c8_tok120_seed08_i_am_opening_the_fridge.json,steer_alpha_0p77_traj,experiments/frontier_sweep_mistral7b_live_semantic_loop_guard_seed12/steer_alpha_0p77_traj_c8_tok120_seed08_i_am_opening_the_fridge.json,3,4,0,-0.6782388498275185,0.0,0.40049542547958683,0.0,0.0,0.0,0.0,0.7556517461878997,0.05999999999999997,0.9730000000000001,0.0,0.0,0.0,,0.0,0.0,,0.0,0.0,,0.0,,0.5,0.5,the; fridge; inside; sprig; parsley; milk; carton; bottle; lemon; half; moon's; shadow,the; lemon,0.0,,0.9285714285714286,lemon,tablecloth; worn; glass; peeled; juice; seeping; crushed; ice; cube; pearl; salt; held,0.9642857142857143,0.1,0.0,0.0,0,0,"On the tablecloth, a worn glass and a peeled lemon, its juice seeping into the crushed ice cubes, pearls of salt held by silverware."
steer_alpha_0p77_traj_c8_tok120_seed08_i_am_opening_the_fridge.json,steer_alpha_0p77_traj,experiments/frontier_sweep_mistral7b_live_semantic_loop_guard_seed12/steer_alpha_0p77_traj_c8_tok120_seed08_i_am_opening_the_fridge.json,3,5,0,-0.5869229946701662,0.0,0.4194816062354862,0.0,0.0,0.0,0.0,0.699136010392477,0.19999999999999998,0.9100000000000001,0.0,0.0,0.0,,0.0,0.0,,0.0,0.0,,0.0,,0.5,0.5,the; fridge; inside; sprig; parsley; milk; carton; bottle; lemon; half; moon's; shadow,the; lemon,0.0,,0.9333333333333333,lemon,spoon; handle; sunlight; dance; slice; toaster; embrace; smoked; salmon; thyme; lodge; two,0.9666666666666667,0.0,0.0,0.0,0,0,"A silver spoon's handle in the sunlight's dance, a slice of lemon in the toaster's embrace, smoked salmon and thyme lodge between two oyster shells."
steer_alpha_0p77_traj_c8_tok120_seed08_i_am_opening_the_fridge.json,steer_alpha_0p77_traj,experiments/frontier_sweep_mistral7b_live_semantic_loop_guard_seed12/steer_alpha_0p77_traj_c8_tok120_seed08_i_am_opening_the_fridge.json,3,6,0,0.05597578398891234,0.0,0.4074821476900456,0.0,0.0,0.0,0.0,0.6791369128167427,0.19999999999999998,0.8972276272577997,0.0,0.0,0.0,,0.0,0.0,,0.0,0.0,,0.0,,1.0,0.0,the; fridge; inside; sprig; parsley; milk; carton; bottle; lemon; half; moon's; shadow,the; parsley; bottle; lemon,0.0,,0.7692307692307693,lemon; bottle; parsley,woolen-spun; bucket; weft; ceramic; teapot; rustling; tile; whir; daisy; windowsill,0.8846153846153846,0.0,0.0,0.0,0,0,"The lemon bottle, melting into the woolen-spun bucket's weft, beside a ceramic teapot; beneath the rustling parsley, the tiles whir with daisies on the windowsill."
steer_alpha_0p77_traj_c8_tok120_seed08_i_am_opening_the_fridge.json,steer_alpha_0p77_traj,experiments/frontier_sweep_mistral7b_live_semantic_loop_guard_seed12/steer_alpha_0p77_traj_c8_tok120_seed08_i_am_opening_the_fridge.json,3,7,0,0.6579462781978,0.009023163686520376,0.40378119122257056,0.02666666666666667,0.0,0.0,0.13333333333333333,0.6729686520376176,0.19999999999999998,0.9100000000000001,0.0,0.0,0.0,,0.0,0.0,,0.0,0.0,,0.0,,0.5,0.5,the; fridge; inside; sprig; parsley; milk; carton; bottle; lemon; half; moon's; shadow,the; lemon,0.17647058823529416,slice,0.8125,mound; mushroom; lemon,lit; slice; moonlight; cheese; stone; sill; counter; home; peeling; apple; quarter; shimmering,0.7463235294117647,0.1,0.0,0.0,0,0,"The mound of mushrooms, lit by a slice of moonlight, melted cheese slices on the stone sill. The counter is home to a peeling lemon, apple quarters shimmering on the windowsill."
steer_alpha_0p77_traj_c8_tok120_seed08_i_am_opening_the_fridge.json,steer_alpha_0p77_traj,experiments/frontier_sweep_mistral7b_live_semantic_loop_guard_seed12/steer_alpha_0p77_traj_c8_tok120_seed08_i_am_opening_the_fridge.json,3,8,0,-1.508512410207751,0.1030175198452866,0.39672985819750944,0.31666666666666665,0.0,1.0,0.3333333333333333,0.6612164303291824,0.19999999999999998,0.9100000000000001,0.0,0.0,0.0,,0.0,0.0,,0.0,0.0,,0.0,,0.25,0.75,the; fridge; inside; sprig; parsley; milk; carton; bottle; lemon; half; moon's; shadow,the,0.0,,1.0,,breadknife; counter; butter-streaked; loaf; bread; wait; buttered; wall; clock; gaze; spice; jar,1.0,0.0,0.0,0.0,0,2,"The breadknife lies on the counter, a butter-streaked loaf of bread waits, buttered into the wall clock's gaze. The spice jar and its lid stand against a sky-blue mug."
steer_alpha_0p77_traj_c8_tok120_seed09_i_am_waiting_for_the_printer.json,steer_alpha_0p77_traj,experiments/frontier_sweep_mistral7b_live_semantic_loop_guard_seed12/steer_alpha_0p77_traj_c8_tok120_seed09_i_am_waiting_for_the_printer.json,1,1,1,1.4340466838348245,0.029302204032258063,0.5360159274193549,0.06666666666666667,0.0,0.0,0.3333333333333333,0.9087500000000001,0.17967741935483866,0.3691451612903226,0.0,0.0,0.0,,0.0,0.0,,0.0,0.0,,0.0,,0.5,0.5,waiting; for; the; printer,the; printer,0.0,,0.6666666666666666,printer,hums; garden,0.8333333333333333,0.0,0.0,0.0,0,0,The printer hums within the garden.
steer_alpha_0p77_traj_c8_tok120_seed09_i_am_waiting_for_the_printer.json,steer_alpha_0p77_traj,experiments/frontier_sweep_mistral7b_live_semantic_loop_guard_seed12/steer_alpha_0p77_traj_c8_tok120_seed09_i_am_waiting_for_the_printer.json,1,2,0,-0.5299654084305782,0.025683004948268105,0.4698110661268556,0.06666666666666667,0.0,0.0,0.3333333333333333,0.9396221322537112,0.0,0.8510416666666667,0.0,0.0,0.0,,0.0,0.0,,0.0,0.0,,0.0,,0.5,0.5,waiting; for; the; printer,the; printer,0.0,,0.875,printer,churn; out; paper-like; fish; absorbing; ink; sea,0.9375,0.0,0.0,0.0,0,0,"The printer churns out paper-like fish, absorbing ink from the sea."
steer_alpha_0p77_traj_c8_tok120_seed09_i_am_waiting_for_the_printer.json,steer_alpha_0p77_traj,experiments/frontier_sweep_mistral7b_live_semantic_loop_guard_seed12/steer_alpha_0p77_traj_c8_tok120_seed09_i_am_waiting_for_the_printer.json,1,3,0,-0.03268270340320001,0.0,0.5,0.0,0.0,0.0,0.0,1.0,0.0,0.7484856321839081,0.0,0.0,0.0,,0.0,0.0,,0.0,0.0,,0.0,,0.5,0.5,waiting; for; the; printer,the; printer,0.0,,0.8333333333333334,printer,hums; moonlight; taking; slow; breath,0.9166666666666667,0.0,0.0,0.0,0,0,"The printer hums under moonlight, taking a slow breath."
steer_alpha_0p77_traj_c8_tok120_seed09_i_am_waiting_for_the_printer.json,steer_alpha_0p77_traj,experiments/frontier_sweep_mistral7b_live_semantic_loop_guard_seed12/steer_alpha_0p77_traj_c8_tok120_seed09_i_am_waiting_for_the_printer.json,1,4,0,0.5812093415609022,0.024880385155258145,0.45463944030879516,0.06530493056757483,0.0,0.0,0.32652465283787413,0.7376068376068377,0.23274193548387093,0.6772733129403041,0.0,0.3333333333333333,10.0,mist,0.0,0.0,,0.3333333333333333,10.0,mist,0.0,,0.5,0.5,waiting; for; the; printer,the; printer,0.0,,0.875,printer,sits; window; ledge; mist-drizzling; letter; pane; glass,0.9375,0.1,0.0,0.0,0,0,"The printer sits on a window ledge, mist-drizzling letters on a pane of glass."
steer_alpha_0p77_traj_c8_tok120_seed09_i_am_waiting_for_the_printer.json,steer_alpha_0p77_traj,experiments/frontier_sweep_mistral7b_live_semantic_loop_guard_seed12/steer_alpha_0p77_traj_c8_tok120_seed09_i_am_waiting_for_the_printer.json,1,5,0,-2.324527043703423,0.005924675213675214,0.16256730769230768,0.044444444444444446,0.0,0.0,0.2222222222222222,0.5418910256410256,0.0,0.7484856321839081,0.0,0.0,0.0,,0.0,0.0,,0.0,0.0,,0.0,,1.0,0.0,waiting; for; the; printer,waiting; for; the; printer,0.0,,0.6666666666666666,waiting; printer,hum; garden; flower; bloom,0.8333333333333333,0.0,0.0,0.4,0,0,"I am waiting for the printer to hum. In the garden, flowers bloom."
steer_alpha_0p77_traj_c8_tok120_seed09_i_am_waiting_for_the_printer.json,steer_alpha_0p77_traj,experiments/frontier_sweep_mistral7b_live_semantic_loop_guard_seed12/steer_alpha_0p77_traj_c8_tok120_seed09_i_am_waiting_for_the_printer.json,1,6,0,-1.2745453263497182,0.0,0.38489374429223744,0.0,0.0,0.0,0.0,0.7262146118721461,0.05999999999999997,0.9404583333333335,0.0,0.3333333333333333,6.666666666666667,whispers,0.0,0.0,,0.3333333333333333,6.666666666666667,whispers,0.0,,0.5,0.5,waiting; for; the; printer,the; printer,0.0,,0.9,printer,spit; out; coiled; web; whisper; silence; echoe; drum; rhythm,0.95,0.0,0.0,0.0,0,0,"The printer spits out a coiled web of whispers, its silence echoes with the drum's rhythm."
steer_alpha_0p77_traj_c8_tok120_seed09_i_am_waiting_for_the_printer.json,steer_alpha_0p77_traj,experiments/frontier_sweep_mistral7b_live_semantic_loop_guard_seed12/steer_alpha_0p77_traj_c8_tok120_seed09_i_am_waiting_for_the_printer.json,1,7,0,-0.9606977034031999,0.0,0.44827083333333334,0.0,0.0,0.0,0.0,0.8965416666666667,0.0,0.7961522988505747,0.0,0.3333333333333333,11.11111111111111,lullaby,0.3333333333333333,11.11111111111111,lullaby,0.0,0.0,,0.375,lullaby,0.5,0.5,waiting; for; the; printer,the; printer,0.0,,0.8,printer,humming; lullaby; singing; night,0.9,0.0,0.0,0.0,0,0,"The printer, humming a lullaby, singing the night's blues."
steer_alpha_0p77_traj_c8_tok120_seed09_i_am_waiting_for_the_printer.json,steer_alpha_0p77_traj,experiments/frontier_sweep_mistral7b_live_semantic_loop_guard_seed12/steer_alpha_0p77_traj_c8_tok120_seed09_i_am_waiting_for_the_printer.json,1,8,0,-0.4295430930266846,0.014279508771929824,0.3918157894736842,0.044444444444444446,0.0,0.0,0.2222222222222222,0.6530263157894737,0.19999999999999998,0.9100000000000001,0.0,0.3333333333333333,4.761904761904762,whispering,0.0,0.0,,0.3333333333333333,4.761904761904762,whispering,0.0,,0.5,0.5,waiting; for; the; printer,the; printer,0.0,,0.9285714285714286,printer,hums; corner; room; whispering; fragile; rhythm; clock; finger; reach; out; collect; message,0.9642857142857143,0.0,0.0,0.0,0,0,"The printer hums at the corner of the room, whispering the fragile rhythm of a clock. The fingers reach out to collect messages from the sky."
steer_alpha_0p77_traj_c8_tok120_seed09_i_am_waiting_for_the_printer.json,steer_alpha_0p77_traj,experiments/frontier_sweep_mistral7b_live_semantic_loop_guard_seed12/steer_alpha_0p77_traj_c8_tok120_seed09_i_am_waiting_for_the_printer.json,2,1,1,-0.1591614865964588,0.08633170786290323,0.42113028225806454,0.25,0.0,1.0,0.0,0.8168333333333334,0.031129032258064487,0.6742620504263998,0.0,0.0,0.0,,0.0,0.0,,0.0,0.0,,0.0,,1.0,0.0,waiting; for; the; printer; hums; garden,for; the; hums; garden,0.6000000000000001,flower,0.5,garden; hums,wait; flower,0.29999999999999993,0.0,0.0,0.0,0,1,"I waits for the flowers, The garden hums within the flowers."
steer_alpha_0p77_traj_c8_tok120_seed09_i_am_waiting_for_the_printer.json,steer_alpha_0p77_traj,experiments/frontier_sweep_mistral7b_live_semantic_loop_guard_seed12/steer_alpha_0p77_traj_c8_tok120_seed09_i_am_waiting_for_the_printer.json,2,2,0,0.37843605900193267,0.0,0.46829268292682924,0.0,0.0,0.0,0.0,0.7804878048780488,0.19999999999999998,0.9021436781609196,0.0,0.0,0.0,,0.0,0.0,,0.0,0.0,,0.0,,0.75,0.25,waiting; for; the; printer; hums; garden,for; the; garden,0.0,,0.9,garden,wait; snap; pea; water; bouquet; violet; bloom; hummingbird; glass,0.95,0.1,0.0,0.0,0,0,I waits for a soft garden snap pea of water. A bouquet of violets blooms on the hummingbird's glass.
steer_alpha_0p77_traj_c8_tok120_seed09_i_am_waiting_for_the_printer.json,steer_alpha_0p77_traj,experiments/frontier_sweep_mistral7b_live_semantic_loop_guard_seed12/steer_alpha_0p77_traj_c8_tok120_seed09_i_am_waiting_for_the_printer.json,2,3,0,-1.1222020719218861,0.0,0.3718291160593792,0.0,0.0,0.0,0.0,0.7436582321187584,0.0,0.8977916666666668,0.0,0.0,0.0,,0.0,0.0,,0.0,0.0,,0.0,,0.5,0.5,waiting; for; the; printer; hums; garden,the; garden,0.0,,0.8888888888888888,garden,flower; bloom; petal; dance; swan-shaped; viper; curl; head,0.9444444444444444,0.0,0.0,0.0,0,0,"The flowers bloom within the garden, their petals dance. A swan-shaped viper curls its head."
steer_alpha_0p77_traj_c8_tok120_seed09_i_am_waiting_for_the_printer.json,steer_alpha_0p77_traj,experiments/frontier_sweep_mistral7b_live_semantic_loop_guard_seed12/steer_alpha_0p77_traj_c8_tok120_seed09_i_am_waiting_for_the_printer.json,2,4,0,0.8563880212110075,0.0,0.5375567944250871,0.0,0.0,0.0,0.0,0.8959279907084785,0.19999999999999998,0.7793433908045978,0.0,0.0,0.0,,0.0,0.0,,0.0,0.0,,0.0,,0.5,0.5,waiting; for; the; printer; hums; garden,the; garden,0.0,,0.8888888888888888,garden,ink; flower; blooming; hose; offering; seed; lily; riverbank,0.9444444444444444,0.0,0.0,0.0,0,0,"The ink flowers within the garden's blooming hose, offering seeds, lilies to grow on the riverbank."
steer_alpha_0p77_traj_c8_tok120_seed09_i_am_waiting_for_the_printer.json,steer_alpha_0p77_traj,experiments/frontier_sweep_mistral7b_live_semantic_loop_guard_seed12/steer_alpha_0p77_traj_c8_tok120_seed09_i_am_waiting_for_the_printer.json,2,5,0,0.03389632907517259,0.014253047340736411,0.5214529514903565,0.03333333333333333,0.0,0.0,0.16666666666666666,0.8690882524839276,0.19999999999999998,0.9100000000000001,0.0,0.0,0.0,,0.0,0.0,,0.0,0.0,,0.0,,1.0,0.0,waiting; for; the; printer; hums; garden,the; printer; hums; garden,0.0,,0.7692307692307693,printer; hums; garden,fern; tender; ink; unfurling; sky; flurry; worm; ink-white; rabbit; lair,0.8846153846153846,0.0,0.0,0.0,0,0,"The printer hums within the garden, fern is tender under its ink, unfurling beneath the sky. A flurry of worms in the ink-white rabbit's lair."
steer_alpha_0p77_traj_c8_tok120_seed09_i_am_waiting_for_the_printer.json,steer_alpha_0p77_traj,experiments/frontier_sweep_mistral7b_live_semantic_loop_guard_seed12/steer_alpha_0p77_traj_c8_tok120_seed09_i_am_waiting_for_the_printer.json,2,6,0,-0.02597118167329604,0.0,0.43473958333333335,0.0,0.0,0.0,0.0,0.8694791666666667,0.0,0.7484856321839081,0.0,0.0,0.0,,0.0,0.0,,0.0,0.0,,0.0,,0.75,0.25,waiting; for; the; printer; hums; garden,the; printer; garden,0.0,,0.6666666666666666,garden; printer,petunia; bloom; lily; spit,0.8333333333333333,0.0,0.0,0.0,0,0,"The petunias in the garden bloom. A lily, the printer spits."
steer_alpha_0p77_traj_c8_tok120_seed09_i_am_waiting_for_the_printer.json,steer_alpha_0p77_traj,experiments/frontier_sweep_mistral7b_live_semantic_loop_guard_seed12/steer_alpha_0p77_traj_c8_tok120_seed09_i_am_waiting_for_the_printer.json,2,7,0,0.3705334738869157,0.011650302027616946,0.4170752515853322,0.03333333333333333,0.0,0.0,0.16666666666666666,0.6427884615384616,0.2977060931899641,0.7882420281794589,0.0,0.0,0.0,,0.0,0.0,,0.0,0.0,,0.0,,0.5,0.5,waiting; for; the; printer; hums; garden,the; garden,0.30000000000000004,garden,0.8888888888888888,garden,bloom; blossom; fountain; rain; heart; hedge; swallow; lemon,0.6611111111111111,0.1,0.0,0.0,0,0,"The garden blooms, blossoms from a fountain in the rain. In the heart of the garden, a hedge swallows its lemons."
steer_alpha_0p77_traj_c8_tok120_seed09_i_am_waiting_for_the_printer.json,steer_alpha_0p77_traj,experiments/frontier_sweep_mistral7b_live_semantic_loop_guard_seed12/steer_alpha_0p77_traj_c8_tok120_seed09_i_am_waiting_for_the_printer.json,2,8,0,-0.7797076047220581,0.02571184270763042,0.4703385861151907,0.06666666666666667,0.0,0.0,0.3333333333333333,0.8230925257015838,0.14285714285714277,0.6094396551724138,0.0,0.0,0.0,,0.0,0.0,,0.0,0.0,,0.0,,1.0,0.0,waiting; for; the; printer; hums; garden,the; printer; hums; garden,0.4285714285714286,garden,0.5,printer; hums; garden,vibrant; leave; quiver,0.42857142857142855,0.0,0.0,0.0,0,0,The printer hums within the garden. The garden's vibrant leaves quiver.
steer_alpha_0p77_traj_c8_tok120_seed09_i_am_waiting_for_the_printer.json,steer_alpha_0p77_traj,experiments/frontier_sweep_mistral7b_live_semantic_loop_guard_seed12/steer_alpha_0p77_traj_c8_tok120_seed09_i_am_waiting_for_the_printer.json,3,1,1,-0.2445235404400321,0.11067405286647893,0.4763589076032092,0.2833333333333333,0.0,1.0,0.16666666666666666,0.7939315126720153,0.19999999999999998,0.9100000000000001,0.0,0.3333333333333333,4.545454545454546,whispers,0.0,0.0,,0.3333333333333333,4.545454545454546,whispers,0.0,,1.0,0.0,waiting; for; the; printer; hums; garden; waits; flowers,the; printer; garden; flowers,0.2307692307692308,printer,0.75,printer; garden; flower,ink; unfurl; bloom; carpet; violet; nurture; paper; petal; whisper,0.673076923076923,0.0,0.0,0.0,0,1,"The printer's ink unfurls in the garden, and blooms a carpet of violets. The flowers nurture the paper, their petals the printer's whispers."
steer_alpha_0p77_traj_c8_tok120_seed09_i_am_waiting_for_the_printer.json,steer_alpha_0p77_traj,experiments/frontier_sweep_mistral7b_live_semantic_loop_guard_seed12/steer_alpha_0p77_traj_c8_tok120_seed09_i_am_waiting_for_the_printer.json,3,2,0,-0.7896740603126682,0.09177209709581412,0.35342271025345623,0.31666666666666665,0.0,1.0,0.3333333333333333,0.5733928571428571,0.23274193548387093,0.6076066462736375,0.0,0.0,0.0,,0.0,0.0,,0.0,0.0,,0.0,,1.0,0.0,waiting; for; the; printer; hums; garden; waits; flowers,the; printer; hums; garden; flowers,0.37500000000000006,printer,0.42857142857142855,flower; printer; garden; hums,dance; hum; dancing,0.44642857142857145,0.0,0.0,0.0,0,1,The flowers dance in the printer's hum. The garden hums within the dancing printer.
steer_alpha_0p77_traj_c8_tok120_seed09_i_am_waiting_for_the_printer.json,steer_alpha_0p77_traj,experiments/frontier_sweep_mistral7b_live_semantic_loop_guard_seed12/steer_alpha_0p77_traj_c8_tok120_seed09_i_am_waiting_for_the_printer.json,3,3,0,-0.27793743359412715,0.0,0.5,0.0,0.0,0.0,0.0,1.0,0.0,0.8368175287356322,0.0,0.0,0.0,,0.0,0.0,,0.0,0.0,,0.0,,0.25,0.75,waiting; for; the; printer; hums; garden; waits; flowers,the,0.0,,1.0,,paper; nestle; tulip; blossom; ink; masonry,1.0,0.0,0.0,0.0,0,0,"A paper nestles within the tulips, Blossoms among ink and masonry."
steer_alpha_0p77_traj_c8_tok120_seed09_i_am_waiting_for_the_printer.json,steer_alpha_0p77_traj,experiments/frontier_sweep_mistral7b_live_semantic_loop_guard_seed12/steer_alpha_0p77_traj_c8_tok120_seed09_i_am_waiting_for_the_printer.json,3,4,0,-1.3782629628442886,0.016676290064102563,0.30505408653846156,0.06666666666666667,0.0,0.0,0.3333333333333333,0.6101081730769231,0.0,0.8368175287356322,0.0,0.0,0.0,,0.0,0.0,,0.0,0.0,,0.0,,0.75,0.25,waiting; for; the; printer; hums; garden; waits; flowers,the; printer; flowers,0.4285714285714286,printer,0.6666666666666666,flower; printer,hum; breath; rose; petal,0.4761904761904761,0.0,0.0,0.0,0,0,"The flowers hum within the printer, The printer breaths among the rose petals."
steer_alpha_0p77_traj_c8_tok120_seed09_i_am_waiting_for_the_printer.json,steer_alpha_0p77_traj,experiments/frontier_sweep_mistral7b_live_semantic_loop_guard_seed12/steer_alpha_0p77_traj_c8_tok120_seed09_i_am_waiting_for_the_printer.json,3,5,0,-0.41641549148394996,0.0,0.32123888888888885,0.0,0.0,0.0,0.0,0.606111111111111,0.05999999999999997,0.7621508620689655,0.0,0.0,0.0,,0.0,0.0,,0.0,0.0,,0.0,,0.5,0.5,waiting; for; the; printer; hums; garden; waits; flowers,the; garden,0.37500000000000006,bees,0.8571428571428571,garden,humming; bees; dance; bud; vase; bloom,0.5803571428571429,0.0,0.0,0.0,0,0,The humming bees dance within the bud vase. The garden blooms within the bees.
steer_alpha_0p77_traj_c8_tok120_seed09_i_am_waiting_for_the_printer.json,steer_alpha_0p77_traj,experiments/frontier_sweep_mistral7b_live_semantic_loop_guard_seed12/steer_alpha_0p77_traj_c8_tok120_seed09_i_am_waiting_for_the_printer.json,3,6,0,-0.13682527703871483,0.021245454545454543,0.38863636363636367,0.06666666666666667,0.0,0.0,0.3333333333333333,0.7772727272727273,0.0,0.7008189655172414,0.0,0.0,0.0,,0.0,0.0,,0.0,0.0,,0.0,,0.75,0.25,waiting; for; the; printer; hums; garden; waits; flowers,the; printer; flowers,0.5,printer,0.6,flower; printer,hum; talk; tulip,0.4,0.0,0.0,0.0,0,0,The flowers hum within the printer. The printer talks to the tulips.
steer_alpha_0p77_traj_c8_tok120_seed09_i_am_waiting_for_the_printer.json,steer_alpha_0p77_traj,experiments/frontier_sweep_mistral7b_live_semantic_loop_guard_seed12/steer_alpha_0p77_traj_c8_tok120_seed09_i_am_waiting_for_the_printer.json,3,7,0,-1.483391969254545,0.06896516961538462,0.2655911538461539,0.31666666666666665,0.0,1.0,0.3333333333333333,0.5011153846153846,0.05999999999999997,0.8794841954022989,0.0,0.0,0.0,,0.0,0.0,,0.0,0.0,,0.0,,1.0,0.0,waiting; for; the; printer; hums; garden; waits; flowers,the; printer; garden; flowers,0.6863636363636364,flower; garden; printer,0.625,flower; printer; garden,whisper; speak; language; sing; song,0.25482954545454545,0.0,0.0,0.0,0,1,"The flowers whisper to the printer, The printer speaks with the garden's language. The garden sings the song of the flowers."
steer_alpha_0p77_traj_c8_tok120_seed09_i_am_waiting_for_the_printer.json,steer_alpha_0p77_traj,experiments/frontier_sweep_mistral7b_live_semantic_loop_guard_seed12/steer_alpha_0p77_traj_c8_tok120_seed09_i_am_waiting_for_the_printer.json,3,8,0,0.05185303538137531,0.02520098859823841,0.38946489563567366,0.07891061112072653,0.0,0.0,0.39455305560363263,0.6491081593927894,0.19999999999999998,0.8966767241379312,0.0,0.0,0.0,,0.0,0.0,,0.0,0.0,,0.0,,0.75,0.25,waiting; for; the; printer; hums; garden; waits; flowers,the; garden; flowers,0.27272727272727276,hand,0.8,garden; flower,heart; clock; hand; tick; tock; dispersing; sweet; perfume,0.6545454545454545,0.0,0.0,0.0,0,0,"A garden grows from the heart of a clock. The hands, the hands of the flowers, tick tock, dispersing sweet perfume."
steer_alpha_0p77_traj_c8_tok120_seed10_the_phone_charger_under_the_desk.json,steer_alpha_0p77_traj,experiments/frontier_sweep_mistral7b_live_semantic_loop_guard_seed12/steer_alpha_0p77_traj_c8_tok120_seed10_the_phone_charger_under_the_desk.json,1,1,1,2.0171357775368204,0.032535572043010746,0.5951629032258063,0.06666666666666667,0.0,0.0,0.3333333333333333,0.74,0.6085483870967741,0.17615322580645168,0.0,0.0,0.0,,0.0,0.0,,0.0,0.0,,0.0,,0.5,0.5,the; phone; charger; desk,the; charger,0.0,,0.75,charger,wire; vase; flower,0.875,0.0,0.0,0.0,0,0,The charger wire under the vase of flowers.
steer_alpha_0p77_traj_c8_tok120_seed10_the_phone_charger_under_the_desk.json,steer_alpha_0p77_traj,experiments/frontier_sweep_mistral7b_live_semantic_loop_guard_seed12/steer_alpha_0p77_traj_c8_tok120_seed10_the_phone_charger_under_the_desk.json,1,2,0,1.4934625461392108,0.031858316455486084,0.5827740815027942,0.06666666666666667,0.0,0.0,0.3333333333333333,0.9505917667238422,0.22612903225806447,0.4975953837597331,0.0,0.0,0.0,,0.0,0.0,,0.0,0.0,,0.0,,0.5,0.5,the; phone; charger; desk,the; desk,0.0,,0.8,desk,potted; plant; wire; root,0.9,0.0,0.0,0.0,0,0,"A potted plant under the desk, growing from the wires in its roots."
steer_alpha_0p77_traj_c8_tok120_seed10_the_phone_charger_under_the_desk.json,steer_alpha_0p77_traj,experiments/frontier_sweep_mistral7b_live_semantic_loop_guard_seed12/steer_alpha_0p77_traj_c8_tok120_seed10_the_phone_charger_under_the_desk.json,1,3,0,1.89166831944559,0.030838247436496796,0.5641142823749414,0.06666666666666667,0.0,0.0,0.3333333333333333,0.854927536231884,0.3196774193548386,0.30614516129032265,0.0,0.0,0.0,,0.0,0.0,,0.0,0.0,,0.0,,0.5,0.5,the; phone; charger; desk,the; desk,0.0,,0.6666666666666666,desk,book; telephone,0.8333333333333333,0.0,0.0,0.0,0,0,"Underneath the books, the telephone lies under the desk."
steer_alpha_0p77_traj_c8_tok120_seed10_the_phone_charger_under_the_desk.json,steer_alpha_0p77_traj,experiments/frontier_sweep_mistral7b_live_semantic_loop_guard_seed12/steer_alpha_0p77_traj_c8_tok120_seed10_the_phone_charger_under_the_desk.json,1,4,0,0.39530368663594473,0.0,0.4364806451612903,0.0,0.0,0.0,0.0,0.74,0.17967741935483866,0.3691451612903226,0.0,0.0,0.0,,0.0,0.0,,0.0,0.0,,0.0,,0.75,0.25,the; phone; charger; desk,the; phone; charger,0.0,,0.5,phone; charger,kitchen; sink,0.75,0.0,0.0,0.0,0,0,The phone charger under the kitchen sink.
steer_alpha_0p77_traj_c8_tok120_seed10_the_phone_charger_under_the_desk.json,steer_alpha_0p77_traj,experiments/frontier_sweep_mistral7b_live_semantic_loop_guard_seed12/steer_alpha_0p77_traj_c8_tok120_seed10_the_phone_charger_under_the_desk.json,1,5,0,0.37833171124833576,0.024184722273425496,0.44240345622119814,0.06666666666666667,0.0,0.0,0.3333333333333333,0.8580952380952381,0.031129032258064487,0.6265953837597331,0.0,0.0,0.0,,0.0,0.0,,0.0,0.0,,0.0,,0.5,0.5,the; phone; charger; desk,the; desk,0.0,,0.75,desk,telephone; flower; bloom,0.875,0.0,0.0,0.0,0,0,"Underneath the telephone, the flowers bloom under the desk."
steer_alpha_0p77_traj_c8_tok120_seed10_the_phone_charger_under_the_desk.json,steer_alpha_0p77_traj,experiments/frontier_sweep_mistral7b_live_semantic_loop_guard_seed12/steer_alpha_0p77_traj_c8_tok120_seed10_the_phone_charger_under_the_desk.json,1,6,0,-0.23928671070308988,0.0,0.39739613636363635,0.0,0.0,0.0,0.0,0.7128181818181818,0.11499999999999996,0.6078189655172415,0.0,0.0,0.0,,0.0,0.0,,0.0,0.0,,0.0,,0.75,0.25,the; phone; charger; desk,the; charger; desk,0.0,,0.6,desk; charger,laptop; keyboard; hidden,0.8,0.1,0.0,0.0,0,0,"The laptop under the desk, its keyboard hidden beneath the charger."
steer_alpha_0p77_traj_c8_tok120_seed10_the_phone_charger_under_the_desk.json,steer_alpha_0p77_traj,experiments/frontier_sweep_mistral7b_live_semantic_loop_guard_seed12/steer_alpha_0p77_traj_c8_tok120_seed10_the_phone_charger_under_the_desk.json,1,7,0,-0.7931901999656042,0.0,0.3819910365853658,0.0,0.0,0.0,0.0,0.7207378048780487,0.05999999999999997,0.7934281609195403,0.0,0.0,0.0,,0.0,0.0,,0.0,0.0,,0.0,,0.5,0.5,the; phone; charger; desk,the; desk,0.0,,0.875,desk,smartphone; charging; power; cable; moon-shaped; ice; sculpture,0.9375,0.0,0.0,0.0,0,0,"The smartphone under the desk, charging its power cable underneath a moon-shaped ice sculpture."
steer_alpha_0p77_traj_c8_tok120_seed10_the_phone_charger_under_the_desk.json,steer_alpha_0p77_traj,experiments/frontier_sweep_mistral7b_live_semantic_loop_guard_seed12/steer_alpha_0p77_traj_c8_tok120_seed10_the_phone_charger_under_the_desk.json,1,8,0,-1.2426971336135129,0.0,0.3651527534965035,0.0,0.0,0.0,0.0,0.6549825174825175,0.11499999999999996,0.6078189655172415,0.0,0.0,0.0,,0.0,0.0,,0.0,0.0,,0.0,,1.0,0.0,the; phone; charger; desk,the; phone; charger; desk,0.0,,0.5,desk; phone; charger,laptop; screen; saver,0.75,0.0,0.0,0.0,0,0,"The laptop under the desk, screen saver under the phone charger."
steer_alpha_0p77_traj_c8_tok120_seed10_the_phone_charger_under_the_desk.json,steer_alpha_0p77_traj,experiments/frontier_sweep_mistral7b_live_semantic_loop_guard_seed12/steer_alpha_0p77_traj_c8_tok120_seed10_the_phone_charger_under_the_desk.json,2,1,1,-0.8729474651880669,0.011417051683262208,0.41769701280227595,0.03333333333333333,0.0,0.0,0.16666666666666666,0.6961616880037933,0.19999999999999998,0.9100000000000001,0.0,0.3333333333333333,5.2631578947368425,crystal,0.3333333333333333,5.2631578947368425,crystal,0.0,0.0,,0.0,,1.0,0.0,the; phone; charger; desk; wire; vase; flowers,the; charger; wire; vase; flowers,0.0,,0.6923076923076923,charger; wire; vase; flower,coil; handset; tethering; floral; blossom; wall; spider; web; crystal,0.8461538461538461,0.0,0.0,0.0,0,0,"The charger wire coils under the vase of flowers, touching the handset, tethering floral blossom to the wall. A spider web of crystals."
steer_alpha_0p77_traj_c8_tok120_seed10_the_phone_charger_under_the_desk.json,steer_alpha_0p77_traj,experiments/frontier_sweep_mistral7b_live_semantic_loop_guard_seed12/steer_alpha_0p77_traj_c8_tok120_seed10_the_phone_charger_under_the_desk.json,2,2,0,0.2188808377896614,0.010741378787878786,0.3929772727272727,0.03333333333333333,0.0,0.0,0.16666666666666666,0.6549621212121212,0.19999999999999998,0.9100000000000001,0.0,0.0,0.0,,0.0,0.0,,0.0,0.0,,0.0,,1.0,0.0,the; phone; charger; desk; wire; vase; flowers,the; phone; charger; wire; vase,0.2307692307692308,vase,0.5833333333333334,charger; wire; vase; flower; phone,wind; base; lifting; handset; pot; water; bud,0.608974358974359,0.0,0.0,0.0,0,0,"The charger wire winds around the base of the vase, lifting the handset, as a flower pot of water. The phone rests within the bud vase."
steer_alpha_0p77_traj_c8_tok120_seed10_the_phone_charger_under_the_desk.json,steer_alpha_0p77_traj,experiments/frontier_sweep_mistral7b_live_semantic_loop_guard_seed12/steer_alpha_0p77_traj_c8_tok120_seed10_the_phone_charger_under_the_desk.json,2,3,0,-1.338097570829098,0.0,0.37997777777777775,0.0,0.0,0.0,0.0,0.6332962962962962,0.19999999999999998,0.8911633510167993,0.0,0.0,0.0,,0.0,0.0,,0.0,0.0,,0.0,,1.0,0.0,the; phone; charger; desk; wire; vase; flowers,the; phone; charger; vase; flowers,0.2307692307692308,flower,0.6666666666666666,phone; charger; vase; flower,handset; rose; root; mud; bloom; sunlit; reflection; windshield,0.6410256410256409,0.0,0.0,0.0,0,0,"The phone charger under the vase of flowers, the handset pressed against the roses, its roots in the mud. The flowers bloom in the sunlit reflection of a windshield."
steer_alpha_0p77_traj_c8_tok120_seed10_the_phone_charger_under_the_desk.json,steer_alpha_0p77_traj,experiments/frontier_sweep_mistral7b_live_semantic_loop_guard_seed12/steer_alpha_0p77_traj_c8_tok120_seed10_the_phone_charger_under_the_desk.json,2,4,0,-0.7433974132166066,0.0,0.36663108108108117,0.0,0.0,0.0,0.0,0.6917567567567569,0.05999999999999997,0.8098175287356322,0.0,0.0,0.0,,0.0,0.0,,0.0,0.0,,0.0,,1.0,0.0,the; phone; charger; desk; wire; vase; flowers,the; charger; wire; vase; flowers,0.33333333333333326,vase,0.5,charger; wire; vase; flower,twine; submerged; water; filled,0.5,0.0,0.0,0.0,0,0,"The charger wire twines around the vase, submerged in water. The vase filled with flowers."
steer_alpha_0p77_traj_c8_tok120_seed10_the_phone_charger_under_the_desk.json,steer_alpha_0p77_traj,experiments/frontier_sweep_mistral7b_live_semantic_loop_guard_seed12/steer_alpha_0p77_traj_c8_tok120_seed10_the_phone_charger_under_the_desk.json,2,5,0,-0.3677469104982204,0.0,0.42290873949112995,0.0,0.0,0.0,0.0,0.6811567164179104,0.24173697270471464,0.8762818017170075,0.0,0.3333333333333333,4.166666666666667,whispers,0.0,0.0,,0.3333333333333333,4.166666666666667,whispers,0.0,,1.0,0.0,the; phone; charger; desk; wire; vase; flowers,the; phone; charger; wire; vase; flowers,0.25,phone,0.5454545454545454,vase; flower; phone; charger; wire,petal; buddy; whisper; coating; ceramic; pottery,0.5795454545454546,0.0,0.0,0.0,0,0,"The vase of flowers beneath the phone, leaning against the charger wire, wrapped in petals. The phone has buddies with its whispers, coating the ceramic pottery."
steer_alpha_0p77_traj_c8_tok120_seed10_the_phone_charger_under_the_desk.json,steer_alpha_0p77_traj,experiments/frontier_sweep_mistral7b_live_semantic_loop_guard_seed12/steer_alpha_0p77_traj_c8_tok120_seed10_the_phone_charger_under_the_desk.json,2,6,0,-1.0006381537689701,0.0,0.3883143107989464,0.0,0.0,0.0,0.0,0.647190517998244,0.19999999999999998,0.9100000000000001,0.0,0.0,0.0,,0.0,0.0,,0.0,0.0,,0.0,,1.0,0.0,the; phone; charger; desk; wire; vase; flowers,the; phone; charger; vase; flowers,0.37500000000000006,flower; vase,0.7142857142857143,phone; charger; flower; vase,sits; pot; windowsill; mirroring; reflection; fragrant; scent; engulfing; summer; dew,0.5357142857142858,0.0,0.0,0.0,0,0,"The phone charger sits beside the flower pot on the windowsill, mirroring its reflection in the vase. The flowers' fragrant scent, engulfing vases of summer dew."
steer_alpha_0p77_traj_c8_tok120_seed10_the_phone_charger_under_the_desk.json,steer_alpha_0p77_traj,experiments/frontier_sweep_mistral7b_live_semantic_loop_guard_seed12/steer_alpha_0p77_traj_c8_tok120_seed10_the_phone_charger_under_the_desk.json,2,7,0,-1.1732451532065638,0.009831194853925833,0.3596778605094817,0.03333333333333333,0.0,0.0,0.16666666666666666,0.5886171254678373,0.2221114369501466,0.894748129234503,0.0,0.0,0.0,,0.0,0.0,,0.0,0.0,,0.0,,1.0,0.0,the; phone; charger; desk; wire; vase; flowers,the; phone; charger; wire; vase; flowers,0.4615384615384616,charger; flower,0.5454545454545454,charger; wire; vase; flower; phone,screen-sized; jar; water; rose; steel; ball,0.416083916083916,0.0,0.0,0.0,0,0,"The charger wire under the vase of flowers, the phone under the charger, screen-sized jar of water. The roses hold a steel ball of flowers."
steer_alpha_0p77_traj_c8_tok120_seed10_the_phone_charger_under_the_desk.json,steer_alpha_0p77_traj,experiments/frontier_sweep_mistral7b_live_semantic_loop_guard_seed12/steer_alpha_0p77_traj_c8_tok120_seed10_the_phone_charger_under_the_desk.json,2,8,0,-0.9144680263483141,0.01743191677021107,0.4783147894265233,0.044444444444444446,0.0,0.0,0.2222222222222222,0.6286944444444444,0.5216129032258063,0.552244021134594,0.0,0.0,0.0,,0.0,0.0,,0.0,0.0,,0.0,,1.0,0.0,the; phone; charger; desk; wire; vase; flowers,the; phone; charger; desk; wire; vase; flowers,0.8611111111111112,flower; vase,0.14285714285714285,charger; wire; vase; flower; desk; phone,connecting,0.07936507936507933,0.0,0.0,0.0,0,0,"The charger wire connecting a vase of flowers, under the desk. The vase of flowers breathes through the phone."
steer_alpha_0p77_traj_c8_tok120_seed10_the_phone_charger_under_the_desk.json,steer_alpha_0p77_traj,experiments/frontier_sweep_mistral7b_live_semantic_loop_guard_seed12/steer_alpha_0p77_traj_c8_tok120_seed10_the_phone_charger_under_the_desk.json,3,1,1,-0.06705039443824101,0.0,0.4489308022045315,0.0,0.0,0.0,0.0,0.7482180036742192,0.19999999999999998,0.9100000000000001,0.0,0.0,0.0,,0.0,0.0,,0.0,0.0,,0.0,,0.5,0.5,the; phone; charger; desk; wire; vase; flowers; coils; handset; tethering; floral; blossom,the; handset,0.0,,0.8235294117647058,handset; wall; blossom,dangle; entangled; silken; shroud; dewdrop; vibrant; bloom; heavy; morning; light; life; glassware,0.9117647058823529,0.0,0.0,0.0,0,0,"The handset dangles on the wall, entangled in a silken shroud of dewdrop blossoms, its vibrant bloom heavy with morning light. A still life of glassware, broom and beetles."
steer_alpha_0p77_traj_c8_tok120_seed10_the_phone_charger_under_the_desk.json,steer_alpha_0p77_traj,experiments/frontier_sweep_mistral7b_live_semantic_loop_guard_seed12/steer_alpha_0p77_traj_c8_tok120_seed10_the_phone_charger_under_the_desk.json,3,2,0,0.4797947829131648,0.0,0.40968750000000004,0.0,0.0,0.0,0.0,0.6828125,0.19999999999999998,0.9100000000000001,0.0,0.3333333333333333,4.761904761904762,crystal,0.3333333333333333,4.761904761904762,crystal,0.0,0.0,,0.0,,1.0,0.0,the; phone; charger; desk; wire; vase; flowers; coils; handset; tethering; floral; blossom,the; phone; vase; flowers; handset,0.0,,0.38461538461538464,phone; spider; web; crystal; wall; vase; flower; handset,adorn; shimmering; diamond; encrusted; windowsill,0.6923076923076923,0.0,0.0,0.0,0,0,"Under the phone, a spider web of crystals adorns the wall, shimmering like diamonds, encrusted in the vase of flowers. The handset rests on the windowsill."
steer_alpha_0p77_traj_c8_tok120_seed10_the_phone_charger_under_the_desk.json,steer_alpha_0p77_traj,experiments/frontier_sweep_mistral7b_live_semantic_loop_guard_seed12/steer_alpha_0p77_traj_c8_tok120_seed10_the_phone_charger_under_the_desk.json,3,3,0,0.7180289142728469,0.008564698996054535,0.3916783077463964,0.02666666666666667,0.0,0.0,0.13333333333333333,0.6527971795773273,0.19999999999999998,0.9100000000000001,0.0,0.0,0.0,,0.0,0.0,,0.0,0.0,,0.0,,1.0,0.0,the; phone; charger; desk; wire; vase; flowers; coils; handset; tethering; floral; blossom,the; phone; wire; flowers; handset,0.16666666666666663,wall,0.6470588235294118,handset; wall; flower; web; wire; phone,swing; edge; dangling; chandelier; crystalline; branch; sheltering; laced; spidering; thread; antenna,0.6862745098039216,0.0,0.0,0.0,0,0,"The handset swings from the wall's edge, dangling like a chandelier, its crystalline branches sheltering flowers. A web of wire laced on the wall, spidering threads from the phone's antenna."
steer_alpha_0p77_traj_c8_tok120_seed10_the_phone_charger_under_the_desk.json,steer_alpha_0p77_traj,experiments/frontier_sweep_mistral7b_live_semantic_loop_guard_seed12/steer_alpha_0p77_traj_c8_tok120_seed10_the_phone_charger_under_the_desk.json,3,4,0,-0.24451464605405016,0.0,0.3603938495081635,0.0,0.0,0.0,0.0,0.6006564158469392,0.19999999999999998,0.9100000000000001,0.0,0.0,0.0,,0.0,0.0,,0.0,0.0,,0.0,,0.75,0.25,the; phone; charger; desk; wire; vase; flowers; coils; handset; tethering; floral; blossom,the; vase; handset,0.17647058823529416,handset,0.75,handset; wall; vase; wire,ascend; suspending; watering; ground; liquid-leave; lamppost; dangle; light; fixture; new; bloom; fruit,0.7205882352941176,0.0,0.0,0.0,0,0,"The handset ascends the wall, suspending the vase, watering the ground with liquid-leaves from the lamppost above. The handset dangles from the light fixture, its wires tangled around a new bloom of fruit."
steer_alpha_0p77_traj_c8_tok120_seed10_the_phone_charger_under_the_desk.json,steer_alpha_0p77_traj,experiments/frontier_sweep_mistral7b_live_semantic_loop_guard_seed12/steer_alpha_0p77_traj_c8_tok120_seed10_the_phone_charger_under_the_desk.json,3,5,0,0.13403046881910674,0.0,0.36394736842105263,0.0,0.0,0.0,0.0,0.6065789473684211,0.19999999999999998,0.8531666666666669,0.0,0.0,0.0,,0.0,0.0,,0.0,0.0,,0.0,,0.5,0.5,the; phone; charger; desk; wire; vase; flowers; coils; handset; tethering; floral; blossom,the; vase,0.27272727272727276,lipstick,0.8,vase; wall,glass; filled; perfume; lipstick; stain; rose; petal; wallpaper,0.6545454545454545,0.0,0.0,0.0,0,0,"A glass vase filled with perfume, the lipstick. The lipstick on the wall, the stain of red rose petals against the wallpaper."
steer_alpha_0p77_traj_c8_tok120_seed10_the_phone_charger_under_the_desk.json,steer_alpha_0p77_traj,experiments/frontier_sweep_mistral7b_live_semantic_loop_guard_seed12/steer_alpha_0p77_traj_c8_tok120_seed10_the_phone_charger_under_the_desk.json,3,6,0,-0.2531626381117389,0.0,0.37126846933848384,0.0,0.0,0.0,0.0,0.6187807822308065,0.19999999999999998,0.9100000000000001,0.0,0.0,0.0,,0.0,0.0,,0.0,0.0,,0.0,,1.0,0.0,the; phone; charger; desk; wire; vase; flowers; coils; handset; tethering; floral; blossom,the; vase; flowers; handset,0.5,handset; vase,0.6,handset; vase; flower; wall,cradle; teetering; edge; tumble; sprout; petal,0.4,0.0,0.0,0.0,0,0,"The handset cradles a single vase of flowers, teetering on the edge of the wall. The handset tumbles into the vase, a sprout of petals."
steer_alpha_0p77_traj_c8_tok120_seed10_the_phone_charger_under_the_desk.json,steer_alpha_0p77_traj,experiments/frontier_sweep_mistral7b_live_semantic_loop_guard_seed12/steer_alpha_0p77_traj_c8_tok120_seed10_the_phone_charger_under_the_desk.json,3,7,0,0.8426062819372351,0.006561116930455635,0.3600612949640288,0.022222222222222223,0.0,0.0,0.1111111111111111,0.6001021582733813,0.19999999999999998,0.9100000000000001,0.0,0.0,0.0,,0.0,0.0,,0.0,0.0,,0.0,,1.0,0.0,the; phone; charger; desk; wire; vase; flowers; coils; handset; tethering; floral; blossom,the; desk; vase; flowers; handset,0.7718137254901962,flower; handset; vase; wall,0.6153846153846154,handset; desk; wall; vase; flower,ear; cocked; toward; held; place; cradle; embrace; base,0.18430429864253384,0.0,0.0,0.0,0,0,"The handset rests on the desk, its ear cocked toward the wall, held in place by a vase of flowers. The handset cradles a vase of flowers, as it embraces the wall, at its base."
steer_alpha_0p77_traj_c8_tok120_seed10_the_phone_charger_under_the_desk.json,steer_alpha_0p77_traj,experiments/frontier_sweep_mistral7b_live_semantic_loop_guard_seed12/steer_alpha_0p77_traj_c8_tok120_seed10_the_phone_charger_under_the_desk.json,3,8,0,0.2466430899457972,0.012065208585685282,0.4319287083180889,0.03333333333333333,0.0,0.0,0.16666666666666666,0.6956847026585261,0.24173697270471464,0.8912183622828784,0.0,0.6666666666666666,9.090909090909092,crystal; porcelain,0.6666666666666666,9.090909090909092,crystal; porcelain,0.0,0.0,,0.5,porcelain,0.75,0.25,the; phone; charger; desk; wire; vase; flowers; coils; handset; tethering; floral; blossom,the; vase; flowers,0.2307692307692308,vase,0.5,vase; flower; wall; spider; web; crystal,tendril; curling; porcelain; exterior; worn; shadow,0.5769230769230769,0.1,0.0,0.0,0,0,"The vase of flowers leans against the wall, its tendrils curling around the spider web of crystals. The vase's porcelain exterior, worn by a shadow."
steer_alpha_0p77_traj_c8_tok120_seed11_a_grocery_list_beside_the_kettle.json,steer_alpha_0p77_traj,experiments/frontier_sweep_mistral7b_live_semantic_loop_guard_seed12/steer_alpha_0p77_traj_c8_tok120_seed11_a_grocery_list_beside_the_kettle.json,1,1,1,-1.1597788752052545,0.02621670973207802,0.5,0.06394319446848298,0.0,0.0,0.3197159723424149,1.0,0.0,0.7484856321839081,0.0,0.0,0.0,,0.0,0.0,,0.0,0.0,,0.0,,0.25,0.75,grocery; list; the; kettle,the,0.0,,1.0,,tea; bag; kitchen; table; steaming; water,1.0,0.0,0.0,0.0,0,0,"Tea bag at the kitchen table, steaming water."
steer_alpha_0p77_traj_c8_tok120_seed11_a_grocery_list_beside_the_kettle.json,steer_alpha_0p77_traj,experiments/frontier_sweep_mistral7b_live_semantic_loop_guard_seed12/steer_alpha_0p77_traj_c8_tok120_seed11_a_grocery_list_beside_the_kettle.json,1,2,0,1.9892924821541522,0.0,0.4364806451612903,0.0,0.0,0.0,0.0,0.74,0.17967741935483866,0.3691451612903226,0.0,0.0,0.0,,0.0,0.0,,0.0,0.0,,0.0,,0.5,0.5,grocery; list; the; kettle,the; kettle,0.0,,0.75,kettle,tea; bag; steep,0.875,0.0,0.0,0.0,0,0,The tea bag steeps inside the kettle.
steer_alpha_0p77_traj_c8_tok120_seed11_a_grocery_list_beside_the_kettle.json,steer_alpha_0p77_traj,experiments/frontier_sweep_mistral7b_live_semantic_loop_guard_seed12/steer_alpha_0p77_traj_c8_tok120_seed11_a_grocery_list_beside_the_kettle.json,1,3,0,0.8993411764705883,0.0,0.465,0.0,0.0,0.0,0.0,0.93,0.0,0.45,0.0,0.0,0.0,,0.0,0.0,,0.0,0.0,,0.0,,0.5,0.5,grocery; list; the; kettle,the; kettle,0.0,,0.6666666666666666,kettle,steam; rise,0.8333333333333333,0.0,0.0,0.0,0,0,The steam rises from the kettle.
steer_alpha_0p77_traj_c8_tok120_seed11_a_grocery_list_beside_the_kettle.json,steer_alpha_0p77_traj,experiments/frontier_sweep_mistral7b_live_semantic_loop_guard_seed12/steer_alpha_0p77_traj_c8_tok120_seed11_a_grocery_list_beside_the_kettle.json,1,4,0,0.3274394334839552,0.0,0.6627540728021978,0.0,0.0,0.0,0.0,0.9007884615384616,0.4714976958525344,0.37966101223581766,0.0,0.0,0.0,,0.0,0.0,,0.0,0.0,,0.0,,0.25,0.75,grocery; list; the; kettle,the,0.0,,1.0,,steam; bubbling; teapot; ice; warm; evening; sun,1.0,0.0,0.0,0.0,0,0,"Steam bubbling in the teapot, melted ice in the warm evening sun."
steer_alpha_0p77_traj_c8_tok120_seed11_a_grocery_list_beside_the_kettle.json,steer_alpha_0p77_traj,experiments/frontier_sweep_mistral7b_live_semantic_loop_guard_seed12/steer_alpha_0p77_traj_c8_tok120_seed11_a_grocery_list_beside_the_kettle.json,1,5,0,0.8419145492759441,0.0,0.3732788461538461,0.0,0.0,0.0,0.0,0.7465576923076922,0.0,0.7891508620689656,0.0,0.0,0.0,,0.0,0.0,,0.0,0.0,,0.0,,0.5,0.5,grocery; list; the; kettle,the; kettle,0.0,,0.875,kettle,boil; steam; pour; water; brewing; tea; palm,0.9375,0.0,0.0,0.0,0,0,"The kettle boils steam as it pours water, brewing tea in the palm."
steer_alpha_0p77_traj_c8_tok120_seed11_a_grocery_list_beside_the_kettle.json,steer_alpha_0p77_traj,experiments/frontier_sweep_mistral7b_live_semantic_loop_guard_seed12/steer_alpha_0p77_traj_c8_tok120_seed11_a_grocery_list_beside_the_kettle.json,1,6,0,-0.032372024657785436,0.0,0.47105769230769234,0.0,0.0,0.0,0.0,0.9421153846153847,0.0,0.8032824302134647,0.0,0.0,0.0,,0.0,0.0,,0.0,0.0,,0.0,,0.5,0.5,grocery; list; the; kettle,the; kettle,0.0,,0.8571428571428571,kettle,steam; rising; swirl; tea; sugar; bowl,0.9285714285714286,0.0,0.0,0.0,0,0,"Steam rising from the kettle, swirls its tea into the sugar bowl."
steer_alpha_0p77_traj_c8_tok120_seed11_a_grocery_list_beside_the_kettle.json,steer_alpha_0p77_traj,experiments/frontier_sweep_mistral7b_live_semantic_loop_guard_seed12/steer_alpha_0p77_traj_c8_tok120_seed11_a_grocery_list_beside_the_kettle.json,1,7,0,-1.681906198686371,0.0,0.48760416666666667,0.0,0.0,0.0,0.0,0.9752083333333333,0.0,0.8032824302134647,0.0,0.0,0.0,,0.0,0.0,,0.0,0.0,,0.0,,0.25,0.75,grocery; list; the; kettle,the,0.0,,1.0,,teapot; swim; steam; handle; loose; dark; apple,1.0,0.0,0.0,0.0,0,0,"The teapot swims in steam, its handle Loose and dark apples."
steer_alpha_0p77_traj_c8_tok120_seed11_a_grocery_list_beside_the_kettle.json,steer_alpha_0p77_traj,experiments/frontier_sweep_mistral7b_live_semantic_loop_guard_seed12/steer_alpha_0p77_traj_c8_tok120_seed11_a_grocery_list_beside_the_kettle.json,1,8,0,-2.5218347008547006,0.0,0.4885576923076923,0.0,0.0,0.0,0.0,0.9771153846153846,0.0,0.8753333333333333,0.0,0.3333333333333333,12.5,porcelain,0.3333333333333333,12.5,porcelain,0.0,0.0,,0.5,porcelain,0.25,0.75,grocery; list; the; kettle,the,0.0,,1.0,,teabag; swing; string; cradling; porcelain; doughnut,1.0,0.0,0.0,0.0,0,0,"A teabag swings from the string, cradling porcelain doughnuts."
steer_alpha_0p77_traj_c8_tok120_seed11_a_grocery_list_beside_the_kettle.json,steer_alpha_0p77_traj,experiments/frontier_sweep_mistral7b_live_semantic_loop_guard_seed12/steer_alpha_0p77_traj_c8_tok120_seed11_a_grocery_list_beside_the_kettle.json,2,1,1,2.6078548070841236,0.0,0.6873387096774193,0.0,0.0,0.0,0.0,1.0,0.3746774193548386,0.28139516129032266,0.0,0.0,0.0,,0.0,0.0,,0.0,0.0,,0.0,,0.75,0.25,grocery; list; the; kettle; tea; bag; kitchen; table; steaming; water,the; kettle; tea,0.0,,0.5,tea; kettle,spoonful; sugar,0.75,0.0,0.0,0.0,0,0,Tea in the kettle. A spoonful of sugar.
steer_alpha_0p77_traj_c8_tok120_seed11_a_grocery_list_beside_the_kettle.json,steer_alpha_0p77_traj,experiments/frontier_sweep_mistral7b_live_semantic_loop_guard_seed12/steer_alpha_0p77_traj_c8_tok120_seed11_a_grocery_list_beside_the_kettle.json,2,2,0,0.6960976426799005,0.0,0.539384646401985,0.0,0.0,0.0,0.0,0.7847435897435897,0.3746774193548386,0.28139516129032266,0.0,0.0,0.0,,0.0,0.0,,0.0,0.0,,0.0,,0.25,0.75,grocery; list; the; kettle; tea; bag; kitchen; table; steaming; water,tea,0.0,,0.75,tea,mug; fingerprint; side,0.875,0.0,0.0,0.0,0,0,"A mug of tea, a fingerprint pressed into its side."
steer_alpha_0p77_traj_c8_tok120_seed11_a_grocery_list_beside_the_kettle.json,steer_alpha_0p77_traj,experiments/frontier_sweep_mistral7b_live_semantic_loop_guard_seed12/steer_alpha_0p77_traj_c8_tok120_seed11_a_grocery_list_beside_the_kettle.json,2,3,0,0.630899662270342,0.0,0.5214314393939394,0.0,0.0,0.0,0.0,0.9353030303030303,0.11499999999999996,0.6554856321839081,0.0,0.0,0.0,,0.0,0.0,,0.0,0.0,,0.0,,0.75,0.25,grocery; list; the; kettle; tea; bag; kitchen; table; steaming; water,the; kettle; tea,0.0,,0.6666666666666666,kettle; tea,teapot; spout; pour; brewing,0.8333333333333333,0.0,0.0,0.0,0,0,"A teapot's spout pours into the kettle, brewing tea."
steer_alpha_0p77_traj_c8_tok120_seed11_a_grocery_list_beside_the_kettle.json,steer_alpha_0p77_traj,experiments/frontier_sweep_mistral7b_live_semantic_loop_guard_seed12/steer_alpha_0p77_traj_c8_tok120_seed11_a_grocery_list_beside_the_kettle.json,2,4,0,0.1788020071476869,0.0,0.4925625,0.0,0.0,0.0,0.0,0.985125,0.0,0.7484856321839081,0.0,0.0,0.0,,0.0,0.0,,0.0,0.0,,0.0,,0.75,0.25,grocery; list; the; kettle; tea; bag; kitchen; table; steaming; water,the; kettle; tea,0.0,,0.6666666666666666,kettle; tea,sugar; spoon; stirring; infusing,0.8333333333333333,0.0,0.0,0.0,0,0,"Sugar spoon stirring in the kettle, tea infusing."
steer_alpha_0p77_traj_c8_tok120_seed11_a_grocery_list_beside_the_kettle.json,steer_alpha_0p77_traj,experiments/frontier_sweep_mistral7b_live_semantic_loop_guard_seed12/steer_alpha_0p77_traj_c8_tok120_seed11_a_grocery_list_beside_the_kettle.json,2,5,0,-1.9672241379310345,0.0,0.42400000000000004,0.0,0.0,0.0,0.0,0.8,0.05999999999999997,0.9107614942528737,0.0,0.0,0.0,,0.0,0.0,,0.0,0.0,,0.0,,0.5,0.5,grocery; list; the; kettle; tea; bag; kitchen; table; steaming; water,the; tea,0.0,,0.8888888888888888,tea,cup; balance; saucer; sweet; condensed; milk; coat; bottom,0.9444444444444444,0.0,0.0,0.0,0,0,"A cup of tea balances on the saucer, sweet condensed milk coats its bottom."
steer_alpha_0p77_traj_c8_tok120_seed11_a_grocery_list_beside_the_kettle.json,steer_alpha_0p77_traj,experiments/frontier_sweep_mistral7b_live_semantic_loop_guard_seed12/steer_alpha_0p77_traj_c8_tok120_seed11_a_grocery_list_beside_the_kettle.json,2,6,0,-0.8539607843137256,0.0,0.39432,0.0,0.0,0.0,0.0,0.744,0.05999999999999997,0.9638333333333334,0.0,0.0,0.0,,0.0,0.0,,0.0,0.0,,0.0,,0.5,0.5,grocery; list; the; kettle; tea; bag; kitchen; table; steaming; water,the; kitchen,0.0,,0.9,kitchen,teapot; steam; gently; rising; spout; scent; bergamot; wafting; window,0.95,0.0,0.0,0.0,0,0,"A teapot, steam gently rising from its spout, the scent of bergamot wafting through the kitchen window."
steer_alpha_0p77_traj_c8_tok120_seed11_a_grocery_list_beside_the_kettle.json,steer_alpha_0p77_traj,experiments/frontier_sweep_mistral7b_live_semantic_loop_guard_seed12/steer_alpha_0p77_traj_c8_tok120_seed11_a_grocery_list_beside_the_kettle.json,2,7,0,-0.9679131652661062,0.0,0.37418,0.0,0.0,0.0,0.0,0.706,0.05999999999999997,0.9730000000000001,0.0,0.0,0.0,,0.0,0.0,,0.0,0.0,,0.0,,1.0,0.0,grocery; list; the; kettle; tea; bag; kitchen; table; steaming; water,the; tea; bag; water,0.0,,0.7,tea; bag; water,unfurl; leave; sizzle; bubbling; reaching; brim; mug,0.85,0.0,0.0,0.0,0,0,"Tea bag unfurls, leaves sizzle in the bubbling water, reaching for the brim of the mug."
steer_alpha_0p77_traj_c8_tok120_seed11_a_grocery_list_beside_the_kettle.json,steer_alpha_0p77_traj,experiments/frontier_sweep_mistral7b_live_semantic_loop_guard_seed12/steer_alpha_0p77_traj_c8_tok120_seed11_a_grocery_list_beside_the_kettle.json,2,8,0,1.8720585107878274,0.0,0.48313547043010746,0.0,0.0,0.0,0.0,0.7029074074074074,0.3746774193548386,0.28139516129032266,0.0,0.0,0.0,,0.0,0.0,,0.0,0.0,,0.0,,0.5,0.5,grocery; list; the; kettle; tea; bag; kitchen; table; steaming; water,the; steaming,0.6000000000000001,teapot,0.75,steaming,teapot; leave; raindrop,0.3499999999999999,0.0,0.0,0.0,0,0,"The teapot spills its leaves, raindrops into the steaming teapot."
steer_alpha_0p77_traj_c8_tok120_seed11_a_grocery_list_beside_the_kettle.json,steer_alpha_0p77_traj,experiments/frontier_sweep_mistral7b_live_semantic_loop_guard_seed12/steer_alpha_0p77_traj_c8_tok120_seed11_a_grocery_list_beside_the_kettle.json,3,1,1,0.5978563649759248,0.1894064530663329,0.41996996245306634,0.55,1.0,0.0,0.0,0.6999499374217772,0.19999999999999998,0.7969022988505747,0.0,0.0,0.0,,0.0,0.0,,0.0,0.0,,0.0,,1.0,0.0,grocery; list; the; kettle; tea; bag; kitchen; table; steaming; water; spoonful; sugar,the; tea; spoonful; sugar,0.5454545454545455,sugar; tea,0.6666666666666666,sugar; tea; spoonful,seeping; cup; sweet; fragrance; brewed; embrace,0.3787878787878787,0.0,0.0,0.0,1,0,"Sugar dissolves into the tea, seeping into the cup. The sweet fragrance of brewed tea embraces a spoonful of sugar."
steer_alpha_0p77_traj_c8_tok120_seed11_a_grocery_list_beside_the_kettle.json,steer_alpha_0p77_traj,experiments/frontier_sweep_mistral7b_live_semantic_loop_guard_seed12/steer_alpha_0p77_traj_c8_tok120_seed11_a_grocery_list_beside_the_kettle.json,3,2,0,3.01296995727529,0.0,0.7046169177711094,0.0,0.0,0.0,0.0,0.8762661498708011,0.6082258064516127,0.22750528364849845,0.0,0.0,0.0,,0.0,0.0,,0.0,0.0,,0.0,,1.0,0.0,grocery; list; the; kettle; tea; bag; kitchen; table; steaming; water; spoonful; sugar,the; kettle; tea; sugar,0.0,,0.4,sugar; tea; kettle,dissolving; steam,0.7,0.0,0.0,0.0,0,0,"Sugar in the tea, dissolving into the kettle's steam."
steer_alpha_0p77_traj_c8_tok120_seed11_a_grocery_list_beside_the_kettle.json,steer_alpha_0p77_traj,experiments/frontier_sweep_mistral7b_live_semantic_loop_guard_seed12/steer_alpha_0p77_traj_c8_tok120_seed11_a_grocery_list_beside_the_kettle.json,3,3,0,0.9187420007784352,0.0,0.4497306739631336,0.0,0.0,0.0,0.0,0.7296428571428571,0.23274193548387093,0.6772733129403041,0.0,0.0,0.0,,0.0,0.0,,0.0,0.0,,0.0,,1.0,0.0,grocery; list; the; kettle; tea; bag; kitchen; table; steaming; water; spoonful; sugar,the; kettle; tea; sugar,0.0,,0.625,kettle; tea; sugar,milk; pouring; cup; foaming; reflection,0.8125,0.0,0.0,0.0,0,0,"Milk pouring from the kettle into a cup of tea, foaming with the sugar's reflection."
steer_alpha_0p77_traj_c8_tok120_seed11_a_grocery_list_beside_the_kettle.json,steer_alpha_0p77_traj,experiments/frontier_sweep_mistral7b_live_semantic_loop_guard_seed12/steer_alpha_0p77_traj_c8_tok120_seed11_a_grocery_list_beside_the_kettle.json,3,4,0,-0.5124569311659222,0.0,0.45173343605546995,0.0,0.0,0.0,0.0,0.9034668721109399,0.0,0.8032824302134647,0.0,0.0,0.0,,0.0,0.0,,0.0,0.0,,0.0,,0.75,0.25,grocery; list; the; kettle; tea; bag; kitchen; table; steaming; water; spoonful; sugar,the; kettle; tea,0.0,,0.7142857142857143,kettle; tea,milk; bubble; atop; carried; breeze,0.8571428571428572,0.0,0.0,0.0,0,0,"Milk in the kettle. Bubbles floating atop the tea, carried by the breeze."
steer_alpha_0p77_traj_c8_tok120_seed11_a_grocery_list_beside_the_kettle.json,steer_alpha_0p77_traj,experiments/frontier_sweep_mistral7b_live_semantic_loop_guard_seed12/steer_alpha_0p77_traj_c8_tok120_seed11_a_grocery_list_beside_the_kettle.json,3,5,0,-2.5182146141215105,0.013895902222222223,0.3731,0.044444444444444446,0.0,0.0,0.2222222222222222,0.7462,0.0,0.9157614942528736,0.0,0.0,0.0,,0.0,0.0,,0.0,0.0,,0.0,,0.75,0.25,grocery; list; the; kettle; tea; bag; kitchen; table; steaming; water; spoonful; sugar,the; tea; bag,0.33333333333333326,tea,0.75,tea; bag,mug; dripping; rain; window; mirror; reflection,0.5833333333333334,0.1,0.0,0.0,0,0,"A tea bag in the tea mug, dripping rain from the window, spilling a silver mirror reflection."
steer_alpha_0p77_traj_c8_tok120_seed11_a_grocery_list_beside_the_kettle.json,steer_alpha_0p77_traj,experiments/frontier_sweep_mistral7b_live_semantic_loop_guard_seed12/steer_alpha_0p77_traj_c8_tok120_seed11_a_grocery_list_beside_the_kettle.json,3,6,0,1.01141329972419,0.0,0.5603153846153845,0.0,0.0,0.0,0.0,0.9338589743589744,0.19999999999999998,0.800094827586207,0.0,0.0,0.0,,0.0,0.0,,0.0,0.0,,0.0,,1.0,0.0,grocery; list; the; kettle; tea; bag; kitchen; table; steaming; water; spoonful; sugar,the; tea; water; sugar,0.30000000000000004,sugar,0.6666666666666666,sugar; water; tea,cube; teapot; hot; drip; sweetened; wind,0.5833333333333333,0.0,0.0,0.0,0,0,"Sugar cubes in a teapot, sugar melting into the hot water. A drip of tea, sweetened with the wind."
steer_alpha_0p77_traj_c8_tok120_seed11_a_grocery_list_beside_the_kettle.json,steer_alpha_0p77_traj,experiments/frontier_sweep_mistral7b_live_semantic_loop_guard_seed12/steer_alpha_0p77_traj_c8_tok120_seed11_a_grocery_list_beside_the_kettle.json,3,7,0,3.6246206514864006,0.0,0.8022631424731183,0.0,0.0,0.0,0.0,0.9176333333333333,0.7485483870967741,0.11315322580645167,0.0,0.3333333333333333,11.11111111111111,porcelain,0.3333333333333333,11.11111111111111,porcelain,0.0,0.0,,0.5,porcelain,0.75,0.25,grocery; list; the; kettle; tea; bag; kitchen; table; steaming; water; spoonful; sugar,the; tea; sugar,0.0,,0.5,sugar; tea,porcelain; sink,0.75,0.0,0.0,0.0,0,0,"Sugar dissolves in the tea, floating into the porcelain sink."
steer_alpha_0p77_traj_c8_tok120_seed11_a_grocery_list_beside_the_kettle.json,steer_alpha_0p77_traj,experiments/frontier_sweep_mistral7b_live_semantic_loop_guard_seed12/steer_alpha_0p77_traj_c8_tok120_seed11_a_grocery_list_beside_the_kettle.json,3,8,0,0.9265036795354747,0.0,0.5121805975274724,0.0,0.0,0.0,0.0,0.7656730769230768,0.33785714285714274,0.48043965517241394,0.0,0.3333333333333333,10.0,porcelain,0.3333333333333333,10.0,porcelain,0.0,0.0,,0.5,porcelain,0.5,0.5,grocery; list; the; kettle; tea; bag; kitchen; table; steaming; water; spoonful; sugar,tea; sugar,0.0,,0.7142857142857143,sugar; tea,cube; teapot; spout; porcelain; cup,0.8571428571428572,0.0,0.0,0.0,0,0,"Sugar cube in a teapot, its spout spills tea into a porcelain cup."
steer_alpha_0p77_traj_c8_tok120_seed12_the_laundry_basket_by_the_door.json,steer_alpha_0p77_traj,experiments/frontier_sweep_mistral7b_live_semantic_loop_guard_seed12/steer_alpha_0p77_traj_c8_tok120_seed12_the_laundry_basket_by_the_door.json,1,1,1,2.715635294117647,0.0,0.6658799999999999,0.0,0.0,0.0,0.0,0.716,0.8599999999999999,0.06300000000000006,0.0,0.0,0.0,,0.0,0.0,,0.0,0.0,,0.0,,0.5,0.5,the; laundry; basket; door,the; basket,0.0,,0.6666666666666666,basket,wildflower; sunroom,0.8333333333333333,0.0,0.0,0.0,0,0,The basket of wildflowers in the sunroom.
steer_alpha_0p77_traj_c8_tok120_seed12_the_laundry_basket_by_the_door.json,steer_alpha_0p77_traj,experiments/frontier_sweep_mistral7b_live_semantic_loop_guard_seed12/steer_alpha_0p77_traj_c8_tok120_seed12_the_laundry_basket_by_the_door.json,1,2,0,2.0320964498788303,0.0,0.48343674007444165,0.0,0.0,0.0,0.0,0.7885576923076922,0.22612903225806447,0.4975953837597331,0.0,0.0,0.0,,0.0,0.0,,0.0,0.0,,0.0,,0.5,0.5,the; laundry; basket; door,the; basket,0.0,,0.8,basket,fishbowl; filled; lily; nestled,0.9,0.0,0.0,0.0,0,0,"A fishbowl filled with white lilies, nestled inside the basket."
steer_alpha_0p77_traj_c8_tok120_seed12_the_laundry_basket_by_the_door.json,steer_alpha_0p77_traj,experiments/frontier_sweep_mistral7b_live_semantic_loop_guard_seed12/steer_alpha_0p77_traj_c8_tok120_seed12_the_laundry_basket_by_the_door.json,1,3,0,-1.1984195495069252,0.021669597966101697,0.3963950847457628,0.06666666666666667,0.0,0.0,0.3333333333333333,0.7479152542372882,0.05999999999999997,0.8046990968801314,0.0,0.0,0.0,,0.0,0.0,,0.0,0.0,,0.0,,0.75,0.25,the; laundry; basket; door,the; laundry; basket,0.0,,0.7142857142857143,laundry; basket,flower; bloom; wall; petal; unfurling,0.8571428571428572,0.0,0.0,0.0,0,0,"The laundry basket of flowers bloom on the wall, their petals unfurling."
steer_alpha_0p77_traj_c8_tok120_seed12_the_laundry_basket_by_the_door.json,steer_alpha_0p77_traj,experiments/frontier_sweep_mistral7b_live_semantic_loop_guard_seed12/steer_alpha_0p77_traj_c8_tok120_seed12_the_laundry_basket_by_the_door.json,1,4,0,-0.8135999999999999,0.0,0.465,0.0,0.0,0.0,0.0,0.93,0.0,0.45,0.0,0.0,0.0,,0.0,0.0,,0.0,0.0,,0.0,,0.25,0.75,the; laundry; basket; door,the,0.0,,1.0,,lily; bloom; doorway,1.0,0.0,0.0,0.0,0,0,The lilies bloom from the doorway.
steer_alpha_0p77_traj_c8_tok120_seed12_the_laundry_basket_by_the_door.json,steer_alpha_0p77_traj,experiments/frontier_sweep_mistral7b_live_semantic_loop_guard_seed12/steer_alpha_0p77_traj_c8_tok120_seed12_the_laundry_basket_by_the_door.json,1,5,0,-0.1529688747638469,0.0,0.49150483870967737,0.0,0.0,0.0,0.0,0.9533333333333334,0.031129032258064487,0.7219287170930664,0.0,0.0,0.0,,0.0,0.0,,0.0,0.0,,0.0,,0.75,0.25,the; laundry; basket; door,the; laundry; basket,0.0,,0.6,laundry; basket,kitchen; silverware; soap,0.8,0.0,0.0,0.0,0,0,"The laundry basket, in the kitchen, spilling silverware and soap."
steer_alpha_0p77_traj_c8_tok120_seed12_the_laundry_basket_by_the_door.json,steer_alpha_0p77_traj,experiments/frontier_sweep_mistral7b_live_semantic_loop_guard_seed12/steer_alpha_0p77_traj_c8_tok120_seed12_the_laundry_basket_by_the_door.json,1,6,0,0.8536395749684239,0.0,0.5879469271749755,0.0,0.0,0.0,0.0,0.9538848484848486,0.23274193548387093,0.7249399796069709,0.0,0.0,0.0,,0.0,0.0,,0.0,0.0,,0.0,,0.5,0.5,the; laundry; basket; door,the; basket,0.0,,0.875,basket,emptied; flower; petal; plucked; moonlight; bountiful; garden,0.9375,0.0,0.0,0.0,0,0,"The basket, emptied of flowers. Petals, plucked under moonlight, in the bountiful garden."
steer_alpha_0p77_traj_c8_tok120_seed12_the_laundry_basket_by_the_door.json,steer_alpha_0p77_traj,experiments/frontier_sweep_mistral7b_live_semantic_loop_guard_seed12/steer_alpha_0p77_traj_c8_tok120_seed12_the_laundry_basket_by_the_door.json,1,7,0,-0.9470277100014279,0.0,0.4281697936210131,0.0,0.0,0.0,0.0,0.7136163227016885,0.19999999999999998,0.8490100574712645,0.0,0.0,0.0,,0.0,0.0,,0.0,0.0,,0.0,,0.75,0.25,the; laundry; basket; door,the; laundry; basket,0.0,,0.75,laundry; basket,flower; rooftop; gutter; shedding; rainwater; window,0.875,0.0,0.0,0.0,0,0,"The laundry basket of flowers, Beneath the rooftop gutter, Shedding rainwater through the window."
steer_alpha_0p77_traj_c8_tok120_seed12_the_laundry_basket_by_the_door.json,steer_alpha_0p77_traj,experiments/frontier_sweep_mistral7b_live_semantic_loop_guard_seed12/steer_alpha_0p77_traj_c8_tok120_seed12_the_laundry_basket_by_the_door.json,1,8,0,0.03560598377281976,0.0,0.53,0.0,0.0,0.0,0.0,1.0,0.05999999999999997,0.9271508620689656,0.0,0.3333333333333333,9.090909090909092,delicate,0.0,0.0,,0.3333333333333333,9.090909090909092,delicate,0.0,,0.5,0.5,the; laundry; basket; door,the; door,0.0,,0.8571428571428571,door,sagged; weight; clothing; line; rainbow; rose,0.9285714285714286,0.0,0.0,0.0,0,0,"The door sagged under its weight, clothing line, a rainbow of delicate roses."
steer_alpha_0p77_traj_c8_tok120_seed12_the_laundry_basket_by_the_door.json,steer_alpha_0p77_traj,experiments/frontier_sweep_mistral7b_live_semantic_loop_guard_seed12/steer_alpha_0p77_traj_c8_tok120_seed12_the_laundry_basket_by_the_door.json,2,1,1,-1.6411346657489174,0.0,0.4321927945472249,0.0,0.0,0.0,0.0,0.7203213242453749,0.19999999999999998,0.8641508620689655,0.0,0.0,0.0,,0.0,0.0,,0.0,0.0,,0.0,,1.0,0.0,the; laundry; basket; door; wildflowers; sunroom,the; laundry; basket; door; wildflowers; sunroom,0.0,,0.2857142857142857,laundry; basket; door; wildflower; sunroom,thread; sunlight,0.6428571428571428,0.0,0.0,0.0,0,0,"The laundry basket by the door, wildflowers spill into the sunroom, a thread of golden sunlight."
steer_alpha_0p77_traj_c8_tok120_seed12_the_laundry_basket_by_the_door.json,steer_alpha_0p77_traj,experiments/frontier_sweep_mistral7b_live_semantic_loop_guard_seed12/steer_alpha_0p77_traj_c8_tok120_seed12_the_laundry_basket_by_the_door.json,2,2,0,-2.712330609046126,0.0,0.3240909090909091,0.0,0.0,0.0,0.0,0.6481818181818182,0.0,0.8844841954022988,0.0,0.0,0.0,,0.0,0.0,,0.0,0.0,,0.0,,1.0,0.0,the; laundry; basket; door; wildflowers; sunroom,the; laundry; basket; door; wildflowers; sunroom,0.33333333333333326,door,0.375,sunroom; door; wildflower; laundry; basket,withering; dust; floor,0.45833333333333337,0.1,0.0,0.0,0,0,"The sunroom door, wildflowers withering and dust on the floor, the laundry basket by the door."
steer_alpha_0p77_traj_c8_tok120_seed12_the_laundry_basket_by_the_door.json,steer_alpha_0p77_traj,experiments/frontier_sweep_mistral7b_live_semantic_loop_guard_seed12/steer_alpha_0p77_traj_c8_tok120_seed12_the_laundry_basket_by_the_door.json,2,3,0,-0.6476932326282048,0.0,0.32045198924731183,0.0,0.0,0.0,0.0,0.6215555555555556,0.031129032258064487,0.6742620504263998,0.0,0.0,0.0,,0.0,0.0,,0.0,0.0,,0.0,,1.0,0.0,the; laundry; basket; door; wildflowers; sunroom,the; laundry; basket; wildflowers,0.5,wildflower,0.4,wildflower; laundry; basket,bloom; sunlight,0.35,0.0,0.0,0.0,0,0,"The wildflowers from the laundry basket, wildflowers bloom in the sunlight."
steer_alpha_0p77_traj_c8_tok120_seed12_the_laundry_basket_by_the_door.json,steer_alpha_0p77_traj,experiments/frontier_sweep_mistral7b_live_semantic_loop_guard_seed12/steer_alpha_0p77_traj_c8_tok120_seed12_the_laundry_basket_by_the_door.json,2,4,0,-2.5222865000785797,0.0,0.286593096809681,0.0,0.0,0.0,0.0,0.573186193619362,0.0,0.8977916666666668,0.0,0.0,0.0,,0.0,0.0,,0.0,0.0,,0.0,,1.0,0.0,the; laundry; basket; door; wildflowers; sunroom,the; laundry; basket; door; wildflowers,0.5227272727272727,wildflower,0.5555555555555556,wildflower; laundry; basket; door,bloom; gather; sky; sunlight; cast,0.3712121212121212,0.0,0.0,0.0,0,0,"The wildflowers bloom in the laundry basket, wildflowers gather wildflowers' skies. The sunlight casts upon the door."
steer_alpha_0p77_traj_c8_tok120_seed12_the_laundry_basket_by_the_door.json,steer_alpha_0p77_traj,experiments/frontier_sweep_mistral7b_live_semantic_loop_guard_seed12/steer_alpha_0p77_traj_c8_tok120_seed12_the_laundry_basket_by_the_door.json,2,5,0,-1.4459490466609184,0.0,0.35000704225352114,0.0,0.0,0.0,0.0,0.5833450704225353,0.19999999999999998,0.9100000000000001,0.0,0.0,0.0,,0.0,0.0,,0.0,0.0,,0.0,,1.0,0.0,the; laundry; basket; door; wildflowers; sunroom,the; laundry; basket; wildflowers; sunroom,0.5625,basket; sunroom; wildflower,0.6923076923076923,basket; wildflower; sunroom; laundry,bloom; atop; table; potted; flowerpot; reside; filled; scent; fox,0.3701923076923077,0.0,0.0,0.0,0,0,"The basket of wildflowers blooms atop the sunroom table, where a potted flowerpot resides in the sunroom. The laundry basket, filled with the scent of wildflowers and fox."
steer_alpha_0p77_traj_c8_tok120_seed12_the_laundry_basket_by_the_door.json,steer_alpha_0p77_traj,experiments/frontier_sweep_mistral7b_live_semantic_loop_guard_seed12/steer_alpha_0p77_traj_c8_tok120_seed12_the_laundry_basket_by_the_door.json,2,6,0,0.2968254155119162,0.0,0.3435942502642082,0.0,0.0,0.0,0.0,0.5136486389427566,0.33785714285714274,0.6197729885057472,0.0,0.0,0.0,,0.0,0.0,,0.0,0.0,,0.0,,1.0,0.0,the; laundry; basket; door; wildflowers; sunroom,the; basket; door; wildflowers; sunroom,0.8851851851851853,basket; sunroom; wildflower,0.42857142857142855,basket; wildflower; door; sunroom,windowsill; petal-like; window,0.08201058201058194,0.0,0.0,0.0,0,0,"The basket of wildflowers on the windowsill, petal-like, the door opens into the sunroom. The basket of wildflowers from the sunroom window."
steer_alpha_0p77_traj_c8_tok120_seed12_the_laundry_basket_by_the_door.json,steer_alpha_0p77_traj,experiments/frontier_sweep_mistral7b_live_semantic_loop_guard_seed12/steer_alpha_0p77_traj_c8_tok120_seed12_the_laundry_basket_by_the_door.json,2,7,0,-1.5036898308207103,0.0,0.32977882420091326,0.0,0.0,0.0,0.0,0.5496313736681888,0.19999999999999998,0.9100000000000001,0.0,0.0,0.0,,0.0,0.0,,0.0,0.0,,0.0,,1.0,0.0,the; laundry; basket; door; wildflowers; sunroom,the; laundry; basket; wildflowers; sunroom,0.875,basket; wildflower; laundry,0.6363636363636364,basket; wildflower; laundry; sunroom,sits; bloom; scent; fill; sweet; sound; violet,0.10227272727272727,0.0,0.0,0.0,0,0,"The basket of wildflowers sits beside the laundry basket. Wildflowers bloom in the sunroom, and wildflowers' scent fills the laundry basket with the sweet sound of violets."
steer_alpha_0p77_traj_c8_tok120_seed12_the_laundry_basket_by_the_door.json,steer_alpha_0p77_traj,experiments/frontier_sweep_mistral7b_live_semantic_loop_guard_seed12/steer_alpha_0p77_traj_c8_tok120_seed12_the_laundry_basket_by_the_door.json,2,8,0,0.5970237327188932,0.0,0.36192338709677413,0.0,0.0,0.0,0.0,0.44999999999999996,0.6085483870967741,0.17615322580645168,0.0,0.0,0.0,,0.0,0.0,,0.0,0.0,,0.0,,1.0,0.0,the; laundry; basket; door; wildflowers; sunroom,the; basket; door; wildflowers; sunroom,0.9642857142857144,basket; sunroom; wildflower,0.0,basket; wildflower; sunroom; door,,0.017857142857142794,0.0,0.0,0.0,0,0,The basket of wildflowers in the sunroom by the door. The basket of wildflowers in the sunroom.
steer_alpha_0p77_traj_c8_tok120_seed12_the_laundry_basket_by_the_door.json,steer_alpha_0p77_traj,experiments/frontier_sweep_mistral7b_live_semantic_loop_guard_seed12/steer_alpha_0p77_traj_c8_tok120_seed12_the_laundry_basket_by_the_door.json,3,1,1,-0.22118763221838167,0.019569386845039016,0.3579765886287625,0.06666666666666667,0.0,0.0,0.3333333333333333,0.715953177257525,0.0,0.8204281609195403,0.0,0.0,0.0,,0.0,0.0,,0.0,0.0,,0.0,,0.5,0.5,the; laundry; basket; door; wildflowers; sunroom; spill; thread; sunlight,the; wildflowers,0.0,,0.8888888888888888,wildflower,take; root; washing; machine; bloom; scent; room; suds,0.9444444444444444,0.0,0.0,0.0,0,0,"Wildflowers take root in the washing machine, their blooms scent the room with suds."
steer_alpha_0p77_traj_c8_tok120_seed12_the_laundry_basket_by_the_door.json,steer_alpha_0p77_traj,experiments/frontier_sweep_mistral7b_live_semantic_loop_guard_seed12/steer_alpha_0p77_traj_c8_tok120_seed12_the_laundry_basket_by_the_door.json,3,2,0,0.9811383364525716,0.0,0.60854358044616,0.0,0.0,0.0,0.0,0.8738061667944861,0.3928571428571428,0.5537729885057472,0.0,0.0,0.0,,0.0,0.0,,0.0,0.0,,0.0,,0.5,0.5,the; laundry; basket; door; wildflowers; sunroom; spill; thread; sunlight,the; sunroom,0.0,,0.8571428571428571,sunroom,bucket; freshly-baked; bread; kitchen; puddle; honey,0.9285714285714286,0.0,0.0,0.0,0,0,The bucket of freshly-baked bread in the kitchen. A puddle of honey in the sunroom.
steer_alpha_0p77_traj_c8_tok120_seed12_the_laundry_basket_by_the_door.json,steer_alpha_0p77_traj,experiments/frontier_sweep_mistral7b_live_semantic_loop_guard_seed12/steer_alpha_0p77_traj_c8_tok120_seed12_the_laundry_basket_by_the_door.json,3,3,0,1.604093650769453,0.0,0.45155685293220466,0.0,0.0,0.0,0.0,0.6959308510638298,0.2977060931899641,0.6929086948461255,0.0,0.0,0.0,,0.0,0.0,,0.0,0.0,,0.0,,1.0,0.0,the; laundry; basket; door; wildflowers; sunroom; spill; thread; sunlight,the; laundry; basket; door; wildflowers; sunroom,0.0,,0.4444444444444444,sunroom; laundry; basket; door; wildflower,clouded; sheet; petal; floor,0.7222222222222222,0.0,0.0,0.0,0,0,"The sunroom is clouded with white sheets, the laundry basket by the door spills petals of wildflowers on the floor."
steer_alpha_0p77_traj_c8_tok120_seed12_the_laundry_basket_by_the_door.json,steer_alpha_0p77_traj,experiments/frontier_sweep_mistral7b_live_semantic_loop_guard_seed12/steer_alpha_0p77_traj_c8_tok120_seed12_the_laundry_basket_by_the_door.json,3,4,0,-0.7579273399014779,0.0,0.4133155172413793,0.0,0.0,0.0,0.0,0.6888591954022989,0.19999999999999998,0.800094827586207,0.0,0.0,0.0,,0.0,0.0,,0.0,0.0,,0.0,,1.0,0.0,the; laundry; basket; door; wildflowers; sunroom; spill; thread; sunlight,the; laundry; basket; door; wildflowers; sunroom; spill,0.0,,0.4444444444444444,wildflower; laundry; basket; door; sunroom,sway; detergent; suds; rug,0.7222222222222222,0.0,0.0,0.0,0,0,The wildflowers sway in the laundry basket by the door. A spill of detergent suds onto the sunroom's rug.
steer_alpha_0p77_traj_c8_tok120_seed12_the_laundry_basket_by_the_door.json,steer_alpha_0p77_traj,experiments/frontier_sweep_mistral7b_live_semantic_loop_guard_seed12/steer_alpha_0p77_traj_c8_tok120_seed12_the_laundry_basket_by_the_door.json,3,5,0,-0.47538291638494523,0.0,0.40327356321839075,0.0,0.0,0.0,0.0,0.6721226053639846,0.19999999999999998,0.9100000000000001,0.0,0.0,0.0,,0.0,0.0,,0.0,0.0,,0.0,,1.0,0.0,the; laundry; basket; door; wildflowers; sunroom; spill; thread; sunlight,the; wildflowers; thread; sunlight,0.0,,0.8235294117647058,thread; sunlight; wildflower,weave; way; wood; floor; trail; trace; edge; bath; mat; making; sink; soften,0.9117647058823529,0.0,0.0,0.0,0,0,"A golden thread of sunlight weaves its way across the wood floor, a trail of wildflowers traces the edge of the bath mat, making the sink soften under the weight of their perfume."
steer_alpha_0p77_traj_c8_tok120_seed12_the_laundry_basket_by_the_door.json,steer_alpha_0p77_traj,experiments/frontier_sweep_mistral7b_live_semantic_loop_guard_seed12/steer_alpha_0p77_traj_c8_tok120_seed12_the_laundry_basket_by_the_door.json,3,6,0,-0.789408393866021,0.0,0.38119322033898306,0.0,0.0,0.0,0.0,0.6353220338983051,0.19999999999999998,0.9100000000000001,0.0,0.0,0.0,,0.0,0.0,,0.0,0.0,,0.0,,1.0,0.0,the; laundry; basket; door; wildflowers; sunroom; spill; thread; sunlight,the; laundry; basket; door; wildflowers; sunroom; spill,0.25,sunroom,0.5454545454545454,sunroom; wildflower; door; laundry; basket,window; shade; scent; buried; mound; clothe,0.5795454545454546,0.0,0.0,0.0,0,0,"The sunroom window shades, the wildflowers spill through the sunroom door, the scent of the laundry basket, buried beneath a mound of clothes."
steer_alpha_0p77_traj_c8_tok120_seed12_the_laundry_basket_by_the_door.json,steer_alpha_0p77_traj,experiments/frontier_sweep_mistral7b_live_semantic_loop_guard_seed12/steer_alpha_0p77_traj_c8_tok120_seed12_the_laundry_basket_by_the_door.json,3,7,0,-1.5858216010886808,0.0,0.37291186768676865,0.0,0.0,0.0,0.0,0.6215197794779478,0.19999999999999998,0.9100000000000001,0.0,0.0,0.0,,0.0,0.0,,0.0,0.0,,0.0,,1.0,0.0,the; laundry; basket; door; wildflowers; sunroom; spill; thread; sunlight,the; laundry; basket; door; wildflowers; sunroom; spill; sunlight,0.2857142857142857,basket; kitchen,0.6842105263157895,basket; wildflower; door; sunroom; laundry; sunlight,frame; kitchen; sink; drain; water; lily; tablecloth; worn-out; edge; whispered; conversation; petal,0.6015037593984962,0.1,0.0,0.0,0,0,"The basket of wildflowers, the door frames of the sunroom, laundry baskets in the kitchen. The sink drains, water lilies spill into the kitchen, the tablecloth's worn-out edges in sunlight, a whispered conversation of petals and platters."
steer_alpha_0p77_traj_c8_tok120_seed12_the_laundry_basket_by_the_door.json,steer_alpha_0p77_traj,experiments/frontier_sweep_mistral7b_live_semantic_loop_guard_seed12/steer_alpha_0p77_traj_c8_tok120_seed12_the_laundry_basket_by_the_door.json,3,8,0,-1.9405043478260873,0.020641753043478258,0.37759304347826084,0.06666666666666667,0.0,0.0,0.3333333333333333,0.6293217391304348,0.19999999999999998,0.9100000000000001,0.0,0.0,0.0,,0.0,0.0,,0.0,0.0,,0.0,,0.25,0.75,the; laundry; basket; door; wildflowers; sunroom; spill; thread; sunlight,the,0.5190476190476191,board; ironing,1.0,,ironing; board; bundle; iron; flower; windowsill; raindrop; form; river; table; sing; song,0.4809523809523809,0.0,0.0,0.0,0,0,"The ironing board and its bundle of pressing irons, flowers from the windowsill, raindrops form rivers on the table, the ironing board sings the song of spilled water."
