run_name,condition,path,step,candidate_index,picked,score_total,readable_ontology_frontier,frontier_quality,ontology_collapse_density,identity_melt_score,affordance_corruption_score,category_bleeding_score,syntax_readability_proxy,graph_integration,graph_fragmentation,repair_pressure,cliche_attractor_score,cliche_attractor_density_per_100,cliche_attractor_hits,stock_prop_attractor_score,stock_prop_attractor_density_per_100,stock_prop_attractor_hits,soft_style_cliche_score,soft_style_cliche_density_per_100,soft_style_cliche_hits,fantasy_prop_score,fantasy_prop_hits,ordinary_anchor_retention,ordinary_anchor_drop,ordinary_anchor_terms,ordinary_anchor_hits,semantic_loop_pressure,semantic_loop_terms,lineage_diversity,lineage_revisited_terms,lineage_new_terms,net_transport_score,atmospheric_conservation,unfinished,meta_leak,identity_melt_count,affordance_corruption_count,text
steer_alpha_0p77_traj_c8_tok120_seed01_the_receipt_on_the_counter.json,steer_alpha_0p77_traj,experiments/frontier_sweep_model_compare_mistral7b_stock_guard_traj_seed12/steer_alpha_0p77_traj_c8_tok120_seed01_the_receipt_on_the_counter.json,1,1,1,1.9026790955091715,0.038009498207885295,0.6952956989247311,0.06666666666666667,0.0,0.0,0.3333333333333333,1.0,0.39059139784946223,0.27423387096774204,0.0,0.0,0.0,,0.0,0.0,,0.0,0.0,,0.0,,0.6666666666666666,0.33333333333333337,the; receipt; counter,the; receipt,0.0,,0.6666666666666666,receipt,hand; push,0.8333333333333333,0.0,0.0,0.0,0,0,A hand pushes it under the receipt.
steer_alpha_0p77_traj_c8_tok120_seed01_the_receipt_on_the_counter.json,steer_alpha_0p77_traj,experiments/frontier_sweep_model_compare_mistral7b_stock_guard_traj_seed12/steer_alpha_0p77_traj_c8_tok120_seed01_the_receipt_on_the_counter.json,1,2,0,1.0213096390168968,0.03334105990244261,0.6358742237903225,0.06394319446848298,0.0,0.0,0.3197159723424149,0.925125,0.3746774193548386,0.28139516129032266,0.0,0.0,0.0,,0.0,0.0,,0.0,0.0,,0.0,,1.0,0.0,the; receipt; counter,the; receipt; counter,0.0,,0.5,receipt; counter,drop; water,0.75,0.0,0.0,0.0,0,0,"The receipt on the counter, a single drop of water."
steer_alpha_0p77_traj_c8_tok120_seed01_the_receipt_on_the_counter.json,steer_alpha_0p77_traj,experiments/frontier_sweep_model_compare_mistral7b_stock_guard_traj_seed12/steer_alpha_0p77_traj_c8_tok120_seed01_the_receipt_on_the_counter.json,1,3,0,0.35209086021505376,0.0,0.5075658602150537,0.0,0.0,0.0,0.0,0.73,0.39059139784946223,0.27423387096774204,0.0,0.0,0.0,,0.0,0.0,,0.0,0.0,,0.0,,0.3333333333333333,0.6666666666666667,the; receipt; counter,the,0.0,,1.0,,cashier; slip; register,1.0,0.0,0.0,0.0,0,0,The cashier slips it into the register.
steer_alpha_0p77_traj_c8_tok120_seed01_the_receipt_on_the_counter.json,steer_alpha_0p77_traj,experiments/frontier_sweep_model_compare_mistral7b_stock_guard_traj_seed12/steer_alpha_0p77_traj_c8_tok120_seed01_the_receipt_on_the_counter.json,1,4,0,1.0099395409776817,0.0,0.4364806451612903,0.0,0.0,0.0,0.0,0.74,0.17967741935483866,0.3691451612903226,0.0,0.0,0.0,,0.0,0.0,,0.0,0.0,,0.0,,0.6666666666666666,0.33333333333333337,the; receipt; counter,the; receipt,0.0,,0.75,receipt,cashier; roll; coin,0.875,0.0,0.0,0.0,0,0,The cashier rolls a coin into the receipt.
steer_alpha_0p77_traj_c8_tok120_seed01_the_receipt_on_the_counter.json,steer_alpha_0p77_traj,experiments/frontier_sweep_model_compare_mistral7b_stock_guard_traj_seed12/steer_alpha_0p77_traj_c8_tok120_seed01_the_receipt_on_the_counter.json,1,5,0,-1.1208300492610836,0.0,0.5153793103448275,0.0,0.0,0.0,0.0,0.9724137931034482,0.05999999999999997,0.7350324302134648,0.0,0.0,0.0,,0.0,0.0,,0.0,0.0,,0.0,,0.3333333333333333,0.6666666666666667,the; receipt; counter,the,0.0,,1.0,,customer; hand; reach; till; scooping; coin; palm,1.0,0.0,0.0,0.0,0,0,"A customer's hand reaches for the till, scooping coins into its palm."
steer_alpha_0p77_traj_c8_tok120_seed01_the_receipt_on_the_counter.json,steer_alpha_0p77_traj,experiments/frontier_sweep_model_compare_mistral7b_stock_guard_traj_seed12/steer_alpha_0p77_traj_c8_tok120_seed01_the_receipt_on_the_counter.json,1,6,0,-0.6700606439127372,0.0,0.43978571428571434,0.0,0.0,0.0,0.0,0.8795714285714287,0.0,0.7008189655172414,0.0,0.0,0.0,,0.0,0.0,,0.0,0.0,,0.0,,0.3333333333333333,0.6666666666666667,the; receipt; counter,the,0.0,,1.0,,cash; register; coin; roll; glass,1.0,0.0,0.0,0.0,0,0,"Underneath the cash register, the coin rolls into the glass."
steer_alpha_0p77_traj_c8_tok120_seed01_the_receipt_on_the_counter.json,steer_alpha_0p77_traj,experiments/frontier_sweep_model_compare_mistral7b_stock_guard_traj_seed12/steer_alpha_0p77_traj_c8_tok120_seed01_the_receipt_on_the_counter.json,1,7,0,-0.7841217453000007,0.0,0.3426120689655172,0.0,0.0,0.0,0.0,0.6852241379310344,0.0,0.8032824302134647,0.0,0.0,0.0,,0.0,0.0,,0.0,0.0,,0.0,,0.6666666666666666,0.33333333333333337,the; receipt; counter,the; receipt,0.0,,0.8333333333333334,receipt,cashier; slide; register; clutching; rose,0.9166666666666667,0.0,0.0,0.0,0,0,"The cashier slides the receipt beneath the register, clutching a rose."
steer_alpha_0p77_traj_c8_tok120_seed01_the_receipt_on_the_counter.json,steer_alpha_0p77_traj,experiments/frontier_sweep_model_compare_mistral7b_stock_guard_traj_seed12/steer_alpha_0p77_traj_c8_tok120_seed01_the_receipt_on_the_counter.json,1,8,0,-0.8082469169674137,0.0,0.3323333333333333,0.0,0.0,0.0,0.0,0.6646666666666666,0.0,0.7484856321839081,0.0,0.0,0.0,,0.0,0.0,,0.0,0.0,,0.0,,0.6666666666666666,0.33333333333333337,the; receipt; counter,the; receipt,0.5,receipt,0.8,receipt,cat; curl; tail; cradling,0.45,0.0,0.0,0.0,0,0,"A cat curls its tail against the receipt, cradling the receipt."
steer_alpha_0p77_traj_c8_tok120_seed01_the_receipt_on_the_counter.json,steer_alpha_0p77_traj,experiments/frontier_sweep_model_compare_mistral7b_stock_guard_traj_seed12/steer_alpha_0p77_traj_c8_tok120_seed01_the_receipt_on_the_counter.json,2,1,1,0.36111586013715824,0.028973333333333334,0.53,0.06666666666666667,0.0,0.0,0.3333333333333333,1.0,0.05999999999999997,0.8046990968801314,0.0,0.0,0.0,,0.0,0.0,,0.0,0.0,,0.0,,0.5,0.5,the; receipt; counter; hand; pushes,the; hand,0.0,,0.8571428571428571,hand,grasp; cup; coffee; dripping; steam; lid,0.9285714285714286,0.0,0.0,0.0,0,0,"The hand grasps a cup of coffee, dripping steam into its lid."
steer_alpha_0p77_traj_c8_tok120_seed01_the_receipt_on_the_counter.json,steer_alpha_0p77_traj,experiments/frontier_sweep_model_compare_mistral7b_stock_guard_traj_seed12/steer_alpha_0p77_traj_c8_tok120_seed01_the_receipt_on_the_counter.json,2,2,0,0.8811791792892706,0.025602636363636362,0.4683409090909091,0.06666666666666667,0.0,0.0,0.3333333333333333,0.9366818181818182,0.0,0.7008189655172414,0.0,0.0,0.0,,0.0,0.0,,0.0,0.0,,0.0,,0.5,0.5,the; receipt; counter; hand; pushes,the; hand,0.0,,0.8333333333333334,hand,withdraw; envelope; revealing; keyhole; keylock,0.9166666666666667,0.0,0.0,0.0,0,0,"The hand withdraws an envelope, revealing a keyhole in the keylock."
steer_alpha_0p77_traj_c8_tok120_seed01_the_receipt_on_the_counter.json,steer_alpha_0p77_traj,experiments/frontier_sweep_model_compare_mistral7b_stock_guard_traj_seed12/steer_alpha_0p77_traj_c8_tok120_seed01_the_receipt_on_the_counter.json,2,3,0,-0.6924646760710552,0.03487733333333334,0.42533333333333334,0.1,0.0,0.0,0.5,0.8506666666666667,0.0,0.8181522988505747,0.0,0.0,0.0,,0.0,0.0,,0.0,0.0,,0.0,,1.0,0.0,the; receipt; counter; hand; pushes,the; receipt; counter; hand,0.0,,0.5,hand; receipt; counter,lift; revealing; mouth,0.75,0.0,0.0,0.0,0,0,"The hand lifts the receipt, revealing the mouth of the counter."
steer_alpha_0p77_traj_c8_tok120_seed01_the_receipt_on_the_counter.json,steer_alpha_0p77_traj,experiments/frontier_sweep_model_compare_mistral7b_stock_guard_traj_seed12/steer_alpha_0p77_traj_c8_tok120_seed01_the_receipt_on_the_counter.json,2,4,0,-1.1822817323481118,0.025066452317763763,0.31125,0.09821315434523954,0.0,0.0,0.4910657717261977,0.6225,0.0,0.7008189655172414,0.0,0.0,0.0,,0.0,0.0,,0.0,0.0,,0.0,,1.0,0.0,the; receipt; counter; hand; pushes,the; receipt; counter; hand,0.4285714285714286,counter,0.5,hand; receipt; counter,pull; shake; coin,0.42857142857142855,0.0,0.0,0.0,0,0,The hand pulls the receipt under the counter. The counter shakes with a single coin.
steer_alpha_0p77_traj_c8_tok120_seed01_the_receipt_on_the_counter.json,steer_alpha_0p77_traj,experiments/frontier_sweep_model_compare_mistral7b_stock_guard_traj_seed12/steer_alpha_0p77_traj_c8_tok120_seed01_the_receipt_on_the_counter.json,2,5,0,-1.473231845601616,0.040232783773440486,0.3679827784156142,0.13333333333333333,0.0,0.0,0.6666666666666666,0.7359655568312284,0.0,0.8276666666666668,0.0,0.0,0.0,,0.0,0.0,,0.0,0.0,,0.0,,0.75,0.25,the; receipt; counter; hand; pushes,the; counter; hand,0.675,coin; hand,0.6666666666666666,hand; counter,lift; change-edged; coin; shake,0.27083333333333326,0.0,0.0,0.0,0,0,The hand lifts the change-edged coin from the counter. The hand shakes the coin.
steer_alpha_0p77_traj_c8_tok120_seed01_the_receipt_on_the_counter.json,steer_alpha_0p77_traj,experiments/frontier_sweep_model_compare_mistral7b_stock_guard_traj_seed12/steer_alpha_0p77_traj_c8_tok120_seed01_the_receipt_on_the_counter.json,2,6,0,1.0067277130861665,0.014334781981981981,0.39333243243243243,0.044444444444444446,0.0,0.0,0.2222222222222222,0.6555540540540541,0.19999999999999998,0.6991508620689655,0.0,0.0,0.0,,0.0,0.0,,0.0,0.0,,0.0,,0.5,0.5,the; receipt; counter; hand; pushes,the; counter,0.37500000000000006,register,0.8571428571428571,counter,cash; register; hums; coin; clink; lid,0.5803571428571429,0.0,0.0,0.0,0,0,"The cash register hums, its coins clink against the register. Its lid rests on the counter."
steer_alpha_0p77_traj_c8_tok120_seed01_the_receipt_on_the_counter.json,steer_alpha_0p77_traj,experiments/frontier_sweep_model_compare_mistral7b_stock_guard_traj_seed12/steer_alpha_0p77_traj_c8_tok120_seed01_the_receipt_on_the_counter.json,2,7,0,0.14920287364041918,0.01288428399870172,0.4612512171372931,0.03333333333333333,0.0,0.0,0.16666666666666666,0.9225024342745862,0.0,0.8368175287356322,0.0,0.0,0.0,,0.0,0.0,,0.0,0.0,,0.0,,0.75,0.25,the; receipt; counter; hand; pushes,the; receipt; hand,0.33333333333333326,hand,0.75,hand; receipt,retrievive; unfurling; petal; revealing; hidden; secret,0.5833333333333334,0.1,0.0,0.0,0,0,"A hand retrievives the receipt, unfurling its petal. The hand opens, revealing a hidden secret."
steer_alpha_0p77_traj_c8_tok120_seed01_the_receipt_on_the_counter.json,steer_alpha_0p77_traj,experiments/frontier_sweep_model_compare_mistral7b_stock_guard_traj_seed12/steer_alpha_0p77_traj_c8_tok120_seed01_the_receipt_on_the_counter.json,2,8,0,-0.9983616107509106,0.016653378254973164,0.3109872056429734,0.06530493056757483,0.0,0.0,0.32652465283787413,0.586768312533912,0.05999999999999997,0.8571522988505749,0.0,0.0,0.0,,0.0,0.0,,0.0,0.0,,0.0,,0.75,0.25,the; receipt; counter; hand; pushes,the; receipt; hand,0.6000000000000001,receipt; silverfish,0.75,hand; receipt,lift; revealing; secret; silverfish; slip; finger,0.3499999999999999,0.0,0.0,0.0,0,0,"The hand lifts the receipt, revealing a secret. A silverfish, the receipt slips between the silverfish's fingers."
steer_alpha_0p77_traj_c8_tok120_seed01_the_receipt_on_the_counter.json,steer_alpha_0p77_traj,experiments/frontier_sweep_model_compare_mistral7b_stock_guard_traj_seed12/steer_alpha_0p77_traj_c8_tok120_seed01_the_receipt_on_the_counter.json,3,1,1,1.540435712866277,0.22604573691991675,0.44702518837162175,0.6166666666666667,1.0,0.0,0.3333333333333333,0.7117504283266705,0.2561290322580645,0.7953037170930665,0.0,0.0,0.0,,0.0,0.0,,0.0,0.0,,0.0,,1.0,0.0,the; receipt; counter; hand; pushes; grasps; cup; coffee; dripping; steam; its; lid,the; counter; cup; coffee; its; lid,0.27272727272727276,coffee,0.6,cup; coffee; counter; lid,lift; vase; planted; flower; countertop; garden,0.5818181818181819,0.0,0.0,0.0,1,0,"A cup of coffee on the counter, its lid lifts, spilling coffee into a vase planted with flowers. A countertop becomes a garden."
steer_alpha_0p77_traj_c8_tok120_seed01_the_receipt_on_the_counter.json,steer_alpha_0p77_traj,experiments/frontier_sweep_model_compare_mistral7b_stock_guard_traj_seed12/steer_alpha_0p77_traj_c8_tok120_seed01_the_receipt_on_the_counter.json,3,2,0,0.10615338372752303,0.18565776957000557,0.3574924959627835,0.6333333333333334,1.0,0.0,0.41666666666666663,0.5958208266046392,0.19999999999999998,0.9100000000000001,0.0,0.0,0.0,,0.0,0.0,,0.0,0.0,,0.0,,1.0,0.0,the; receipt; counter; hand; pushes; grasps; cup; coffee; dripping; steam; its; lid,the; receipt; counter; hand; cup; coffee; steam; lid,0.546875,counter; coffee,0.46153846153846156,cup; coffee; lid; counter; hand; receipt; steam,tremble; slightly; withdraw; pour; forth; stream,0.3311298076923077,0.0,0.0,0.0,1,0,"The cup of coffee's lid trembles slightly on the counter, as the hand withdraws the receipt from beneath it. The coffee, now a counter, pours forth streams of steam onto the counter."
steer_alpha_0p77_traj_c8_tok120_seed01_the_receipt_on_the_counter.json,steer_alpha_0p77_traj,experiments/frontier_sweep_model_compare_mistral7b_stock_guard_traj_seed12/steer_alpha_0p77_traj_c8_tok120_seed01_the_receipt_on_the_counter.json,3,3,0,0.1885015109492072,0.03228457142857143,0.39371428571428574,0.1,0.0,0.0,0.5,0.6561904761904762,0.19999999999999998,0.7272356321839082,0.0,0.0,0.0,,0.0,0.0,,0.0,0.0,,0.0,,1.0,0.0,the; receipt; counter; hand; pushes; grasps; cup; coffee; dripping; steam; its; lid,the; counter; cup; coffee; its,0.5454545454545455,coffee; counter,0.6666666666666666,counter; coffee; cup,transform; machine; sits; spout; steaming; gently,0.3787878787878787,0.0,0.0,0.0,0,0,"The counter transforms into a coffee machine. The cup of coffee now sits on its spout, steaming gently into the counter."
steer_alpha_0p77_traj_c8_tok120_seed01_the_receipt_on_the_counter.json,steer_alpha_0p77_traj,experiments/frontier_sweep_model_compare_mistral7b_stock_guard_traj_seed12/steer_alpha_0p77_traj_c8_tok120_seed01_the_receipt_on_the_counter.json,3,4,0,-1.2689152148664347,0.028775999999999996,0.35092682926829266,0.1,0.0,0.0,0.5,0.5848780487804878,0.19999999999999998,0.9100000000000001,0.0,0.0,0.0,,0.0,0.0,,0.0,0.0,,0.0,,1.0,0.0,the; receipt; counter; hand; pushes; grasps; cup; coffee; dripping; steam; its; lid,the; counter; hand; coffee; dripping; steam; its,0.6000000000000001,coffee; coin; counter,0.5833333333333334,counter; coffee; hand; dripping; steam,coin; slide; landing; softly; puddle; pour; slot,0.31666666666666665,0.0,0.0,0.0,0,0,"A coin slides down the counter, landing softly in a puddle of coffee. The hand pours the coffee into the counter, its dripping steam into the coin slot."
steer_alpha_0p77_traj_c8_tok120_seed01_the_receipt_on_the_counter.json,steer_alpha_0p77_traj,experiments/frontier_sweep_model_compare_mistral7b_stock_guard_traj_seed12/steer_alpha_0p77_traj_c8_tok120_seed01_the_receipt_on_the_counter.json,3,5,0,0.6147190372862816,0.021199461538461535,0.3877950281425891,0.06666666666666667,0.0,0.0,0.3333333333333333,0.6463250469043151,0.19999999999999998,0.9100000000000001,0.0,0.0,0.0,,0.0,0.0,,0.0,0.0,,0.0,,0.75,0.25,the; receipt; counter; hand; pushes; grasps; cup; coffee; dripping; steam; its; lid,the; counter; its,0.37500000000000006,cigarette; counter,0.9285714285714286,counter,cashier; flick; cigarette; lighter; illuminating; glow; ashtray; filled; spent; butt; ember; constellation,0.6026785714285714,0.0,0.0,0.0,0,0,"The cashier flicks a cigarette lighter, illuminating the counter with its glow. The ashtray on the counter is filled with spent cigarette butts, their embers glowing like a constellation of stars."
steer_alpha_0p77_traj_c8_tok120_seed01_the_receipt_on_the_counter.json,steer_alpha_0p77_traj,experiments/frontier_sweep_model_compare_mistral7b_stock_guard_traj_seed12/steer_alpha_0p77_traj_c8_tok120_seed01_the_receipt_on_the_counter.json,3,6,0,-0.7698077019831457,0.01737895024946543,0.39738453314326444,0.05333333333333334,0.0,0.0,0.26666666666666666,0.662307555238774,0.19999999999999998,0.9100000000000001,0.0,0.0,0.0,,0.0,0.0,,0.0,0.0,,0.0,,1.0,0.0,the; receipt; counter; hand; pushes; grasps; cup; coffee; dripping; steam; its; lid,the; counter; cup; coffee; dripping; steam; its; lid,0.6428571428571428,counter; cup; steam,0.45454545454545453,cup; coffee; dripping; steam; lid; counter,sits; candy; glossy; wrapper; reflect,0.25974025974025977,0.0,0.0,0.0,0,0,"The cup of coffee, still dripping steam into its lid, sits on the counter. A counter of candies, their glossy wrappers reflect the steam from the cup."
steer_alpha_0p77_traj_c8_tok120_seed01_the_receipt_on_the_counter.json,steer_alpha_0p77_traj,experiments/frontier_sweep_model_compare_mistral7b_stock_guard_traj_seed12/steer_alpha_0p77_traj_c8_tok120_seed01_the_receipt_on_the_counter.json,3,7,0,0.792792956119597,0.008748895748540715,0.4801223276638198,0.022222222222222223,0.0,0.0,0.1111111111111111,0.9058911842713581,0.05999999999999997,0.9730000000000001,0.0,0.0,0.0,,0.0,0.0,,0.0,0.0,,0.0,,1.0,0.0,the; receipt; counter; hand; pushes; grasps; cup; coffee; dripping; steam; its; lid,the; receipt; counter; cup; coffee; its,0.0,,0.6363636363636364,cup; coffee; counter; receipt,half-full; sits; lifted; unfurling; scroll; revealing; secret,0.8181818181818181,0.0,0.0,0.0,0,0,"The cup of coffee, now half-full, sits on the counter. The receipt is lifted, unfurling like a scroll, revealing its secrets."
steer_alpha_0p77_traj_c8_tok120_seed01_the_receipt_on_the_counter.json,steer_alpha_0p77_traj,experiments/frontier_sweep_model_compare_mistral7b_stock_guard_traj_seed12/steer_alpha_0p77_traj_c8_tok120_seed01_the_receipt_on_the_counter.json,3,8,0,1.3589130000221565,0.17455624095402447,0.5553220815080313,0.3833333333333333,0.0,1.0,0.6666666666666666,0.8558518518518519,0.2977060931899641,0.6929086948461255,0.0,0.0,0.0,,0.0,0.0,,0.0,0.0,,0.0,,1.0,0.0,the; receipt; counter; hand; pushes; grasps; cup; coffee; dripping; steam; its; lid,the; counter; cup; coffee,0.30000000000000004,counter,0.6666666666666666,counter; coffee; cup,pile; keys; jingling; softly; sits; steaming,0.5833333333333333,0.0,0.0,0.0,0,1,"The counter now holds a pile of keys, jingling softly. The coffee cup sits on the counter, steaming."
steer_alpha_0p77_traj_c8_tok120_seed02_a_plastic_folder_in_the_drawer.json,steer_alpha_0p77_traj,experiments/frontier_sweep_model_compare_mistral7b_stock_guard_traj_seed12/steer_alpha_0p77_traj_c8_tok120_seed02_a_plastic_folder_in_the_drawer.json,1,1,1,2.563659487666034,0.0,0.6952956989247311,0.0,0.0,0.0,0.0,1.0,0.39059139784946223,0.27423387096774204,0.0,0.0,0.0,,0.0,0.0,,0.0,0.0,,0.0,,0.5,0.5,plastic; folder; the; drawer,the; drawer,0.0,,0.6666666666666666,drawer,filled; silverfish,0.8333333333333333,0.0,0.0,0.0,0,0,"The drawer, filled with silverfish."
steer_alpha_0p77_traj_c8_tok120_seed02_a_plastic_folder_in_the_drawer.json,steer_alpha_0p77_traj,experiments/frontier_sweep_model_compare_mistral7b_stock_guard_traj_seed12/steer_alpha_0p77_traj_c8_tok120_seed02_a_plastic_folder_in_the_drawer.json,1,2,0,2.162492820999368,0.0,0.5424465277777777,0.0,0.0,0.0,0.0,0.7801666666666667,0.39059139784946223,0.27423387096774204,0.0,0.0,0.0,,0.0,0.0,,0.0,0.0,,0.0,,0.5,0.5,plastic; folder; the; drawer,the; drawer,0.0,,0.6666666666666666,drawer,pocketwatch; tucked,0.8333333333333333,0.0,0.0,0.0,0,0,A pocketwatch tucked into the drawer.
steer_alpha_0p77_traj_c8_tok120_seed02_a_plastic_folder_in_the_drawer.json,steer_alpha_0p77_traj,experiments/frontier_sweep_model_compare_mistral7b_stock_guard_traj_seed12/steer_alpha_0p77_traj_c8_tok120_seed02_a_plastic_folder_in_the_drawer.json,1,3,0,2.054740582412964,0.0,0.5907712609970674,0.0,0.0,0.0,0.0,0.9636363636363636,0.22612903225806447,0.5452620504263997,0.0,0.0,0.0,,0.0,0.0,,0.0,0.0,,0.0,,0.5,0.5,plastic; folder; the; drawer,the; drawer,0.0,,0.8,drawer,wooden; carpenter; chisel; nestled,0.9,0.0,0.0,0.0,0,0,"A wooden carpenter's chisel, nestled in the drawer."
steer_alpha_0p77_traj_c8_tok120_seed02_a_plastic_folder_in_the_drawer.json,steer_alpha_0p77_traj,experiments/frontier_sweep_model_compare_mistral7b_stock_guard_traj_seed12/steer_alpha_0p77_traj_c8_tok120_seed02_a_plastic_folder_in_the_drawer.json,1,4,0,0.9613990270635511,0.0,0.4124516129032258,0.0,0.0,0.0,0.0,0.8,0.031129032258064487,0.6265953837597331,0.0,0.0,0.0,,0.0,0.0,,0.0,0.0,,0.0,,0.5,0.5,plastic; folder; the; drawer,the; drawer,0.0,,0.75,drawer,wooden; chestnut; buried,0.875,0.0,0.0,0.0,0,0,A wooden chestnut buried within the drawer.
steer_alpha_0p77_traj_c8_tok120_seed02_a_plastic_folder_in_the_drawer.json,steer_alpha_0p77_traj,experiments/frontier_sweep_model_compare_mistral7b_stock_guard_traj_seed12/steer_alpha_0p77_traj_c8_tok120_seed02_a_plastic_folder_in_the_drawer.json,1,5,0,1.9920742753122465,0.015661979349816852,0.5729992445054946,0.03333333333333333,0.0,0.0,0.16666666666666666,0.8933173076923077,0.2828571428571428,0.5941063218390805,0.0,0.3333333333333333,7.6923076923076925,ivory,0.3333333333333333,7.6923076923076925,ivory,0.0,0.0,,0.3,ivory,0.5,0.5,plastic; folder; the; drawer,the; drawer,0.37500000000000006,drawer,0.8571428571428571,drawer,gloved; hand; cradling; ivory; comb; teeth,0.5803571428571429,0.0,0.0,0.0,0,0,"A gloved hand rests on the drawer, cradling a single ivory comb, its teeth, in the drawer."
steer_alpha_0p77_traj_c8_tok120_seed02_a_plastic_folder_in_the_drawer.json,steer_alpha_0p77_traj,experiments/frontier_sweep_model_compare_mistral7b_stock_guard_traj_seed12/steer_alpha_0p77_traj_c8_tok120_seed02_a_plastic_folder_in_the_drawer.json,1,6,0,1.7752686274509806,0.0,0.49125,0.0,0.0,0.0,0.0,0.9825,0.0,0.45,0.0,0.3333333333333333,16.666666666666668,clockwork,0.3333333333333333,16.666666666666668,clockwork,0.0,0.0,,0.35,clockwork,0.5,0.5,plastic; folder; the; drawer,the; drawer,0.0,,0.75,drawer,clockwork; toy; spider,0.875,0.0,0.0,0.0,0,0,"Inside the drawer, a clockwork toy spider."
steer_alpha_0p77_traj_c8_tok120_seed02_a_plastic_folder_in_the_drawer.json,steer_alpha_0p77_traj,experiments/frontier_sweep_model_compare_mistral7b_stock_guard_traj_seed12/steer_alpha_0p77_traj_c8_tok120_seed02_a_plastic_folder_in_the_drawer.json,1,7,0,2.6758110028175492,0.0,0.5138612756598239,0.0,0.0,0.0,0.0,0.6714545454545454,0.5305913978494622,0.21123387096774202,0.0,0.3333333333333333,10.0,miniature,0.3333333333333333,10.0,miniature,0.0,0.0,,0.4,miniature,0.5,0.5,plastic; folder; the; drawer,the; drawer,0.675,drawer,0.6666666666666666,drawer,violin; legs,0.27083333333333326,0.0,0.0,0.0,0,0,"Inside the drawer, a miniature violin rests on the drawer, its legs."
steer_alpha_0p77_traj_c8_tok120_seed02_a_plastic_folder_in_the_drawer.json,steer_alpha_0p77_traj,experiments/frontier_sweep_model_compare_mistral7b_stock_guard_traj_seed12/steer_alpha_0p77_traj_c8_tok120_seed02_a_plastic_folder_in_the_drawer.json,1,8,0,2.310023107737719,0.0,0.5533014784946236,0.0,0.0,0.0,0.0,0.9380555555555555,0.17967741935483866,0.3691451612903226,0.0,0.3333333333333333,16.666666666666668,leather-bound,0.3333333333333333,16.666666666666668,leather-bound,0.0,0.0,,0.5,leather-bound,0.5,0.5,plastic; folder; the; drawer,the; drawer,0.0,,0.75,drawer,leather-bound; book; nested,0.875,0.0,0.0,0.0,0,0,A leather-bound book nested in the drawer.
steer_alpha_0p77_traj_c8_tok120_seed02_a_plastic_folder_in_the_drawer.json,steer_alpha_0p77_traj,experiments/frontier_sweep_model_compare_mistral7b_stock_guard_traj_seed12/steer_alpha_0p77_traj_c8_tok120_seed02_a_plastic_folder_in_the_drawer.json,2,1,1,3.226742820999368,0.0,0.7425281518817203,0.0,0.0,0.0,0.0,0.97025,0.5305913978494622,0.21123387096774202,0.0,0.0,0.0,,0.0,0.0,,0.0,0.0,,0.0,,0.75,0.25,plastic; folder; the; drawer; filled; silverfish,folder; the; silverfish,0.0,,0.3333333333333333,folder; silverfish,revealing,0.6666666666666666,0.0,0.0,0.0,0,0,"The folder unfolds open, revealing a silverfish."
steer_alpha_0p77_traj_c8_tok120_seed02_a_plastic_folder_in_the_drawer.json,steer_alpha_0p77_traj,experiments/frontier_sweep_model_compare_mistral7b_stock_guard_traj_seed12/steer_alpha_0p77_traj_c8_tok120_seed02_a_plastic_folder_in_the_drawer.json,2,2,0,2.575508135682749,0.0,0.6001721905911146,0.0,0.0,0.0,0.0,0.6864805057955743,0.7485483870967741,0.11315322580645167,0.0,0.0,0.0,,0.0,0.0,,0.0,0.0,,0.0,,1.0,0.0,plastic; folder; the; drawer; filled; silverfish,plastic; folder; the; drawer; silverfish,0.5,folder,0.2,folder; drawer; silverfish; plastic,light,0.3,0.0,0.0,0.0,0,0,"The folder, open, spilling light from the drawer. Silverfish rest on the plastic folder."
steer_alpha_0p77_traj_c8_tok120_seed02_a_plastic_folder_in_the_drawer.json,steer_alpha_0p77_traj,experiments/frontier_sweep_model_compare_mistral7b_stock_guard_traj_seed12/steer_alpha_0p77_traj_c8_tok120_seed02_a_plastic_folder_in_the_drawer.json,2,3,0,3.122385688264377,0.0,0.779863387978142,0.0,0.0,0.0,0.0,0.779863387978142,1.0,0.0,0.0,0.0,0.0,,0.0,0.0,,0.0,0.0,,0.0,,1.0,0.0,plastic; folder; the; drawer; filled; silverfish,plastic; folder; the; drawer; silverfish,0.6000000000000001,silverfish,0.0,silverfish; plastic; folder; drawer,,0.19999999999999996,0.0,0.0,0.0,0,0,"The silverfish, in the plastic folder, unfolds a silverfish in the drawer."
steer_alpha_0p77_traj_c8_tok120_seed02_a_plastic_folder_in_the_drawer.json,steer_alpha_0p77_traj,experiments/frontier_sweep_model_compare_mistral7b_stock_guard_traj_seed12/steer_alpha_0p77_traj_c8_tok120_seed02_a_plastic_folder_in_the_drawer.json,2,4,0,1.1965134758147742,0.0,0.39508845500848894,0.0,0.0,0.0,0.0,0.6698245614035088,0.17967741935483866,0.3691451612903226,0.0,0.0,0.0,,0.0,0.0,,0.0,0.0,,0.0,,1.0,0.0,plastic; folder; the; drawer; filled; silverfish,plastic; folder; the; silverfish,0.6000000000000001,silverfish,0.25,silverfish; plastic; folder,swim,0.24999999999999994,0.0,0.0,0.0,0,0,"The silverfish swims through the plastic folder, a small silverfish."
steer_alpha_0p77_traj_c8_tok120_seed02_a_plastic_folder_in_the_drawer.json,steer_alpha_0p77_traj,experiments/frontier_sweep_model_compare_mistral7b_stock_guard_traj_seed12/steer_alpha_0p77_traj_c8_tok120_seed02_a_plastic_folder_in_the_drawer.json,2,5,0,2.364977886569462,0.0,0.5120171878537038,0.0,0.0,0.0,0.0,0.553897726805607,0.8487788018433179,0.13771620583717362,0.0,0.0,0.0,,0.0,0.0,,0.0,0.0,,0.0,,1.0,0.0,plastic; folder; the; drawer; filled; silverfish,plastic; folder; the; silverfish,0.8851851851851853,folder; plastic; silverfish,0.5714285714285714,silverfish; plastic; folder,nestled; page; paper; wing,0.09021164021164012,0.0,0.0,0.0,0,0,"The silverfish, nestled between the plastic folder, unfolds a page of paper, open. The silverfish's wings, the plastic folder."
steer_alpha_0p77_traj_c8_tok120_seed02_a_plastic_folder_in_the_drawer.json,steer_alpha_0p77_traj,experiments/frontier_sweep_model_compare_mistral7b_stock_guard_traj_seed12/steer_alpha_0p77_traj_c8_tok120_seed02_a_plastic_folder_in_the_drawer.json,2,6,0,0.4835970872116039,0.0,0.3424777522715254,0.0,0.0,0.0,0.0,0.6642771982116245,0.031129032258064487,0.6265953837597331,0.0,0.0,0.0,,0.0,0.0,,0.0,0.0,,0.0,,0.75,0.25,plastic; folder; the; drawer; filled; silverfish,the; drawer; silverfish,0.5,silverfish,0.6,silverfish; drawer,crawl; shimmer; light,0.4,0.0,0.0,0.0,0,0,"The silverfish crawls over the drawer, its silverfish shimmer with light."
steer_alpha_0p77_traj_c8_tok120_seed02_a_plastic_folder_in_the_drawer.json,steer_alpha_0p77_traj,experiments/frontier_sweep_model_compare_mistral7b_stock_guard_traj_seed12/steer_alpha_0p77_traj_c8_tok120_seed02_a_plastic_folder_in_the_drawer.json,2,7,0,1.9529944752590866,0.0,0.3583995521091811,0.0,0.0,0.0,0.0,0.5214307692307693,0.3746774193548386,0.28139516129032266,0.0,0.0,0.0,,0.0,0.0,,0.0,0.0,,0.0,,0.75,0.25,plastic; folder; the; drawer; filled; silverfish,the; drawer; silverfish,0.6000000000000001,silverfish,0.5,silverfish; drawer,crawl; wing,0.29999999999999993,0.0,0.0,0.0,0,0,"The silverfish crawls on the drawer, the silverfish's wings."
steer_alpha_0p77_traj_c8_tok120_seed02_a_plastic_folder_in_the_drawer.json,steer_alpha_0p77_traj,experiments/frontier_sweep_model_compare_mistral7b_stock_guard_traj_seed12/steer_alpha_0p77_traj_c8_tok120_seed02_a_plastic_folder_in_the_drawer.json,2,8,0,1.1547707736263604,0.0,0.39619536822438745,0.0,0.0,0.0,0.0,0.5606964809384164,0.4132258064516128,0.4261719503151651,0.0,0.0,0.0,,0.0,0.0,,0.0,0.0,,0.0,,0.5,0.5,plastic; folder; the; drawer; filled; silverfish,the; silverfish,0.5,silverfish,0.8,silverfish,swim; bottom; closet; wing,0.45,0.0,0.0,0.0,0,0,"The silverfish swims at the bottom of the closet. The silverfish, its wings."
steer_alpha_0p77_traj_c8_tok120_seed02_a_plastic_folder_in_the_drawer.json,steer_alpha_0p77_traj,experiments/frontier_sweep_model_compare_mistral7b_stock_guard_traj_seed12/steer_alpha_0p77_traj_c8_tok120_seed02_a_plastic_folder_in_the_drawer.json,3,1,1,3.7641417417417418,0.0,0.6355855855855856,0.0,0.0,0.0,0.0,0.6355855855855856,1.0,0.0,0.0,0.0,0.0,,0.0,0.0,,0.0,0.0,,0.0,,0.75,0.25,plastic; folder; the; drawer; filled; silverfish; unfolds; open; revealing,the; drawer; silverfish,0.96875,silverfish; drawer,0.3333333333333333,silverfish; drawer,shadow,0.020833333333333332,0.0,0.0,0.0,0,0,"The silverfish rests on the drawer, holding a silverfish, a silverfish's shadow. The silverfish rests on the drawer, a silverfish."
steer_alpha_0p77_traj_c8_tok120_seed02_a_plastic_folder_in_the_drawer.json,steer_alpha_0p77_traj,experiments/frontier_sweep_model_compare_mistral7b_stock_guard_traj_seed12/steer_alpha_0p77_traj_c8_tok120_seed02_a_plastic_folder_in_the_drawer.json,3,2,0,3.791750887021475,0.0,0.623109243697479,0.0,0.0,0.0,0.0,0.623109243697479,1.0,0.0,0.0,0.0,0.0,,0.0,0.0,,0.0,0.0,,0.0,,0.75,0.25,plastic; folder; the; drawer; filled; silverfish; unfolds; open; revealing,the; drawer; silverfish,0.95,silverfish; drawer,0.5,silverfish; drawer,bed; swim,0.03750000000000003,0.0,0.0,0.0,0,0,"The silverfish, its silverfish in the drawer, rests on a silverfish's bed. The silverfish swims in the drawer, the silverfish's silverfish."
steer_alpha_0p77_traj_c8_tok120_seed02_a_plastic_folder_in_the_drawer.json,steer_alpha_0p77_traj,experiments/frontier_sweep_model_compare_mistral7b_stock_guard_traj_seed12/steer_alpha_0p77_traj_c8_tok120_seed02_a_plastic_folder_in_the_drawer.json,3,3,0,3.2417347309683855,0.0,0.571308160196829,0.0,0.0,0.0,0.0,0.6364406779661017,0.7953225806451613,0.1617715053763441,0.0,0.0,0.0,,0.0,0.0,,0.0,0.0,,0.0,,0.75,0.25,plastic; folder; the; drawer; filled; silverfish; unfolds; open; revealing,the; filled; silverfish,0.8851851851851853,silverfish,0.6,silverfish; filled,plate; spoon; sugar,0.09185185185185177,0.0,0.0,0.0,0,0,"Silverfish, silverfish rests on a plate, holding its silverfish's spoon of sugar. The silverfish, a silverfish, filled with a silverfish."
steer_alpha_0p77_traj_c8_tok120_seed02_a_plastic_folder_in_the_drawer.json,steer_alpha_0p77_traj,experiments/frontier_sweep_model_compare_mistral7b_stock_guard_traj_seed12/steer_alpha_0p77_traj_c8_tok120_seed02_a_plastic_folder_in_the_drawer.json,3,4,0,1.6877541701646295,0.0,0.3849519702594299,0.0,0.0,0.0,0.0,0.504359713487072,0.5264976958525345,0.43099434556915095,0.0,0.0,0.0,,0.0,0.0,,0.0,0.0,,0.0,,0.75,0.25,plastic; folder; the; drawer; filled; silverfish; unfolds; open; revealing,the; drawer; silverfish,0.853030303030303,silverfish; swim,0.7142857142857143,silverfish; drawer,swim; water; filling; bottom; hinge,0.125974025974026,0.0,0.0,0.0,0,0,"Silverfish swims in the water, filling with silverfish. The silverfish swims in the bottom of the drawer, a silverfish's hinge."
steer_alpha_0p77_traj_c8_tok120_seed02_a_plastic_folder_in_the_drawer.json,steer_alpha_0p77_traj,experiments/frontier_sweep_model_compare_mistral7b_stock_guard_traj_seed12/steer_alpha_0p77_traj_c8_tok120_seed02_a_plastic_folder_in_the_drawer.json,3,5,0,2.1566076492168667,0.0,0.40287561360448804,0.0,0.0,0.0,0.0,0.4685869565217391,0.7195340501792115,0.2845085279940675,0.0,0.0,0.0,,0.0,0.0,,0.0,0.0,,0.0,,0.5,0.5,plastic; folder; the; drawer; filled; silverfish; unfolds; open; revealing,the; silverfish,0.821062271062271,silverfish; nestled,0.875,silverfish,crawl; nestled; shard; light; mouth; pot; fingerprint,0.1677541208791209,0.0,0.0,0.0,0,0,"The silverfish crawls on the silverfish, its silverfish nestled in the silverfish. The silverfish rests on the shard of light, nestled within the mouth of a pot, a silverfish with a fingerprint."
steer_alpha_0p77_traj_c8_tok120_seed02_a_plastic_folder_in_the_drawer.json,steer_alpha_0p77_traj,experiments/frontier_sweep_model_compare_mistral7b_stock_guard_traj_seed12/steer_alpha_0p77_traj_c8_tok120_seed02_a_plastic_folder_in_the_drawer.json,3,6,0,2.06692670250896,0.0,0.30930241935483865,0.0,0.0,0.0,0.0,0.44999999999999996,0.3746774193548386,0.28139516129032266,0.0,0.0,0.0,,0.0,0.0,,0.0,0.0,,0.0,,0.75,0.25,plastic; folder; the; drawer; filled; silverfish; unfolds; open; revealing,the; drawer; silverfish,0.9166666666666667,silverfish,0.3333333333333333,silverfish; drawer,nest,0.055555555555555504,0.0,0.0,0.0,0,0,"The silverfish rests on the silverfish, resting upon the silverfish. A silverfish, nests in the drawer."
steer_alpha_0p77_traj_c8_tok120_seed02_a_plastic_folder_in_the_drawer.json,steer_alpha_0p77_traj,experiments/frontier_sweep_model_compare_mistral7b_stock_guard_traj_seed12/steer_alpha_0p77_traj_c8_tok120_seed02_a_plastic_folder_in_the_drawer.json,3,7,0,1.4698249740739344,0.006851359991511037,0.31332438985568767,0.02666666666666667,0.0,0.0,0.13333333333333333,0.4587039473684211,0.3661290322580645,0.5519287170930665,0.0,0.0,0.0,,0.0,0.0,,0.0,0.0,,0.0,,1.0,0.0,plastic; folder; the; drawer; filled; silverfish; unfolds; open; revealing,folder; the; silverfish; unfolds,0.8888888888888888,silverfish,0.6,folder; silverfish,desk; glass; water,0.08888888888888893,0.0,0.0,0.0,0,0,"The folder rests on the desk, and a silverfish rests on the silverfish. The silverfish unfolds a silverfish, its glass, and a silverfish of water."
steer_alpha_0p77_traj_c8_tok120_seed02_a_plastic_folder_in_the_drawer.json,steer_alpha_0p77_traj,experiments/frontier_sweep_model_compare_mistral7b_stock_guard_traj_seed12/steer_alpha_0p77_traj_c8_tok120_seed02_a_plastic_folder_in_the_drawer.json,3,8,0,1.7134857686867249,0.0,0.347827948672996,0.0,0.0,0.0,0.0,0.43703177257525083,0.591774193548387,0.6157519002595477,0.0,0.0,0.0,,0.0,0.0,,0.0,0.0,,0.0,,0.75,0.25,plastic; folder; the; drawer; filled; silverfish; unfolds; open; revealing,the; filled; silverfish,0.9127450980392158,silverfish; glass; table; water,0.8,silverfish; filled,edge; sits; table; glass; water; fork; spider; beetle,0.0785294117647058,0.0,0.0,0.0,0,0,"Silverfish rests on the silverfish's edge, as it sits on the table, a silverfish, filled with a glass of water. The silverfish rests on a table, and a fork, spider of silverfish, a silverfish's glass of water, and a beetle."
steer_alpha_0p77_traj_c8_tok120_seed03_the_bus_was_ten_minutes_late.json,steer_alpha_0p77_traj,experiments/frontier_sweep_model_compare_mistral7b_stock_guard_traj_seed12/steer_alpha_0p77_traj_c8_tok120_seed03_the_bus_was_ten_minutes_late.json,1,1,1,-0.8617731583933308,0.019315555555555558,0.53,0.044444444444444446,0.0,0.0,0.2222222222222222,1.0,0.05999999999999997,0.8046990968801314,0.0,0.0,0.0,,0.0,0.0,,0.0,0.0,,0.0,,0.5,0.5,the; bus; was; ten; minutes; late,the; bus,0.0,,0.8571428571428571,bus,driver; heavy; coat; snow; lay; lap,0.9285714285714286,0.0,0.0,0.0,0,0,"The bus driver, with a heavy coat of snow, lay on his lap."
steer_alpha_0p77_traj_c8_tok120_seed03_the_bus_was_ten_minutes_late.json,steer_alpha_0p77_traj,experiments/frontier_sweep_model_compare_mistral7b_stock_guard_traj_seed12/steer_alpha_0p77_traj_c8_tok120_seed03_the_bus_was_ten_minutes_late.json,1,2,0,-2.0501337229437224,0.0,0.37368749999999995,0.0,0.0,0.0,0.0,0.7473749999999999,0.0,0.7864166666666667,0.0,0.0,0.0,,0.0,0.0,,0.0,0.0,,0.0,,0.5,0.5,the; bus; was; ten; minutes; late,the; bus,0.0,,0.8,bus,conductor; flower; blooming; dashboard,0.9,0.0,0.0,0.0,0,0,"The bus conductor, with a single flower blooming from the dashboard."
steer_alpha_0p77_traj_c8_tok120_seed03_the_bus_was_ten_minutes_late.json,steer_alpha_0p77_traj,experiments/frontier_sweep_model_compare_mistral7b_stock_guard_traj_seed12/steer_alpha_0p77_traj_c8_tok120_seed03_the_bus_was_ten_minutes_late.json,1,3,0,-2.783333333333333,0.0,0.479,0.0,0.0,0.0,0.0,0.958,0.0,0.8753333333333333,0.0,0.0,0.0,,0.0,0.0,,0.0,0.0,,0.0,,0.5,0.5,the; bus; was; ten; minutes; late,the; bus,0.0,,0.8571428571428571,bus,driver; doffed; hat; sun; sets; low,0.9285714285714286,0.0,0.0,0.0,0,0,"The bus driver doffed his hat, the sun sets low."
steer_alpha_0p77_traj_c8_tok120_seed03_the_bus_was_ten_minutes_late.json,steer_alpha_0p77_traj,experiments/frontier_sweep_model_compare_mistral7b_stock_guard_traj_seed12/steer_alpha_0p77_traj_c8_tok120_seed03_the_bus_was_ten_minutes_late.json,1,4,0,-1.0384674927167752,0.0,0.48603209677419357,0.0,0.0,0.0,0.0,0.8718064516129033,0.11499999999999996,0.7031522988505747,0.0,0.0,0.0,,0.0,0.0,,0.0,0.0,,0.0,,0.5,0.5,the; bus; was; ten; minutes; late,the; bus,0.0,,0.8333333333333334,bus,driver; moonlight; caressed; passenger; wristwatch,0.9166666666666667,0.0,0.0,0.0,0,0,"The bus driver, under the moonlight, caressed the passenger's wristwatch."
steer_alpha_0p77_traj_c8_tok120_seed03_the_bus_was_ten_minutes_late.json,steer_alpha_0p77_traj,experiments/frontier_sweep_model_compare_mistral7b_stock_guard_traj_seed12/steer_alpha_0p77_traj_c8_tok120_seed03_the_bus_was_ten_minutes_late.json,1,5,0,-3.079591111111111,0.0,0.37666666666666665,0.0,0.0,0.0,0.0,0.7533333333333333,0.0,0.8753333333333333,0.0,0.0,0.0,,0.0,0.0,,0.0,0.0,,0.0,,0.5,0.5,the; bus; was; ten; minutes; late,the; bus,0.0,,0.8333333333333334,bus,driver; waited; passenger; sipping; coffee,0.9166666666666667,0.0,0.0,0.0,0,0,"The bus driver waited for the passengers, sipping coffee."
steer_alpha_0p77_traj_c8_tok120_seed03_the_bus_was_ten_minutes_late.json,steer_alpha_0p77_traj,experiments/frontier_sweep_model_compare_mistral7b_stock_guard_traj_seed12/steer_alpha_0p77_traj_c8_tok120_seed03_the_bus_was_ten_minutes_late.json,1,6,0,-1.882895044610562,0.0,0.39071748251748256,0.0,0.0,0.0,0.0,0.7372027972027972,0.05999999999999997,0.8098175287356322,0.0,0.3333333333333333,9.090909090909092,moonlit,0.0,0.0,,0.3333333333333333,9.090909090909092,moonlit,0.0,,0.5,0.5,the; bus; was; ten; minutes; late,the; bus,0.0,,0.8333333333333334,bus,headlight; flickered; casting; glow; street,0.9166666666666667,0.1,0.0,0.0,0,0,"The bus's headlights flickered, casting a golden glow on the moonlit street."
steer_alpha_0p77_traj_c8_tok120_seed03_the_bus_was_ten_minutes_late.json,steer_alpha_0p77_traj,experiments/frontier_sweep_model_compare_mistral7b_stock_guard_traj_seed12/steer_alpha_0p77_traj_c8_tok120_seed03_the_bus_was_ten_minutes_late.json,1,7,0,-2.373388888888889,0.0,0.4888888888888889,0.0,0.0,0.0,0.0,0.9777777777777777,0.0,0.9220833333333334,0.0,0.0,0.0,,0.0,0.0,,0.0,0.0,,0.0,,1.0,0.0,the; bus; was; ten; minutes; late,the; bus; was; ten; minutes; late,0.0,,0.5555555555555556,bus; ten; minute; late,engine; whirr; hums; oil-painted; clock,0.7777777777777778,0.0,0.0,0.0,0,0,"The bus was ten minutes late, its engine whirrs and hums, spilling oil-painted clock."
steer_alpha_0p77_traj_c8_tok120_seed03_the_bus_was_ten_minutes_late.json,steer_alpha_0p77_traj,experiments/frontier_sweep_model_compare_mistral7b_stock_guard_traj_seed12/steer_alpha_0p77_traj_c8_tok120_seed03_the_bus_was_ten_minutes_late.json,1,8,0,-0.8420410750507097,0.0,0.4755,0.0,0.0,0.0,0.0,0.951,0.0,0.8844841954022988,0.0,0.0,0.0,,0.0,0.0,,0.0,0.0,,0.0,,0.75,0.25,the; bus; was; ten; minutes; late,the; bus; late,0.0,,0.75,bus; late,driver; clutched; watch; hand; ticking; time,0.875,0.0,0.0,0.0,0,0,"The bus driver, late, clutched a watch in his hand, ticking the time."
steer_alpha_0p77_traj_c8_tok120_seed03_the_bus_was_ten_minutes_late.json,steer_alpha_0p77_traj,experiments/frontier_sweep_model_compare_mistral7b_stock_guard_traj_seed12/steer_alpha_0p77_traj_c8_tok120_seed03_the_bus_was_ten_minutes_late.json,2,1,1,-1.447143843452874,0.022352961502347418,0.40011267605633805,0.06666666666666667,0.0,0.0,0.3333333333333333,0.7549295774647887,0.05999999999999997,0.9730000000000001,0.0,0.0,0.0,,0.0,0.0,,0.0,0.0,,0.0,,1.0,0.0,the; bus; was; ten; minutes; late; driver; heavy; coat; snow; lay; his,the; bus; driver; coat; snow,0.0,,0.6,snow; bus; driver; coat,woman; brush; revealing; pair; worn-out; glove,0.8,0.1,0.0,0.0,0,0,"A woman brushes snow from the bus driver's coat, revealing a pair of worn-out gloves."
steer_alpha_0p77_traj_c8_tok120_seed03_the_bus_was_ten_minutes_late.json,steer_alpha_0p77_traj,experiments/frontier_sweep_model_compare_mistral7b_stock_guard_traj_seed12/steer_alpha_0p77_traj_c8_tok120_seed03_the_bus_was_ten_minutes_late.json,2,2,0,-0.5551963843627634,0.0,0.4396209134615384,0.0,0.0,0.0,0.0,0.7885576923076922,0.11499999999999996,0.6078189655172415,0.0,0.0,0.0,,0.0,0.0,,0.0,0.0,,0.0,,0.5,0.5,the; bus; was; ten; minutes; late; driver; heavy; coat; snow; lay; his,the; bus,0.0,,0.8333333333333334,bus,snowflake; danced; window; liquid; glass,0.9166666666666667,0.0,0.0,0.0,0,0,"Snowflakes danced in the bus window, melting into liquid glass."
steer_alpha_0p77_traj_c8_tok120_seed03_the_bus_was_ten_minutes_late.json,steer_alpha_0p77_traj,experiments/frontier_sweep_model_compare_mistral7b_stock_guard_traj_seed12/steer_alpha_0p77_traj_c8_tok120_seed03_the_bus_was_ten_minutes_late.json,2,3,0,0.8605256676331572,0.0,0.5322382056013895,0.0,0.0,0.0,0.0,0.9546873643074251,0.11499999999999996,0.6078189655172415,0.0,0.0,0.0,,0.0,0.0,,0.0,0.0,,0.0,,0.75,0.25,the; bus; was; ten; minutes; late; driver; heavy; coat; snow; lay; his,the; bus; driver,0.0,,0.6666666666666666,bus; driver,snowflake; gently; twirling; finger,0.8333333333333333,0.0,0.0,0.0,0,0,"Snowflakes, gently twirling on the bus driver's fingers."
steer_alpha_0p77_traj_c8_tok120_seed03_the_bus_was_ten_minutes_late.json,steer_alpha_0p77_traj,experiments/frontier_sweep_model_compare_mistral7b_stock_guard_traj_seed12/steer_alpha_0p77_traj_c8_tok120_seed03_the_bus_was_ten_minutes_late.json,2,4,0,-1.6952195032942754,0.0,0.3734295774647887,0.0,0.0,0.0,0.0,0.7468591549295774,0.0,0.8987083333333334,0.0,0.0,0.0,,0.0,0.0,,0.0,0.0,,0.0,,1.0,0.0,the; bus; was; ten; minutes; late; driver; heavy; coat; snow; lay; his,the; bus; driver; snow; his,0.0,,0.625,bus; driver; snow,standing; wiped; shoulder; pocket; glove,0.8125,0.0,0.0,0.0,0,0,"The bus driver, now standing, wiped the snow from his shoulders and pockets his gloves."
steer_alpha_0p77_traj_c8_tok120_seed03_the_bus_was_ten_minutes_late.json,steer_alpha_0p77_traj,experiments/frontier_sweep_model_compare_mistral7b_stock_guard_traj_seed12/steer_alpha_0p77_traj_c8_tok120_seed03_the_bus_was_ten_minutes_late.json,2,5,0,-0.5255527601474409,0.0,0.3833702956989247,0.0,0.0,0.0,0.0,0.7016666666666667,0.09274193548387091,0.8071899796069708,0.0,0.0,0.0,,0.0,0.0,,0.0,0.0,,0.0,,0.75,0.25,the; bus; was; ten; minutes; late; driver; heavy; coat; snow; lay; his,the; bus; driver,0.0,,0.7142857142857143,bus; driver,steering; wheel; stir; engine; life,0.8571428571428572,0.0,0.0,0.0,0,0,"The bus driver, leaning against the steering wheel, stirs the engine to life."
steer_alpha_0p77_traj_c8_tok120_seed03_the_bus_was_ten_minutes_late.json,steer_alpha_0p77_traj,experiments/frontier_sweep_model_compare_mistral7b_stock_guard_traj_seed12/steer_alpha_0p77_traj_c8_tok120_seed03_the_bus_was_ten_minutes_late.json,2,6,0,-0.03211063188161889,0.011282016494845358,0.41275670103092776,0.03333333333333333,0.0,0.0,0.16666666666666666,0.6879278350515463,0.19999999999999998,0.8999166666666667,0.0,0.0,0.0,,0.0,0.0,,0.0,0.0,,0.0,,1.0,0.0,the; bus; was; ten; minutes; late; driver; heavy; coat; snow; lay; his,the; bus; driver; heavy; coat; snow; his,0.25,bus,0.5454545454545454,driver; heavy; coat; snow; bus,warmed; hand; heater; trudged; snowy; town,0.5795454545454546,0.0,0.0,0.0,0,0,"The driver, with a heavy coat of snow, warmed his hands against the bus heater as the bus trudged through the snowy town."
steer_alpha_0p77_traj_c8_tok120_seed03_the_bus_was_ten_minutes_late.json,steer_alpha_0p77_traj,experiments/frontier_sweep_model_compare_mistral7b_stock_guard_traj_seed12/steer_alpha_0p77_traj_c8_tok120_seed03_the_bus_was_ten_minutes_late.json,2,7,0,0.5213950189109923,0.0,0.4121123826979472,0.0,0.0,0.0,0.0,0.6517272727272727,0.2646774193548386,0.5407170003707824,0.0,0.0,0.0,,0.0,0.0,,0.0,0.0,,0.0,,0.75,0.25,the; bus; was; ten; minutes; late; driver; heavy; coat; snow; lay; his,the; bus; driver,0.0,,0.6666666666666666,driver; bus,key; ignition; roared; life,0.8333333333333333,0.0,0.0,0.0,0,0,"The driver turned the key in the ignition, and the bus roared to life."
steer_alpha_0p77_traj_c8_tok120_seed03_the_bus_was_ten_minutes_late.json,steer_alpha_0p77_traj,experiments/frontier_sweep_model_compare_mistral7b_stock_guard_traj_seed12/steer_alpha_0p77_traj_c8_tok120_seed03_the_bus_was_ten_minutes_late.json,2,8,0,-0.8861445976852277,0.09967205128205127,0.38384615384615384,0.31666666666666665,0.0,1.0,0.3333333333333333,0.7676923076923077,0.0,0.8744166666666667,0.0,0.3333333333333333,7.6923076923076925,pocket watch,0.3333333333333333,7.6923076923076925,pocket watch,0.0,0.0,,0.4,pocket watch,1.0,0.0,the; bus; was; ten; minutes; late; driver; heavy; coat; snow; lay; his,the; bus; driver; coat; snow; his,0.0,,0.5555555555555556,bus; driver; snow; coat,brushed; off; revealing; pocket; watch,0.7777777777777778,0.0,0.0,0.0,0,1,"The bus driver brushed the snow off his coat, revealing a pocket watch inside."
steer_alpha_0p77_traj_c8_tok120_seed03_the_bus_was_ten_minutes_late.json,steer_alpha_0p77_traj,experiments/frontier_sweep_model_compare_mistral7b_stock_guard_traj_seed12/steer_alpha_0p77_traj_c8_tok120_seed03_the_bus_was_ten_minutes_late.json,3,1,1,-0.5715803081950166,0.0,0.3645819128787879,0.0,0.0,0.0,0.0,0.7291638257575758,0.0,0.7891508620689656,0.0,0.0,0.0,,0.0,0.0,,0.0,0.0,,0.0,,0.25,0.75,the; bus; was; ten; minutes; late; driver; heavy; coat; snow; lay; his,the,0.0,,0.5714285714285714,woman; worn-out; glove,slip; hand; feeling; warmth,0.7857142857142857,1.0,0.0,0.0,0,0,"The woman slips her hand into the worn-out gloves, feeling warmth from within."
steer_alpha_0p77_traj_c8_tok120_seed03_the_bus_was_ten_minutes_late.json,steer_alpha_0p77_traj,experiments/frontier_sweep_model_compare_mistral7b_stock_guard_traj_seed12/steer_alpha_0p77_traj_c8_tok120_seed03_the_bus_was_ten_minutes_late.json,3,2,0,-0.11738723522742422,0.0,0.3727083333333333,0.0,0.0,0.0,0.0,0.7454166666666666,0.0,0.8977916666666668,0.0,0.0,0.0,,0.0,0.0,,0.0,0.0,,0.0,,0.25,0.75,the; bus; was; ten; minutes; late; driver; heavy; coat; snow; lay; his,the,0.0,,0.7777777777777778,woman; glove,hand; child; grip; wide; eyes; precious; treasure,0.8888888888888888,0.0,0.0,0.0,0,0,"The woman hands the gloves to a child, who grips them with wide eyes, as if they were a precious treasure."
steer_alpha_0p77_traj_c8_tok120_seed03_the_bus_was_ten_minutes_late.json,steer_alpha_0p77_traj,experiments/frontier_sweep_model_compare_mistral7b_stock_guard_traj_seed12/steer_alpha_0p77_traj_c8_tok120_seed03_the_bus_was_ten_minutes_late.json,3,3,0,-0.07723707754509657,0.0,0.385853969521045,0.0,0.0,0.0,0.0,0.6430899492017417,0.19999999999999998,0.9100000000000001,0.0,0.0,0.0,,0.0,0.0,,0.0,0.0,,0.0,,1.0,0.0,the; bus; was; ten; minutes; late; driver; heavy; coat; snow; lay; his,the; bus; driver; coat,0.2142857142857143,worn-out,0.5384615384615384,woman; bus; driver; worn-out; glove; coat,gloved; hand; reach; out; carefully; placing; pocket,0.6043956043956044,1.0,0.0,0.0,0,0,"The woman's gloved hand reaches out, carefully placing the bus driver's worn-out gloves into the pocket of her worn-out coat."
steer_alpha_0p77_traj_c8_tok120_seed03_the_bus_was_ten_minutes_late.json,steer_alpha_0p77_traj,experiments/frontier_sweep_model_compare_mistral7b_stock_guard_traj_seed12/steer_alpha_0p77_traj_c8_tok120_seed03_the_bus_was_ten_minutes_late.json,3,4,0,-1.0453411571525162,0.0,0.3464712643678161,0.0,0.0,0.0,0.0,0.6929425287356322,0.0,0.9211666666666667,0.0,0.0,0.0,,0.0,0.0,,0.0,0.0,,0.0,,0.25,0.75,the; bus; was; ten; minutes; late; driver; heavy; coat; snow; lay; his,the,0.0,,0.7272727272727273,woman; worn-out; glove,hand; child; sitting; first; row; grin; clutching; tight,0.8636363636363636,1.0,0.0,0.0,0,0,"The woman hands the worn-out gloves to a child sitting in the first row, who grins, clutching them tight."
steer_alpha_0p77_traj_c8_tok120_seed03_the_bus_was_ten_minutes_late.json,steer_alpha_0p77_traj,experiments/frontier_sweep_model_compare_mistral7b_stock_guard_traj_seed12/steer_alpha_0p77_traj_c8_tok120_seed03_the_bus_was_ten_minutes_late.json,3,5,0,-0.898386757310486,0.0,0.3181654715341156,0.0,0.0,0.0,0.0,0.6363309430682312,0.0,1.0,0.0,0.0,0.0,,0.0,0.0,,0.0,0.0,,0.0,,1.0,0.0,the; bus; was; ten; minutes; late; driver; heavy; coat; snow; lay; his,the; bus; driver; his,0.5190476190476191,bus; driver,0.6153846153846154,woman; bus; driver; worn-out; glove,hand; take; finger; tremble; cold; warm; start; engine,0.3884615384615384,0.5,0.0,0.0,0,0,"The woman hands the bus driver the worn-out gloves, as he takes them, his fingers tremble with cold. The bus driver, now warm, starts the engine."
steer_alpha_0p77_traj_c8_tok120_seed03_the_bus_was_ten_minutes_late.json,steer_alpha_0p77_traj,experiments/frontier_sweep_model_compare_mistral7b_stock_guard_traj_seed12/steer_alpha_0p77_traj_c8_tok120_seed03_the_bus_was_ten_minutes_late.json,3,6,0,-1.731808898316608,0.0,0.34722075820619513,0.0,0.0,0.0,0.0,0.6944415164123903,0.0,1.0,0.0,0.0,0.0,,0.0,0.0,,0.0,0.0,,0.0,,0.25,0.75,the; bus; was; ten; minutes; late; driver; heavy; coat; snow; lay; his,the,0.25,glove,0.8181818181818182,worn-out; glove,seedling; sprout; root; reaching; out; palm; seeking; nutrient; warmth,0.6818181818181819,1.0,0.0,0.0,0,0,"From a worn-out glove, a seedling sprouts, its roots reaching out from the palms of the gloves, seeking nutrients and warmth."
steer_alpha_0p77_traj_c8_tok120_seed03_the_bus_was_ten_minutes_late.json,steer_alpha_0p77_traj,experiments/frontier_sweep_model_compare_mistral7b_stock_guard_traj_seed12/steer_alpha_0p77_traj_c8_tok120_seed03_the_bus_was_ten_minutes_late.json,3,7,0,-1.2394520680786936,0.0,0.33363196881091617,0.0,0.0,0.0,0.0,0.6672639376218323,0.0,1.0,0.0,0.0,0.0,,0.0,0.0,,0.0,0.0,,0.0,,0.25,0.75,the; bus; was; ten; minutes; late; driver; heavy; coat; snow; lay; his,the,0.0,,0.7857142857142857,woman; glove; worn-out,place; empty; dashboard; finger; stretching; toward; windshield; waiting; world; awaken; slumber,0.8928571428571428,1.0,0.0,0.0,0,0,"The woman places the gloves on the empty dashboard, their worn-out fingers stretching towards the windshield, waiting for the world to awaken from its slumber."
steer_alpha_0p77_traj_c8_tok120_seed03_the_bus_was_ten_minutes_late.json,steer_alpha_0p77_traj,experiments/frontier_sweep_model_compare_mistral7b_stock_guard_traj_seed12/steer_alpha_0p77_traj_c8_tok120_seed03_the_bus_was_ten_minutes_late.json,3,8,0,0.5989580077270815,0.007621688457856068,0.3929494870301509,0.021314398156160992,0.0,0.0,0.10657199078080495,0.6549158117169183,0.19999999999999998,0.9100000000000001,0.0,0.3333333333333333,2.5641025641025643,fog,0.0,0.0,,0.3333333333333333,2.5641025641025643,fog,0.0,,0.75,0.25,the; bus; was; ten; minutes; late; driver; heavy; coat; snow; lay; his,the; bus; driver,0.0,,0.8181818181818182,woman; glove; bus; driver,place; dashboard; collection; worn; coin; crumpled; ticket; stub; move; forward; seat; vibrate,0.9090909090909092,0.5,0.0,0.0,0,0,"The woman places the gloves on the dashboard, where they rest among a collection of worn coins and crumpled ticket stubs. The bus moves forward, the driver's seat vibrates as the engine purrs, and the windows fog with condensation from the heat."
steer_alpha_0p77_traj_c8_tok120_seed04_a_blue_mug_near_the_sink.json,steer_alpha_0p77_traj,experiments/frontier_sweep_model_compare_mistral7b_stock_guard_traj_seed12/steer_alpha_0p77_traj_c8_tok120_seed04_a_blue_mug_near_the_sink.json,1,1,1,1.8780666666666668,0.05083999999999999,0.9299999999999999,0.06666666666666667,0.0,0.0,0.3333333333333333,1.0,0.8599999999999999,0.06300000000000006,0.0,0.0,0.0,,0.0,0.0,,0.0,0.0,,0.0,,0.25,0.75,blue; mug; the; sink,the,0.0,,1.0,,loaf; bread; counter,1.0,0.0,0.0,0.0,0,0,A loaf of bread on the counter.
steer_alpha_0p77_traj_c8_tok120_seed04_a_blue_mug_near_the_sink.json,steer_alpha_0p77_traj,experiments/frontier_sweep_model_compare_mistral7b_stock_guard_traj_seed12/steer_alpha_0p77_traj_c8_tok120_seed04_a_blue_mug_near_the_sink.json,1,2,0,1.8780666666666668,0.05083999999999999,0.9299999999999999,0.06666666666666667,0.0,0.0,0.3333333333333333,1.0,0.8599999999999999,0.06300000000000006,0.0,0.0,0.0,,0.0,0.0,,0.0,0.0,,0.0,,0.25,0.75,blue; mug; the; sink,the,0.0,,1.0,,loaf; bread; counter,1.0,0.0,0.0,0.0,0,0,A loaf of bread on the counter.
steer_alpha_0p77_traj_c8_tok120_seed04_a_blue_mug_near_the_sink.json,steer_alpha_0p77_traj,experiments/frontier_sweep_model_compare_mistral7b_stock_guard_traj_seed12/steer_alpha_0p77_traj_c8_tok120_seed04_a_blue_mug_near_the_sink.json,1,3,0,1.946424193548387,0.0,0.765295698924731,0.0,0.0,0.0,0.0,1.0,0.5305913978494622,0.21123387096774202,0.0,0.0,0.0,,0.0,0.0,,0.0,0.0,,0.0,,0.5,0.5,blue; mug; the; sink,mug; the,0.0,,0.5,mug,spoon,0.75,0.0,0.0,0.0,0,0,A silver spoon rests inside the mug.
steer_alpha_0p77_traj_c8_tok120_seed04_a_blue_mug_near_the_sink.json,steer_alpha_0p77_traj,experiments/frontier_sweep_model_compare_mistral7b_stock_guard_traj_seed12/steer_alpha_0p77_traj_c8_tok120_seed04_a_blue_mug_near_the_sink.json,1,4,0,1.8620732432390736,0.0,0.5668206136900078,0.0,0.0,0.0,0.0,0.9609756097560975,0.17967741935483866,0.3691451612903226,0.0,0.0,0.0,,0.0,0.0,,0.0,0.0,,0.0,,0.75,0.25,blue; mug; the; sink,blue; mug; the,0.0,,0.75,mug,half-filled; water; spout,0.875,0.0,0.0,0.0,0,0,"The blue mug, half-filled with water, its spout."
steer_alpha_0p77_traj_c8_tok120_seed04_a_blue_mug_near_the_sink.json,steer_alpha_0p77_traj,experiments/frontier_sweep_model_compare_mistral7b_stock_guard_traj_seed12/steer_alpha_0p77_traj_c8_tok120_seed04_a_blue_mug_near_the_sink.json,1,5,0,1.9596342188488298,0.0,0.5898387096774194,0.0,0.0,0.0,0.0,1.0,0.17967741935483866,0.3691451612903226,0.0,0.0,0.0,,0.0,0.0,,0.0,0.0,,0.0,,0.75,0.25,blue; mug; the; sink,blue; mug; the,0.0,,0.75,mug,filled; soap; bubble,0.875,0.0,0.0,0.0,0,0,"The blue mug, filled with soap bubbles."
steer_alpha_0p77_traj_c8_tok120_seed04_a_blue_mug_near_the_sink.json,steer_alpha_0p77_traj,experiments/frontier_sweep_model_compare_mistral7b_stock_guard_traj_seed12/steer_alpha_0p77_traj_c8_tok120_seed04_a_blue_mug_near_the_sink.json,1,6,0,0.9071328604015123,0.0,0.5141585102472199,0.0,0.0,0.0,0.0,0.6364957264957265,0.6155913978494623,0.2464752502780868,0.0,0.0,0.0,,0.0,0.0,,0.0,0.0,,0.0,,0.5,0.5,blue; mug; the; sink,mug; the,0.5,mug,0.8,mug,spoon; reflecting; reflection; depth,0.45,0.0,0.0,0.0,0,0,"A silver spoon rests on the mug, reflecting its reflection in the mug's depth."
steer_alpha_0p77_traj_c8_tok120_seed04_a_blue_mug_near_the_sink.json,steer_alpha_0p77_traj,experiments/frontier_sweep_model_compare_mistral7b_stock_guard_traj_seed12/steer_alpha_0p77_traj_c8_tok120_seed04_a_blue_mug_near_the_sink.json,1,7,0,-1.1967093917984613,0.0,0.389375,0.0,0.0,0.0,0.0,0.77875,0.0,0.7891508620689656,0.0,0.0,0.0,,0.0,0.0,,0.0,0.0,,0.0,,1.0,0.0,blue; mug; the; sink,blue; mug; the; sink,0.0,,0.7142857142857143,mug; sink,feather; cascading; handle; bird; nestled,0.8571428571428572,0.0,0.0,0.0,0,0,"A blue mug near the sink has white feathers cascading down from its handle, a small bird nestled inside."
steer_alpha_0p77_traj_c8_tok120_seed04_a_blue_mug_near_the_sink.json,steer_alpha_0p77_traj,experiments/frontier_sweep_model_compare_mistral7b_stock_guard_traj_seed12/steer_alpha_0p77_traj_c8_tok120_seed04_a_blue_mug_near_the_sink.json,1,8,0,-0.4311509876836068,0.0,0.3584972454883825,0.0,0.0,0.0,0.0,0.695348951048951,0.031129032258064487,0.7439287170930664,0.0,0.0,0.0,,0.0,0.0,,0.0,0.0,,0.0,,0.75,0.25,blue; mug; the; sink,blue; mug; the,0.5,mug,0.8,mug,half-full; drop; water; cling,0.45,0.0,0.0,0.0,0,0,"A blue mug, half-full, a single drop of water clings to the mug."
steer_alpha_0p77_traj_c8_tok120_seed04_a_blue_mug_near_the_sink.json,steer_alpha_0p77_traj,experiments/frontier_sweep_model_compare_mistral7b_stock_guard_traj_seed12/steer_alpha_0p77_traj_c8_tok120_seed04_a_blue_mug_near_the_sink.json,2,1,1,1.3430094965431478,0.02865900780485862,0.7863752141577061,0.044444444444444446,0.0,0.0,0.2222222222222222,0.9414333333333333,0.6705913978494622,0.31980858361142017,0.0,0.0,0.0,,0.0,0.0,,0.0,0.0,,0.0,,1.0,0.0,blue; mug; the; sink; loaf; bread; counter,the; sink; loaf; bread; counter,0.0,,0.3333333333333333,loaf; bread; counter; sink,kettle; steam,0.6666666666666666,0.0,0.0,0.0,0,0,"A loaf of bread on the counter, near the sink. A kettle of steam."
steer_alpha_0p77_traj_c8_tok120_seed04_a_blue_mug_near_the_sink.json,steer_alpha_0p77_traj,experiments/frontier_sweep_model_compare_mistral7b_stock_guard_traj_seed12/steer_alpha_0p77_traj_c8_tok120_seed04_a_blue_mug_near_the_sink.json,2,2,0,1.4035448007018902,0.017516117619047616,0.6408335714285713,0.03333333333333333,0.0,0.0,0.16666666666666666,0.958,0.33785714285714274,0.6197729885057472,0.0,0.0,0.0,,0.0,0.0,,0.0,0.0,,0.0,,1.0,0.0,blue; mug; the; sink; loaf; bread; counter,the; loaf; bread; counter,0.0,,0.5714285714285714,loaf; bread; counter,jar; honey; sunflower; petal,0.7857142857142857,0.0,0.0,0.0,0,0,"A loaf of bread on the counter, a jar of honey. The sunflowers, its petals."
steer_alpha_0p77_traj_c8_tok120_seed04_a_blue_mug_near_the_sink.json,steer_alpha_0p77_traj,experiments/frontier_sweep_model_compare_mistral7b_stock_guard_traj_seed12/steer_alpha_0p77_traj_c8_tok120_seed04_a_blue_mug_near_the_sink.json,2,3,0,-0.46583149429146586,0.016549771689497717,0.4541095890410959,0.044444444444444446,0.0,0.0,0.2222222222222222,0.7568493150684932,0.19999999999999998,0.775234195402299,0.0,0.0,0.0,,0.0,0.0,,0.0,0.0,,0.0,,1.0,0.0,blue; mug; the; sink; loaf; bread; counter,the; sink; loaf; bread; counter,0.0,,0.5,loaf; bread; sink; counter,crumb; cradle; sparrow; silverfish,0.75,0.0,0.0,0.0,0,0,"A loaf of bread crumbs cradles a sparrow, near the sink. A silverfish rests on the counter."
steer_alpha_0p77_traj_c8_tok120_seed04_a_blue_mug_near_the_sink.json,steer_alpha_0p77_traj,experiments/frontier_sweep_model_compare_mistral7b_stock_guard_traj_seed12/steer_alpha_0p77_traj_c8_tok120_seed04_a_blue_mug_near_the_sink.json,2,4,0,1.356214905592938,0.0,0.7065751008064516,0.0,0.0,0.0,0.0,0.968125,0.45967741935483863,0.5510503337041157,0.0,0.0,0.0,,0.0,0.0,,0.0,0.0,,0.0,,0.75,0.25,blue; mug; the; sink; loaf; bread; counter,the; sink; loaf,0.0,,0.6666666666666666,loaf; sink,breadcrumb; silverfish; leaf; ivy,0.8333333333333333,0.0,0.0,0.0,0,0,"A loaf of breadcrumb near the sink, a silverfish. A single leaf of ivy."
steer_alpha_0p77_traj_c8_tok120_seed04_a_blue_mug_near_the_sink.json,steer_alpha_0p77_traj,experiments/frontier_sweep_model_compare_mistral7b_stock_guard_traj_seed12/steer_alpha_0p77_traj_c8_tok120_seed04_a_blue_mug_near_the_sink.json,2,5,0,1.4483351886292295,0.0,0.5923432862903225,0.0,0.0,0.0,0.0,0.93675,0.2646774193548386,0.4930503337041158,0.0,0.0,0.0,,0.0,0.0,,0.0,0.0,,0.0,,0.5,0.5,blue; mug; the; sink; loaf; bread; counter,the; sink,0.0,,0.8333333333333334,sink,umbrea; countertop; kettle; boil; steam,0.9166666666666667,0.0,0.0,0.0,0,0,"A red umbrea on the countertop, beside the sink. A kettle boils steam."
steer_alpha_0p77_traj_c8_tok120_seed04_a_blue_mug_near_the_sink.json,steer_alpha_0p77_traj,experiments/frontier_sweep_model_compare_mistral7b_stock_guard_traj_seed12/steer_alpha_0p77_traj_c8_tok120_seed04_a_blue_mug_near_the_sink.json,2,6,0,2.504821429359172,0.0,0.6999686538461539,0.0,0.0,0.0,0.0,0.7797692307692308,0.7953225806451613,0.1617715053763441,0.0,0.0,0.0,,0.0,0.0,,0.0,0.0,,0.0,,1.0,0.0,blue; mug; the; sink; loaf; bread; counter,blue; mug; the; sink; loaf,0.9166666666666667,breadcrumb; sink,0.25,loaf; sink; mug,breadcrumb,0.05208333333333329,0.0,0.0,0.0,0,0,"A loaf of breadcrumb near the sink, a blue mug. The breadcrumbs are near the sink."
steer_alpha_0p77_traj_c8_tok120_seed04_a_blue_mug_near_the_sink.json,steer_alpha_0p77_traj,experiments/frontier_sweep_model_compare_mistral7b_stock_guard_traj_seed12/steer_alpha_0p77_traj_c8_tok120_seed04_a_blue_mug_near_the_sink.json,2,7,0,-0.5440633393346239,0.01233113924050633,0.5639240506329114,0.02666666666666667,0.0,0.0,0.13333333333333333,0.939873417721519,0.19999999999999998,0.8774583333333335,0.0,0.0,0.0,,0.0,0.0,,0.0,0.0,,0.0,,1.0,0.0,blue; mug; the; sink; loaf; bread; counter,blue; mug; the; sink; loaf; bread; counter,0.0,,0.5,loaf; bread; sink; mug; counter,knife; nestled; filled; coffee; ground,0.75,0.0,0.0,0.0,0,0,"A loaf of bread knife, nestled in the sink. A blue mug, filled with coffee grounds, on the counter."
steer_alpha_0p77_traj_c8_tok120_seed04_a_blue_mug_near_the_sink.json,steer_alpha_0p77_traj,experiments/frontier_sweep_model_compare_mistral7b_stock_guard_traj_seed12/steer_alpha_0p77_traj_c8_tok120_seed04_a_blue_mug_near_the_sink.json,2,8,0,-0.945764805119818,0.0,0.37478813559322033,0.0,0.0,0.0,0.0,0.7495762711864407,0.0,0.8252824302134647,0.0,0.3333333333333333,9.090909090909092,ivory,0.3333333333333333,9.090909090909092,ivory,0.0,0.0,,0.3,ivory,0.5,0.5,blue; mug; the; sink; loaf; bread; counter,the; sink,0.4285714285714286,petal,0.8333333333333334,sink,overflowing; rose; petal; leaf; ivory,0.5238095238095238,0.0,0.0,0.0,0,0,"The sink overflowing with rose petals. A single leaf of ivory, its petal."
steer_alpha_0p77_traj_c8_tok120_seed04_a_blue_mug_near_the_sink.json,steer_alpha_0p77_traj,experiments/frontier_sweep_model_compare_mistral7b_stock_guard_traj_seed12/steer_alpha_0p77_traj_c8_tok120_seed04_a_blue_mug_near_the_sink.json,3,1,1,2.214428657616893,0.0,0.7046538461538461,0.0,0.0,0.0,0.0,0.7576923076923077,0.8599999999999999,0.06300000000000006,0.0,0.0,0.0,,0.0,0.0,,0.0,0.0,,0.0,,0.75,0.25,blue; mug; the; sink; loaf; bread; counter; kettle; steam,loaf; kettle; steam,0.675,steam,0.0,loaf; steam; kettle,,0.16249999999999998,0.0,0.0,0.0,0,0,A loaf of steam. A kettle of steam.
steer_alpha_0p77_traj_c8_tok120_seed04_a_blue_mug_near_the_sink.json,steer_alpha_0p77_traj,experiments/frontier_sweep_model_compare_mistral7b_stock_guard_traj_seed12/steer_alpha_0p77_traj_c8_tok120_seed04_a_blue_mug_near_the_sink.json,3,2,0,3.1128538201487492,0.0,0.542528735632184,0.0,0.0,0.0,0.0,0.542528735632184,1.0,0.0,0.0,0.0,0.0,,0.0,0.0,,0.0,0.0,,0.0,,0.75,0.25,blue; mug; the; sink; loaf; bread; counter; kettle; steam,the; kettle; steam,0.9285714285714286,steam; kettle,0.5,steam; kettle,drack; tablecloth,0.05357142857142855,0.0,0.0,0.0,0,0,Steam dracks on the kettle of steam on the tablecloth. A kettle of steam.
steer_alpha_0p77_traj_c8_tok120_seed04_a_blue_mug_near_the_sink.json,steer_alpha_0p77_traj,experiments/frontier_sweep_model_compare_mistral7b_stock_guard_traj_seed12/steer_alpha_0p77_traj_c8_tok120_seed04_a_blue_mug_near_the_sink.json,3,3,0,1.6578745098039214,0.0,0.5830799999999999,0.0,0.0,0.0,0.0,0.6779999999999999,0.72,0.12600000000000003,0.0,0.0,0.0,,0.0,0.0,,0.0,0.0,,0.0,,0.75,0.25,blue; mug; the; sink; loaf; bread; counter; kettle; steam,the; kettle; steam,1.0,kettle; steam,0.0,kettle; steam,,0.0,0.0,0.0,0.0,0,0,The kettle of steam. A kettle of steam.
steer_alpha_0p77_traj_c8_tok120_seed04_a_blue_mug_near_the_sink.json,steer_alpha_0p77_traj,experiments/frontier_sweep_model_compare_mistral7b_stock_guard_traj_seed12/steer_alpha_0p77_traj_c8_tok120_seed04_a_blue_mug_near_the_sink.json,3,4,0,2.8302311268427967,0.0,0.5377396122828785,0.0,0.0,0.0,0.0,0.7100384615384616,0.5146774193548386,0.21839516129032266,0.0,0.0,0.0,,0.0,0.0,,0.0,0.0,,0.0,,0.75,0.25,blue; mug; the; sink; loaf; bread; counter; kettle; steam,the; kettle; steam,0.9285714285714286,steam; kettle,0.5,steam; kettle,cup; tea,0.05357142857142855,0.0,0.0,0.0,0,0,"The steam on the kettle of steam. The kettle of steam, a cup of tea."
steer_alpha_0p77_traj_c8_tok120_seed04_a_blue_mug_near_the_sink.json,steer_alpha_0p77_traj,experiments/frontier_sweep_model_compare_mistral7b_stock_guard_traj_seed12/steer_alpha_0p77_traj_c8_tok120_seed04_a_blue_mug_near_the_sink.json,3,5,0,2.237007843137255,0.0,0.6044999999999999,0.0,0.0,0.0,0.0,0.65,0.8599999999999999,0.06300000000000006,0.0,0.0,0.0,,0.0,0.0,,0.0,0.0,,0.0,,0.75,0.25,blue; mug; the; sink; loaf; bread; counter; kettle; steam,the; kettle; steam,0.9583333333333335,steam; kettle,0.3333333333333333,kettle; steam,teapoon,0.02777777777777768,0.0,0.0,0.0,0,0,"A kettle of steam, a teapoon of steam. The kettle of steam."
steer_alpha_0p77_traj_c8_tok120_seed04_a_blue_mug_near_the_sink.json,steer_alpha_0p77_traj,experiments/frontier_sweep_model_compare_mistral7b_stock_guard_traj_seed12/steer_alpha_0p77_traj_c8_tok120_seed04_a_blue_mug_near_the_sink.json,3,6,0,1.9528901960784313,0.0,0.6044999999999999,0.0,0.0,0.0,0.0,0.65,0.8599999999999999,0.06300000000000006,0.0,0.0,0.0,,0.0,0.0,,0.0,0.0,,0.0,,1.0,0.0,blue; mug; the; sink; loaf; bread; counter; kettle; steam,the; loaf; kettle; steam,0.9583333333333335,steam; kettle,0.0,loaf; steam; kettle,,0.02083333333333326,0.0,0.0,0.0,0,0,"A loaf of steam, a kettle of steam. The kettle of steam."
steer_alpha_0p77_traj_c8_tok120_seed04_a_blue_mug_near_the_sink.json,steer_alpha_0p77_traj,experiments/frontier_sweep_model_compare_mistral7b_stock_guard_traj_seed12/steer_alpha_0p77_traj_c8_tok120_seed04_a_blue_mug_near_the_sink.json,3,7,0,1.2678745098039212,0.0,0.559,0.0,0.0,0.0,0.0,0.65,0.72,0.12600000000000003,0.0,0.0,0.0,,0.0,0.0,,0.0,0.0,,0.0,,0.75,0.25,blue; mug; the; sink; loaf; bread; counter; kettle; steam,the; kettle; steam,1.0,steam; kettle,0.0,kettle; steam,,0.0,0.0,0.0,0.0,0,0,The kettle of steam of steam. A kettle of steam.
steer_alpha_0p77_traj_c8_tok120_seed04_a_blue_mug_near_the_sink.json,steer_alpha_0p77_traj,experiments/frontier_sweep_model_compare_mistral7b_stock_guard_traj_seed12/steer_alpha_0p77_traj_c8_tok120_seed04_a_blue_mug_near_the_sink.json,3,8,0,-0.22426923695173295,0.0,0.4321313787721124,0.0,0.0,0.0,0.0,0.7048709677419355,0.22612903225806447,0.8495953837597332,0.0,0.0,0.0,,0.0,0.0,,0.0,0.0,,0.0,,0.75,0.25,blue; mug; the; sink; loaf; bread; counter; kettle; steam,the; kettle; steam,0.9166666666666667,kettle; steam,0.6,steam; kettle,pot; tea; steaming,0.06666666666666661,0.0,0.0,0.0,0,0,"A steam kettle of steam, a pot of tea, a kettle of steam. The kettle, steaming."
steer_alpha_0p77_traj_c8_tok120_seed05_the_spreadsheet_was_still_open.json,steer_alpha_0p77_traj,experiments/frontier_sweep_model_compare_mistral7b_stock_guard_traj_seed12/steer_alpha_0p77_traj_c8_tok120_seed05_the_spreadsheet_was_still_open.json,1,1,1,4.33285953654189,0.052678787878787874,0.9636363636363636,0.06666666666666667,0.0,0.0,0.3333333333333333,0.9636363636363636,1.0,0.0,0.0,0.0,0.0,,0.0,0.0,,0.0,0.0,,0.0,,0.5,0.5,the; spreadsheet; was; open,the; spreadsheet,0.0,,0.75,spreadsheet,keyboard; pile; book,0.875,0.0,0.0,0.0,0,0,The spreadsheet's keyboard rests on a pile of books.
steer_alpha_0p77_traj_c8_tok120_seed05_the_spreadsheet_was_still_open.json,steer_alpha_0p77_traj,experiments/frontier_sweep_model_compare_mistral7b_stock_guard_traj_seed12/steer_alpha_0p77_traj_c8_tok120_seed05_the_spreadsheet_was_still_open.json,1,2,0,1.8166342188488303,0.0,0.4718709677419355,0.0,0.0,0.0,0.0,0.8,0.17967741935483866,0.3691451612903226,0.0,0.0,0.0,,0.0,0.0,,0.0,0.0,,0.0,,0.75,0.25,the; spreadsheet; was; open,the; spreadsheet; was,0.0,,0.75,spreadsheet,filled; note; pencil,0.875,0.0,0.0,0.0,0,0,The spreadsheet was filled with notes and pencils.
steer_alpha_0p77_traj_c8_tok120_seed05_the_spreadsheet_was_still_open.json,steer_alpha_0p77_traj,experiments/frontier_sweep_model_compare_mistral7b_stock_guard_traj_seed12/steer_alpha_0p77_traj_c8_tok120_seed05_the_spreadsheet_was_still_open.json,1,3,0,-0.6436,0.0,0.5,0.0,0.0,0.0,0.0,1.0,0.0,0.45,0.0,0.0,0.0,,0.0,0.0,,0.0,0.0,,0.0,,0.25,0.75,the; spreadsheet; was; open,the,0.0,,1.0,,rainbow; umbrella; handle,1.0,0.0,0.0,0.0,0,0,"The rainbow umbrella, its handle."
steer_alpha_0p77_traj_c8_tok120_seed05_the_spreadsheet_was_still_open.json,steer_alpha_0p77_traj,experiments/frontier_sweep_model_compare_mistral7b_stock_guard_traj_seed12/steer_alpha_0p77_traj_c8_tok120_seed05_the_spreadsheet_was_still_open.json,1,4,0,-2.10916899288451,0.020603259259259262,0.37688888888888894,0.06666666666666667,0.0,0.0,0.3333333333333333,0.7111111111111111,0.05999999999999997,0.8794841954022989,0.0,0.0,0.0,,0.0,0.0,,0.0,0.0,,0.0,,0.25,0.75,the; spreadsheet; was; open,the,0.0,,1.0,,laptop; computer; sat; table; screen; reflected; light; moon,1.0,0.0,0.0,0.0,0,0,"The laptop computer sat on a table, its screen reflected the light of the moon."
steer_alpha_0p77_traj_c8_tok120_seed05_the_spreadsheet_was_still_open.json,steer_alpha_0p77_traj,experiments/frontier_sweep_model_compare_mistral7b_stock_guard_traj_seed12/steer_alpha_0p77_traj_c8_tok120_seed05_the_spreadsheet_was_still_open.json,1,5,0,0.061065591397849395,0.0,0.5898387096774194,0.0,0.0,0.0,0.0,1.0,0.17967741935483866,0.3691451612903226,0.0,0.0,0.0,,0.0,0.0,,0.0,0.0,,0.0,,0.0,1.0,the; spreadsheet; was; open,,0.0,,1.0,,laptop; mug; coffee; steaming,1.0,0.0,0.0,0.0,0,0,"A laptop and a mug of coffee, steaming."
steer_alpha_0p77_traj_c8_tok120_seed05_the_spreadsheet_was_still_open.json,steer_alpha_0p77_traj,experiments/frontier_sweep_model_compare_mistral7b_stock_guard_traj_seed12/steer_alpha_0p77_traj_c8_tok120_seed05_the_spreadsheet_was_still_open.json,1,6,0,1.2847335617695355,0.0,0.5519714583333333,0.0,0.0,0.0,0.0,0.9900833333333333,0.11499999999999996,0.6774856321839081,0.0,0.3333333333333333,11.11111111111111,delicate,0.0,0.0,,0.3333333333333333,11.11111111111111,delicate,0.0,,0.5,0.5,the; spreadsheet; was; open,the; spreadsheet,0.0,,0.8,spreadsheet,shadow; cradled; glass; water,0.9,0.0,0.0,0.0,0,0,"The spreadsheet, in its shadow, cradled a small, delicate glass of water."
steer_alpha_0p77_traj_c8_tok120_seed05_the_spreadsheet_was_still_open.json,steer_alpha_0p77_traj,experiments/frontier_sweep_model_compare_mistral7b_stock_guard_traj_seed12/steer_alpha_0p77_traj_c8_tok120_seed05_the_spreadsheet_was_still_open.json,1,7,0,-0.7515307692307692,0.0,0.4656730769230769,0.0,0.0,0.0,0.0,0.9313461538461538,0.0,0.45,0.0,0.0,0.0,,0.0,0.0,,0.0,0.0,,0.0,,0.0,1.0,the; spreadsheet; was; open,,0.0,,1.0,,teapot; steaming; pouring; tea,1.0,0.0,0.0,0.0,0,0,"A teapot, steaming, pouring tea."
steer_alpha_0p77_traj_c8_tok120_seed05_the_spreadsheet_was_still_open.json,steer_alpha_0p77_traj,experiments/frontier_sweep_model_compare_mistral7b_stock_guard_traj_seed12/steer_alpha_0p77_traj_c8_tok120_seed05_the_spreadsheet_was_still_open.json,1,8,0,1.6790549794445029,0.0,0.5529258064516128,0.0,0.0,0.0,0.0,0.9019047619047619,0.22612903225806447,0.4975953837597331,0.0,0.0,0.0,,0.0,0.0,,0.0,0.0,,0.0,,0.5,0.5,the; spreadsheet; was; open,the; spreadsheet,0.0,,0.75,spreadsheet,keys; clinked; desk,0.875,0.0,0.0,0.0,0,0,The spreadsheet's keys clinked against the desk.
steer_alpha_0p77_traj_c8_tok120_seed05_the_spreadsheet_was_still_open.json,steer_alpha_0p77_traj,experiments/frontier_sweep_model_compare_mistral7b_stock_guard_traj_seed12/steer_alpha_0p77_traj_c8_tok120_seed05_the_spreadsheet_was_still_open.json,2,1,1,2.9062774463631604,0.03893528205128205,0.7122307692307692,0.06666666666666667,0.0,0.0,0.3333333333333333,0.7122307692307692,1.0,0.0,0.0,0.0,0.0,,0.0,0.0,,0.0,0.0,,0.0,,1.0,0.0,the; spreadsheet; was; open; spreadsheet's; keyboard; pile; books,the; open; keyboard; pile; books,0.6000000000000001,book,0.25,book; keyboard; pile,page,0.24999999999999994,0.0,0.0,0.0,0,0,"The books open their pages, the keyboard rests on a pile of books."
steer_alpha_0p77_traj_c8_tok120_seed05_the_spreadsheet_was_still_open.json,steer_alpha_0p77_traj,experiments/frontier_sweep_model_compare_mistral7b_stock_guard_traj_seed12/steer_alpha_0p77_traj_c8_tok120_seed05_the_spreadsheet_was_still_open.json,2,2,0,2.249068705408993,0.03848039682539682,0.7039096980255517,0.06666666666666667,0.0,0.0,0.3333333333333333,0.7039096980255517,1.0,0.16270833333333332,0.0,0.0,0.0,,0.0,0.0,,0.0,0.0,,0.0,,1.0,0.0,the; spreadsheet; was; open; spreadsheet's; keyboard; pile; books,the; open; keyboard; pile; books,0.64375,book,0.5,book; pile; keyboard,spine; page; stack,0.26718749999999997,0.0,0.0,0.0,0,0,"A book's spine leans against the pile of books, its pages open. The keyboard rests on a stack of books."
steer_alpha_0p77_traj_c8_tok120_seed05_the_spreadsheet_was_still_open.json,steer_alpha_0p77_traj,experiments/frontier_sweep_model_compare_mistral7b_stock_guard_traj_seed12/steer_alpha_0p77_traj_c8_tok120_seed05_the_spreadsheet_was_still_open.json,2,3,0,1.6441300709381341,0.03239168058499768,0.5925307424084942,0.06666666666666667,0.0,0.0,0.3333333333333333,0.9613216284005403,0.23274193548387093,0.6552733129403041,0.0,0.0,0.0,,0.0,0.0,,0.0,0.0,,0.0,,1.0,0.0,the; spreadsheet; was; open; spreadsheet's; keyboard; pile; books,the; open; keyboard; books,0.37500000000000006,book,0.7142857142857143,book; keyboard,spidery; spine; buried; page; library,0.5357142857142858,0.0,0.0,0.0,0,0,"Books' spidery keyboard, open, and a book with a spine, buried in the pages of a library."
steer_alpha_0p77_traj_c8_tok120_seed05_the_spreadsheet_was_still_open.json,steer_alpha_0p77_traj,experiments/frontier_sweep_model_compare_mistral7b_stock_guard_traj_seed12/steer_alpha_0p77_traj_c8_tok120_seed05_the_spreadsheet_was_still_open.json,2,4,0,2.468460924369748,0.026800333333333332,0.4902500000000001,0.06666666666666667,0.0,0.0,0.3333333333333333,0.4902500000000001,1.0,0.0,0.0,0.0,0.0,,0.0,0.0,,0.0,0.0,,0.0,,1.0,0.0,the; spreadsheet; was; open; spreadsheet's; keyboard; pile; books,the; keyboard; pile; books,1.0,book; keyboard; pile,0.0,keyboard; pile; book,,0.0,0.0,0.0,0.0,0,0,"The keyboard rests on a pile of books, the keyboard rests on a pile of books."
steer_alpha_0p77_traj_c8_tok120_seed05_the_spreadsheet_was_still_open.json,steer_alpha_0p77_traj,experiments/frontier_sweep_model_compare_mistral7b_stock_guard_traj_seed12/steer_alpha_0p77_traj_c8_tok120_seed05_the_spreadsheet_was_still_open.json,2,5,0,1.9328393950662819,0.0,0.5724273674242424,0.0,0.0,0.0,0.0,0.9122348484848485,0.255,0.6756990968801313,0.0,0.0,0.0,,0.0,0.0,,0.0,0.0,,0.0,,0.75,0.25,the; spreadsheet; was; open; spreadsheet's; keyboard; pile; books,the; open; books,0.4285714285714286,book,0.8333333333333334,book,page; spine; crack; revealing; stack,0.5238095238095238,0.0,0.0,0.0,0,0,"A book, open on the page, its spine cracks open, revealing a stack of books."
steer_alpha_0p77_traj_c8_tok120_seed05_the_spreadsheet_was_still_open.json,steer_alpha_0p77_traj,experiments/frontier_sweep_model_compare_mistral7b_stock_guard_traj_seed12/steer_alpha_0p77_traj_c8_tok120_seed05_the_spreadsheet_was_still_open.json,2,6,0,-0.8836551658013964,0.017964018482974162,0.38867111815689104,0.05636472222909037,0.0,0.0,0.28182361114545185,0.6477851969281517,0.19999999999999998,0.9100000000000001,0.0,0.0,0.0,,0.0,0.0,,0.0,0.0,,0.0,,1.0,0.0,the; spreadsheet; was; open; spreadsheet's; keyboard; pile; books,the; spreadsheet; open; spreadsheet's; keyboard; pile; books,0.6472222222222223,book; page; spine,0.7142857142857143,book; spreadsheet; keyboard; pile,spine; page; crack; revealing; secret; spider; web; finger; dance; waltz,0.30238095238095236,0.0,0.0,0.0,0,0,"Books open, each spine, its pages crack open, revealing the secrets of its spine, the spreadsheet's keyboard rests on a pile of books. The pages of a spider's web, its fingers dance a waltz with the books."
steer_alpha_0p77_traj_c8_tok120_seed05_the_spreadsheet_was_still_open.json,steer_alpha_0p77_traj,experiments/frontier_sweep_model_compare_mistral7b_stock_guard_traj_seed12/steer_alpha_0p77_traj_c8_tok120_seed05_the_spreadsheet_was_still_open.json,2,7,0,1.263213894824522,0.0,0.45222558243727595,0.0,0.0,0.0,0.0,0.6425,0.4077060931899641,0.6846586948461255,0.0,0.0,0.0,,0.0,0.0,,0.0,0.0,,0.0,,1.0,0.0,the; spreadsheet; was; open; spreadsheet's; keyboard; pile; books,the; open; keyboard; books,0.6541666666666667,book; page,0.7777777777777778,book; keyboard,page; thousand; stacked; top; stack; ancient; manual,0.3074074074074074,0.0,0.0,0.0,0,0,"The books open as a keyboard, their pages of a thousand books, stacked on top of a stack of ancient manuals, the pages of books."
steer_alpha_0p77_traj_c8_tok120_seed05_the_spreadsheet_was_still_open.json,steer_alpha_0p77_traj,experiments/frontier_sweep_model_compare_mistral7b_stock_guard_traj_seed12/steer_alpha_0p77_traj_c8_tok120_seed05_the_spreadsheet_was_still_open.json,2,8,0,0.2202670598964105,0.010553107233160797,0.38567399468001873,0.032652465283787416,0.0,0.0,0.16326232641893706,0.6427899911333645,0.19999999999999998,0.8972276272577997,0.0,0.0,0.0,,0.0,0.0,,0.0,0.0,,0.0,,1.0,0.0,the; spreadsheet; was; open; spreadsheet's; keyboard; pile; books,the; open; keyboard; books,0.7452614379084967,book; page,0.8461538461538461,book; keyboard,page; rustle; finger; dance; worn; ink; revealing; secret; cuckoo; clock; gear,0.23514328808446455,0.1,0.0,0.0,0,0,"A book, open, its pages rustle and the keyboard's fingers dance on the worn pages, books spill their ink. The pages of a book are open, revealing the secret of a cuckoo clock, its gears, holding the books."
steer_alpha_0p77_traj_c8_tok120_seed05_the_spreadsheet_was_still_open.json,steer_alpha_0p77_traj,experiments/frontier_sweep_model_compare_mistral7b_stock_guard_traj_seed12/steer_alpha_0p77_traj_c8_tok120_seed05_the_spreadsheet_was_still_open.json,3,1,1,3.862315032679739,0.29315,0.65,0.55,1.0,0.0,0.0,0.65,1.0,0.0,0.0,0.0,0.0,,0.0,0.0,,0.0,0.0,,0.0,,1.0,0.0,the; spreadsheet; was; open; spreadsheet's; keyboard; pile; books; pages,the; open; books; pages,1.0,book; page; library,0.3333333333333333,book; page,library,0.0,0.0,0.0,0.0,1,0,"books open their pages, books open their pages, books open their pages, the pages turn into a library, open into a library. Books are open, their pages, a library of books."
steer_alpha_0p77_traj_c8_tok120_seed05_the_spreadsheet_was_still_open.json,steer_alpha_0p77_traj,experiments/frontier_sweep_model_compare_mistral7b_stock_guard_traj_seed12/steer_alpha_0p77_traj_c8_tok120_seed05_the_spreadsheet_was_still_open.json,3,2,0,-0.3839181304006323,0.06647848260555177,0.32428528100269155,0.25,0.0,1.0,0.0,0.43904109589041096,0.47724340175953084,0.706019204840395,0.0,0.0,0.0,,0.0,0.0,,0.0,0.0,,0.0,,1.0,0.0,the; spreadsheet; was; open; spreadsheet's; keyboard; pile; books; pages,the; spreadsheet; open; spreadsheet's; keyboard; books; pages,0.9351851851851851,book; page; spreadsheet; sun,0.6363636363636364,book; page; spreadsheet; keyboard,unfestoon; sun; spider; web; fan; sky; window,0.05303030303030308,0.0,0.0,0.0,0,2,"The books open their pages, the spreadsheet's pages unfestoon their books, where the books open their pages, and the pages open their keyboard, books, the books open, and the pages open, and the spreadsheet sleeps in the sun, the pages of books. A spider web, and the pages fan, the sun and the books, the pages open, the sky's window, the books are open."
steer_alpha_0p77_traj_c8_tok120_seed05_the_spreadsheet_was_still_open.json,steer_alpha_0p77_traj,experiments/frontier_sweep_model_compare_mistral7b_stock_guard_traj_seed12/steer_alpha_0p77_traj_c8_tok120_seed05_the_spreadsheet_was_still_open.json,3,3,0,2.1409354497354496,0.01968,0.44999999999999996,0.05333333333333334,0.0,0.0,0.26666666666666666,0.44999999999999996,1.0,0.0,0.0,0.0,0.0,,0.0,0.0,,0.0,0.0,,0.0,,1.0,0.0,the; spreadsheet; was; open; spreadsheet's; keyboard; pile; books; pages,the; open; keyboard; pile; books; pages,1.0,book; page; keyboard; pile,0.0,book; page; keyboard; pile,,0.0,0.0,0.0,0.0,0,0,"The books open their pages, their pages open, and the keyboard rests on a pile of books. The books open their pages, and the keyboard rests on a pile of books."
steer_alpha_0p77_traj_c8_tok120_seed05_the_spreadsheet_was_still_open.json,steer_alpha_0p77_traj,experiments/frontier_sweep_model_compare_mistral7b_stock_guard_traj_seed12/steer_alpha_0p77_traj_c8_tok120_seed05_the_spreadsheet_was_still_open.json,3,4,0,1.450920032560033,0.013736752136752137,0.43974358974358974,0.0380952380952381,0.0,0.0,0.19047619047619047,0.43974358974358974,1.0,0.13933333333333334,0.0,0.0,0.0,,0.0,0.0,,0.0,0.0,,0.0,,1.0,0.0,the; spreadsheet; was; open; spreadsheet's; keyboard; pile; books; pages,the; spreadsheet; open; spreadsheet's; keyboard; pile; books; pages,0.9642857142857144,book; page; keyboard; pile,0.16666666666666666,book; page; keyboard; pile; spreadsheet,rustle,0.02083333333333326,0.0,0.0,0.0,0,0,"The books open their pages, their pages rustle open, their pages, their keyboard rests on a pile of books. The books open, their pages, the spreadsheet's keyboard rests on a pile of books."
steer_alpha_0p77_traj_c8_tok120_seed05_the_spreadsheet_was_still_open.json,steer_alpha_0p77_traj,experiments/frontier_sweep_model_compare_mistral7b_stock_guard_traj_seed12/steer_alpha_0p77_traj_c8_tok120_seed05_the_spreadsheet_was_still_open.json,3,5,0,0.4960473954418675,0.01256642369727047,0.40227880738213395,0.0380952380952381,0.0,0.0,0.19047619047619047,0.47507211538461536,0.6935483870967741,0.4200627085650724,0.0,0.0,0.0,,0.0,0.0,,0.0,0.0,,0.0,,1.0,0.0,the; spreadsheet; was; open; spreadsheet's; keyboard; pile; books; pages,the; spreadsheet; open; keyboard; pile; books; pages,0.96875,book; page; keyboard; pile; wide,0.2857142857142857,book; page; keyboard; pile; spreadsheet,reste; wide,0.020089285714285712,0.0,0.0,0.0,0,0,"The books open their pages, the keyboard restes on a pile of books, a book, the pages open wide, the keyboard rests on a pile of books. The pages of books open wide, a spreadsheet."
steer_alpha_0p77_traj_c8_tok120_seed05_the_spreadsheet_was_still_open.json,steer_alpha_0p77_traj,experiments/frontier_sweep_model_compare_mistral7b_stock_guard_traj_seed12/steer_alpha_0p77_traj_c8_tok120_seed05_the_spreadsheet_was_still_open.json,3,6,0,1.4450081731074063,0.011165588442873825,0.6127457072308807,0.022222222222222223,0.0,0.0,0.1111111111111111,0.7335674157303371,0.6705913978494622,0.41514191694475355,0.0,0.0,0.0,,0.0,0.0,,0.0,0.0,,0.0,,1.0,0.0,the; spreadsheet; was; open; spreadsheet's; keyboard; pile; books; pages,the; open; pile; books; pages,0.925,book; page,0.4,pile; book; page,keys; typewriter,0.05249999999999996,0.0,0.0,0.0,0,0,"A pile of books open, their pages, books open, the pages of a book. The keys of a typewriter, the pages of books."
steer_alpha_0p77_traj_c8_tok120_seed05_the_spreadsheet_was_still_open.json,steer_alpha_0p77_traj,experiments/frontier_sweep_model_compare_mistral7b_stock_guard_traj_seed12/steer_alpha_0p77_traj_c8_tok120_seed05_the_spreadsheet_was_still_open.json,3,7,0,0.6738149537814295,0.02227314723910446,0.4074356202275206,0.06666666666666667,0.0,0.0,0.3333333333333333,0.49084541062801934,0.6601382488479263,0.46954903596588804,0.0,0.0,0.0,,0.0,0.0,,0.0,0.0,,0.0,,1.0,0.0,the; spreadsheet; was; open; spreadsheet's; keyboard; pile; books; pages,the; open; keyboard; pile; books; pages,0.9464285714285714,book; pile; keyboard; page,0.42857142857142855,book; page; keyboard; pile,reste; keys; click,0.038265306122449,0.0,0.0,0.0,0,0,"The books open their pages, the keyboard restes on a pile of books. The pages of the keyboard rests on a pile of books, where the keys click to a pile of books."
steer_alpha_0p77_traj_c8_tok120_seed05_the_spreadsheet_was_still_open.json,steer_alpha_0p77_traj,experiments/frontier_sweep_model_compare_mistral7b_stock_guard_traj_seed12/steer_alpha_0p77_traj_c8_tok120_seed05_the_spreadsheet_was_still_open.json,3,8,0,0.2646312374998129,0.010283420480596451,0.38406768293483,0.032652465283787416,0.0,0.0,0.16326232641893706,0.49220786871449607,0.5605913978494622,0.5938919169447535,0.0,0.0,0.0,,0.0,0.0,,0.0,0.0,,0.0,,1.0,0.0,the; spreadsheet; was; open; spreadsheet's; keyboard; pile; books; pages,the; open; keyboard; pile; books; pages,0.9642857142857144,book; bookshelf; keyboard; page; filled; pile,0.5555555555555556,pile; book; page; keyboard,bookshelf; stacked; filled; table; keys,0.02777777777777768,0.0,0.0,0.0,0,0,"A pile of books, a pile of books open on the pages of a bookshelf, stacked books, filled with its pages, a keyboard on a bookshelf. The pages open, a bookshelf's keyboard rests on a table filled with books, a bookshelf on the keyboard keys."
steer_alpha_0p77_traj_c8_tok120_seed06_the_elevator_button_was_cracked.json,steer_alpha_0p77_traj,experiments/frontier_sweep_model_compare_mistral7b_stock_guard_traj_seed12/steer_alpha_0p77_traj_c8_tok120_seed06_the_elevator_button_was_cracked.json,1,1,1,1.500193272894271,0.027827393651338364,0.5090376887439945,0.06666666666666667,0.0,0.0,0.3333333333333333,0.9873404255319149,0.031129032258064487,0.6265953837597331,0.0,0.0,0.0,,0.0,0.0,,0.0,0.0,,0.0,,0.5,0.5,the; elevator; button; was; cracked,the; elevator,0.0,,0.8,elevator,pigeon; cooed; feather; fluttering,0.9,0.0,0.0,0.0,0,0,"A pigeon cooed in the elevator, feathers fluttering open."
steer_alpha_0p77_traj_c8_tok120_seed06_the_elevator_button_was_cracked.json,steer_alpha_0p77_traj,experiments/frontier_sweep_model_compare_mistral7b_stock_guard_traj_seed12/steer_alpha_0p77_traj_c8_tok120_seed06_the_elevator_button_was_cracked.json,1,2,0,2.353659487666034,0.0,0.6952956989247311,0.0,0.0,0.0,0.0,1.0,0.39059139784946223,0.27423387096774204,0.0,0.0,0.0,,0.0,0.0,,0.0,0.0,,0.0,,0.5,0.5,the; elevator; button; was; cracked,the; button,0.0,,0.6666666666666666,button,sparrow; peck,0.8333333333333333,0.0,0.0,0.0,0,0,A sparrow pecks on the button.
steer_alpha_0p77_traj_c8_tok120_seed06_the_elevator_button_was_cracked.json,steer_alpha_0p77_traj,experiments/frontier_sweep_model_compare_mistral7b_stock_guard_traj_seed12/steer_alpha_0p77_traj_c8_tok120_seed06_the_elevator_button_was_cracked.json,1,3,0,1.8166342188488303,0.0,0.4718709677419355,0.0,0.0,0.0,0.0,0.8,0.17967741935483866,0.3691451612903226,0.0,0.0,0.0,,0.0,0.0,,0.0,0.0,,0.0,,0.75,0.25,the; elevator; button; was; cracked,the; button; was,0.0,,0.75,button,filled; peanut; shell,0.875,0.0,0.0,0.0,0,0,The button was filled with peanut shells.
steer_alpha_0p77_traj_c8_tok120_seed06_the_elevator_button_was_cracked.json,steer_alpha_0p77_traj,experiments/frontier_sweep_model_compare_mistral7b_stock_guard_traj_seed12/steer_alpha_0p77_traj_c8_tok120_seed06_the_elevator_button_was_cracked.json,1,4,0,2.922663788741303,0.0,0.6274679166666666,0.0,0.0,0.0,0.0,0.7801666666666667,0.6085483870967741,0.17615322580645168,0.0,0.0,0.0,,0.0,0.0,,0.0,0.0,,0.0,,0.25,0.75,the; elevator; button; was; cracked,cracked,0.0,,0.75,cracked,shard; glass; pocket,0.875,1.0,0.0,0.0,0,0,A cracked shard of glass in its pocket.
steer_alpha_0p77_traj_c8_tok120_seed06_the_elevator_button_was_cracked.json,steer_alpha_0p77_traj,experiments/frontier_sweep_model_compare_mistral7b_stock_guard_traj_seed12/steer_alpha_0p77_traj_c8_tok120_seed06_the_elevator_button_was_cracked.json,1,5,0,-0.18380587957703065,0.0,0.4082384530791789,0.0,0.0,0.0,0.0,0.7471818181818182,0.09274193548387091,0.7595233129403041,0.0,0.0,0.0,,0.0,0.0,,0.0,0.0,,0.0,,0.5,0.5,the; elevator; button; was; cracked,the; button,0.0,,0.8571428571428571,button,potted; plant; bloom; crack; watering; can,0.9285714285714286,0.0,0.0,0.0,0,0,"A potted plant blooms through the crack in the button, watering can."
steer_alpha_0p77_traj_c8_tok120_seed06_the_elevator_button_was_cracked.json,steer_alpha_0p77_traj,experiments/frontier_sweep_model_compare_mistral7b_stock_guard_traj_seed12/steer_alpha_0p77_traj_c8_tok120_seed06_the_elevator_button_was_cracked.json,1,6,0,-0.04704251671025872,0.0,0.564332170880558,0.0,0.0,0.0,0.0,0.9567567567567568,0.17967741935483866,0.3691451612903226,0.0,0.3333333333333333,16.666666666666668,clockwork,0.3333333333333333,16.666666666666668,clockwork,0.0,0.0,,0.35,clockwork,0.0,1.0,the; elevator; button; was; cracked,,0.0,,1.0,,sparrow; nest; clockwork; mechanism,1.0,0.0,0.0,0.0,0,0,A sparrow's nest and a clockwork mechanism.
steer_alpha_0p77_traj_c8_tok120_seed06_the_elevator_button_was_cracked.json,steer_alpha_0p77_traj,experiments/frontier_sweep_model_compare_mistral7b_stock_guard_traj_seed12/steer_alpha_0p77_traj_c8_tok120_seed06_the_elevator_button_was_cracked.json,1,7,0,0.10649916756419531,0.028184193548387092,0.5155645161290322,0.06666666666666667,0.0,0.0,0.3333333333333333,1.0,0.031129032258064487,0.6742620504263998,0.0,0.0,0.0,,0.0,0.0,,0.0,0.0,,0.0,,0.75,0.25,the; elevator; button; was; cracked,the; elevator; button,0.0,,0.6,elevator; button,held; key; shadow,0.8,0.0,0.0,0.0,0,0,"The elevator button held a key, in its shadow."
steer_alpha_0p77_traj_c8_tok120_seed06_the_elevator_button_was_cracked.json,steer_alpha_0p77_traj,experiments/frontier_sweep_model_compare_mistral7b_stock_guard_traj_seed12/steer_alpha_0p77_traj_c8_tok120_seed06_the_elevator_button_was_cracked.json,1,8,0,-2.704591793950285,0.019977400419287212,0.36544025157232707,0.06666666666666667,0.0,0.0,0.3333333333333333,0.7308805031446541,0.0,0.8753333333333333,0.0,0.0,0.0,,0.0,0.0,,0.0,0.0,,0.0,,0.75,0.25,the; elevator; button; was; cracked,the; elevator; button,0.0,,0.7142857142857143,elevator; button,door; cling; revealing; broken; watch,0.8571428571428572,0.0,0.0,0.0,0,0,"The elevator door clings to the button, revealing a broken watch."
steer_alpha_0p77_traj_c8_tok120_seed06_the_elevator_button_was_cracked.json,steer_alpha_0p77_traj,experiments/frontier_sweep_model_compare_mistral7b_stock_guard_traj_seed12/steer_alpha_0p77_traj_c8_tok120_seed06_the_elevator_button_was_cracked.json,2,1,1,0.046819995450905816,0.025434516129032254,0.3815177419354838,0.06666666666666667,0.0,0.0,0.3333333333333333,0.74,0.031129032258064487,0.6265953837597331,0.0,0.0,0.0,,0.0,0.0,,0.0,0.0,,0.0,,1.0,0.0,the; elevator; button; was; cracked; pigeon; cooed; feathers; fluttering; open,the; elevator; button; cracked; pigeon,0.0,,0.2,pigeon; cracked; elevator; button,peck,0.6,1.0,0.0,0.0,0,0,The pigeon pecks at the cracked elevator button.
steer_alpha_0p77_traj_c8_tok120_seed06_the_elevator_button_was_cracked.json,steer_alpha_0p77_traj,experiments/frontier_sweep_model_compare_mistral7b_stock_guard_traj_seed12/steer_alpha_0p77_traj_c8_tok120_seed06_the_elevator_button_was_cracked.json,2,2,0,1.5921058823529415,0.0,0.5,0.0,0.0,0.0,0.0,1.0,0.0,0.45,0.0,0.0,0.0,,0.0,0.0,,0.0,0.0,,0.0,,0.5,0.5,the; elevator; button; was; cracked; pigeon; cooed; feathers; fluttering; open,the; elevator,0.0,,0.6666666666666666,elevator,rose; bloom,0.8333333333333333,0.0,0.0,0.0,0,0,"Inside the elevator, a single rose blooms."
steer_alpha_0p77_traj_c8_tok120_seed06_the_elevator_button_was_cracked.json,steer_alpha_0p77_traj,experiments/frontier_sweep_model_compare_mistral7b_stock_guard_traj_seed12/steer_alpha_0p77_traj_c8_tok120_seed06_the_elevator_button_was_cracked.json,2,3,0,0.9778511231977589,0.034246464840505704,0.4176398151281184,0.1,0.0,0.0,0.5,0.6960663585468639,0.19999999999999998,0.8536250000000001,0.0,0.0,0.0,,0.0,0.0,,0.0,0.0,,0.0,,1.0,0.0,the; elevator; button; was; cracked; pigeon; cooed; feathers; fluttering; open,the; elevator; pigeon; feathers,0.0,,0.75,pigeon; elevator; feather,wing; reached; door; ruffling; cityscape; glass; building; gleamed; distance,0.875,0.0,0.0,0.0,0,0,"A pigeon's wing reached through the elevator door, its feathers ruffling against the cityscape as glass buildings gleamed in the distance."
steer_alpha_0p77_traj_c8_tok120_seed06_the_elevator_button_was_cracked.json,steer_alpha_0p77_traj,experiments/frontier_sweep_model_compare_mistral7b_stock_guard_traj_seed12/steer_alpha_0p77_traj_c8_tok120_seed06_the_elevator_button_was_cracked.json,2,4,0,0.13410410259765726,0.0,0.49309677419354836,0.0,0.0,0.0,0.0,0.8,0.23274193548387093,0.7946066462736374,0.0,0.0,0.0,,0.0,0.0,,0.0,0.0,,0.0,,0.5,0.5,the; elevator; button; was; cracked; pigeon; cooed; feathers; fluttering; open,the; pigeon,0.0,,0.875,pigeon,peck; crumb; bread; beak; swallowing; morsel; sandwich,0.9375,0.0,0.0,0.0,0,0,"The pigeon pecks at a crumb of bread, its beak swallowing a morsel of sandwich."
steer_alpha_0p77_traj_c8_tok120_seed06_the_elevator_button_was_cracked.json,steer_alpha_0p77_traj,experiments/frontier_sweep_model_compare_mistral7b_stock_guard_traj_seed12/steer_alpha_0p77_traj_c8_tok120_seed06_the_elevator_button_was_cracked.json,2,5,0,-0.12603811660505404,0.0,0.39875808080808084,0.0,0.0,0.0,0.0,0.7523737373737374,0.05999999999999997,0.6873657635467981,0.0,0.0,0.0,,0.0,0.0,,0.0,0.0,,0.0,,1.0,0.0,the; elevator; button; was; cracked; pigeon; cooed; feathers; fluttering; open,the; button; cracked; pigeon,0.0,,0.5714285714285714,pigeon; cracked; button,perched; beak; pecking; metal,0.7857142857142857,1.0,0.0,0.0,0,0,"A pigeon perched on the cracked button, its beak pecking at the metal surface."
steer_alpha_0p77_traj_c8_tok120_seed06_the_elevator_button_was_cracked.json,steer_alpha_0p77_traj,experiments/frontier_sweep_model_compare_mistral7b_stock_guard_traj_seed12/steer_alpha_0p77_traj_c8_tok120_seed06_the_elevator_button_was_cracked.json,2,6,0,0.7650000571492969,0.0,0.38379066666666667,0.0,0.0,0.0,0.0,0.7241333333333333,0.05999999999999997,0.6873657635467981,0.0,0.0,0.0,,0.0,0.0,,0.0,0.0,,0.0,,0.75,0.25,the; elevator; button; was; cracked; pigeon; cooed; feathers; fluttering; open,the; button; pigeon,0.0,,0.7142857142857143,button; pigeon,man; fingerprint; smeared; glass; panel,0.8571428571428572,0.0,0.0,0.0,0,0,"A man pressed the button below the pigeon, his fingerprints smeared across the glass panel."
steer_alpha_0p77_traj_c8_tok120_seed06_the_elevator_button_was_cracked.json,steer_alpha_0p77_traj,experiments/frontier_sweep_model_compare_mistral7b_stock_guard_traj_seed12/steer_alpha_0p77_traj_c8_tok120_seed06_the_elevator_button_was_cracked.json,2,7,0,-0.7342315512411859,0.0,0.37842,0.0,0.0,0.0,0.0,0.714,0.05999999999999997,0.7621508620689655,0.0,0.0,0.0,,0.0,0.0,,0.0,0.0,,0.0,,1.0,0.0,the; elevator; button; was; cracked; pigeon; cooed; feathers; fluttering; open,the; elevator; button; cracked; pigeon,0.33333333333333326,button,0.5,pigeon; button; cracked; elevator,perched; beak; pecking; hole,0.5,1.0,0.0,0.0,0,0,"A pigeon perched on the button, its beak pecking a hole in the cracked elevator button."
steer_alpha_0p77_traj_c8_tok120_seed06_the_elevator_button_was_cracked.json,steer_alpha_0p77_traj,experiments/frontier_sweep_model_compare_mistral7b_stock_guard_traj_seed12/steer_alpha_0p77_traj_c8_tok120_seed06_the_elevator_button_was_cracked.json,2,8,0,-0.19072163764474215,0.043984440522027546,0.40229671209171536,0.13333333333333333,0.0,0.0,0.6666666666666666,0.7590504001730478,0.05999999999999997,0.8410948275862069,0.0,0.0,0.0,,0.0,0.0,,0.0,0.0,,0.0,,0.75,0.25,the; elevator; button; was; cracked; pigeon; cooed; feathers; fluttering; open,the; elevator; pigeon,0.0,,0.75,pigeon; elevator,wing; fluttered; wall; key; dangling; beak,0.875,0.0,0.0,0.0,0,0,"A pigeon's wing fluttered against the elevator wall, a key dangling from its beak."
steer_alpha_0p77_traj_c8_tok120_seed06_the_elevator_button_was_cracked.json,steer_alpha_0p77_traj,experiments/frontier_sweep_model_compare_mistral7b_stock_guard_traj_seed12/steer_alpha_0p77_traj_c8_tok120_seed06_the_elevator_button_was_cracked.json,3,1,1,-0.26011229139543146,0.2266491901408451,0.41208943661971836,0.55,1.0,0.0,0.0,0.6868157276995306,0.19999999999999998,0.9100000000000001,0.0,0.0,0.0,,0.0,0.0,,0.0,0.0,,0.0,,1.0,0.0,the; elevator; button; was; cracked; pigeon; cooed; feathers; fluttering; open; pecks,the; elevator; cracked; pigeon,0.0,,0.8333333333333334,cracked; pigeon; elevator,sparrow; sing; window; ledge; song; echoe; empty; lobby; broken; statue; sits; corner,0.9166666666666667,1.0,0.0,0.0,1,0,"A sparrow sings on the cracked window ledge, its song echoes in the empty lobby. The pigeon, now a broken statue, sits in the elevator's corner, its stone eyes glazed over."
steer_alpha_0p77_traj_c8_tok120_seed06_the_elevator_button_was_cracked.json,steer_alpha_0p77_traj,experiments/frontier_sweep_model_compare_mistral7b_stock_guard_traj_seed12/steer_alpha_0p77_traj_c8_tok120_seed06_the_elevator_button_was_cracked.json,3,2,0,-0.7321861208871014,0.11453406932573598,0.45813627730294393,0.25,0.0,1.0,0.0,0.9162725546058879,0.0,0.993125,0.0,0.0,0.0,,0.0,0.0,,0.0,0.0,,0.0,,1.0,0.0,the; elevator; button; was; cracked; pigeon; cooed; feathers; fluttering; open; pecks,the; cracked; pigeon; feathers,0.27272727272727276,pigeon,0.7,cracked; pigeon; feather,pot; nestled; garden; cradle; coos; ruffled; wind,0.6181818181818182,1.0,0.0,0.0,0,1,"A cracked pot, nestled in a garden, cradles a pigeon. The pigeon coos, feathers ruffled by the wind."
steer_alpha_0p77_traj_c8_tok120_seed06_the_elevator_button_was_cracked.json,steer_alpha_0p77_traj,experiments/frontier_sweep_model_compare_mistral7b_stock_guard_traj_seed12/steer_alpha_0p77_traj_c8_tok120_seed06_the_elevator_button_was_cracked.json,3,3,0,-0.5230523607562145,0.01813777777777778,0.4081,0.044444444444444446,0.0,0.0,0.2222222222222222,0.77,0.05999999999999997,0.9211436781609197,0.0,0.0,0.0,,0.0,0.0,,0.0,0.0,,0.0,,1.0,0.0,the; elevator; button; was; cracked; pigeon; cooed; feathers; fluttering; open; pecks,the; elevator; cracked; pigeon,0.0,,0.7,cracked; pigeon; elevator,egg; warm; quivering; lay; nestled; fissure; floor,0.85,1.0,0.0,0.0,0,0,"The cracked pigeon egg, warm and quivering, lay nestled within a fissure in the elevator floor."
steer_alpha_0p77_traj_c8_tok120_seed06_the_elevator_button_was_cracked.json,steer_alpha_0p77_traj,experiments/frontier_sweep_model_compare_mistral7b_stock_guard_traj_seed12/steer_alpha_0p77_traj_c8_tok120_seed06_the_elevator_button_was_cracked.json,3,4,0,1.2379709906386895,0.0,0.4444168126546601,0.0,0.0,0.0,0.0,0.6989221878224975,0.2717204301075269,0.782629542083797,0.0,0.0,0.0,,0.0,0.0,,0.0,0.0,,0.0,,1.0,0.0,the; elevator; button; was; cracked; pigeon; cooed; feathers; fluttering; open; pecks,the; pigeon; feathers; pecks,0.2307692307692308,bread,0.75,pigeon; feather; peck,beak; stab; loaf; bread; spreading; wide; leaving; crack; crust,0.673076923076923,0.0,0.0,0.0,0,0,"The pigeon's beak stabs into a loaf of bread, its feathers spreading wide as it pecks, leaving a crack in the bread's crust."
steer_alpha_0p77_traj_c8_tok120_seed06_the_elevator_button_was_cracked.json,steer_alpha_0p77_traj,experiments/frontier_sweep_model_compare_mistral7b_stock_guard_traj_seed12/steer_alpha_0p77_traj_c8_tok120_seed06_the_elevator_button_was_cracked.json,3,5,0,-1.978516980315812,0.0,0.39078815704088254,0.0,0.0,0.0,0.0,0.7373361453601557,0.05999999999999997,0.9400000000000001,0.0,0.0,0.0,,0.0,0.0,,0.0,0.0,,0.0,,0.25,0.75,the; elevator; button; was; cracked; pigeon; cooed; feathers; fluttering; open; pecks,the,0.17647058823529416,chirp,1.0,,spider; web; crackle; dew; droplet; hang; precariously; center; cricket; chirp; softly; stillness,0.8235294117647058,0.0,0.0,0.0,0,0,"A spider web crackles with dew, a droplet hangs precariously from its center. A cricket chirps softly in the stillness, its chirps echoing in the cool morning air."
steer_alpha_0p77_traj_c8_tok120_seed06_the_elevator_button_was_cracked.json,steer_alpha_0p77_traj,experiments/frontier_sweep_model_compare_mistral7b_stock_guard_traj_seed12/steer_alpha_0p77_traj_c8_tok120_seed06_the_elevator_button_was_cracked.json,3,6,0,-0.028097240358873732,0.0,0.38337765957446807,0.0,0.0,0.0,0.0,0.6389627659574468,0.19999999999999998,0.8270100574712644,0.0,0.0,0.0,,0.0,0.0,,0.0,0.0,,0.0,,1.0,0.0,the; elevator; button; was; cracked; pigeon; cooed; feathers; fluttering; open; pecks,the; elevator; cracked; pigeon; feathers,0.27272727272727276,pigeon,0.6,cracked; elevator; pigeon; feather,vase; cooing; softly; shimmering; dim; light,0.5818181818181819,0.5,0.0,0.0,0,0,"A cracked vase, in the elevator, holds the pigeon, the pigeon cooing softly, feathers shimmering in the dim light."
steer_alpha_0p77_traj_c8_tok120_seed06_the_elevator_button_was_cracked.json,steer_alpha_0p77_traj,experiments/frontier_sweep_model_compare_mistral7b_stock_guard_traj_seed12/steer_alpha_0p77_traj_c8_tok120_seed06_the_elevator_button_was_cracked.json,3,7,0,-0.9065885975079684,0.0,0.3511478448275862,0.0,0.0,0.0,0.0,0.6625431034482758,0.05999999999999997,0.9730000000000001,0.0,0.0,0.0,,0.0,0.0,,0.0,0.0,,0.0,,1.0,0.0,the; elevator; button; was; cracked; pigeon; cooed; feathers; fluttering; open; pecks,the; elevator; cracked; pecks,0.25,cracked,0.7272727272727273,cracked; elevator; peck,eggshell; nestled; hatchling; chick; way; crack; free; shell,0.6477272727272727,1.0,0.0,0.0,0,0,"The cracked eggshell, nestled within the cracked elevator. A hatchling chick pecks its way through the crack, breaking free from its shell."
steer_alpha_0p77_traj_c8_tok120_seed06_the_elevator_button_was_cracked.json,steer_alpha_0p77_traj,experiments/frontier_sweep_model_compare_mistral7b_stock_guard_traj_seed12/steer_alpha_0p77_traj_c8_tok120_seed06_the_elevator_button_was_cracked.json,3,8,0,-1.5550065600953022,0.03569181034482759,0.35691810344827585,0.1,0.0,0.0,0.5,0.7138362068965517,0.0,1.0,0.0,0.0,0.0,,0.0,0.0,,0.0,0.0,,0.0,,1.0,0.0,the; elevator; button; was; cracked; pigeon; cooed; feathers; fluttering; open; pecks,the; elevator; button; cracked; pigeon,0.0,,0.6923076923076923,cracked; pigeon; elevator; button,clock; ticked; distance; pendulum; swinging; forth; casting; long; shadow,0.8461538461538461,1.0,0.0,0.0,0,0,"A clock ticked in the distance, its pendulum swinging back and forth, casting a long, cracked shadow onto the pigeon and the elevator button."
steer_alpha_0p77_traj_c8_tok120_seed07_a_delivery_label_on_a_cardboard_box.json,steer_alpha_0p77_traj,experiments/frontier_sweep_model_compare_mistral7b_stock_guard_traj_seed12/steer_alpha_0p77_traj_c8_tok120_seed07_a_delivery_label_on_a_cardboard_box.json,1,1,1,1.900453378619352,0.226402,0.502,0.55,1.0,0.0,0.0,0.8,0.255,0.5448189655172414,0.0,0.0,0.0,,0.0,0.0,,0.0,0.0,,0.0,,0.5,0.5,delivery; label; cardboard; box,label; box,0.0,,0.6666666666666666,box; label,handwritten; note; blossoming; flower,0.8333333333333333,0.0,0.0,0.0,1,0,"A handwritten note on the box, its label unfolds into a blossoming flower."
steer_alpha_0p77_traj_c8_tok120_seed07_a_delivery_label_on_a_cardboard_box.json,steer_alpha_0p77_traj,experiments/frontier_sweep_model_compare_mistral7b_stock_guard_traj_seed12/steer_alpha_0p77_traj_c8_tok120_seed07_a_delivery_label_on_a_cardboard_box.json,1,2,0,0.0034869415442950746,0.03724636684303351,0.3406679894179894,0.13333333333333333,0.0,0.0,0.6666666666666666,0.6813359788359789,0.0,0.73875,0.0,0.0,0.0,,0.0,0.0,,0.0,0.0,,0.0,,0.5,0.5,delivery; label; cardboard; box,cardboard; box,0.5,box,0.6,box; cardboard,hand-drawn; flower; bloom,0.4,0.0,0.0,0.0,0,0,"Inside the box, a hand-drawn flower blooms from the cardboard box."
steer_alpha_0p77_traj_c8_tok120_seed07_a_delivery_label_on_a_cardboard_box.json,steer_alpha_0p77_traj,experiments/frontier_sweep_model_compare_mistral7b_stock_guard_traj_seed12/steer_alpha_0p77_traj_c8_tok120_seed07_a_delivery_label_on_a_cardboard_box.json,1,3,0,1.5879333333333339,0.0,0.86,0.0,0.0,0.0,0.0,1.0,0.72,0.12600000000000003,0.0,0.0,0.0,,0.0,0.0,,0.0,0.0,,0.0,,0.25,0.75,delivery; label; cardboard; box,box,0.0,,0.6666666666666666,box,keyhole; lock,0.8333333333333333,0.0,0.0,0.0,0,0,"A keyhole in the box, its lock."
steer_alpha_0p77_traj_c8_tok120_seed07_a_delivery_label_on_a_cardboard_box.json,steer_alpha_0p77_traj,experiments/frontier_sweep_model_compare_mistral7b_stock_guard_traj_seed12/steer_alpha_0p77_traj_c8_tok120_seed07_a_delivery_label_on_a_cardboard_box.json,1,4,0,0.17530851126448554,0.019919511784511783,0.3643813131313131,0.06666666666666667,0.0,0.0,0.3333333333333333,0.7287626262626262,0.0,0.7484856321839081,0.0,0.0,0.0,,0.0,0.0,,0.0,0.0,,0.0,,0.5,0.5,delivery; label; cardboard; box,label; box,0.0,,0.6666666666666666,box; label,hand; reaching; extracting; crease,0.8333333333333333,0.0,0.0,0.0,0,0,"A hand reaching into the box, extracting the label from its crease."
steer_alpha_0p77_traj_c8_tok120_seed07_a_delivery_label_on_a_cardboard_box.json,steer_alpha_0p77_traj,experiments/frontier_sweep_model_compare_mistral7b_stock_guard_traj_seed12/steer_alpha_0p77_traj_c8_tok120_seed07_a_delivery_label_on_a_cardboard_box.json,1,5,0,-0.5095068723702663,0.0,0.26971229838709676,0.0,0.0,0.0,0.0,0.9145289855072464,0.17967741935483866,0.3691451612903226,0.5,0.0,0.0,,0.0,0.0,,0.0,0.0,,0.0,,0.25,0.75,delivery; label; cardboard; box,box,0.6000000000000001,box,0.75,box,handwritten; message; wall,0.3499999999999999,0.0,0.0,0.0,0,0,"The box inside the box, a handwritten message on its wall."
steer_alpha_0p77_traj_c8_tok120_seed07_a_delivery_label_on_a_cardboard_box.json,steer_alpha_0p77_traj,experiments/frontier_sweep_model_compare_mistral7b_stock_guard_traj_seed12/steer_alpha_0p77_traj_c8_tok120_seed07_a_delivery_label_on_a_cardboard_box.json,1,6,0,-1.1609897405647127,0.0,0.24084023521505374,0.0,0.0,0.0,0.0,0.9342777777777778,0.031129032258064487,0.6265953837597331,0.5,0.0,0.0,,0.0,0.0,,0.0,0.0,,0.0,,0.25,0.75,delivery; label; cardboard; box,box,0.0,,0.8,box,fingerprint; ink; stamp; message,0.9,0.0,0.0,0.0,0,0,"A fingerprint on the box, where the ink stamps a message."
steer_alpha_0p77_traj_c8_tok120_seed07_a_delivery_label_on_a_cardboard_box.json,steer_alpha_0p77_traj,experiments/frontier_sweep_model_compare_mistral7b_stock_guard_traj_seed12/steer_alpha_0p77_traj_c8_tok120_seed07_a_delivery_label_on_a_cardboard_box.json,1,7,0,0.8489241935483872,0.0,0.6036325492831541,0.0,0.0,0.0,0.0,0.8681666666666668,0.39059139784946223,0.27423387096774204,0.0,0.0,0.0,,0.0,0.0,,0.0,0.0,,0.0,,0.25,0.75,delivery; label; cardboard; box,box,0.675,box,0.6666666666666666,box,key; atop,0.27083333333333326,0.0,0.0,0.0,0,0,"Inside the box, a key lies atop the box."
steer_alpha_0p77_traj_c8_tok120_seed07_a_delivery_label_on_a_cardboard_box.json,steer_alpha_0p77_traj,experiments/frontier_sweep_model_compare_mistral7b_stock_guard_traj_seed12/steer_alpha_0p77_traj_c8_tok120_seed07_a_delivery_label_on_a_cardboard_box.json,1,8,0,1.6658631237222288,0.08529194611120942,0.41605827371321674,0.25,0.0,1.0,0.0,0.710525078369906,0.17112903225806445,0.5635953837597331,0.0,0.3333333333333333,9.090909090909092,pocket watch,0.3333333333333333,9.090909090909092,pocket watch,0.0,0.0,,0.4,pocket watch,0.5,0.5,delivery; label; cardboard; box,cardboard; box,0.6000000000000001,box,0.5,box; cardboard,pocket; watch,0.29999999999999993,0.0,0.0,0.0,0,1,"Inside the box, a small, silver pocket watch rests on the cardboard box."
steer_alpha_0p77_traj_c8_tok120_seed07_a_delivery_label_on_a_cardboard_box.json,steer_alpha_0p77_traj,experiments/frontier_sweep_model_compare_mistral7b_stock_guard_traj_seed12/steer_alpha_0p77_traj_c8_tok120_seed07_a_delivery_label_on_a_cardboard_box.json,2,1,1,1.01558923879126,0.1928837028496614,0.42768005066443765,0.55,1.0,0.0,0.0,0.6809492332099418,0.2561290322580645,0.7256370504263998,0.0,0.0,0.0,,0.0,0.0,,0.0,0.0,,0.0,,1.0,0.0,delivery; label; cardboard; box; handwritten; note; the; its; unfolds; blossoming; flower,box; handwritten; note; the; its; unfolds; flower,0.27272727272727276,box,0.6,flower; box; handwritten; note,petal; greenhouse; birdbath; watering; root; spout,0.5818181818181819,0.0,0.0,0.0,2,0,"The flower's petals, the box unfolds into a greenhouse, and the handwritten note on the box turns into a birdbath, watering its roots with its spout."
steer_alpha_0p77_traj_c8_tok120_seed07_a_delivery_label_on_a_cardboard_box.json,steer_alpha_0p77_traj,experiments/frontier_sweep_model_compare_mistral7b_stock_guard_traj_seed12/steer_alpha_0p77_traj_c8_tok120_seed07_a_delivery_label_on_a_cardboard_box.json,2,2,0,0.8609371484088186,0.1856879023626737,0.4117248389416268,0.55,1.0,0.0,0.0,0.6862080649027114,0.19999999999999998,0.7601250000000002,0.0,0.0,0.0,,0.0,0.0,,0.0,0.0,,0.0,,1.0,0.0,delivery; label; cardboard; box; handwritten; note; the; its; unfolds; blossoming; flower,box; handwritten; note; the; its; blossoming; flower,0.0,,0.5,handwritten; note; box; blossoming; flower,bloom; ink; bird; nesting; petal,0.75,0.0,0.0,0.0,1,0,"The handwritten note on the box blooms, its ink turns into a bird, nesting in the blossoming flower's petals."
steer_alpha_0p77_traj_c8_tok120_seed07_a_delivery_label_on_a_cardboard_box.json,steer_alpha_0p77_traj,experiments/frontier_sweep_model_compare_mistral7b_stock_guard_traj_seed12/steer_alpha_0p77_traj_c8_tok120_seed07_a_delivery_label_on_a_cardboard_box.json,2,3,0,0.44390311470500143,0.09924359433962264,0.42716037735849055,0.2833333333333333,0.0,1.0,0.16666666666666666,0.711933962264151,0.19999999999999998,0.9100000000000001,0.0,0.0,0.0,,0.0,0.0,,0.0,0.0,,0.0,,0.75,0.25,delivery; label; cardboard; box; handwritten; note; the; its; unfolds; blossoming; flower,box; the; flower,0.0,,0.8461538461538461,box; flower,filled; blossom; release; petal; dew; blooming; deliver; fresh; honey; palm; hand,0.9230769230769231,0.0,0.0,0.0,0,1,"The box, now filled with blossoms, releases petals of dew, and the blooming flower delivers fresh honey into the palm of the hand."
steer_alpha_0p77_traj_c8_tok120_seed07_a_delivery_label_on_a_cardboard_box.json,steer_alpha_0p77_traj,experiments/frontier_sweep_model_compare_mistral7b_stock_guard_traj_seed12/steer_alpha_0p77_traj_c8_tok120_seed07_a_delivery_label_on_a_cardboard_box.json,2,4,0,3.5474091830948167,0.0,0.7802873357228194,0.0,0.0,0.0,0.0,0.9703703703703703,0.6082258064516127,0.22750528364849845,0.0,0.0,0.0,,0.0,0.0,,0.0,0.0,,0.0,,0.75,0.25,delivery; label; cardboard; box; handwritten; note; the; its; unfolds; blossoming; flower,the; its; flower,0.0,,0.8,flower,petal; revealing; nectar; heart,0.9,0.0,0.0,0.0,0,0,"The flower's petals unfold, revealing nectar inside its heart."
steer_alpha_0p77_traj_c8_tok120_seed07_a_delivery_label_on_a_cardboard_box.json,steer_alpha_0p77_traj,experiments/frontier_sweep_model_compare_mistral7b_stock_guard_traj_seed12/steer_alpha_0p77_traj_c8_tok120_seed07_a_delivery_label_on_a_cardboard_box.json,2,5,0,1.6060712315067933,0.021314372229712775,0.5848455794738261,0.044444444444444446,0.0,0.0,0.2222222222222222,0.92489289446186,0.2646774193548386,0.5407170003707824,0.0,0.0,0.0,,0.0,0.0,,0.0,0.0,,0.0,,0.75,0.25,delivery; label; cardboard; box; handwritten; note; the; its; unfolds; blossoming; flower,box; the; flower,0.0,,0.6666666666666666,box; flower,petal; revealing; secret; garden,0.8333333333333333,0.0,0.0,0.0,0,0,"Inside the box, the flower's petals unfold, revealing a secret garden."
steer_alpha_0p77_traj_c8_tok120_seed07_a_delivery_label_on_a_cardboard_box.json,steer_alpha_0p77_traj,experiments/frontier_sweep_model_compare_mistral7b_stock_guard_traj_seed12/steer_alpha_0p77_traj_c8_tok120_seed07_a_delivery_label_on_a_cardboard_box.json,2,6,0,0.43672156445370813,0.0,0.4354629760466759,0.0,0.0,0.0,0.0,0.7257716267444598,0.19999999999999998,0.832477011494253,0.0,0.0,0.0,,0.0,0.0,,0.0,0.0,,0.0,,0.75,0.25,delivery; label; cardboard; box; handwritten; note; the; its; unfolds; blossoming; flower,box; the; flower,0.0,,0.8181818181818182,flower; box,petal; dance; gentle; breeze; lid; revealing; hidden; watchful; eye,0.9090909090909092,0.1,0.0,0.0,0,0,"The petals of the flower dance in a gentle breeze, and the box's lid opens, revealing a hidden watchful eye."
steer_alpha_0p77_traj_c8_tok120_seed07_a_delivery_label_on_a_cardboard_box.json,steer_alpha_0p77_traj,experiments/frontier_sweep_model_compare_mistral7b_stock_guard_traj_seed12/steer_alpha_0p77_traj_c8_tok120_seed07_a_delivery_label_on_a_cardboard_box.json,2,7,0,-1.6719835164835164,0.0,0.38385230769230766,0.0,0.0,0.0,0.0,0.6397538461538461,0.19999999999999998,0.9100000000000001,0.0,0.0,0.0,,0.0,0.0,,0.0,0.0,,0.0,,0.5,0.5,delivery; label; cardboard; box; handwritten; note; the; its; unfolds; blossoming; flower,the; its,0.4,petal; vase,1.0,,budding; rose; vase; petal; blooming; water; teapot; spout; flowering; tea; dance; wave,0.6,0.0,0.0,0.0,0,0,"A budding rose in a vase, its petals blooming. The water within the vase, a teapot with its spout and a flowering tea, its petals dance on the waves of the garden."
steer_alpha_0p77_traj_c8_tok120_seed07_a_delivery_label_on_a_cardboard_box.json,steer_alpha_0p77_traj,experiments/frontier_sweep_model_compare_mistral7b_stock_guard_traj_seed12/steer_alpha_0p77_traj_c8_tok120_seed07_a_delivery_label_on_a_cardboard_box.json,2,8,0,0.22045539519582102,0.0,0.3721530962654367,0.0,0.0,0.0,0.0,0.6202551604423945,0.19999999999999998,0.9100000000000001,0.0,0.0,0.0,,0.0,0.0,,0.0,0.0,,0.0,,0.75,0.25,delivery; label; cardboard; box; handwritten; note; the; its; unfolds; blossoming; flower,the; blossoming; flower,0.659375,flower; petal; water,0.8333333333333334,flower; blossoming,petal; cradle; teacap; filled; raindrop; water; moth; drop; dance; leaf,0.3122395833333333,0.0,0.0,0.0,0,0,"The petals of the flower cradles a teacap, filled with a raindrop of water. A moth rests on the flower's petal, and a drop of water dances upon a leaf of the blossoming flower."
steer_alpha_0p77_traj_c8_tok120_seed07_a_delivery_label_on_a_cardboard_box.json,steer_alpha_0p77_traj,experiments/frontier_sweep_model_compare_mistral7b_stock_guard_traj_seed12/steer_alpha_0p77_traj_c8_tok120_seed07_a_delivery_label_on_a_cardboard_box.json,3,1,1,-0.41836619775361106,0.15737469611111113,0.3489461111111111,0.55,1.0,0.0,0.0,0.6583888888888889,0.05999999999999997,0.8698750000000001,0.0,0.0,0.0,,0.0,0.0,,0.0,0.0,,0.0,,0.5,0.5,delivery; label; cardboard; box; handwritten; note; the; its; unfolds; blossoming; flower; flower's,the; its,0.2307692307692308,birdbath,0.8333333333333334,birdbath; greenhouse,fountain; water; vibrant; foliage; butterfly; perch; wing; shimmering; morning; dew,0.7051282051282052,0.0,0.0,0.0,1,0,"The birdbath, now a fountain, waters the greenhouse's vibrant foliage. A butterfly perches on the birdbath, its wings shimmering with the morning dew."
steer_alpha_0p77_traj_c8_tok120_seed07_a_delivery_label_on_a_cardboard_box.json,steer_alpha_0p77_traj,experiments/frontier_sweep_model_compare_mistral7b_stock_guard_traj_seed12/steer_alpha_0p77_traj_c8_tok120_seed07_a_delivery_label_on_a_cardboard_box.json,3,2,0,0.07063154506309965,0.1886191069879518,0.3988843373493976,0.5766666666666667,1.0,0.0,0.13333333333333333,0.6648072289156627,0.19999999999999998,0.9100000000000001,0.0,0.0,0.0,,0.0,0.0,,0.0,0.0,,0.0,,0.5,0.5,delivery; label; cardboard; box; handwritten; note; the; its; unfolds; blossoming; flower; flower's,the; its,0.37500000000000006,birdbath; garden,0.6428571428571429,birdbath; watering; root; spout; petal,rose; bloom; basin; garden; transform; sundial; casting; shadow; leave,0.5133928571428571,0.0,0.0,0.0,1,0,"The birdbath watering its roots with its spout, a single rose blooms from its basin, its petals unfold into a garden, the birdbath transforms into a sundial, casting shadows on the leaves of the garden."
steer_alpha_0p77_traj_c8_tok120_seed07_a_delivery_label_on_a_cardboard_box.json,steer_alpha_0p77_traj,experiments/frontier_sweep_model_compare_mistral7b_stock_guard_traj_seed12/steer_alpha_0p77_traj_c8_tok120_seed07_a_delivery_label_on_a_cardboard_box.json,3,3,0,0.7709938196541517,0.18303821507632817,0.37876767229226244,0.5766666666666667,1.0,0.0,0.13333333333333333,0.6312794538204374,0.19999999999999998,0.9100000000000001,0.0,0.3333333333333333,3.0303030303030303,fog,0.0,0.0,,0.3333333333333333,3.0303030303030303,fog,0.0,,0.5,0.5,delivery; label; cardboard; box; handwritten; note; the; its; unfolds; blossoming; flower; flower's,the; its,0.2857142857142857,glass; greenhouse,0.8947368421052632,birdbath; greenhouse,basin; collect; dew; morning; fog; reflecting; glass; wall; bellow; pane; breathing; out,0.6766917293233083,0.1,0.0,0.0,1,0,"The birdbath's basin collects the dew from a morning fog, reflecting the greenhouse's glass walls. The greenhouse becomes a bellows, its glass panes breathing in and out, filling the air with the sound of a distant chime."
steer_alpha_0p77_traj_c8_tok120_seed07_a_delivery_label_on_a_cardboard_box.json,steer_alpha_0p77_traj,experiments/frontier_sweep_model_compare_mistral7b_stock_guard_traj_seed12/steer_alpha_0p77_traj_c8_tok120_seed07_a_delivery_label_on_a_cardboard_box.json,3,4,0,0.11318381459519977,0.15480808778267255,0.34325518355359763,0.55,1.0,0.0,0.0,0.5720919725893294,0.19999999999999998,0.9100000000000001,0.0,0.0,0.0,,0.0,0.0,,0.0,0.0,,0.0,,0.25,0.75,delivery; label; cardboard; box; handwritten; note; the; its; unfolds; blossoming; flower; flower's,the,0.7657287157287158,birdbath; garden; root; violet; water,0.8,birdbath; root; petal,filled; water; sprout; garden; violet; burrowing; ground; bloom; conservatory; drain; feature; feeding,0.21084415584415578,0.0,0.0,0.0,1,0,"The birdbath, now filled with water, sprouts a garden of violets, their roots burrowing into the ground below. The garden's violets bloom in the birdbath, their petals unfold into a conservatory, and the birdbath drains into a water feature, feeding the garden's roots."
steer_alpha_0p77_traj_c8_tok120_seed07_a_delivery_label_on_a_cardboard_box.json,steer_alpha_0p77_traj,experiments/frontier_sweep_model_compare_mistral7b_stock_guard_traj_seed12/steer_alpha_0p77_traj_c8_tok120_seed07_a_delivery_label_on_a_cardboard_box.json,3,5,0,-0.03661591392186181,0.0,0.41776097178683386,0.0,0.0,0.0,0.0,0.6962682863113898,0.19999999999999998,0.9100000000000001,0.0,0.0,0.0,,0.0,0.0,,0.0,0.0,,0.0,,0.5,0.5,delivery; label; cardboard; box; handwritten; note; the; its; unfolds; blossoming; flower; flower's,the; its,0.31578947368421056,birdbath; ivy,0.8823529411764706,birdbath; spout,filled; water; support; hanging; garden; ivy; tendril; creeping; family; jays; gather; bathing,0.6439628482972135,0.0,0.0,0.0,0,0,"The birdbath, now filled with water, supports a hanging garden of ivy, its tendrils creeping from its spout, while a family of blue jays gather around the birdbath, bathing and feeding on the ivy's sweet fruits."
steer_alpha_0p77_traj_c8_tok120_seed07_a_delivery_label_on_a_cardboard_box.json,steer_alpha_0p77_traj,experiments/frontier_sweep_model_compare_mistral7b_stock_guard_traj_seed12/steer_alpha_0p77_traj_c8_tok120_seed07_a_delivery_label_on_a_cardboard_box.json,3,6,0,1.0057429965019542,0.0,0.429787972027972,0.0,0.0,0.0,0.0,0.7163132867132866,0.19999999999999998,0.9100000000000001,0.0,0.0,0.0,,0.0,0.0,,0.0,0.0,,0.0,,0.25,0.75,delivery; label; cardboard; box; handwritten; note; the; its; unfolds; blossoming; flower; flower's,the,0.2,pond,0.8571428571428571,birdbath; greenhouse,filled; water; pond; reflecting; leave; tree; reach; out; providing; shade; family; duck,0.7428571428571429,0.0,0.0,0.0,0,0,"The birdbath, now filled with water, becomes a pond inside the greenhouse, reflecting the leaves of a tree, which reach out to the pond, providing shade for a family of ducks."
steer_alpha_0p77_traj_c8_tok120_seed07_a_delivery_label_on_a_cardboard_box.json,steer_alpha_0p77_traj,experiments/frontier_sweep_model_compare_mistral7b_stock_guard_traj_seed12/steer_alpha_0p77_traj_c8_tok120_seed07_a_delivery_label_on_a_cardboard_box.json,3,7,0,0.3279352701579119,0.0,0.3151106463958576,0.0,0.0,0.0,0.0,0.5251844106597627,0.19999999999999998,0.9100000000000001,0.0,0.0,0.0,,0.0,0.0,,0.0,0.0,,0.0,,0.75,0.25,delivery; label; cardboard; box; handwritten; note; the; its; unfolds; blossoming; flower; flower's,the; its; blossoming,0.537037037037037,birdbath; greenhouse; water,0.7272727272727273,birdbath; spout; watering; root; greenhouse; blossoming,nurturing; countless; blossom; water; feed; soil; allowing; seed; sprout; lush; vegetation; reflection,0.39983164983164987,0.0,0.0,0.0,0,0,"The birdbath's spout watering the roots of the greenhouse, nurturing its countless blossoms. The birdbath's water feeds the soil within the greenhouse, allowing seeds to sprout from the water's surface, blossoming into lush vegetation, and the birdbath's reflection mirrors the greenhouse's glass, as if gazing into the world outside."
steer_alpha_0p77_traj_c8_tok120_seed07_a_delivery_label_on_a_cardboard_box.json,steer_alpha_0p77_traj,experiments/frontier_sweep_model_compare_mistral7b_stock_guard_traj_seed12/steer_alpha_0p77_traj_c8_tok120_seed07_a_delivery_label_on_a_cardboard_box.json,3,8,0,0.10333672805472172,0.0,0.3408838827838828,0.0,0.0,0.0,0.0,0.5681398046398047,0.19999999999999998,0.9100000000000001,0.0,0.0,0.0,,0.0,0.0,,0.0,0.0,,0.0,,0.25,0.75,delivery; label; cardboard; box; handwritten; note; the; its; unfolds; blossoming; flower; flower's,the,0.5625,birdbath; greenhouse; water,0.6923076923076923,birdbath; spout; greenhouse; watering,pour; water; roof; nourishing; plant; transform; stream; flowing; soil,0.3701923076923077,0.0,0.0,0.0,0,0,"The birdbath's spout pours water onto the greenhouse's roof, nourishing the plants that grow inside. The water from the birdbath transforms into a stream, flowing through the greenhouse, watering the soil beneath."
steer_alpha_0p77_traj_c8_tok120_seed08_i_am_opening_the_fridge.json,steer_alpha_0p77_traj,experiments/frontier_sweep_model_compare_mistral7b_stock_guard_traj_seed12/steer_alpha_0p77_traj_c8_tok120_seed08_i_am_opening_the_fridge.json,1,1,1,2.2596790955091715,0.0,0.6952956989247311,0.0,0.0,0.0,0.0,1.0,0.39059139784946223,0.27423387096774204,0.0,0.0,0.0,,0.0,0.0,,0.0,0.0,,0.0,,1.0,0.0,the; fridge,the; fridge,0.0,,0.6666666666666666,fridge,loaf; bread,0.8333333333333333,0.0,0.0,0.0,0,0,"Inside the fridge, a loaf of bread."
steer_alpha_0p77_traj_c8_tok120_seed08_i_am_opening_the_fridge.json,steer_alpha_0p77_traj,experiments/frontier_sweep_model_compare_mistral7b_stock_guard_traj_seed12/steer_alpha_0p77_traj_c8_tok120_seed08_i_am_opening_the_fridge.json,1,2,0,0.4296030372130655,0.0,0.6130645161290322,0.0,0.0,0.0,0.0,1.0,0.22612903225806447,0.6149287170930664,0.0,0.0,0.0,,0.0,0.0,,0.0,0.0,,0.0,,0.5,0.5,the; fridge,the,0.0,,1.0,,cluster; mushroom; sprouting; cold; light,1.0,0.1,0.0,0.0,0,0,"Inside, a small cluster of mushrooms, sprouting in the cold light."
steer_alpha_0p77_traj_c8_tok120_seed08_i_am_opening_the_fridge.json,steer_alpha_0p77_traj,experiments/frontier_sweep_model_compare_mistral7b_stock_guard_traj_seed12/steer_alpha_0p77_traj_c8_tok120_seed08_i_am_opening_the_fridge.json,1,3,0,-0.7038448671443496,0.0,0.4447805642633229,0.0,0.0,0.0,0.0,0.7413009404388715,0.19999999999999998,0.7416990968801314,0.0,0.0,0.0,,0.0,0.0,,0.0,0.0,,0.0,,0.5,0.5,the; fridge,the,0.0,,1.0,,slice; lemon; sits; atop; milk; carton; shelf,1.0,0.0,0.0,0.0,0,0,"Inside, a slice of lemon sits atop the milk carton, resting on the shelf."
steer_alpha_0p77_traj_c8_tok120_seed08_i_am_opening_the_fridge.json,steer_alpha_0p77_traj,experiments/frontier_sweep_model_compare_mistral7b_stock_guard_traj_seed12/steer_alpha_0p77_traj_c8_tok120_seed08_i_am_opening_the_fridge.json,1,4,0,-0.15140974489046255,0.0,0.49715671277703405,0.0,0.0,0.0,0.0,0.9380315335415736,0.05999999999999997,0.9107614942528737,0.0,0.0,0.0,,0.0,0.0,,0.0,0.0,,0.0,,1.0,0.0,the; fridge,the; fridge,0.0,,0.8888888888888888,fridge,bottle; milk; stand; upright; half-moon; silverfish; swim; water,0.9444444444444444,0.0,0.0,0.0,0,0,"Inside the fridge, a bottle of milk stands upright, half-moon, and a silverfish swims in the water."
steer_alpha_0p77_traj_c8_tok120_seed08_i_am_opening_the_fridge.json,steer_alpha_0p77_traj,experiments/frontier_sweep_model_compare_mistral7b_stock_guard_traj_seed12/steer_alpha_0p77_traj_c8_tok120_seed08_i_am_opening_the_fridge.json,1,5,0,0.7109508726567546,0.0,0.4682307692307692,0.0,0.0,0.0,0.0,0.7803846153846153,0.19999999999999998,0.9100000000000001,0.0,0.0,0.0,,0.0,0.0,,0.0,0.0,,0.0,,1.0,0.0,the; fridge,the; fridge,0.0,,0.9090909090909091,fridge,block; ice; glisten; lighthouse; frozen; bottle; beer; stand; upright; edge,0.9545454545454546,0.0,0.0,0.0,0,0,"Inside the fridge, a block of ice glistens like a lighthouse. A frozen bottle of beer stands upright on its edge."
steer_alpha_0p77_traj_c8_tok120_seed08_i_am_opening_the_fridge.json,steer_alpha_0p77_traj,experiments/frontier_sweep_model_compare_mistral7b_stock_guard_traj_seed12/steer_alpha_0p77_traj_c8_tok120_seed08_i_am_opening_the_fridge.json,1,6,0,-0.8841652055510111,0.0,0.32034177215189874,0.0,0.0,0.0,0.0,0.6406835443037975,0.0,0.8588175287356322,0.0,0.0,0.0,,0.0,0.0,,0.0,0.0,,0.0,,1.0,0.0,the; fridge,the; fridge,0.0,,0.875,fridge,condensation; drip; milk; carton; cheese; wedge; lettuce,0.9375,0.0,0.0,0.0,0,0,Inside the condensation drips from the milk carton. The cheese wedge of lettuce from the fridge.
steer_alpha_0p77_traj_c8_tok120_seed08_i_am_opening_the_fridge.json,steer_alpha_0p77_traj,experiments/frontier_sweep_model_compare_mistral7b_stock_guard_traj_seed12/steer_alpha_0p77_traj_c8_tok120_seed08_i_am_opening_the_fridge.json,1,7,0,-0.6458902064861991,0.0,0.5124917451205512,0.0,0.0,0.0,0.0,0.9669655568312285,0.05999999999999997,0.7570324302134648,0.0,0.0,0.0,,0.0,0.0,,0.0,0.0,,0.0,,0.0,1.0,the; fridge,,0.0,,1.0,,cluster; frost-kissed; grape; fruit; watery; embrace,1.0,0.0,0.0,0.0,0,0,"Inside a cluster of frost-kissed grape fruit, suspended in its watery embrace."
steer_alpha_0p77_traj_c8_tok120_seed08_i_am_opening_the_fridge.json,steer_alpha_0p77_traj,experiments/frontier_sweep_model_compare_mistral7b_stock_guard_traj_seed12/steer_alpha_0p77_traj_c8_tok120_seed08_i_am_opening_the_fridge.json,1,8,0,-1.431264957264957,0.0,0.4152051282051282,0.0,0.0,0.0,0.0,0.6920085470085471,0.19999999999999998,0.9100000000000001,0.0,0.3333333333333333,3.7037037037037037,whispers,0.0,0.0,,0.3333333333333333,3.7037037037037037,whispers,0.0,,0.5,0.5,the; fridge,the,0.0,,1.0,,milk; carton; sits; refrigerator; dripping; condensation; floor; cheese; grater; tongue; whisper; languid,1.0,0.0,0.0,0.0,0,0,"The milk carton sits inside the refrigerator, dripping condensation on the floor. The cheese grater, its silver tongue, whispers to a languid moon, and pours a river of stars into the sink."
steer_alpha_0p77_traj_c8_tok120_seed08_i_am_opening_the_fridge.json,steer_alpha_0p77_traj,experiments/frontier_sweep_model_compare_mistral7b_stock_guard_traj_seed12/steer_alpha_0p77_traj_c8_tok120_seed08_i_am_opening_the_fridge.json,2,1,1,0.39307686689842836,0.24934097792869267,0.5528624787775891,0.55,1.0,0.0,0.0,0.9214374646293152,0.19999999999999998,0.9100000000000001,0.0,0.0,0.0,,0.0,0.0,,0.0,0.0,,0.0,,1.0,0.0,the; fridge; inside; loaf; bread,the; fridge; inside; loaf; bread,0.27272727272727276,bread,0.7,fridge; bread; loaf,cat; milk; pot; cream; teapot; kettle; spout,0.6181818181818182,0.0,0.0,0.0,1,0,"Inside the fridge, the bread becomes a loaf of bread, a cat with its milk. A pot of cream, a teapot, a kettle's spout."
steer_alpha_0p77_traj_c8_tok120_seed08_i_am_opening_the_fridge.json,steer_alpha_0p77_traj,experiments/frontier_sweep_model_compare_mistral7b_stock_guard_traj_seed12/steer_alpha_0p77_traj_c8_tok120_seed08_i_am_opening_the_fridge.json,2,2,0,2.0701871885061034,0.024829761648745518,0.6813044354838709,0.044444444444444446,0.0,0.0,0.2222222222222222,0.9335,0.45967741935483863,0.5033836670374491,0.0,0.0,0.0,,0.0,0.0,,0.0,0.0,,0.0,,0.75,0.25,the; fridge; inside; loaf; bread,the; fridge; inside,0.0,,0.8333333333333334,fridge,pitcher; lemon; counter; vase; watermelon,0.9166666666666667,0.0,0.0,0.0,0,0,"Inside the fridge, a pitcher of lemon on the counter. A vase of watermelon."
steer_alpha_0p77_traj_c8_tok120_seed08_i_am_opening_the_fridge.json,steer_alpha_0p77_traj,experiments/frontier_sweep_model_compare_mistral7b_stock_guard_traj_seed12/steer_alpha_0p77_traj_c8_tok120_seed08_i_am_opening_the_fridge.json,2,3,0,1.0619116701408042,0.0,0.777563839385031,0.0,0.0,0.0,0.0,0.9067068965517242,0.7151382488479262,0.4035490359658881,0.0,0.0,0.0,,0.0,0.0,,0.0,0.0,,0.0,,1.0,0.0,the; fridge; inside; loaf; bread,the; fridge; inside; loaf; bread,0.37500000000000006,milk,0.5714285714285714,loaf; bread; fridge,jar; milk; glass; lemon,0.49107142857142855,0.0,0.0,0.0,0,0,"A loaf of bread, a jar of milk. Inside the fridge, a glass of lemon of milk."
steer_alpha_0p77_traj_c8_tok120_seed08_i_am_opening_the_fridge.json,steer_alpha_0p77_traj,experiments/frontier_sweep_model_compare_mistral7b_stock_guard_traj_seed12/steer_alpha_0p77_traj_c8_tok120_seed08_i_am_opening_the_fridge.json,2,4,0,-0.2336530618065653,0.0,0.576148811000827,0.0,0.0,0.0,0.0,0.9347435897435897,0.23274193548387093,0.8422733129403042,0.0,0.0,0.0,,0.0,0.0,,0.0,0.0,,0.0,,1.0,0.0,the; fridge; inside; loaf; bread,the; fridge; loaf; bread,0.0,,0.625,loaf; bread; fridge,crumb; molding; cheese; block; butter,0.8125,0.0,0.0,0.0,0,0,"The loaf of bread crumbs, molding cheese. A block of butter, melting into the fridge's surface."
steer_alpha_0p77_traj_c8_tok120_seed08_i_am_opening_the_fridge.json,steer_alpha_0p77_traj,experiments/frontier_sweep_model_compare_mistral7b_stock_guard_traj_seed12/steer_alpha_0p77_traj_c8_tok120_seed08_i_am_opening_the_fridge.json,2,5,0,-1.5736303696303695,0.0,0.3823041958041958,0.0,0.0,0.0,0.0,0.7213286713286713,0.05999999999999997,0.9730000000000001,0.0,0.0,0.0,,0.0,0.0,,0.0,0.0,,0.0,,1.0,0.0,the; fridge; inside; loaf; bread,the; fridge; inside; loaf; bread,0.6000000000000001,milk; teapot,0.625,fridge; loaf; bread,cradle; kettle; milk; teapot; pouring,0.32499999999999996,0.0,0.0,0.0,0,0,"Inside the fridge, a loaf of bread cradles a kettle of milk and a teapot. A teapot, pouring milk."
steer_alpha_0p77_traj_c8_tok120_seed08_i_am_opening_the_fridge.json,steer_alpha_0p77_traj,experiments/frontier_sweep_model_compare_mistral7b_stock_guard_traj_seed12/steer_alpha_0p77_traj_c8_tok120_seed08_i_am_opening_the_fridge.json,2,6,0,-0.016459463360744442,0.0,0.4434449192782526,0.0,0.0,0.0,0.0,0.8868898385565052,0.0,0.935485632183908,0.0,0.0,0.0,,0.0,0.0,,0.0,0.0,,0.0,,0.75,0.25,the; fridge; inside; loaf; bread,the; fridge; inside,0.875,lemon; slice,0.8333333333333334,fridge,slice; lemon; cucumber; watermelon; peel,0.11458333333333334,0.0,0.0,0.0,0,0,"Inside the fridge, a single slice of lemon, a cucumber. A watermelon with its peel, a slice of lemon."
steer_alpha_0p77_traj_c8_tok120_seed08_i_am_opening_the_fridge.json,steer_alpha_0p77_traj,experiments/frontier_sweep_model_compare_mistral7b_stock_guard_traj_seed12/steer_alpha_0p77_traj_c8_tok120_seed08_i_am_opening_the_fridge.json,2,7,0,0.6251687314267731,0.008880609646476715,0.4061254411498498,0.02666666666666667,0.0,0.0,0.13333333333333333,0.5576161616161617,0.45664874551971324,0.6942753058954394,0.0,0.0,0.0,,0.0,0.0,,0.0,0.0,,0.0,,1.0,0.0,the; fridge; inside; loaf; bread,the; fridge; inside; loaf; bread,0.821062271062271,bread; loaf; fridge,0.6666666666666666,fridge; loaf; bread,transformed; butter; counter; transform; vending; machine,0.14911477411477414,0.0,0.0,0.0,0,0,"Inside the fridge, a loaf of bread, a loaf of bread is transformed into a loaf of butter. The bread is on the counter, and the fridge transforms into a vending machine."
steer_alpha_0p77_traj_c8_tok120_seed08_i_am_opening_the_fridge.json,steer_alpha_0p77_traj,experiments/frontier_sweep_model_compare_mistral7b_stock_guard_traj_seed12/steer_alpha_0p77_traj_c8_tok120_seed08_i_am_opening_the_fridge.json,2,8,0,-0.6074730158730157,0.0,0.5157666666666666,0.0,0.0,0.0,0.0,0.8596111111111111,0.19999999999999998,0.9100000000000001,0.0,0.0,0.0,,0.0,0.0,,0.0,0.0,,0.0,,1.0,0.0,the; fridge; inside; loaf; bread,the; fridge; inside; loaf; bread,0.5454545454545455,fridge; teapot,0.6666666666666666,fridge; loaf; bread,cradle; teapot; coffee; brew; pouring; milk,0.3787878787878787,0.0,0.0,0.0,0,0,"Inside the fridge, a loaf of bread cradles a teapot, inside the fridge. A teapot of coffee brews, pouring milk."
steer_alpha_0p77_traj_c8_tok120_seed08_i_am_opening_the_fridge.json,steer_alpha_0p77_traj,experiments/frontier_sweep_model_compare_mistral7b_stock_guard_traj_seed12/steer_alpha_0p77_traj_c8_tok120_seed08_i_am_opening_the_fridge.json,3,1,1,1.4674115694327294,0.0,0.545850499531332,0.0,0.0,0.0,0.0,0.8412544294826364,0.2977060931899641,0.5819920281794587,0.0,0.0,0.0,,0.0,0.0,,0.0,0.0,,0.0,,1.0,0.0,the; fridge; inside; loaf; bread; cat; its; milk; pot; cream; teapot; kettle's,the; fridge; inside; cat; teapot; kettle's,0.30000000000000004,teapot,0.4444444444444444,fridge; kettle; spout; teapot; cat,pour; water; curl; shadow,0.5055555555555555,0.0,0.0,0.0,0,0,"Inside the fridge, a kettle's spout pours water into a teapot, the cat curls up in the teapot's shadow."
steer_alpha_0p77_traj_c8_tok120_seed08_i_am_opening_the_fridge.json,steer_alpha_0p77_traj,experiments/frontier_sweep_model_compare_mistral7b_stock_guard_traj_seed12/steer_alpha_0p77_traj_c8_tok120_seed08_i_am_opening_the_fridge.json,3,2,0,-0.6694403533909321,0.0,0.3773273910582909,0.0,0.0,0.0,0.0,0.7546547821165818,0.0,1.0,0.0,0.0,0.0,,0.0,0.0,,0.0,0.0,,0.0,,1.0,0.0,the; fridge; inside; loaf; bread; cat; its; milk; pot; cream; teapot; kettle's,the; cat; milk; teapot,0.0,,0.8181818181818182,cat; teapot,laps; milk-white; teeth; cupboard; lined; biscuit; spoon; jar; honey,0.9090909090909092,0.0,0.0,0.0,0,0,"The cat laps from the teapot, milk-white teeth. A cupboard, lined with biscuits and a silver spoon, a jar of honey."
steer_alpha_0p77_traj_c8_tok120_seed08_i_am_opening_the_fridge.json,steer_alpha_0p77_traj,experiments/frontier_sweep_model_compare_mistral7b_stock_guard_traj_seed12/steer_alpha_0p77_traj_c8_tok120_seed08_i_am_opening_the_fridge.json,3,3,0,-0.20934344765375457,0.0,0.45728813559322035,0.0,0.0,0.0,0.0,0.9145762711864407,0.0,0.9206157635467982,0.0,0.0,0.0,,0.0,0.0,,0.0,0.0,,0.0,,1.0,0.0,the; fridge; inside; loaf; bread; cat; its; milk; pot; cream; teapot; kettle's,the; inside; loaf; bread; cat; its; milk; teapot,0.37500000000000006,teapot,0.2857142857142857,teapot; cat; milk; loaf; bread,pour; tea,0.40178571428571425,0.0,0.0,0.0,0,0,"Inside the teapot, a cat with its milk, a loaf of bread, a teapot pours tea."
steer_alpha_0p77_traj_c8_tok120_seed08_i_am_opening_the_fridge.json,steer_alpha_0p77_traj,experiments/frontier_sweep_model_compare_mistral7b_stock_guard_traj_seed12/steer_alpha_0p77_traj_c8_tok120_seed08_i_am_opening_the_fridge.json,3,4,0,0.36300892438623134,0.0,0.5053299441786284,0.0,0.0,0.0,0.0,0.8422165736310474,0.19999999999999998,0.810477011494253,0.0,0.0,0.0,,0.0,0.0,,0.0,0.0,,0.0,,1.0,0.0,the; fridge; inside; loaf; bread; cat; its; milk; pot; cream; teapot; kettle's,the; inside; bread; cat; milk; teapot; kettle's,0.0,,0.45454545454545453,kettle; spout; cat; milk; bread; teapot,tea; steam; laps; cradled; embrace,0.7272727272727273,0.0,0.0,0.0,0,0,"Inside the kettle's spout, tea steams, the cat laps at the milk. The bread, cradled in the teapot's embrace."
steer_alpha_0p77_traj_c8_tok120_seed08_i_am_opening_the_fridge.json,steer_alpha_0p77_traj,experiments/frontier_sweep_model_compare_mistral7b_stock_guard_traj_seed12/steer_alpha_0p77_traj_c8_tok120_seed08_i_am_opening_the_fridge.json,3,5,0,0.30643782249742,0.0,0.5617026315789474,0.0,0.0,0.0,0.0,0.936171052631579,0.19999999999999998,0.9100000000000001,0.0,0.0,0.0,,0.0,0.0,,0.0,0.0,,0.0,,0.75,0.25,the; fridge; inside; loaf; bread; cat; its; milk; pot; cream; teapot; kettle's,the; its; teapot,0.0,,0.8461538461538461,kettle; teapot,cup; tea; steam; handle; grip; spoon; table; book; poetry; vase; flower,0.9230769230769231,0.0,0.0,0.0,0,0,"In the kettle, a cup of tea steams, its handle grips a spoon. On the table, a teapot, a book of poetry, a vase of flowers."
steer_alpha_0p77_traj_c8_tok120_seed08_i_am_opening_the_fridge.json,steer_alpha_0p77_traj,experiments/frontier_sweep_model_compare_mistral7b_stock_guard_traj_seed12/steer_alpha_0p77_traj_c8_tok120_seed08_i_am_opening_the_fridge.json,3,6,0,-0.35881970457413714,0.0,0.44785897435897437,0.0,0.0,0.0,0.0,0.8957179487179487,0.0,0.8987083333333334,0.0,0.0,0.0,,0.0,0.0,,0.0,0.0,,0.0,,1.0,0.0,the; fridge; inside; loaf; bread; cat; its; milk; pot; cream; teapot; kettle's,the; fridge; inside; cat; cream; teapot,0.0,,0.5,fridge; cat; cream; teapot,lick; saucer; pour; tea,0.75,0.0,0.0,0.0,0,0,"Inside the fridge, the cat licks cream from a saucer, the teapot pours tea."
steer_alpha_0p77_traj_c8_tok120_seed08_i_am_opening_the_fridge.json,steer_alpha_0p77_traj,experiments/frontier_sweep_model_compare_mistral7b_stock_guard_traj_seed12/steer_alpha_0p77_traj_c8_tok120_seed08_i_am_opening_the_fridge.json,3,7,0,-0.3100717052648665,0.0,0.45597686244597,0.0,0.0,0.0,0.0,0.91195372489194,0.0,1.0,0.0,0.0,0.0,,0.0,0.0,,0.0,0.0,,0.0,,1.0,0.0,the; fridge; inside; loaf; bread; cat; its; milk; pot; cream; teapot; kettle's,the; fridge; inside; cat,0.0,,0.6666666666666666,fridge; kettle; cat; spout,boil; pouring; tea; two; laps; saucer; sipping; liquid,0.8333333333333333,0.0,0.0,0.0,0,0,"Inside the fridge, a kettle boils, pouring tea for two. The cat laps from a saucer, sipping the spout's liquid."
steer_alpha_0p77_traj_c8_tok120_seed08_i_am_opening_the_fridge.json,steer_alpha_0p77_traj,experiments/frontier_sweep_model_compare_mistral7b_stock_guard_traj_seed12/steer_alpha_0p77_traj_c8_tok120_seed08_i_am_opening_the_fridge.json,3,8,0,1.1776974540012852,0.0,0.5270769230769231,0.0,0.0,0.0,0.0,0.8784615384615385,0.19999999999999998,0.8477614942528737,0.0,0.0,0.0,,0.0,0.0,,0.0,0.0,,0.0,,1.0,0.0,the; fridge; inside; loaf; bread; cat; its; milk; pot; cream; teapot; kettle's,the; inside; its; pot; teapot,0.0,,0.6666666666666666,teapot; kettle; pot,steaming; pour; tea; spoon; spoonful; sugar,0.8333333333333333,0.0,0.0,0.0,0,0,"Inside the teapot, a steaming kettle pours its tea. A spoon rests on the pot, a spoonful of sugar."
steer_alpha_0p77_traj_c8_tok120_seed09_i_am_waiting_for_the_printer.json,steer_alpha_0p77_traj,experiments/frontier_sweep_model_compare_mistral7b_stock_guard_traj_seed12/steer_alpha_0p77_traj_c8_tok120_seed09_i_am_waiting_for_the_printer.json,1,1,1,-1.0889344086021504,0.011608025806451611,0.21234193548387095,0.06666666666666667,0.0,0.0,0.3333333333333333,0.6,0.17967741935483866,0.3691451612903226,0.0,0.0,0.0,,0.0,0.0,,0.0,0.0,,0.0,,1.0,0.0,waiting; for; the; printer,waiting; for; the; printer,0.0,,0.5,waiting; printer,ink; word,0.75,0.0,0.0,0.4,0,0,"I am waiting for the printer, its ink spills words."
steer_alpha_0p77_traj_c8_tok120_seed09_i_am_waiting_for_the_printer.json,steer_alpha_0p77_traj,experiments/frontier_sweep_model_compare_mistral7b_stock_guard_traj_seed12/steer_alpha_0p77_traj_c8_tok120_seed09_i_am_waiting_for_the_printer.json,1,2,0,-0.9930334313725487,0.0,0.5,0.0,0.0,0.0,0.0,1.0,0.0,0.8340833333333333,0.0,0.0,0.0,,0.0,0.0,,0.0,0.0,,0.0,,0.5,0.5,waiting; for; the; printer,the; printer,0.0,,0.8,printer,hums; spitting; out; document,0.9,0.0,0.0,0.0,0,0,"The printer hums, spitting out documents."
steer_alpha_0p77_traj_c8_tok120_seed09_i_am_waiting_for_the_printer.json,steer_alpha_0p77_traj,experiments/frontier_sweep_model_compare_mistral7b_stock_guard_traj_seed12/steer_alpha_0p77_traj_c8_tok120_seed09_i_am_waiting_for_the_printer.json,1,3,0,-0.5180784313725488,0.0,0.49504166666666666,0.0,0.0,0.0,0.0,0.9900833333333333,0.0,0.8987083333333334,0.0,0.0,0.0,,0.0,0.0,,0.0,0.0,,0.0,,0.5,0.5,waiting; for; the; printer,the; printer,0.0,,0.875,printer,humming; softly; rhythmic; pulse; spitting; out; sonnet,0.9375,0.0,0.0,0.0,0,0,"The printer is humming softly, its rhythmic pulse, spitting out a sonnet."
steer_alpha_0p77_traj_c8_tok120_seed09_i_am_waiting_for_the_printer.json,steer_alpha_0p77_traj,experiments/frontier_sweep_model_compare_mistral7b_stock_guard_traj_seed12/steer_alpha_0p77_traj_c8_tok120_seed09_i_am_waiting_for_the_printer.json,1,4,0,-0.5211426495963666,0.0,0.3522457627118644,0.0,0.0,0.0,0.0,0.7044915254237288,0.0,0.7008189655172414,0.0,0.0,0.0,,0.0,0.0,,0.0,0.0,,0.0,,0.5,0.5,waiting; for; the; printer,the; printer,0.5,ink,0.8,printer,ink; spreading; line; page,0.45,0.0,0.0,0.0,0,0,"The printer, its ink, spills ink, spreading black lines across the page."
steer_alpha_0p77_traj_c8_tok120_seed09_i_am_waiting_for_the_printer.json,steer_alpha_0p77_traj,experiments/frontier_sweep_model_compare_mistral7b_stock_guard_traj_seed12/steer_alpha_0p77_traj_c8_tok120_seed09_i_am_waiting_for_the_printer.json,1,5,0,-1.5339142233347238,0.025552304964539006,0.46742021276595747,0.06666666666666667,0.0,0.0,0.3333333333333333,0.9348404255319149,0.0,0.8753333333333333,0.0,0.3333333333333333,12.5,whispering,0.0,0.0,,0.3333333333333333,12.5,whispering,0.0,,0.5,0.5,waiting; for; the; printer,the; printer,0.0,,0.8333333333333334,printer,hums; softly; whispering; secret; floor,0.9166666666666667,0.0,0.0,0.0,0,0,"The printer hums softly, whispering secrets to the floor."
steer_alpha_0p77_traj_c8_tok120_seed09_i_am_waiting_for_the_printer.json,steer_alpha_0p77_traj,experiments/frontier_sweep_model_compare_mistral7b_stock_guard_traj_seed12/steer_alpha_0p77_traj_c8_tok120_seed09_i_am_waiting_for_the_printer.json,1,6,0,-1.1830606549364613,0.0117622119908765,0.10758120723362653,0.13333333333333333,0.0,0.0,0.6666666666666666,0.2578787878787878,0.39059139784946223,0.27423387096774204,0.0,0.0,0.0,,0.0,0.0,,0.0,0.0,,0.0,,1.0,0.0,waiting; for; the; printer,waiting; for; the; printer,0.0,,0.3333333333333333,waiting; printer,forest,0.6666666666666666,0.0,0.0,0.4,0,0,I am waiting for the printer in the forest.
steer_alpha_0p77_traj_c8_tok120_seed09_i_am_waiting_for_the_printer.json,steer_alpha_0p77_traj,experiments/frontier_sweep_model_compare_mistral7b_stock_guard_traj_seed12/steer_alpha_0p77_traj_c8_tok120_seed09_i_am_waiting_for_the_printer.json,1,7,0,-1.168184946524064,0.0,0.46393939393939393,0.0,0.0,0.0,0.0,0.9278787878787879,0.0,0.8340833333333333,0.0,0.0,0.0,,0.0,0.0,,0.0,0.0,,0.0,,0.5,0.5,waiting; for; the; printer,the; printer,0.0,,0.8,printer,hums; softly; printing; song,0.9,0.0,0.0,0.0,0,0,"The printer hums softly, printing songs."
steer_alpha_0p77_traj_c8_tok120_seed09_i_am_waiting_for_the_printer.json,steer_alpha_0p77_traj,experiments/frontier_sweep_model_compare_mistral7b_stock_guard_traj_seed12/steer_alpha_0p77_traj_c8_tok120_seed09_i_am_waiting_for_the_printer.json,1,8,0,-3.4006309714743956,0.006888953488372091,0.1260174418604651,0.06666666666666667,0.0,0.0,0.3333333333333333,0.4200581395348837,0.0,0.8844841954022988,0.0,0.3333333333333333,7.142857142857143,whispering,0.0,0.0,,0.3333333333333333,7.142857142857143,whispering,0.0,,1.0,0.0,waiting; for; the; printer,waiting; for; the; printer,0.33333333333333326,printer,0.75,waiting; printer,garden; spit; leave; whispering; secret; flower,0.5833333333333334,0.0,0.0,0.4,0,0,"I am waiting for the printer, in the garden. The printer spits leaves, whispering secrets to the flowers."
steer_alpha_0p77_traj_c8_tok120_seed09_i_am_waiting_for_the_printer.json,steer_alpha_0p77_traj,experiments/frontier_sweep_model_compare_mistral7b_stock_guard_traj_seed12/steer_alpha_0p77_traj_c8_tok120_seed09_i_am_waiting_for_the_printer.json,2,1,1,2.8307238674780257,0.44432406896551724,0.8786896551724137,0.6166666666666667,1.0,0.0,0.3333333333333333,0.9448275862068966,0.8599999999999999,0.06300000000000006,0.0,0.0,0.0,,0.0,0.0,,0.0,0.0,,0.0,,0.75,0.25,waiting; for; the; printer; its; ink; spills; words,the; printer; words,0.0,,0.3333333333333333,printer; word,book,0.6666666666666666,0.0,0.0,0.0,1,0,The printer's words become a book.
steer_alpha_0p77_traj_c8_tok120_seed09_i_am_waiting_for_the_printer.json,steer_alpha_0p77_traj,experiments/frontier_sweep_model_compare_mistral7b_stock_guard_traj_seed12/steer_alpha_0p77_traj_c8_tok120_seed09_i_am_waiting_for_the_printer.json,2,2,0,2.2254880049063437,0.028828057390467024,0.7910137698603756,0.044444444444444446,0.0,0.0,0.2222222222222222,0.8811940298507464,0.7953225806451613,0.1617715053763441,0.0,0.0,0.0,,0.0,0.0,,0.0,0.0,,0.0,,1.0,0.0,waiting; for; the; printer; its; ink; spills; words,the; printer; its; ink; spills; words,0.6928571428571428,ink; word,0.4,word; printer; ink,page; desk,0.215,0.0,0.0,0.0,0,0,"The page of words unfolds, the printer spills ink onto a desk, its ink spills words."
steer_alpha_0p77_traj_c8_tok120_seed09_i_am_waiting_for_the_printer.json,steer_alpha_0p77_traj,experiments/frontier_sweep_model_compare_mistral7b_stock_guard_traj_seed12/steer_alpha_0p77_traj_c8_tok120_seed09_i_am_waiting_for_the_printer.json,2,3,0,1.2222696936138795,0.0,0.6905814728682171,0.0,0.0,0.0,0.0,0.742560723514212,0.8599999999999999,0.06300000000000006,0.0,0.0,0.0,,0.0,0.0,,0.0,0.0,,0.0,,1.0,0.0,waiting; for; the; printer; its; ink; spills; words,the; printer; its; ink; spills; words,0.95,ink; word,0.0,printer; ink; word,,0.025000000000000022,0.0,0.0,0.0,0,0,"The printer's ink spills words, its ink spills words."
steer_alpha_0p77_traj_c8_tok120_seed09_i_am_waiting_for_the_printer.json,steer_alpha_0p77_traj,experiments/frontier_sweep_model_compare_mistral7b_stock_guard_traj_seed12/steer_alpha_0p77_traj_c8_tok120_seed09_i_am_waiting_for_the_printer.json,2,4,0,0.9527161107891433,0.0,0.5575,0.0,0.0,0.0,0.0,1.0,0.11499999999999996,0.7251522988505748,0.0,0.0,0.0,,0.0,0.0,,0.0,0.0,,0.0,,1.0,0.0,waiting; for; the; printer; its; ink; spills; words,the; its; ink; words,0.0,,0.6666666666666666,ink; word,pool; river; book; poem,0.8333333333333333,0.0,0.0,0.0,0,0,"The ink pools in a river, its words, a book of poems."
steer_alpha_0p77_traj_c8_tok120_seed09_i_am_waiting_for_the_printer.json,steer_alpha_0p77_traj,experiments/frontier_sweep_model_compare_mistral7b_stock_guard_traj_seed12/steer_alpha_0p77_traj_c8_tok120_seed09_i_am_waiting_for_the_printer.json,2,5,0,0.20828823529411777,0.0,0.43875000000000003,0.0,0.0,0.0,0.0,0.8775000000000001,0.0,0.45,0.0,0.0,0.0,,0.0,0.0,,0.0,0.0,,0.0,,1.0,0.0,waiting; for; the; printer; its; ink; spills; words,the; printer; ink; words,0.0,,0.25,ink; word; printer,coil,0.625,0.0,0.0,0.0,0,0,"The ink, the words coil around the printer."
steer_alpha_0p77_traj_c8_tok120_seed09_i_am_waiting_for_the_printer.json,steer_alpha_0p77_traj,experiments/frontier_sweep_model_compare_mistral7b_stock_guard_traj_seed12/steer_alpha_0p77_traj_c8_tok120_seed09_i_am_waiting_for_the_printer.json,2,6,0,0.5285613924997833,0.0,0.5594305127176195,0.0,0.0,0.0,0.0,0.9076198296085937,0.23274193548387093,0.6552733129403041,0.0,0.0,0.0,,0.0,0.0,,0.0,0.0,,0.0,,1.0,0.0,waiting; for; the; printer; its; ink; spills; words,the; printer; its; ink; spills; words,0.33333333333333326,word,0.625,printer; ink; word,hand; cradling; ink-stitched; paperweight; pocket,0.5416666666666667,0.0,0.0,0.0,0,0,"The printer, its ink spills words in my hands, cradling the ink-stitched words, a paperweight in its pocket."
steer_alpha_0p77_traj_c8_tok120_seed09_i_am_waiting_for_the_printer.json,steer_alpha_0p77_traj,experiments/frontier_sweep_model_compare_mistral7b_stock_guard_traj_seed12/steer_alpha_0p77_traj_c8_tok120_seed09_i_am_waiting_for_the_printer.json,2,7,0,-0.9516880641831713,0.0,0.36974806201550386,0.0,0.0,0.0,0.0,0.7394961240310077,0.0,0.8658189655172415,0.0,0.0,0.0,,0.0,0.0,,0.0,0.0,,0.0,,1.0,0.0,waiting; for; the; printer; its; ink; spills; words,the; its; ink; words,0.0,,0.6666666666666666,word; ink,inkpot; fill; page; dripping,0.8333333333333333,0.0,0.0,0.0,0,0,"The inkpot fills the pages of its words, dripping ink."
steer_alpha_0p77_traj_c8_tok120_seed09_i_am_waiting_for_the_printer.json,steer_alpha_0p77_traj,experiments/frontier_sweep_model_compare_mistral7b_stock_guard_traj_seed12/steer_alpha_0p77_traj_c8_tok120_seed09_i_am_waiting_for_the_printer.json,2,8,0,-1.0145087612242787,0.0,0.4731960960960961,0.0,0.0,0.0,0.0,0.8928228228228228,0.05999999999999997,0.8098175287356322,0.0,0.0,0.0,,0.0,0.0,,0.0,0.0,,0.0,,1.0,0.0,waiting; for; the; printer; its; ink; spills; words,the; printer; its; ink; spills; words,0.37500000000000006,ink,0.5714285714285714,printer; ink; word,paper; curl; teapot; table,0.49107142857142855,0.0,0.0,0.0,0,0,"The paper curls beneath a teapot, the printer's ink spills ink, its words onto the table."
steer_alpha_0p77_traj_c8_tok120_seed09_i_am_waiting_for_the_printer.json,steer_alpha_0p77_traj,experiments/frontier_sweep_model_compare_mistral7b_stock_guard_traj_seed12/steer_alpha_0p77_traj_c8_tok120_seed09_i_am_waiting_for_the_printer.json,3,1,1,2.5107399434659703,0.4147502820007759,0.8508667741069029,0.5944444444444444,1.0,0.0,0.2222222222222222,0.8508667741069029,1.0,0.0,0.0,0.0,0.0,,0.0,0.0,,0.0,0.0,,0.0,,1.0,0.0,waiting; for; the; printer; its; ink; spills; words; printer's; book,the; printer; ink; spills; words; printer's; book,0.675,book; word,0.3333333333333333,book; ink; word; printer,page; rustle,0.21666666666666662,0.0,0.0,0.0,1,0,"The book's pages rustle open, and the ink spills words. The printer's words become a book."
steer_alpha_0p77_traj_c8_tok120_seed09_i_am_waiting_for_the_printer.json,steer_alpha_0p77_traj,experiments/frontier_sweep_model_compare_mistral7b_stock_guard_traj_seed12/steer_alpha_0p77_traj_c8_tok120_seed09_i_am_waiting_for_the_printer.json,3,2,0,3.260196027703669,0.3573991888322958,0.7471760045274477,0.5833333333333334,1.0,0.0,0.16666666666666666,0.7471760045274477,1.0,0.0,0.0,0.0,0.0,,0.0,0.0,,0.0,0.0,,0.0,,1.0,0.0,waiting; for; the; printer; its; ink; spills; words; printer's; book,the; its; ink; spills; words; book,0.7250000000000001,book; page; word,0.5,book; ink; word,page; fan; forest,0.20624999999999993,0.0,0.0,0.0,2,0,"The book's ink spills pages, its words become a book. The book's pages unfold like a fan, its words become a forest."
steer_alpha_0p77_traj_c8_tok120_seed09_i_am_waiting_for_the_printer.json,steer_alpha_0p77_traj,experiments/frontier_sweep_model_compare_mistral7b_stock_guard_traj_seed12/steer_alpha_0p77_traj_c8_tok120_seed09_i_am_waiting_for_the_printer.json,3,3,0,3.769498696902504,0.17008201938956646,0.7320603417054512,0.2833333333333333,0.0,1.0,0.16666666666666666,0.8764086091282717,0.6705913978494622,0.18047525027808686,0.0,0.0,0.0,,0.0,0.0,,0.0,0.0,,0.0,,1.0,0.0,waiting; for; the; printer; its; ink; spills; words; printer's; book,the; ink; spills; words; book,0.4285714285714286,book,0.5,book; ink; word,page; secret; garden,0.42857142857142855,0.0,0.0,0.0,0,1,"The book's pages hold secrets, and the ink spills words. The book opens as a garden."
steer_alpha_0p77_traj_c8_tok120_seed09_i_am_waiting_for_the_printer.json,steer_alpha_0p77_traj,experiments/frontier_sweep_model_compare_mistral7b_stock_guard_traj_seed12/steer_alpha_0p77_traj_c8_tok120_seed09_i_am_waiting_for_the_printer.json,3,4,0,1.3946360829129576,0.16396392315774874,0.6314400121607783,0.31666666666666665,0.0,1.0,0.3333333333333333,0.8273055555555556,0.5264976958525345,0.4786610122358176,0.0,0.0,0.0,,0.0,0.0,,0.0,0.0,,0.0,,1.0,0.0,waiting; for; the; printer; its; ink; spills; words; printer's; book,the; its; words; book,0.6611111111111112,book; secret,0.7142857142857143,book; word,page; fan; speak; secret; whisper,0.29047619047619044,0.0,0.0,0.0,0,2,"The book's pages fan open, and the book's words speak of secrets, its secrets whisper."
steer_alpha_0p77_traj_c8_tok120_seed09_i_am_waiting_for_the_printer.json,steer_alpha_0p77_traj,experiments/frontier_sweep_model_compare_mistral7b_stock_guard_traj_seed12/steer_alpha_0p77_traj_c8_tok120_seed09_i_am_waiting_for_the_printer.json,3,5,0,2.404224716668276,0.0,0.53625,0.0,0.0,0.0,0.0,0.77,0.3928571428571428,0.4144396551724139,0.0,0.0,0.0,,0.0,0.0,,0.0,0.0,,0.0,,1.0,0.0,waiting; for; the; printer; its; ink; spills; words; printer's; book,the; its; ink; words; book,0.0,,0.5714285714285714,book; word; ink,page; dance; night; sky,0.7857142857142857,0.0,0.0,0.0,0,0,"The book opens, its pages unfold. Words dance and spill ink in the night sky."
steer_alpha_0p77_traj_c8_tok120_seed09_i_am_waiting_for_the_printer.json,steer_alpha_0p77_traj,experiments/frontier_sweep_model_compare_mistral7b_stock_guard_traj_seed12/steer_alpha_0p77_traj_c8_tok120_seed09_i_am_waiting_for_the_printer.json,3,6,0,0.9023207469778364,0.0,0.6086147370486655,0.0,0.0,0.0,0.0,0.9098351648351648,0.33785714285714274,0.5281063218390806,0.0,0.0,0.0,,0.0,0.0,,0.0,0.0,,0.0,,1.0,0.0,waiting; for; the; printer; its; ink; spills; words; printer's; book,the; ink; spills; words; book,0.37500000000000006,book,0.5714285714285714,book; ink; word,page; revealing; secret; becoming,0.49107142857142855,0.0,0.0,0.0,0,0,"The book's pages unfold, revealing secrets. The ink spills words, becoming a book."
steer_alpha_0p77_traj_c8_tok120_seed09_i_am_waiting_for_the_printer.json,steer_alpha_0p77_traj,experiments/frontier_sweep_model_compare_mistral7b_stock_guard_traj_seed12/steer_alpha_0p77_traj_c8_tok120_seed09_i_am_waiting_for_the_printer.json,3,7,0,-0.18089453528095567,0.0,0.5036019230769231,0.0,0.0,0.0,0.0,0.9501923076923077,0.05999999999999997,0.8098175287356322,0.0,0.0,0.0,,0.0,0.0,,0.0,0.0,,0.0,,1.0,0.0,waiting; for; the; printer; its; ink; spills; words; printer's; book,the; its; ink; spills; words; book,0.0,,0.625,book; ink; word,page; revealing; secret; forming; river,0.8125,0.0,0.0,0.0,0,0,"The book opens its pages, revealing secrets. The ink spills words, forming a river."
steer_alpha_0p77_traj_c8_tok120_seed09_i_am_waiting_for_the_printer.json,steer_alpha_0p77_traj,experiments/frontier_sweep_model_compare_mistral7b_stock_guard_traj_seed12/steer_alpha_0p77_traj_c8_tok120_seed09_i_am_waiting_for_the_printer.json,3,8,0,0.111119430769832,0.010097823533828789,0.3694325683108094,0.03333333333333333,0.0,0.0,0.16666666666666666,0.5522750620770243,0.33785714285714274,0.7151063218390805,0.0,0.0,0.0,,0.0,0.0,,0.0,0.0,,0.0,,0.5,0.5,waiting; for; the; printer; its; ink; spills; words; printer's; book,the; book,0.7000000000000001,book; page; secret,0.8571428571428571,book,page; revealing; secret; reveal; mirror; wind,0.2785714285714285,0.0,0.0,0.0,0,0,"The book's pages turn open, revealing secrets, and the pages of the book reveal a mirror. The secrets of the wind."
steer_alpha_0p77_traj_c8_tok120_seed09_i_am_waiting_for_the_printer.json,steer_alpha_0p77_traj,experiments/frontier_sweep_model_compare_mistral7b_stock_guard_traj_seed12/steer_alpha_0p77_traj_c8_tok120_seed09_i_am_waiting_for_the_printer.json,4,1,1,1.6129898373361058,0.01228034890462622,0.44928105748632513,0.03333333333333333,0.0,0.0,0.16666666666666666,0.5932366215344939,0.5146774193548386,0.3677170003707825,0.0,0.0,0.0,,0.0,0.0,,0.0,0.0,,0.0,,1.0,0.0,waiting; for; the; printer; its; ink; spills; words; printer's; book; book's; pages,the; its; ink; spills; words; book; book's; pages,0.9351851851851852,book; ink; page; word,0.16666666666666666,page; book; ink; word; rustle,fan,0.037808641975308616,0.0,0.0,0.0,0,0,"The pages of the book unfold like a fan, its ink spills words. The book's pages rustle open, and its ink spills words."
steer_alpha_0p77_traj_c8_tok120_seed09_i_am_waiting_for_the_printer.json,steer_alpha_0p77_traj,experiments/frontier_sweep_model_compare_mistral7b_stock_guard_traj_seed12/steer_alpha_0p77_traj_c8_tok120_seed09_i_am_waiting_for_the_printer.json,4,2,0,-0.4418342120277293,0.0,0.5130034285096258,0.0,0.0,0.0,0.0,0.9679309971879732,0.05999999999999997,0.8410948275862069,0.0,0.0,0.0,,0.0,0.0,,0.0,0.0,,0.0,,1.0,0.0,waiting; for; the; printer; its; ink; spills; words; printer's; book; book's; pages,the; its; words; book; book's; pages,0.0,,0.5555555555555556,book; page; rustle; word,teapot; pour; hot; water; steam,0.7777777777777778,0.0,0.0,0.0,0,0,"The book's pages rustle open, spilling words. A teapot pours hot water, its steam."
steer_alpha_0p77_traj_c8_tok120_seed09_i_am_waiting_for_the_printer.json,steer_alpha_0p77_traj,experiments/frontier_sweep_model_compare_mistral7b_stock_guard_traj_seed12/steer_alpha_0p77_traj_c8_tok120_seed09_i_am_waiting_for_the_printer.json,4,3,0,0.2406466083002563,0.0,0.5520658414413826,0.0,0.0,0.0,0.0,0.8956713900134953,0.23274193548387093,0.6552733129403041,0.0,0.0,0.0,,0.0,0.0,,0.0,0.0,,0.0,,1.0,0.0,waiting; for; the; printer; its; ink; spills; words; printer's; book; book's; pages,the; ink; spills; words; book; book's; pages,0.33333333333333326,page,0.375,book; page; rustle; ink; word,unfurl; revealing; secret,0.45833333333333337,0.0,0.0,0.0,0,0,"The book's pages rustle open, and the ink spills words. The pages unfurl, revealing a secret."
steer_alpha_0p77_traj_c8_tok120_seed09_i_am_waiting_for_the_printer.json,steer_alpha_0p77_traj,experiments/frontier_sweep_model_compare_mistral7b_stock_guard_traj_seed12/steer_alpha_0p77_traj_c8_tok120_seed09_i_am_waiting_for_the_printer.json,4,4,0,0.9076469962510787,0.0,0.5487664573034065,0.0,0.0,0.0,0.0,0.7879723489484811,0.3928571428571428,0.4144396551724139,0.0,0.0,0.0,,0.0,0.0,,0.0,0.0,,0.0,,1.0,0.0,waiting; for; the; printer; its; ink; spills; words; printer's; book; book's; pages,the; printer; ink; words; printer's; book; book's; pages,0.8851851851851853,page; rustle; word,0.14285714285714285,book; page; rustle; word; printer; ink,revealing,0.06560846560846555,0.0,0.0,0.0,0,0,"The book's pages rustle open, revealing words. The printer's words spill ink, and the pages rustle open."
steer_alpha_0p77_traj_c8_tok120_seed09_i_am_waiting_for_the_printer.json,steer_alpha_0p77_traj,experiments/frontier_sweep_model_compare_mistral7b_stock_guard_traj_seed12/steer_alpha_0p77_traj_c8_tok120_seed09_i_am_waiting_for_the_printer.json,4,5,0,1.652567048865378,0.0,0.5753461771541774,0.0,0.0,0.0,0.0,0.6887934151879573,0.6705913978494622,0.18047525027808686,0.0,0.0,0.0,,0.0,0.0,,0.0,0.0,,0.0,,1.0,0.0,waiting; for; the; printer; its; ink; spills; words; printer's; book; book's; pages,the; printer; ink; spills; words; book; book's; pages,0.95,book; ink; page; rustle,0.0,book; page; rustle; ink; word; printer,,0.025000000000000022,0.0,0.0,0.0,0,0,"The book's pages rustle open, and the ink spills words. The book's pages rustle open, and the printer spills ink."
steer_alpha_0p77_traj_c8_tok120_seed09_i_am_waiting_for_the_printer.json,steer_alpha_0p77_traj,experiments/frontier_sweep_model_compare_mistral7b_stock_guard_traj_seed12/steer_alpha_0p77_traj_c8_tok120_seed09_i_am_waiting_for_the_printer.json,4,6,0,1.6585987690067014,0.0,0.5334447599399849,0.0,0.0,0.0,0.0,0.6633953488372093,0.6082258064516127,0.22750528364849845,0.0,0.0,0.0,,0.0,0.0,,0.0,0.0,,0.0,,1.0,0.0,waiting; for; the; printer; its; ink; spills; words; printer's; book; book's; pages,the; ink; spills; words; book; book's; pages,0.9722222222222223,ink; page; rustle; word,0.0,book; page; rustle; ink; word,,0.01388888888888884,0.0,0.0,0.0,0,0,"The book's pages rustle open, and the ink spills words. The pages rustle open, and the ink spills words."
steer_alpha_0p77_traj_c8_tok120_seed09_i_am_waiting_for_the_printer.json,steer_alpha_0p77_traj,experiments/frontier_sweep_model_compare_mistral7b_stock_guard_traj_seed12/steer_alpha_0p77_traj_c8_tok120_seed09_i_am_waiting_for_the_printer.json,4,7,0,1.5449042359249088,0.0,0.4961825108022723,0.0,0.0,0.0,0.0,0.6170557751427317,0.6082258064516127,0.22750528364849845,0.0,0.0,0.0,,0.0,0.0,,0.0,0.0,,0.0,,1.0,0.0,waiting; for; the; printer; its; ink; spills; words; printer's; book; book's; pages,the; ink; spills; words; book; book's; pages,1.0,book; ink; page; rustle; word,0.0,book; page; rustle; ink; word,,0.0,0.0,0.0,0.0,0,0,"The book's pages rustle open, and the ink spills words. The book's pages rustle open, and the ink spills words."
steer_alpha_0p77_traj_c8_tok120_seed09_i_am_waiting_for_the_printer.json,steer_alpha_0p77_traj,experiments/frontier_sweep_model_compare_mistral7b_stock_guard_traj_seed12/steer_alpha_0p77_traj_c8_tok120_seed09_i_am_waiting_for_the_printer.json,4,8,0,0.1495370417732318,0.014284479227053138,0.32662681159420287,0.05333333333333334,0.0,0.0,0.26666666666666666,0.5443780193236715,0.19999999999999998,0.9100000000000001,0.0,0.0,0.0,,0.0,0.0,,0.0,0.0,,0.0,,1.0,0.0,waiting; for; the; printer; its; ink; spills; words; printer's; book; book's; pages,the; its; words; book; pages,0.6833333333333333,page; secret; book,0.6,page; book; rustle; word,moon; light; shine; revealing; secret; reveal,0.25333333333333335,0.0,0.0,0.0,0,0,"The pages of the moon's light shines on the book as the pages rustle open, revealing secrets of its secrets. The book reveals its secrets to the pages, its words spill."
steer_alpha_0p77_traj_c8_tok120_seed10_the_phone_charger_under_the_desk.json,steer_alpha_0p77_traj,experiments/frontier_sweep_model_compare_mistral7b_stock_guard_traj_seed12/steer_alpha_0p77_traj_c8_tok120_seed10_the_phone_charger_under_the_desk.json,1,1,1,2.117521568627451,0.0,0.78776,0.0,0.0,0.0,0.0,0.916,0.72,0.12600000000000003,0.0,0.0,0.0,,0.0,0.0,,0.0,0.0,,0.0,,0.5,0.5,the; phone; charger; desk,the; desk,0.0,,0.5,desk,laptop,0.75,0.0,0.0,0.0,0,0,The laptop under the desk.
steer_alpha_0p77_traj_c8_tok120_seed10_the_phone_charger_under_the_desk.json,steer_alpha_0p77_traj,experiments/frontier_sweep_model_compare_mistral7b_stock_guard_traj_seed12/steer_alpha_0p77_traj_c8_tok120_seed10_the_phone_charger_under_the_desk.json,1,2,0,1.8993204933586338,0.0,0.5623129032258065,0.0,0.0,0.0,0.0,0.9533333333333334,0.17967741935483866,0.3691451612903226,0.0,0.0,0.0,,0.0,0.0,,0.0,0.0,,0.0,,0.5,0.5,the; phone; charger; desk,the; desk,0.0,,0.75,desk,book; page; fanned,0.875,0.0,0.0,0.0,0,0,"The book under the desk, its pages fanned open."
steer_alpha_0p77_traj_c8_tok120_seed10_the_phone_charger_under_the_desk.json,steer_alpha_0p77_traj,experiments/frontier_sweep_model_compare_mistral7b_stock_guard_traj_seed12/steer_alpha_0p77_traj_c8_tok120_seed10_the_phone_charger_under_the_desk.json,1,3,0,1.1041317466561757,0.0,0.6591778979805927,0.0,0.0,0.0,0.0,0.8195934959349593,0.6085483870967741,0.17615322580645168,0.0,0.0,0.0,,0.0,0.0,,0.0,0.0,,0.0,,1.0,0.0,the; phone; charger; desk,the; phone; charger; desk,0.0,,0.25,desk; phone; charger,laptop,0.625,0.0,0.0,0.0,0,0,"The laptop under the desk, under the phone charger."
steer_alpha_0p77_traj_c8_tok120_seed10_the_phone_charger_under_the_desk.json,steer_alpha_0p77_traj,experiments/frontier_sweep_model_compare_mistral7b_stock_guard_traj_seed12/steer_alpha_0p77_traj_c8_tok120_seed10_the_phone_charger_under_the_desk.json,1,4,0,1.6190978525937632,0.0,0.5801633870967742,0.0,0.0,0.0,0.0,0.9463333333333334,0.22612903225806447,0.5452620504263997,0.0,0.0,0.0,,0.0,0.0,,0.0,0.0,,0.0,,0.5,0.5,the; phone; charger; desk,the; desk,0.0,,0.8,desk,umbrella; handle; releasing; water,0.9,0.0,0.0,0.0,0,0,"The umbrella under the desk, its handle open, releasing water."
steer_alpha_0p77_traj_c8_tok120_seed10_the_phone_charger_under_the_desk.json,steer_alpha_0p77_traj,experiments/frontier_sweep_model_compare_mistral7b_stock_guard_traj_seed12/steer_alpha_0p77_traj_c8_tok120_seed10_the_phone_charger_under_the_desk.json,1,5,0,2.7150376344753693,0.0,0.6680838037634407,0.0,0.0,0.0,0.0,0.8308333333333333,0.6082258064516127,0.22750528364849845,0.0,0.0,0.0,,0.0,0.0,,0.0,0.0,,0.0,,0.5,0.5,the; phone; charger; desk,the; desk,0.5,desk,0.8,desk,book; page; thousand; story,0.45,0.0,0.0,0.0,0,0,"The books under the desk, with pages of a thousand stories, under the desk."
steer_alpha_0p77_traj_c8_tok120_seed10_the_phone_charger_under_the_desk.json,steer_alpha_0p77_traj,experiments/frontier_sweep_model_compare_mistral7b_stock_guard_traj_seed12/steer_alpha_0p77_traj_c8_tok120_seed10_the_phone_charger_under_the_desk.json,1,6,0,0.43915089492180526,0.0,0.49150483870967737,0.0,0.0,0.0,0.0,0.9533333333333334,0.031129032258064487,0.6742620504263998,0.0,0.0,0.0,,0.0,0.0,,0.0,0.0,,0.0,,0.5,0.5,the; phone; charger; desk,the; desk,0.0,,0.8,desk,laptop; screen; reflecting; light,0.9,0.0,0.0,0.0,0,0,"The laptop under the desk, its screen reflecting light."
steer_alpha_0p77_traj_c8_tok120_seed10_the_phone_charger_under_the_desk.json,steer_alpha_0p77_traj,experiments/frontier_sweep_model_compare_mistral7b_stock_guard_traj_seed12/steer_alpha_0p77_traj_c8_tok120_seed10_the_phone_charger_under_the_desk.json,1,7,0,0.5524243073091311,0.0,0.2944959051724138,0.0,0.0,0.0,0.0,0.8992241379310345,0.31,0.4788189655172414,0.5,0.0,0.0,,0.0,0.0,,0.0,0.0,,0.0,,0.5,0.5,the; phone; charger; desk,the; desk,0.0,,0.8333333333333334,desk,book; page; revealing; message; dark,0.9166666666666667,0.0,0.0,0.0,0,0,"The book under the desk, its pages open, revealing a message in the dark."
steer_alpha_0p77_traj_c8_tok120_seed10_the_phone_charger_under_the_desk.json,steer_alpha_0p77_traj,experiments/frontier_sweep_model_compare_mistral7b_stock_guard_traj_seed12/steer_alpha_0p77_traj_c8_tok120_seed10_the_phone_charger_under_the_desk.json,1,8,0,-0.624615985594865,0.0,0.5037593229166667,0.0,0.0,0.0,0.0,0.9036041666666667,0.11499999999999996,0.6078189655172415,0.0,0.0,0.0,,0.0,0.0,,0.0,0.0,,0.0,,1.0,0.0,the; phone; charger; desk,the; phone; charger; desk,0.0,,0.4,desk; phone; charger,laptop; book,0.7,0.0,0.0,0.0,0,0,"The laptop under the desk, a book beneath the phone charger."
steer_alpha_0p77_traj_c8_tok120_seed10_the_phone_charger_under_the_desk.json,steer_alpha_0p77_traj,experiments/frontier_sweep_model_compare_mistral7b_stock_guard_traj_seed12/steer_alpha_0p77_traj_c8_tok120_seed10_the_phone_charger_under_the_desk.json,2,1,1,-0.460003130607452,0.011154502406554018,0.4080915514592934,0.03333333333333333,0.0,0.0,0.16666666666666666,0.6338095238095238,0.28774193548387095,0.6112733129403041,0.0,0.0,0.0,,0.0,0.0,,0.0,0.0,,0.0,,1.0,0.0,the; phone; charger; desk; laptop,the; phone; charger; desk; laptop,0.7851851851851853,desk; phone,0.5,laptop; desk; phone; charger,screen; illuminated; garden; flower,0.161111111111111,0.0,0.0,0.0,0,0,"The laptop screen illuminated on the desk, the phone charger under the desk. The phone, turned into a garden of flowers."
steer_alpha_0p77_traj_c8_tok120_seed10_the_phone_charger_under_the_desk.json,steer_alpha_0p77_traj,experiments/frontier_sweep_model_compare_mistral7b_stock_guard_traj_seed12/steer_alpha_0p77_traj_c8_tok120_seed10_the_phone_charger_under_the_desk.json,2,2,0,1.509968106312292,0.0,0.6455281395348837,0.0,0.0,0.0,0.0,0.6941162790697675,0.8599999999999999,0.06300000000000006,0.0,0.0,0.0,,0.0,0.0,,0.0,0.0,,0.0,,1.0,0.0,the; phone; charger; desk; laptop,the; phone; desk; laptop,0.675,desk,0.0,laptop; desk; phone,,0.16249999999999998,0.0,0.0,0.0,0,0,"The laptop, under the desk. The phone, under the desk."
steer_alpha_0p77_traj_c8_tok120_seed10_the_phone_charger_under_the_desk.json,steer_alpha_0p77_traj,experiments/frontier_sweep_model_compare_mistral7b_stock_guard_traj_seed12/steer_alpha_0p77_traj_c8_tok120_seed10_the_phone_charger_under_the_desk.json,2,3,0,1.4628759199134198,0.0,0.6274946022727274,0.0,0.0,0.0,0.0,0.6747253787878789,0.8599999999999999,0.06300000000000006,0.0,0.0,0.0,,0.0,0.0,,0.0,0.0,,0.0,,1.0,0.0,the; phone; charger; desk; laptop,the; phone; charger; desk,0.75,desk; phone,0.0,phone; desk; charger,,0.125,0.0,0.0,0.0,0,0,"The phone, under the desk. The phone charger under the desk."
steer_alpha_0p77_traj_c8_tok120_seed10_the_phone_charger_under_the_desk.json,steer_alpha_0p77_traj,experiments/frontier_sweep_model_compare_mistral7b_stock_guard_traj_seed12/steer_alpha_0p77_traj_c8_tok120_seed10_the_phone_charger_under_the_desk.json,2,4,0,1.6451999999999996,0.0,0.65,0.0,0.0,0.0,0.0,0.65,1.0,0.0,0.0,0.0,0.0,,0.0,0.0,,0.0,0.0,,0.0,,1.0,0.0,the; phone; charger; desk; laptop,the; phone; charger; desk; laptop,0.7285714285714286,desk; phone,0.0,phone; desk; charger; laptop,,0.13571428571428568,0.0,0.0,0.0,0,0,"The phone under the desk, the phone charger under the desk. The laptop under the desk."
steer_alpha_0p77_traj_c8_tok120_seed10_the_phone_charger_under_the_desk.json,steer_alpha_0p77_traj,experiments/frontier_sweep_model_compare_mistral7b_stock_guard_traj_seed12/steer_alpha_0p77_traj_c8_tok120_seed10_the_phone_charger_under_the_desk.json,2,5,0,0.4521438422652955,0.0,0.5122369178082192,0.0,0.0,0.0,0.0,0.7820410958904109,0.31,0.4788189655172414,0.0,0.0,0.0,,0.0,0.0,,0.0,0.0,,0.0,,1.0,0.0,the; phone; charger; desk; laptop,the; phone; charger; desk,0.64375,phone,0.5,phone; charger; desk,table; plugged; socket,0.26718749999999997,0.0,0.0,0.0,0,0,"The phone charger under the desk, the phone on the table. The phone, plugged into a socket."
steer_alpha_0p77_traj_c8_tok120_seed10_the_phone_charger_under_the_desk.json,steer_alpha_0p77_traj,experiments/frontier_sweep_model_compare_mistral7b_stock_guard_traj_seed12/steer_alpha_0p77_traj_c8_tok120_seed10_the_phone_charger_under_the_desk.json,2,6,0,-1.1867398866213152,0.0,0.3724,0.0,0.0,0.0,0.0,0.6206666666666667,0.19999999999999998,0.7835000000000001,0.0,0.0,0.0,,0.0,0.0,,0.0,0.0,,0.0,,1.0,0.0,the; phone; charger; desk; laptop,the; phone; charger; desk; laptop,0.27272727272727276,phone,0.6,phone; charger; desk; laptop,screen; reflect; light; casting; glow; moonlight,0.5818181818181819,0.0,0.0,0.0,0,0,"The phone charger under the desk, the laptop open. The phone screen reflects the light, casting its glow through the moonlight."
steer_alpha_0p77_traj_c8_tok120_seed10_the_phone_charger_under_the_desk.json,steer_alpha_0p77_traj,experiments/frontier_sweep_model_compare_mistral7b_stock_guard_traj_seed12/steer_alpha_0p77_traj_c8_tok120_seed10_the_phone_charger_under_the_desk.json,2,7,0,-1.664816469190217,0.0,0.37964912280701757,0.0,0.0,0.0,0.0,0.7592982456140351,0.0,0.7484856321839081,0.0,0.0,0.0,,0.0,0.0,,0.0,0.0,,0.0,,1.0,0.0,the; phone; charger; desk; laptop,the; phone; charger; desk; laptop,0.4285714285714286,phone,0.3333333333333333,phone; charger; desk; laptop,charging; cord,0.38095238095238093,0.0,0.0,0.0,0,0,"The phone charger under the desk, the phone charging cord, the laptop."
steer_alpha_0p77_traj_c8_tok120_seed10_the_phone_charger_under_the_desk.json,steer_alpha_0p77_traj,experiments/frontier_sweep_model_compare_mistral7b_stock_guard_traj_seed12/steer_alpha_0p77_traj_c8_tok120_seed10_the_phone_charger_under_the_desk.json,2,8,0,-1.7688513879918166,0.0,0.34186619718309863,0.0,0.0,0.0,0.0,0.6837323943661973,0.0,0.8753333333333333,0.0,0.0,0.0,,0.0,0.0,,0.0,0.0,,0.0,,0.75,0.25,the; phone; charger; desk; laptop,the; phone; laptop,0.925,phone; charging; cord,0.6666666666666666,phone; laptop,charging; cord; lid; keyboard,0.06249999999999996,0.0,0.0,0.0,0,0,"The phone charging cord, the phone charging cord. The laptop lid, the phone, keyboard."
steer_alpha_0p77_traj_c8_tok120_seed10_the_phone_charger_under_the_desk.json,steer_alpha_0p77_traj,experiments/frontier_sweep_model_compare_mistral7b_stock_guard_traj_seed12/steer_alpha_0p77_traj_c8_tok120_seed10_the_phone_charger_under_the_desk.json,3,1,1,-0.504823099228231,0.20351125759184585,0.4163203360215053,0.5833333333333334,1.0,0.0,0.16666666666666666,0.641625,0.2977060931899641,0.7405753615127921,0.0,0.0,0.0,,0.0,0.0,,0.0,0.0,,0.0,,1.0,0.0,the; phone; charger; desk; laptop; screen; illuminated; garden; flowers,the; phone; desk; laptop; screen; garden; flowers,0.30000000000000004,flower,0.3333333333333333,phone; garden; flower; desk; laptop; screen,casting; dim; glow,0.4666666666666666,0.1,0.0,0.0,1,0,"The phone, now a garden of flowers, on the desk. The laptop screen casting a dim glow on the flowers."
steer_alpha_0p77_traj_c8_tok120_seed10_the_phone_charger_under_the_desk.json,steer_alpha_0p77_traj,experiments/frontier_sweep_model_compare_mistral7b_stock_guard_traj_seed12/steer_alpha_0p77_traj_c8_tok120_seed10_the_phone_charger_under_the_desk.json,3,2,0,1.3316210886116002,0.0,0.5498118279569891,0.0,0.0,0.0,0.0,0.7533333333333333,0.45967741935483863,0.4337170003707824,0.0,0.0,0.0,,0.0,0.0,,0.0,0.0,,0.0,,1.0,0.0,the; phone; charger; desk; laptop; screen; illuminated; garden; flowers,the; phone; desk; garden; flowers,0.0,,0.3333333333333333,phone; garden; flower; desk,transformed; blossom,0.6666666666666666,0.0,0.0,0.0,0,0,"The phone, transformed into a garden of flowers, blossoms on the desk."
steer_alpha_0p77_traj_c8_tok120_seed10_the_phone_charger_under_the_desk.json,steer_alpha_0p77_traj,experiments/frontier_sweep_model_compare_mistral7b_stock_guard_traj_seed12/steer_alpha_0p77_traj_c8_tok120_seed10_the_phone_charger_under_the_desk.json,3,3,0,0.5219367388586388,0.0,0.5027164872798434,0.0,0.0,0.0,0.0,0.7218493150684931,0.3928571428571428,0.48410632183908053,0.0,0.0,0.0,,0.0,0.0,,0.0,0.0,,0.0,,1.0,0.0,the; phone; charger; desk; laptop; screen; illuminated; garden; flowers,the; phone; desk; laptop; garden; flowers,0.0,,0.2857142857142857,phone; garden; flower; desk; laptop,transformed; bloom,0.6428571428571428,0.0,0.0,0.0,0,0,"The phone, transformed into a garden of flowers. It blooms on the desk, beside the laptop."
steer_alpha_0p77_traj_c8_tok120_seed10_the_phone_charger_under_the_desk.json,steer_alpha_0p77_traj,experiments/frontier_sweep_model_compare_mistral7b_stock_guard_traj_seed12/steer_alpha_0p77_traj_c8_tok120_seed10_the_phone_charger_under_the_desk.json,3,4,0,0.955148981287529,0.0,0.5170803211405529,0.0,0.0,0.0,0.0,0.559375,0.8487788018433179,0.13771620583717362,0.0,0.0,0.0,,0.0,0.0,,0.0,0.0,,0.0,,1.0,0.0,the; phone; charger; desk; laptop; screen; illuminated; garden; flowers,the; phone; charger; desk; laptop; garden; flowers,0.675,desk; phone,0.14285714285714285,phone; garden; flower; desk; laptop; charger,transformed,0.18571428571428567,0.0,0.0,0.0,0,0,"The phone, transformed into a garden of flowers, on the desk. The laptop on the desk, the phone charger under the desk."
steer_alpha_0p77_traj_c8_tok120_seed10_the_phone_charger_under_the_desk.json,steer_alpha_0p77_traj,experiments/frontier_sweep_model_compare_mistral7b_stock_guard_traj_seed12/steer_alpha_0p77_traj_c8_tok120_seed10_the_phone_charger_under_the_desk.json,3,5,0,-0.38098234455241076,0.022489696089849232,0.41139687969236405,0.06666666666666667,0.0,0.0,0.3333333333333333,0.6856614661539401,0.19999999999999998,0.9100000000000001,0.0,0.0,0.0,,0.0,0.0,,0.0,0.0,,0.0,,1.0,0.0,the; phone; charger; desk; laptop; screen; illuminated; garden; flowers,the; phone; desk; screen; garden,0.2,phone,0.7142857142857143,phone; desk; screen; garden,blossom; root; reaching; soil; display; digital; blooming; petal; silk; dew,0.6857142857142858,0.0,0.0,0.0,0,0,"The phone blossoms, its roots reaching into the soil beneath the desk. The phone's screen displays a digital garden, blooming with petals of silk and dew."
steer_alpha_0p77_traj_c8_tok120_seed10_the_phone_charger_under_the_desk.json,steer_alpha_0p77_traj,experiments/frontier_sweep_model_compare_mistral7b_stock_guard_traj_seed12/steer_alpha_0p77_traj_c8_tok120_seed10_the_phone_charger_under_the_desk.json,3,6,0,-0.7457047850184674,0.011393276040582725,0.4168271722164412,0.03333333333333333,0.0,0.0,0.16666666666666666,0.6636693548387097,0.2561290322580645,0.7476370504263998,0.0,0.0,0.0,,0.0,0.0,,0.0,0.0,,0.0,,1.0,0.0,the; phone; charger; desk; laptop; screen; illuminated; garden; flowers,the; phone; desk; laptop; screen; garden; flowers,0.27272727272727276,flower,0.4,phone; garden; flower; desk; laptop; screen,transformed; bloom; cast; light,0.509090909090909,0.0,0.0,0.0,0,0,"The phone, transformed into a garden of flowers, blooms on the desk. The laptop screen casts light on the flowers."
steer_alpha_0p77_traj_c8_tok120_seed10_the_phone_charger_under_the_desk.json,steer_alpha_0p77_traj,experiments/frontier_sweep_model_compare_mistral7b_stock_guard_traj_seed12/steer_alpha_0p77_traj_c8_tok120_seed10_the_phone_charger_under_the_desk.json,3,7,0,-1.1120675959393256,0.007435884787825578,0.40806684811237925,0.022222222222222223,0.0,0.0,0.1111111111111111,0.6801114135206321,0.19999999999999998,0.9100000000000001,0.0,0.0,0.0,,0.0,0.0,,0.0,0.0,,0.0,,1.0,0.0,the; phone; charger; desk; laptop; screen; illuminated; garden; flowers,the; phone; desk; laptop; screen; garden; flowers,0.2,desk,0.5714285714285714,phone; garden; flower; desk; laptop; screen,transformed; stand; sprouting; pot; soil; light; casting; glow,0.6285714285714286,0.0,0.0,0.0,0,0,"The phone, transformed into a garden of flowers, stands on the desk, sprouting from a pot of soil. The laptop screen's light spills onto the desk, casting its glow."
steer_alpha_0p77_traj_c8_tok120_seed10_the_phone_charger_under_the_desk.json,steer_alpha_0p77_traj,experiments/frontier_sweep_model_compare_mistral7b_stock_guard_traj_seed12/steer_alpha_0p77_traj_c8_tok120_seed10_the_phone_charger_under_the_desk.json,3,8,0,-0.3315782685481261,0.007682887339526146,0.35135155516125666,0.02666666666666667,0.0,0.0,0.13333333333333333,0.5855859252687611,0.19999999999999998,0.8386106321839082,0.0,0.0,0.0,,0.0,0.0,,0.0,0.0,,0.0,,1.0,0.0,the; phone; charger; desk; laptop; screen; illuminated; garden; flowers,the; phone; desk; laptop; screen; garden,0.625,phone; screen,0.5454545454545454,phone; garden; laptop; screen; desk,blooming; vibrant; petal; blossom; floral; light,0.2897727272727273,0.0,0.0,0.0,0,0,"The phone, blooming with vibrant petals and blossoms, the phone now a floral garden. The laptop screen on the desk, glowing with the light of the phone's screen."
steer_alpha_0p77_traj_c8_tok120_seed11_a_grocery_list_beside_the_kettle.json,steer_alpha_0p77_traj,experiments/frontier_sweep_model_compare_mistral7b_stock_guard_traj_seed12/steer_alpha_0p77_traj_c8_tok120_seed11_a_grocery_list_beside_the_kettle.json,1,1,1,2.490373685117849,0.24306220672043008,0.5389405913978494,0.55,1.0,0.0,0.0,0.6939629629629629,0.5532258064516128,0.4108386169818318,0.0,0.0,0.0,,0.0,0.0,,0.0,0.0,,0.0,,0.75,0.25,grocery; list; the; kettle,list; the; kettle,0.0,,0.4,kettle; list; grocery,steam; tea,0.7,0.0,0.0,0.0,1,0,"The kettle steams, as the list of groceries dissolves into the tea."
steer_alpha_0p77_traj_c8_tok120_seed11_a_grocery_list_beside_the_kettle.json,steer_alpha_0p77_traj,experiments/frontier_sweep_model_compare_mistral7b_stock_guard_traj_seed12/steer_alpha_0p77_traj_c8_tok120_seed11_a_grocery_list_beside_the_kettle.json,1,2,0,2.525032036685642,0.0,0.6952956989247311,0.0,0.0,0.0,0.0,1.0,0.39059139784946223,0.27423387096774204,0.0,0.0,0.0,,0.0,0.0,,0.0,0.0,,0.0,,0.5,0.5,grocery; list; the; kettle,the; kettle,0.0,,0.6666666666666666,kettle,teabag; steeped,0.8333333333333333,0.0,0.0,0.0,0,0,A teabag steeped in the kettle.
steer_alpha_0p77_traj_c8_tok120_seed11_a_grocery_list_beside_the_kettle.json,steer_alpha_0p77_traj,experiments/frontier_sweep_model_compare_mistral7b_stock_guard_traj_seed12/steer_alpha_0p77_traj_c8_tok120_seed11_a_grocery_list_beside_the_kettle.json,1,3,0,2.1080067678684378,0.0,0.54855,0.0,0.0,0.0,0.0,0.93,0.17967741935483866,0.3691451612903226,0.0,0.0,0.0,,0.0,0.0,,0.0,0.0,,0.0,,0.5,0.5,grocery; list; the; kettle,the; kettle,0.0,,0.75,kettle,tea; bag; steeped,0.875,0.0,0.0,0.0,0,0,The tea bag steeped in the kettle.
steer_alpha_0p77_traj_c8_tok120_seed11_a_grocery_list_beside_the_kettle.json,steer_alpha_0p77_traj,experiments/frontier_sweep_model_compare_mistral7b_stock_guard_traj_seed12/steer_alpha_0p77_traj_c8_tok120_seed11_a_grocery_list_beside_the_kettle.json,1,4,0,0.19722845148937895,0.0,0.45029346092503986,0.0,0.0,0.0,0.0,0.9005869218500797,0.0,0.7484856321839081,0.0,0.0,0.0,,0.0,0.0,,0.0,0.0,,0.0,,0.5,0.5,grocery; list; the; kettle,the; kettle,0.0,,0.8333333333333334,kettle,teapot; steaming; lemon-infused; flower; steam,0.9166666666666667,0.0,0.0,0.0,0,0,"A teapot steaming with lemon-infused flowers, the kettle's steam."
steer_alpha_0p77_traj_c8_tok120_seed11_a_grocery_list_beside_the_kettle.json,steer_alpha_0p77_traj,experiments/frontier_sweep_model_compare_mistral7b_stock_guard_traj_seed12/steer_alpha_0p77_traj_c8_tok120_seed11_a_grocery_list_beside_the_kettle.json,1,5,0,-0.8102426522615317,0.0,0.5505893229166666,0.0,0.0,0.0,0.0,0.9876041666666666,0.11499999999999996,0.7251522988505748,0.0,0.0,0.0,,0.0,0.0,,0.0,0.0,,0.0,,0.25,0.75,grocery; list; the; kettle,the,0.0,,1.0,,teapot; steamy; windowsill; cradling; loaf; bread,1.0,0.0,0.0,0.0,0,0,"A teapot in the steamy windowsill, cradling a loaf of bread."
steer_alpha_0p77_traj_c8_tok120_seed11_a_grocery_list_beside_the_kettle.json,steer_alpha_0p77_traj,experiments/frontier_sweep_model_compare_mistral7b_stock_guard_traj_seed12/steer_alpha_0p77_traj_c8_tok120_seed11_a_grocery_list_beside_the_kettle.json,1,6,0,-0.5853063203385678,0.0,0.47655799023769096,0.0,0.0,0.0,0.0,0.924342105263158,0.031129032258064487,0.7915953837597332,0.0,0.0,0.0,,0.0,0.0,,0.0,0.0,,0.0,,0.75,0.25,grocery; list; the; kettle,list; the; kettle,0.0,,0.4,kettle; list; grocery,steaming; tea,0.7,0.0,0.0,0.0,0,0,"The kettle steaming tea, the list of groceries."
steer_alpha_0p77_traj_c8_tok120_seed11_a_grocery_list_beside_the_kettle.json,steer_alpha_0p77_traj,experiments/frontier_sweep_model_compare_mistral7b_stock_guard_traj_seed12/steer_alpha_0p77_traj_c8_tok120_seed11_a_grocery_list_beside_the_kettle.json,1,7,0,0.48814331111755027,0.0,0.4676720000000001,0.0,0.0,0.0,0.0,0.8824000000000001,0.05999999999999997,0.6873657635467981,0.0,0.0,0.0,,0.0,0.0,,0.0,0.0,,0.0,,0.5,0.5,grocery; list; the; kettle,the; kettle,0.0,,0.8571428571428571,kettle,tea; bag; steep; handle; drip; mug,0.9285714285714286,0.0,0.0,0.0,0,0,"The tea bag steeps in the kettle, its handle drips into the mug."
steer_alpha_0p77_traj_c8_tok120_seed11_a_grocery_list_beside_the_kettle.json,steer_alpha_0p77_traj,experiments/frontier_sweep_model_compare_mistral7b_stock_guard_traj_seed12/steer_alpha_0p77_traj_c8_tok120_seed11_a_grocery_list_beside_the_kettle.json,1,8,0,-0.38903460349657104,0.0,0.3782875,0.0,0.0,0.0,0.0,0.71375,0.05999999999999997,0.8791522988505748,0.0,0.0,0.0,,0.0,0.0,,0.0,0.0,,0.0,,0.5,0.5,grocery; list; the; kettle,the; kettle,0.0,,0.8888888888888888,kettle,boiled; tea; bag; steaming; string; spoon; stir; warmth,0.9444444444444444,0.0,0.0,0.0,0,0,"The boiled tea bag, steaming, its string and spoon stirs in the warmth of the kettle."
steer_alpha_0p77_traj_c8_tok120_seed11_a_grocery_list_beside_the_kettle.json,steer_alpha_0p77_traj,experiments/frontier_sweep_model_compare_mistral7b_stock_guard_traj_seed12/steer_alpha_0p77_traj_c8_tok120_seed11_a_grocery_list_beside_the_kettle.json,2,1,1,0.7945752086472955,0.0,0.4704526209677419,0.0,0.0,0.0,0.0,0.9125,0.031129032258064487,0.6265953837597331,0.0,0.0,0.0,,0.0,0.0,,0.0,0.0,,0.0,,0.5,0.5,grocery; list; the; kettle; steams; groceries; dissolves; tea,the; tea,0.0,,0.8,tea,rain; teapot; drip; sink,0.9,0.1,0.0,0.0,0,0,"The rain, a teapot, drips tea into the sink."
steer_alpha_0p77_traj_c8_tok120_seed11_a_grocery_list_beside_the_kettle.json,steer_alpha_0p77_traj,experiments/frontier_sweep_model_compare_mistral7b_stock_guard_traj_seed12/steer_alpha_0p77_traj_c8_tok120_seed11_a_grocery_list_beside_the_kettle.json,2,2,0,-0.17860045406237135,0.0,0.4484430379746836,0.0,0.0,0.0,0.0,0.7474050632911393,0.19999999999999998,0.8297916666666667,0.0,0.0,0.0,,0.0,0.0,,0.0,0.0,,0.0,,0.5,0.5,grocery; list; the; kettle; steams; groceries; dissolves; tea,the; tea,0.0,,0.8,tea; steam,teapot; filled; leave; handful; sugar; cube; table; coated,0.9,0.0,0.0,0.0,0,0,"The teapot, filled with tea leaves, as a handful of sugar cubes rest on the table, coated in steam."
steer_alpha_0p77_traj_c8_tok120_seed11_a_grocery_list_beside_the_kettle.json,steer_alpha_0p77_traj,experiments/frontier_sweep_model_compare_mistral7b_stock_guard_traj_seed12/steer_alpha_0p77_traj_c8_tok120_seed11_a_grocery_list_beside_the_kettle.json,2,3,0,-1.8880227241100997,0.0,0.41865508474576274,0.0,0.0,0.0,0.0,0.7899152542372881,0.05999999999999997,0.8046990968801314,0.0,0.0,0.0,,0.0,0.0,,0.0,0.0,,0.0,,0.25,0.75,grocery; list; the; kettle; steams; groceries; dissolves; tea,the,0.0,,1.0,,teapot; filled; rainwater; hosting; collection; sugar; cube,1.0,0.0,0.0,0.0,0,0,"The teapot, filled with rainwater, hosting a collection of sugar cubes."
steer_alpha_0p77_traj_c8_tok120_seed11_a_grocery_list_beside_the_kettle.json,steer_alpha_0p77_traj,experiments/frontier_sweep_model_compare_mistral7b_stock_guard_traj_seed12/steer_alpha_0p77_traj_c8_tok120_seed11_a_grocery_list_beside_the_kettle.json,2,4,0,-0.5078191107742832,0.0,0.44375000000000003,0.0,0.0,0.0,0.0,0.8875000000000001,0.0,0.7556157635467982,0.0,0.0,0.0,,0.0,0.0,,0.0,0.0,,0.0,,0.5,0.5,grocery; list; the; kettle; steams; groceries; dissolves; tea,the; tea,0.0,,0.8571428571428571,tea,teapot; filled; leave; water; flow; spout,0.9285714285714286,0.0,0.0,0.0,0,0,"The teapot, filled with the tea leaves, as water flows from the spout."
steer_alpha_0p77_traj_c8_tok120_seed11_a_grocery_list_beside_the_kettle.json,steer_alpha_0p77_traj,experiments/frontier_sweep_model_compare_mistral7b_stock_guard_traj_seed12/steer_alpha_0p77_traj_c8_tok120_seed11_a_grocery_list_beside_the_kettle.json,2,5,0,0.7578090714039343,0.0,0.4286694915254237,0.0,0.0,0.0,0.0,0.7144491525423728,0.19999999999999998,0.832477011494253,0.0,0.0,0.0,,0.0,0.0,,0.0,0.0,,0.0,,0.75,0.25,grocery; list; the; kettle; steams; groceries; dissolves; tea,the; groceries; tea,0.6004273504273505,leave; tea,0.8181818181818182,tea; grocery,teapot; filled; leave; handle; saucer; butter; river; root; entangle,0.3632478632478632,0.0,0.0,0.0,0,0,"A teapot filled with tea leaves, its handle rests on a saucer of butter. The tea leaves float in a river, their roots entangle with the groceries."
steer_alpha_0p77_traj_c8_tok120_seed11_a_grocery_list_beside_the_kettle.json,steer_alpha_0p77_traj,experiments/frontier_sweep_model_compare_mistral7b_stock_guard_traj_seed12/steer_alpha_0p77_traj_c8_tok120_seed11_a_grocery_list_beside_the_kettle.json,2,6,0,-0.5650536857937856,0.0,0.35426729986431477,0.0,0.0,0.0,0.0,0.7085345997286295,0.0,0.9064841954022989,0.0,0.0,0.0,,0.0,0.0,,0.0,0.0,,0.0,,0.75,0.25,grocery; list; the; kettle; steams; groceries; dissolves; tea,the; groceries; tea,0.33333333333333326,sugar,0.75,tea; grocery,spoonful; sugar; stir; bowl; collect; dissolved,0.5833333333333334,0.0,0.0,0.0,0,0,"A spoonful of sugar stirs tea, as the sugar bowl collects the dissolved groceries."
steer_alpha_0p77_traj_c8_tok120_seed11_a_grocery_list_beside_the_kettle.json,steer_alpha_0p77_traj,experiments/frontier_sweep_model_compare_mistral7b_stock_guard_traj_seed12/steer_alpha_0p77_traj_c8_tok120_seed11_a_grocery_list_beside_the_kettle.json,2,7,0,-0.3028233555491162,0.0,0.32230000000000003,0.0,0.0,0.0,0.0,0.6446000000000001,0.0,0.8729490968801314,0.0,0.0,0.0,,0.0,0.0,,0.0,0.0,,0.0,,1.0,0.0,grocery; list; the; kettle; steams; groceries; dissolves; tea,list; the; groceries; tea,0.0,,0.5714285714285714,tea; list; grocery,teapot; pour; teabag; tags,0.7857142857142857,0.0,0.0,0.0,0,0,"The teapot pours tea, as the teabag tags the list of groceries."
steer_alpha_0p77_traj_c8_tok120_seed11_a_grocery_list_beside_the_kettle.json,steer_alpha_0p77_traj,experiments/frontier_sweep_model_compare_mistral7b_stock_guard_traj_seed12/steer_alpha_0p77_traj_c8_tok120_seed11_a_grocery_list_beside_the_kettle.json,2,8,0,-0.8509600286563066,0.0,0.5070869565217391,0.0,0.0,0.0,0.0,0.8451449275362318,0.19999999999999998,0.8641508620689655,0.0,0.0,0.0,,0.0,0.0,,0.0,0.0,,0.0,,0.5,0.5,grocery; list; the; kettle; steams; groceries; dissolves; tea,the; tea,0.33333333333333326,teapot,0.75,steam; tea,teapot; table; rise; brewing; warm; pot,0.5833333333333334,0.0,0.0,0.0,0,0,"The teapot rests on a table, the steam rises from the teapot, brewing a warm pot of tea."
steer_alpha_0p77_traj_c8_tok120_seed11_a_grocery_list_beside_the_kettle.json,steer_alpha_0p77_traj,experiments/frontier_sweep_model_compare_mistral7b_stock_guard_traj_seed12/steer_alpha_0p77_traj_c8_tok120_seed11_a_grocery_list_beside_the_kettle.json,3,1,1,-0.4689480981422667,0.1546190337374582,0.3428359949832776,0.55,1.0,0.0,0.0,0.6468603678929766,0.05999999999999997,0.8941666666666668,0.0,0.0,0.0,,0.0,0.0,,0.0,0.0,,0.0,,1.0,0.0,grocery; list; the; kettle; steams; groceries; dissolves; tea; rain; teapot; drips; sink,the; kettle; tea; teapot; sink,0.6004273504273505,leave; tea,0.6363636363636364,sink; teapot; tea; kettle,filled; leave; faucet; flow; drain; sing; melody,0.3269230769230768,0.0,0.0,0.0,1,0,"The sink, now a teapot, filled with tea leaves from the faucet. The tea leaves flow into the drain, and the kettle sings a melody."
steer_alpha_0p77_traj_c8_tok120_seed11_a_grocery_list_beside_the_kettle.json,steer_alpha_0p77_traj,experiments/frontier_sweep_model_compare_mistral7b_stock_guard_traj_seed12/steer_alpha_0p77_traj_c8_tok120_seed11_a_grocery_list_beside_the_kettle.json,3,2,0,0.7003693647996243,0.0,0.5042371970495259,0.0,0.0,0.0,0.0,0.951390937829294,0.05999999999999997,0.8098175287356322,0.0,0.0,0.0,,0.0,0.0,,0.0,0.0,,0.0,,1.0,0.0,grocery; list; the; kettle; steams; groceries; dissolves; tea; rain; teapot; drips; sink,the; groceries; tea; sink,0.0,,0.625,sink; tea; grocery,filled; leave; swallow; verdant; forest,0.8125,0.0,0.0,0.0,0,0,"The sink, filled with tea leaves, swallows the groceries, turning into a verdant forest."
steer_alpha_0p77_traj_c8_tok120_seed11_a_grocery_list_beside_the_kettle.json,steer_alpha_0p77_traj,experiments/frontier_sweep_model_compare_mistral7b_stock_guard_traj_seed12/steer_alpha_0p77_traj_c8_tok120_seed11_a_grocery_list_beside_the_kettle.json,3,3,0,-0.31094964703540784,0.0,0.4439681818181818,0.0,0.0,0.0,0.0,0.8879363636363636,0.0,0.8032824302134647,0.0,0.0,0.0,,0.0,0.0,,0.0,0.0,,0.0,,1.0,0.0,grocery; list; the; kettle; steams; groceries; dissolves; tea; rain; teapot; drips; sink,the; tea; rain; teapot; sink,0.0,,0.42857142857142855,sink; tea; teapot; rain,filled; leave; sing,0.7142857142857143,1.0,0.0,0.0,0,0,"The sink, filled with tea leaves, the teapot sings to the rain."
steer_alpha_0p77_traj_c8_tok120_seed11_a_grocery_list_beside_the_kettle.json,steer_alpha_0p77_traj,experiments/frontier_sweep_model_compare_mistral7b_stock_guard_traj_seed12/steer_alpha_0p77_traj_c8_tok120_seed11_a_grocery_list_beside_the_kettle.json,3,4,0,0.5544724634993259,0.007310108250131371,0.4011644771413558,0.022222222222222223,0.0,0.0,0.1111111111111111,0.6686074619022596,0.19999999999999998,0.9100000000000001,0.0,0.0,0.0,,0.0,0.0,,0.0,0.0,,0.0,,1.0,0.0,grocery; list; the; kettle; steams; groceries; dissolves; tea; rain; teapot; drips; sink,grocery; list; the; tea; drips; sink,0.14285714285714285,tea,0.75,sink; tea; drip; grocery; list,filled; leave; drainpipe; last; drop; empty; bags; sway; window; unfurl; content; releasing,0.75,0.0,0.0,0.0,0,0,"The sink, filled with tea leaves, a drainpipe drips the last drops of tea. The empty grocery bags sway from the window, as they unfurl their contents, releasing the remnants of the dissolved list onto the floor."
steer_alpha_0p77_traj_c8_tok120_seed11_a_grocery_list_beside_the_kettle.json,steer_alpha_0p77_traj,experiments/frontier_sweep_model_compare_mistral7b_stock_guard_traj_seed12/steer_alpha_0p77_traj_c8_tok120_seed11_a_grocery_list_beside_the_kettle.json,3,5,0,-0.22831664908361282,0.0,0.3685867162187917,0.0,0.0,0.0,0.0,0.6143111936979861,0.19999999999999998,0.8214966843501327,0.0,0.0,0.0,,0.0,0.0,,0.0,0.0,,0.0,,1.0,0.0,grocery; list; the; kettle; steams; groceries; dissolves; tea; rain; teapot; drips; sink,the; tea; rain; teapot; sink,0.2142857142857143,plant,0.6923076923076923,sink; teapot; tea; rain,pour; soil; pot; plant; leave; wilt; teapot-shaped; pouring; root,0.6648351648351648,1.0,0.0,0.0,0,0,"The sink, a teapot, pours tea into the soil of a pot plant. The plant's leaves wilt, teapot-shaped, pouring rain into their roots."
steer_alpha_0p77_traj_c8_tok120_seed11_a_grocery_list_beside_the_kettle.json,steer_alpha_0p77_traj,experiments/frontier_sweep_model_compare_mistral7b_stock_guard_traj_seed12/steer_alpha_0p77_traj_c8_tok120_seed11_a_grocery_list_beside_the_kettle.json,3,6,0,0.0014485327592579367,0.0,0.3903207020343039,0.0,0.0,0.0,0.0,0.6505345033905066,0.19999999999999998,0.8801436781609198,0.0,0.0,0.0,,0.0,0.0,,0.0,0.0,,0.0,,1.0,0.0,grocery; list; the; kettle; steams; groceries; dissolves; tea; rain; teapot; drips; sink,the; kettle; tea; teapot; sink,0.4615384615384616,sink; tea,0.6363636363636364,sink; tea; kettle; teapot,fill; hisse; spout; pour; merging; reflection; mirror,0.4405594405594404,0.0,0.0,0.0,0,0,"The sink fills with tea, the kettle hisses, its spout pours tea into the sink, merging with its reflection in the mirror of the teapot."
steer_alpha_0p77_traj_c8_tok120_seed11_a_grocery_list_beside_the_kettle.json,steer_alpha_0p77_traj,experiments/frontier_sweep_model_compare_mistral7b_stock_guard_traj_seed12/steer_alpha_0p77_traj_c8_tok120_seed11_a_grocery_list_beside_the_kettle.json,3,7,0,0.2996157492843068,0.0,0.2936201501877347,0.0,0.0,0.0,0.0,0.5872403003754694,0.0,0.8032824302134647,0.0,0.0,0.0,,0.0,0.0,,0.0,0.0,,0.0,,1.0,0.0,grocery; list; the; kettle; steams; groceries; dissolves; tea; rain; teapot; drips; sink,the; tea; teapot; sink,0.6611111111111112,sink; teapot,0.5714285714285714,teapot; sink; tea,rainwater; mirror; reflect; raindrop,0.2662698412698412,0.0,0.0,0.0,0,0,"A teapot in the sink, the rainwater as tea. The sink, a mirror for the teapot, reflects the raindrops on its surface."
steer_alpha_0p77_traj_c8_tok120_seed11_a_grocery_list_beside_the_kettle.json,steer_alpha_0p77_traj,experiments/frontier_sweep_model_compare_mistral7b_stock_guard_traj_seed12/steer_alpha_0p77_traj_c8_tok120_seed11_a_grocery_list_beside_the_kettle.json,3,8,0,0.07507055462615031,0.0,0.39508782051282054,0.0,0.0,0.0,0.0,0.7454487179487179,0.05999999999999997,0.7934281609195403,0.0,0.0,0.0,,0.0,0.0,,0.0,0.0,,0.0,,1.0,0.0,grocery; list; the; kettle; steams; groceries; dissolves; tea; rain; teapot; drips; sink,the; tea; teapot; sink,0.5454545454545455,sink; teacup,0.6666666666666666,sink; teapot; tea,rainwater; collect; teacup; tea-stained; dance; overflowing,0.3787878787878787,0.0,0.0,0.0,0,0,"The sink, the rainwater collects in teacups, tea-stained. The teapot dances in the sink, the teacups overflowing with tea."
steer_alpha_0p77_traj_c8_tok120_seed12_the_laundry_basket_by_the_door.json,steer_alpha_0p77_traj,experiments/frontier_sweep_model_compare_mistral7b_stock_guard_traj_seed12/steer_alpha_0p77_traj_c8_tok120_seed12_the_laundry_basket_by_the_door.json,1,1,1,2.3001409691475154,0.0,0.6799734418558342,0.0,0.0,0.0,0.0,0.9779629629629629,0.39059139784946223,0.27423387096774204,0.0,0.0,0.0,,0.0,0.0,,0.0,0.0,,0.0,,0.5,0.5,the; laundry; basket; door,the; basket,0.0,,0.6666666666666666,basket,rose; bloom,0.8333333333333333,0.0,0.0,0.0,0,0,A single rose blooms in the basket.
steer_alpha_0p77_traj_c8_tok120_seed12_the_laundry_basket_by_the_door.json,steer_alpha_0p77_traj,experiments/frontier_sweep_model_compare_mistral7b_stock_guard_traj_seed12/steer_alpha_0p77_traj_c8_tok120_seed12_the_laundry_basket_by_the_door.json,1,2,0,1.062668766001024,0.0,0.5898387096774194,0.0,0.0,0.0,0.0,1.0,0.17967741935483866,0.3691451612903226,0.0,0.0,0.0,,0.0,0.0,,0.0,0.0,,0.0,,0.75,0.25,the; laundry; basket; door,the; laundry; basket,0.0,,0.5,laundry; basket,filled; flower,0.75,0.0,0.0,0.0,0,0,"The laundry basket, filled with flowers."
steer_alpha_0p77_traj_c8_tok120_seed12_the_laundry_basket_by_the_door.json,steer_alpha_0p77_traj,experiments/frontier_sweep_model_compare_mistral7b_stock_guard_traj_seed12/steer_alpha_0p77_traj_c8_tok120_seed12_the_laundry_basket_by_the_door.json,1,3,0,2.104717552182163,0.0,0.5017572580645161,0.0,0.0,0.0,0.0,0.73,0.3746774193548386,0.28139516129032266,0.0,0.0,0.0,,0.0,0.0,,0.0,0.0,,0.0,,0.5,0.5,the; laundry; basket; door,the; basket,0.0,,0.75,basket,flower; bloom; garden,0.875,0.0,0.0,0.0,0,0,The basket of flowers bloom in the garden.
steer_alpha_0p77_traj_c8_tok120_seed12_the_laundry_basket_by_the_door.json,steer_alpha_0p77_traj,experiments/frontier_sweep_model_compare_mistral7b_stock_guard_traj_seed12/steer_alpha_0p77_traj_c8_tok120_seed12_the_laundry_basket_by_the_door.json,1,4,0,0.18899916756419533,0.0,0.48849737903225804,0.0,0.0,0.0,0.0,0.9475,0.031129032258064487,0.6742620504263998,0.0,0.0,0.0,,0.0,0.0,,0.0,0.0,,0.0,,0.75,0.25,the; laundry; basket; door,the; laundry; basket,0.0,,0.6,laundry; basket,brimming; flower; garden,0.8,0.0,0.0,0.0,0,0,"The laundry basket, brimming with flowers, in the garden."
steer_alpha_0p77_traj_c8_tok120_seed12_the_laundry_basket_by_the_door.json,steer_alpha_0p77_traj,experiments/frontier_sweep_model_compare_mistral7b_stock_guard_traj_seed12/steer_alpha_0p77_traj_c8_tok120_seed12_the_laundry_basket_by_the_door.json,1,5,0,-0.7097947482211275,0.0,0.4766666666666667,0.0,0.0,0.0,0.0,0.9533333333333334,0.0,0.7484856321839081,0.0,0.0,0.0,,0.0,0.0,,0.0,0.0,,0.0,,0.75,0.25,the; laundry; basket; door,the; laundry; basket,0.0,,0.6666666666666666,laundry; basket,riverbed; filled; freshwater; lily,0.8333333333333333,0.0,0.0,0.0,0,0,"The laundry basket by the riverbed, filled with freshwater lilies."
steer_alpha_0p77_traj_c8_tok120_seed12_the_laundry_basket_by_the_door.json,steer_alpha_0p77_traj,experiments/frontier_sweep_model_compare_mistral7b_stock_guard_traj_seed12/steer_alpha_0p77_traj_c8_tok120_seed12_the_laundry_basket_by_the_door.json,1,6,0,-1.3008418171866447,0.0,0.3740429310344828,0.0,0.0,0.0,0.0,0.7057413793103449,0.05999999999999997,0.8046990968801314,0.0,0.0,0.0,,0.0,0.0,,0.0,0.0,,0.0,,0.75,0.25,the; laundry; basket; door,the; laundry; basket,0.0,,0.7142857142857143,laundry; basket,fireplace; ashe; ember; glow; hearth,0.8571428571428572,0.0,0.0,0.0,0,0,"The laundry basket by the fireplace, ashes of embers glow in the hearth."
steer_alpha_0p77_traj_c8_tok120_seed12_the_laundry_basket_by_the_door.json,steer_alpha_0p77_traj,experiments/frontier_sweep_model_compare_mistral7b_stock_guard_traj_seed12/steer_alpha_0p77_traj_c8_tok120_seed12_the_laundry_basket_by_the_door.json,1,7,0,-1.682605498404072,0.0,0.37754308763586963,0.0,0.0,0.0,0.0,0.7123454483695653,0.05999999999999997,0.9730000000000001,0.0,0.0,0.0,,0.0,0.0,,0.0,0.0,,0.0,,0.75,0.25,the; laundry; basket; door,the; laundry; basket,0.17647058823529416,basket,0.875,basket; laundry,leaf; flutter; breeze; petal; unfurl; full; clothe; garden; hose; watering; can; climb,0.7720588235294117,0.0,0.0,0.0,0,0,"A single leaf flutters in the breeze, its petals unfurl, A basket full of clothes, A garden hose, watering can, And the laundry basket, Climbs the pear tree."
steer_alpha_0p77_traj_c8_tok120_seed12_the_laundry_basket_by_the_door.json,steer_alpha_0p77_traj,experiments/frontier_sweep_model_compare_mistral7b_stock_guard_traj_seed12/steer_alpha_0p77_traj_c8_tok120_seed12_the_laundry_basket_by_the_door.json,1,8,0,-2.729308283730159,0.0,0.3603515625,0.0,0.0,0.0,0.0,0.720703125,0.0,0.8753333333333333,0.0,0.3333333333333333,8.333333333333334,delicate,0.0,0.0,,0.3333333333333333,8.333333333333334,delicate,0.0,,0.75,0.25,the; laundry; basket; door,the; laundry; basket,0.0,,0.6666666666666666,laundry; basket,window; flower; blooming; sill,0.8333333333333333,0.0,0.0,0.0,0,0,"The laundry basket by the window, its delicate flowers blooming from the sill."
steer_alpha_0p77_traj_c8_tok120_seed12_the_laundry_basket_by_the_door.json,steer_alpha_0p77_traj,experiments/frontier_sweep_model_compare_mistral7b_stock_guard_traj_seed12/steer_alpha_0p77_traj_c8_tok120_seed12_the_laundry_basket_by_the_door.json,2,1,1,2.0189247628188465,0.0,0.5150002814001373,0.0,0.0,0.0,0.0,0.8400425531914895,0.22612903225806447,0.4975953837597331,0.0,0.0,0.0,,0.0,0.0,,0.0,0.0,,0.0,,0.75,0.25,the; laundry; basket; door; single; rose; blooms,the; rose; blooms,0.5,rose,0.6,rose; bloom,petal; window; room,0.4,0.0,0.0,0.0,0,0,The rose petal blooms on the window. A rose inside the room.
steer_alpha_0p77_traj_c8_tok120_seed12_the_laundry_basket_by_the_door.json,steer_alpha_0p77_traj,experiments/frontier_sweep_model_compare_mistral7b_stock_guard_traj_seed12/steer_alpha_0p77_traj_c8_tok120_seed12_the_laundry_basket_by_the_door.json,2,2,0,0.9672521128433171,0.0,0.36109499999999994,0.0,0.0,0.0,0.0,0.589,0.22612903225806447,0.4975953837597331,0.0,0.0,0.0,,0.0,0.0,,0.0,0.0,,0.0,,0.5,0.5,the; laundry; basket; door; single; rose; blooms,the; rose,0.0,,0.8,rose,rosewater; pitcher; laundrywoman; sink,0.9,0.0,0.0,0.0,0,0,The rosewater pitcher beside the laundrywoman. The rose in the sink.
steer_alpha_0p77_traj_c8_tok120_seed12_the_laundry_basket_by_the_door.json,steer_alpha_0p77_traj,experiments/frontier_sweep_model_compare_mistral7b_stock_guard_traj_seed12/steer_alpha_0p77_traj_c8_tok120_seed12_the_laundry_basket_by_the_door.json,2,3,0,0.1598651806360909,0.0,0.4322149193548387,0.0,0.0,0.0,0.0,0.8383333333333334,0.031129032258064487,0.6742620504263998,0.0,0.0,0.0,,0.0,0.0,,0.0,0.0,,0.0,,1.0,0.0,the; laundry; basket; door; single; rose; blooms,the; basket; rose; blooms,0.0,,0.4,rose; bloom; basket,ironman; ironsman,0.7,0.0,0.0,0.0,0,0,"The ironman ironsman, the rose blooms in the basket."
steer_alpha_0p77_traj_c8_tok120_seed12_the_laundry_basket_by_the_door.json,steer_alpha_0p77_traj,experiments/frontier_sweep_model_compare_mistral7b_stock_guard_traj_seed12/steer_alpha_0p77_traj_c8_tok120_seed12_the_laundry_basket_by_the_door.json,2,4,0,-0.8284093370186272,0.0,0.4280769230769231,0.0,0.0,0.0,0.0,0.8561538461538462,0.0,0.8032824302134647,0.0,0.0,0.0,,0.0,0.0,,0.0,0.0,,0.0,,1.0,0.0,the; laundry; basket; door; single; rose; blooms,the; single; rose; blooms,0.37500000000000006,ironman,0.7142857142857143,rose; bloom,ironman; ironsmith; sleeve-sized; rosewater; spout,0.5357142857142858,0.0,0.0,0.0,0,0,"The ironman ironsmith, its sleeve-sized rosewater spout. A single rose blooms in the ironman."
steer_alpha_0p77_traj_c8_tok120_seed12_the_laundry_basket_by_the_door.json,steer_alpha_0p77_traj,experiments/frontier_sweep_model_compare_mistral7b_stock_guard_traj_seed12/steer_alpha_0p77_traj_c8_tok120_seed12_the_laundry_basket_by_the_door.json,2,5,0,-0.6263366403587762,0.0,0.34928809475806455,0.0,0.0,0.0,0.0,0.5523750000000001,0.2646774193548386,0.4930503337041158,0.0,0.0,0.0,,0.0,0.0,,0.0,0.0,,0.0,,1.0,0.0,the; laundry; basket; door; single; rose; blooms,the; laundry; basket; single; rose; blooms,0.9166666666666667,basket; bloom; rose,0.3333333333333333,rose; bloom; laundry; basket,petal; ironman,0.055555555555555504,0.0,0.0,0.0,0,0,"A single rose blooms in the laundry basket. Petals from the ironman, the rose blooms in the basket."
steer_alpha_0p77_traj_c8_tok120_seed12_the_laundry_basket_by_the_door.json,steer_alpha_0p77_traj,experiments/frontier_sweep_model_compare_mistral7b_stock_guard_traj_seed12/steer_alpha_0p77_traj_c8_tok120_seed12_the_laundry_basket_by_the_door.json,2,6,0,1.019992869875223,0.0,0.43316363636363636,0.0,0.0,0.0,0.0,0.721939393939394,0.19999999999999998,0.9100000000000001,0.0,0.0,0.0,,0.0,0.0,,0.0,0.0,,0.0,,0.75,0.25,the; laundry; basket; door; single; rose; blooms,the; rose; blooms,0.2142857142857143,rose,0.8461538461538461,rose; bloom,woman; iron; sheet; hand; clasp; table; petal; filled; dewd; drop; water,0.7252747252747253,0.0,0.0,0.0,0,0,"A woman irons the sheets, her hands clasp the rose. The rose blooms on a table, its petal is filled with dewd drops of water."
steer_alpha_0p77_traj_c8_tok120_seed12_the_laundry_basket_by_the_door.json,steer_alpha_0p77_traj,experiments/frontier_sweep_model_compare_mistral7b_stock_guard_traj_seed12/steer_alpha_0p77_traj_c8_tok120_seed12_the_laundry_basket_by_the_door.json,2,7,0,-0.7536808952316559,0.0,0.425325,0.0,0.0,0.0,0.0,0.8025,0.05999999999999997,0.6873657635467981,0.0,0.0,0.0,,0.0,0.0,,0.0,0.0,,0.0,,1.0,0.0,the; laundry; basket; door; single; rose; blooms,the; basket; single; rose; blooms,0.0,,0.5714285714285714,rose; bloom; basket,rosebush; garden; watered; sun,0.7857142857142857,0.0,0.0,0.0,0,0,"A single rosebush in the garden, watered by the sun. A single rose blooms in the basket."
steer_alpha_0p77_traj_c8_tok120_seed12_the_laundry_basket_by_the_door.json,steer_alpha_0p77_traj,experiments/frontier_sweep_model_compare_mistral7b_stock_guard_traj_seed12/steer_alpha_0p77_traj_c8_tok120_seed12_the_laundry_basket_by_the_door.json,2,8,0,-0.2519293047243709,0.0,0.41421588089330025,0.0,0.0,0.0,0.0,0.6903598014888338,0.19999999999999998,0.9100000000000001,0.0,0.0,0.0,,0.0,0.0,,0.0,0.0,,0.0,,0.75,0.25,the; laundry; basket; door; single; rose; blooms,the; rose; blooms,0.0,,0.8333333333333334,rose; bloom,petal; petal-shaped; vase; stand; kitchen; sink; spout; water; pour; tap,0.9166666666666667,0.0,0.0,0.0,0,0,"The rose petal blooms, its petal-shaped vase stands in the kitchen sink. A spout of water pours through the tap."
steer_alpha_0p77_traj_c8_tok120_seed12_the_laundry_basket_by_the_door.json,steer_alpha_0p77_traj,experiments/frontier_sweep_model_compare_mistral7b_stock_guard_traj_seed12/steer_alpha_0p77_traj_c8_tok120_seed12_the_laundry_basket_by_the_door.json,3,1,1,1.871336828872787,0.0,0.6088535309503051,0.0,0.0,0.0,0.0,0.8756756756756757,0.39059139784946223,0.27423387096774204,0.0,0.0,0.0,,0.0,0.0,,0.0,0.0,,0.0,,1.0,0.0,the; laundry; basket; door; single; rose; blooms; petal; window; inside; room,the; single; blooms; petal; window,0.675,petal,0.0,petal; bloom; window,,0.16249999999999998,0.0,0.0,0.0,0,0,The petal blooms on the window. A single petal.
steer_alpha_0p77_traj_c8_tok120_seed12_the_laundry_basket_by_the_door.json,steer_alpha_0p77_traj,experiments/frontier_sweep_model_compare_mistral7b_stock_guard_traj_seed12/steer_alpha_0p77_traj_c8_tok120_seed12_the_laundry_basket_by_the_door.json,3,2,0,1.6941496837444656,0.0,0.5736189516129031,0.0,0.0,0.0,0.0,0.825,0.39059139784946223,0.27423387096774204,0.0,0.0,0.0,,0.0,0.0,,0.0,0.0,,0.0,,0.5,0.5,the; laundry; basket; door; single; rose; blooms; petal; window; inside; room,the; window,0.675,window,0.6666666666666666,window,pane; spiderweb,0.27083333333333326,0.0,0.0,0.0,0,0,The window pane. A spiderweb on the window.
steer_alpha_0p77_traj_c8_tok120_seed12_the_laundry_basket_by_the_door.json,steer_alpha_0p77_traj,experiments/frontier_sweep_model_compare_mistral7b_stock_guard_traj_seed12/steer_alpha_0p77_traj_c8_tok120_seed12_the_laundry_basket_by_the_door.json,3,3,0,1.1559815672124774,0.0,0.4110667247067449,0.0,0.0,0.0,0.0,0.6705113636363637,0.22612903225806447,0.4975953837597331,0.0,0.0,0.0,,0.0,0.0,,0.0,0.0,,0.0,,1.0,0.0,the; laundry; basket; door; single; rose; blooms; petal; window; inside; room,the; single; rose; blooms; petal; window,0.4285714285714286,petal,0.3333333333333333,rose; petal; bloom; window,kisse; mirror,0.38095238095238093,0.0,0.0,0.0,0,0,A single rose petal blooms on the window. The petal kisses the mirror.
steer_alpha_0p77_traj_c8_tok120_seed12_the_laundry_basket_by_the_door.json,steer_alpha_0p77_traj,experiments/frontier_sweep_model_compare_mistral7b_stock_guard_traj_seed12/steer_alpha_0p77_traj_c8_tok120_seed12_the_laundry_basket_by_the_door.json,3,4,0,0.9328986163284325,0.0,0.4175073424606151,0.0,0.0,0.0,0.0,0.8098062015503876,0.031129032258064487,0.6265953837597331,0.0,0.0,0.0,,0.0,0.0,,0.0,0.0,,0.0,,1.0,0.0,the; laundry; basket; door; single; rose; blooms; petal; window; inside; room,the; rose; petal; window; room,0.5,window,0.2,window; room; rose; petal,ledge,0.3,0.0,0.0,0.0,0,0,"The window, the room. A rose petal on the window ledge."
steer_alpha_0p77_traj_c8_tok120_seed12_the_laundry_basket_by_the_door.json,steer_alpha_0p77_traj,experiments/frontier_sweep_model_compare_mistral7b_stock_guard_traj_seed12/steer_alpha_0p77_traj_c8_tok120_seed12_the_laundry_basket_by_the_door.json,3,5,0,0.5503844212212141,0.0,0.4163183467741935,0.0,0.0,0.0,0.0,0.8075,0.031129032258064487,0.6265953837597331,0.0,0.0,0.0,,0.0,0.0,,0.0,0.0,,0.0,,1.0,0.0,the; laundry; basket; door; single; rose; blooms; petal; window; inside; room,the; rose; blooms; petal; window,0.5,window,0.2,window; rose; petal; bloom,pane,0.3,0.0,0.0,0.0,0,0,The window pane. The rose petal blooms on the window.
steer_alpha_0p77_traj_c8_tok120_seed12_the_laundry_basket_by_the_door.json,steer_alpha_0p77_traj,experiments/frontier_sweep_model_compare_mistral7b_stock_guard_traj_seed12/steer_alpha_0p77_traj_c8_tok120_seed12_the_laundry_basket_by_the_door.json,3,6,0,-0.42222646408696063,0.0,0.28467948717948716,0.0,0.0,0.0,0.0,0.5693589743589743,0.0,0.7008189655172414,0.0,0.0,0.0,,0.0,0.0,,0.0,0.0,,0.0,,1.0,0.0,the; laundry; basket; door; single; rose; blooms; petal; window; inside; room,the; single; rose; blooms; petal; window,0.9166666666666667,bloom; rose; window,0.3333333333333333,rose; bloom; window; petal,glass; vase,0.055555555555555504,0.0,0.0,0.0,0,0,"A single rose blooms on the window, a glass vase. A single rose petal blooms on the window."
steer_alpha_0p77_traj_c8_tok120_seed12_the_laundry_basket_by_the_door.json,steer_alpha_0p77_traj,experiments/frontier_sweep_model_compare_mistral7b_stock_guard_traj_seed12/steer_alpha_0p77_traj_c8_tok120_seed12_the_laundry_basket_by_the_door.json,3,7,0,1.3155465762612046,0.0,0.4565201612903226,0.0,0.0,0.0,0.0,0.65,0.4046774193548386,0.4300503337041157,0.0,0.0,0.0,,0.0,0.0,,0.0,0.0,,0.0,,1.0,0.0,the; laundry; basket; door; single; rose; blooms; petal; window; inside; room,the; rose; blooms; petal; window,0.9583333333333335,bloom; petal; rose; window,0.3333333333333333,rose; petal; bloom; window,windowpane; windowsill,0.02777777777777768,0.0,0.0,0.0,0,0,"The windowpane, the rose petal blooms on the window, a rose petal blooms in the window. A petal blooms on the windowsill."
steer_alpha_0p77_traj_c8_tok120_seed12_the_laundry_basket_by_the_door.json,steer_alpha_0p77_traj,experiments/frontier_sweep_model_compare_mistral7b_stock_guard_traj_seed12/steer_alpha_0p77_traj_c8_tok120_seed12_the_laundry_basket_by_the_door.json,3,8,0,-0.5429573381317807,0.0,0.32846153846153847,0.0,0.0,0.0,0.0,0.5474358974358975,0.19999999999999998,0.810477011494253,0.0,0.0,0.0,,0.0,0.0,,0.0,0.0,,0.0,,1.0,0.0,the; laundry; basket; door; single; rose; blooms; petal; window; inside; room,the; rose; blooms; petal; window,0.6846153846153846,window; moonlight; petal,0.5555555555555556,window; rose; petal; bloom,pane; moonlight; shine; pot; teapoon,0.2452991452991453,0.0,0.0,0.0,0,0,"The window pane, the rose petal blooms on the window, and the moonlight shines through the window. The petals of a moonlight in a pot, a teapoon."
steer_alpha_0p77_traj_c8_tok120_seed12_the_laundry_basket_by_the_door.json,steer_alpha_0p77_traj,experiments/frontier_sweep_model_compare_mistral7b_stock_guard_traj_seed12/steer_alpha_0p77_traj_c8_tok120_seed12_the_laundry_basket_by_the_door.json,4,1,1,2.4072478223547478,0.0,0.6300147849462366,0.0,0.0,0.0,0.0,0.7833333333333334,0.6085483870967741,0.17615322580645168,0.0,0.0,0.0,,0.0,0.0,,0.0,0.0,,0.0,,1.0,0.0,the; laundry; basket; door; single; rose; blooms; petal; window; inside; room,the; single; rose; petal; window,0.675,window,0.0,petal; window; rose,,0.16249999999999998,0.0,0.0,0.0,0,0,A single petal of the window. A single rose within the window.
steer_alpha_0p77_traj_c8_tok120_seed12_the_laundry_basket_by_the_door.json,steer_alpha_0p77_traj,experiments/frontier_sweep_model_compare_mistral7b_stock_guard_traj_seed12/steer_alpha_0p77_traj_c8_tok120_seed12_the_laundry_basket_by_the_door.json,4,2,0,1.536292540887323,0.0,0.5284247311827956,0.0,0.0,0.0,0.0,0.76,0.39059139784946223,0.27423387096774204,0.0,0.0,0.0,,0.0,0.0,,0.0,0.0,,0.0,,0.5,0.5,the; laundry; basket; door; single; rose; blooms; petal; window; inside; room,the; window,0.675,window,0.3333333333333333,bloom; window,petalpetal,0.21666666666666662,0.0,0.0,0.0,0,0,petalpetal bloom on the window. The window.
steer_alpha_0p77_traj_c8_tok120_seed12_the_laundry_basket_by_the_door.json,steer_alpha_0p77_traj,experiments/frontier_sweep_model_compare_mistral7b_stock_guard_traj_seed12/steer_alpha_0p77_traj_c8_tok120_seed12_the_laundry_basket_by_the_door.json,4,3,0,0.6625751009118934,0.0,0.4453023263027295,0.0,0.0,0.0,0.0,0.8637179487179487,0.031129032258064487,0.6265953837597331,0.0,0.0,0.0,,0.0,0.0,,0.0,0.0,,0.0,,1.0,0.0,the; laundry; basket; door; single; rose; blooms; petal; window; inside; room,the; rose; blooms; petal; window,0.5,window,0.2,window; rose; petal; bloom,warded,0.3,0.0,0.0,0.0,0,0,warded window. A rose petal blooms on the window.
steer_alpha_0p77_traj_c8_tok120_seed12_the_laundry_basket_by_the_door.json,steer_alpha_0p77_traj,experiments/frontier_sweep_model_compare_mistral7b_stock_guard_traj_seed12/steer_alpha_0p77_traj_c8_tok120_seed12_the_laundry_basket_by_the_door.json,4,4,0,1.0799204933586342,0.0,0.45000761290322583,0.0,0.0,0.0,0.0,0.7629333333333334,0.17967741935483866,0.3691451612903226,0.0,0.0,0.0,,0.0,0.0,,0.0,0.0,,0.0,,1.0,0.0,the; laundry; basket; door; single; rose; blooms; petal; window; inside; room,the; single; rose; blooms; petal; window,0.9166666666666667,bloom; window,0.0,petal; bloom; window; rose,,0.04166666666666663,0.0,0.0,0.0,0,0,petal blooms on the window. A single rose blooms on the window.
steer_alpha_0p77_traj_c8_tok120_seed12_the_laundry_basket_by_the_door.json,steer_alpha_0p77_traj,experiments/frontier_sweep_model_compare_mistral7b_stock_guard_traj_seed12/steer_alpha_0p77_traj_c8_tok120_seed12_the_laundry_basket_by_the_door.json,4,5,0,1.5938555660974068,0.0,0.45194220430107523,0.0,0.0,0.0,0.0,0.65,0.39059139784946223,0.27423387096774204,0.0,0.0,0.0,,0.0,0.0,,0.0,0.0,,0.0,,1.0,0.0,the; laundry; basket; door; single; rose; blooms; petal; window; inside; room,the; blooms; petal; window,1.0,bloom; petal; window,0.0,petal; bloom; window,,0.0,0.0,0.0,0.0,0,0,"petal blooms on the window, the petal blooms on the window. The petal blooms on the window."
steer_alpha_0p77_traj_c8_tok120_seed12_the_laundry_basket_by_the_door.json,steer_alpha_0p77_traj,experiments/frontier_sweep_model_compare_mistral7b_stock_guard_traj_seed12/steer_alpha_0p77_traj_c8_tok120_seed12_the_laundry_basket_by_the_door.json,4,6,0,1.5283610738511195,0.0,0.4592983870967742,0.0,0.0,0.0,0.0,0.65,0.4132258064516128,0.35650528364849843,0.0,0.0,0.0,,0.0,0.0,,0.0,0.0,,0.0,,1.0,0.0,the; laundry; basket; door; single; rose; blooms; petal; window; inside; room,the; rose; blooms; petal; window,0.9772727272727273,window; bloom; petal,0.0,window; rose; bloom; petal,,0.011363636363636354,0.0,0.0,0.0,0,0,"on the window, the window, a rose blooms on the window, its petal bloom on the window. A petal blooms on the window."
steer_alpha_0p77_traj_c8_tok120_seed12_the_laundry_basket_by_the_door.json,steer_alpha_0p77_traj,experiments/frontier_sweep_model_compare_mistral7b_stock_guard_traj_seed12/steer_alpha_0p77_traj_c8_tok120_seed12_the_laundry_basket_by_the_door.json,4,7,0,0.8939871600253003,0.0,0.2969274193548387,0.0,0.0,0.0,0.0,0.44999999999999996,0.3196774193548386,0.30614516129032265,0.0,0.0,0.0,,0.0,0.0,,0.0,0.0,,0.0,,1.0,0.0,the; laundry; basket; door; single; rose; blooms; petal; window; inside; room,the; single; rose; blooms; petal; window,0.9772727272727273,petal; bloom; window,0.0,petal; bloom; window; rose,,0.011363636363636354,0.0,0.0,0.0,0,0,"petal blooms on the window, a single petal petal blooms in the window. A rose petal blooms on the window."
steer_alpha_0p77_traj_c8_tok120_seed12_the_laundry_basket_by_the_door.json,steer_alpha_0p77_traj,experiments/frontier_sweep_model_compare_mistral7b_stock_guard_traj_seed12/steer_alpha_0p77_traj_c8_tok120_seed12_the_laundry_basket_by_the_door.json,4,8,0,1.0378909111024759,0.0,0.3207485912617395,0.0,0.0,0.0,0.0,0.4539240506329114,0.4132258064516128,0.35650528364849843,0.0,0.0,0.0,,0.0,0.0,,0.0,0.0,,0.0,,1.0,0.0,the; laundry; basket; door; single; rose; blooms; petal; window; inside; room,the; rose; blooms; petal; window,0.9601851851851853,rose; bloom; petal; windowpane,0.2,rose; petal; bloom; window,windowpane,0.02388888888888885,0.0,0.0,0.0,0,0,"windowpane, a rose. The rose petal petal blooms on the windowpane, the rose blooms on the window."
steer_alpha_0p77_traj_c8_tok120_seed01_the_receipt_on_the_counter__banded-frontier_best.json,steer_alpha_0p77_traj__reselect_banded-frontier_best,experiments/posthoc_reselect_mistral7b_semantic_loop_guard_w1p6/steer_alpha_0p77_traj_c8_tok120_seed01_the_receipt_on_the_counter__banded-frontier_best.json,1,1,1,1.9026790955091715,0.038009498207885295,0.6952956989247311,0.06666666666666667,0.0,0.0,0.3333333333333333,1.0,0.39059139784946223,0.27423387096774204,0.0,0.0,0.0,,0.0,0.0,,0.0,0.0,,0.0,,0.6666666666666666,0.33333333333333337,the; receipt; counter,the; receipt,0.0,,0.6666666666666666,receipt,hand; push,0.8333333333333333,0.0,0.0,0.0,0,0,A hand pushes it under the receipt.
steer_alpha_0p77_traj_c8_tok120_seed01_the_receipt_on_the_counter__banded-frontier_best.json,steer_alpha_0p77_traj__reselect_banded-frontier_best,experiments/posthoc_reselect_mistral7b_semantic_loop_guard_w1p6/steer_alpha_0p77_traj_c8_tok120_seed01_the_receipt_on_the_counter__banded-frontier_best.json,1,2,0,1.0213096390168968,0.03334105990244261,0.6358742237903225,0.06394319446848298,0.0,0.0,0.3197159723424149,0.925125,0.3746774193548386,0.28139516129032266,0.0,0.0,0.0,,0.0,0.0,,0.0,0.0,,0.0,,1.0,0.0,the; receipt; counter,the; receipt; counter,0.0,,0.5,receipt; counter,drop; water,0.75,0.0,0.0,0.0,0,0,"The receipt on the counter, a single drop of water."
steer_alpha_0p77_traj_c8_tok120_seed01_the_receipt_on_the_counter__banded-frontier_best.json,steer_alpha_0p77_traj__reselect_banded-frontier_best,experiments/posthoc_reselect_mistral7b_semantic_loop_guard_w1p6/steer_alpha_0p77_traj_c8_tok120_seed01_the_receipt_on_the_counter__banded-frontier_best.json,1,3,0,0.35209086021505376,0.0,0.5075658602150537,0.0,0.0,0.0,0.0,0.73,0.39059139784946223,0.27423387096774204,0.0,0.0,0.0,,0.0,0.0,,0.0,0.0,,0.0,,0.3333333333333333,0.6666666666666667,the; receipt; counter,the,0.0,,1.0,,cashier; slip; register,1.0,0.0,0.0,0.0,0,0,The cashier slips it into the register.
steer_alpha_0p77_traj_c8_tok120_seed01_the_receipt_on_the_counter__banded-frontier_best.json,steer_alpha_0p77_traj__reselect_banded-frontier_best,experiments/posthoc_reselect_mistral7b_semantic_loop_guard_w1p6/steer_alpha_0p77_traj_c8_tok120_seed01_the_receipt_on_the_counter__banded-frontier_best.json,1,4,0,1.0099395409776817,0.0,0.4364806451612903,0.0,0.0,0.0,0.0,0.74,0.17967741935483866,0.3691451612903226,0.0,0.0,0.0,,0.0,0.0,,0.0,0.0,,0.0,,0.6666666666666666,0.33333333333333337,the; receipt; counter,the; receipt,0.0,,0.75,receipt,cashier; roll; coin,0.875,0.0,0.0,0.0,0,0,The cashier rolls a coin into the receipt.
steer_alpha_0p77_traj_c8_tok120_seed01_the_receipt_on_the_counter__banded-frontier_best.json,steer_alpha_0p77_traj__reselect_banded-frontier_best,experiments/posthoc_reselect_mistral7b_semantic_loop_guard_w1p6/steer_alpha_0p77_traj_c8_tok120_seed01_the_receipt_on_the_counter__banded-frontier_best.json,1,5,0,-1.1208300492610836,0.0,0.5153793103448275,0.0,0.0,0.0,0.0,0.9724137931034482,0.05999999999999997,0.7350324302134648,0.0,0.0,0.0,,0.0,0.0,,0.0,0.0,,0.0,,0.3333333333333333,0.6666666666666667,the; receipt; counter,the,0.0,,1.0,,customer; hand; reach; till; scooping; coin; palm,1.0,0.0,0.0,0.0,0,0,"A customer's hand reaches for the till, scooping coins into its palm."
steer_alpha_0p77_traj_c8_tok120_seed01_the_receipt_on_the_counter__banded-frontier_best.json,steer_alpha_0p77_traj__reselect_banded-frontier_best,experiments/posthoc_reselect_mistral7b_semantic_loop_guard_w1p6/steer_alpha_0p77_traj_c8_tok120_seed01_the_receipt_on_the_counter__banded-frontier_best.json,1,6,0,-0.6700606439127372,0.0,0.43978571428571434,0.0,0.0,0.0,0.0,0.8795714285714287,0.0,0.7008189655172414,0.0,0.0,0.0,,0.0,0.0,,0.0,0.0,,0.0,,0.3333333333333333,0.6666666666666667,the; receipt; counter,the,0.0,,1.0,,cash; register; coin; roll; glass,1.0,0.0,0.0,0.0,0,0,"Underneath the cash register, the coin rolls into the glass."
steer_alpha_0p77_traj_c8_tok120_seed01_the_receipt_on_the_counter__banded-frontier_best.json,steer_alpha_0p77_traj__reselect_banded-frontier_best,experiments/posthoc_reselect_mistral7b_semantic_loop_guard_w1p6/steer_alpha_0p77_traj_c8_tok120_seed01_the_receipt_on_the_counter__banded-frontier_best.json,1,7,0,-0.7841217453000007,0.0,0.3426120689655172,0.0,0.0,0.0,0.0,0.6852241379310344,0.0,0.8032824302134647,0.0,0.0,0.0,,0.0,0.0,,0.0,0.0,,0.0,,0.6666666666666666,0.33333333333333337,the; receipt; counter,the; receipt,0.0,,0.8333333333333334,receipt,cashier; slide; register; clutching; rose,0.9166666666666667,0.0,0.0,0.0,0,0,"The cashier slides the receipt beneath the register, clutching a rose."
steer_alpha_0p77_traj_c8_tok120_seed01_the_receipt_on_the_counter__banded-frontier_best.json,steer_alpha_0p77_traj__reselect_banded-frontier_best,experiments/posthoc_reselect_mistral7b_semantic_loop_guard_w1p6/steer_alpha_0p77_traj_c8_tok120_seed01_the_receipt_on_the_counter__banded-frontier_best.json,1,8,0,-0.8082469169674137,0.0,0.3323333333333333,0.0,0.0,0.0,0.0,0.6646666666666666,0.0,0.7484856321839081,0.0,0.0,0.0,,0.0,0.0,,0.0,0.0,,0.0,,0.6666666666666666,0.33333333333333337,the; receipt; counter,the; receipt,0.5,receipt,0.8,receipt,cat; curl; tail; cradling,0.45,0.0,0.0,0.0,0,0,"A cat curls its tail against the receipt, cradling the receipt."
steer_alpha_0p77_traj_c8_tok120_seed01_the_receipt_on_the_counter__banded-frontier_best.json,steer_alpha_0p77_traj__reselect_banded-frontier_best,experiments/posthoc_reselect_mistral7b_semantic_loop_guard_w1p6/steer_alpha_0p77_traj_c8_tok120_seed01_the_receipt_on_the_counter__banded-frontier_best.json,2,1,1,0.36111586013715824,0.028973333333333334,0.53,0.06666666666666667,0.0,0.0,0.3333333333333333,1.0,0.05999999999999997,0.8046990968801314,0.0,0.0,0.0,,0.0,0.0,,0.0,0.0,,0.0,,0.5,0.5,the; receipt; counter; hand; pushes,the; hand,0.0,,0.8571428571428571,hand,grasp; cup; coffee; dripping; steam; lid,0.9285714285714286,0.0,0.0,0.0,0,0,"The hand grasps a cup of coffee, dripping steam into its lid."
steer_alpha_0p77_traj_c8_tok120_seed01_the_receipt_on_the_counter__banded-frontier_best.json,steer_alpha_0p77_traj__reselect_banded-frontier_best,experiments/posthoc_reselect_mistral7b_semantic_loop_guard_w1p6/steer_alpha_0p77_traj_c8_tok120_seed01_the_receipt_on_the_counter__banded-frontier_best.json,2,2,0,0.8811791792892706,0.025602636363636362,0.4683409090909091,0.06666666666666667,0.0,0.0,0.3333333333333333,0.9366818181818182,0.0,0.7008189655172414,0.0,0.0,0.0,,0.0,0.0,,0.0,0.0,,0.0,,0.5,0.5,the; receipt; counter; hand; pushes,the; hand,0.0,,0.8333333333333334,hand,withdraw; envelope; revealing; keyhole; keylock,0.9166666666666667,0.0,0.0,0.0,0,0,"The hand withdraws an envelope, revealing a keyhole in the keylock."
steer_alpha_0p77_traj_c8_tok120_seed01_the_receipt_on_the_counter__banded-frontier_best.json,steer_alpha_0p77_traj__reselect_banded-frontier_best,experiments/posthoc_reselect_mistral7b_semantic_loop_guard_w1p6/steer_alpha_0p77_traj_c8_tok120_seed01_the_receipt_on_the_counter__banded-frontier_best.json,2,3,0,-0.6924646760710552,0.03487733333333334,0.42533333333333334,0.1,0.0,0.0,0.5,0.8506666666666667,0.0,0.8181522988505747,0.0,0.0,0.0,,0.0,0.0,,0.0,0.0,,0.0,,1.0,0.0,the; receipt; counter; hand; pushes,the; receipt; counter; hand,0.0,,0.5,hand; receipt; counter,lift; revealing; mouth,0.75,0.0,0.0,0.0,0,0,"The hand lifts the receipt, revealing the mouth of the counter."
steer_alpha_0p77_traj_c8_tok120_seed01_the_receipt_on_the_counter__banded-frontier_best.json,steer_alpha_0p77_traj__reselect_banded-frontier_best,experiments/posthoc_reselect_mistral7b_semantic_loop_guard_w1p6/steer_alpha_0p77_traj_c8_tok120_seed01_the_receipt_on_the_counter__banded-frontier_best.json,2,4,0,0.14920287364041918,0.01288428399870172,0.4612512171372931,0.03333333333333333,0.0,0.0,0.16666666666666666,0.9225024342745862,0.0,0.8368175287356322,0.0,0.0,0.0,,0.0,0.0,,0.0,0.0,,0.0,,0.75,0.25,the; receipt; counter; hand; pushes,the; receipt; hand,0.33333333333333326,hand,0.75,hand; receipt,retrievive; unfurling; petal; revealing; hidden; secret,0.5833333333333334,0.1,0.0,0.0,0,0,"A hand retrievives the receipt, unfurling its petal. The hand opens, revealing a hidden secret."
steer_alpha_0p77_traj_c8_tok120_seed01_the_receipt_on_the_counter__banded-frontier_best.json,steer_alpha_0p77_traj__reselect_banded-frontier_best,experiments/posthoc_reselect_mistral7b_semantic_loop_guard_w1p6/steer_alpha_0p77_traj_c8_tok120_seed01_the_receipt_on_the_counter__banded-frontier_best.json,2,5,0,1.0067277130861665,0.014334781981981981,0.39333243243243243,0.044444444444444446,0.0,0.0,0.2222222222222222,0.6555540540540541,0.19999999999999998,0.6991508620689655,0.0,0.0,0.0,,0.0,0.0,,0.0,0.0,,0.0,,0.5,0.5,the; receipt; counter; hand; pushes,the; counter,0.37500000000000006,register,0.8571428571428571,counter,cash; register; hums; coin; clink; lid,0.5803571428571429,0.0,0.0,0.0,0,0,"The cash register hums, its coins clink against the register. Its lid rests on the counter."
steer_alpha_0p77_traj_c8_tok120_seed01_the_receipt_on_the_counter__banded-frontier_best.json,steer_alpha_0p77_traj__reselect_banded-frontier_best,experiments/posthoc_reselect_mistral7b_semantic_loop_guard_w1p6/steer_alpha_0p77_traj_c8_tok120_seed01_the_receipt_on_the_counter__banded-frontier_best.json,2,6,0,-1.1822817323481118,0.025066452317763763,0.31125,0.09821315434523954,0.0,0.0,0.4910657717261977,0.6225,0.0,0.7008189655172414,0.0,0.0,0.0,,0.0,0.0,,0.0,0.0,,0.0,,1.0,0.0,the; receipt; counter; hand; pushes,the; receipt; counter; hand,0.4285714285714286,counter,0.5,hand; receipt; counter,pull; shake; coin,0.42857142857142855,0.0,0.0,0.0,0,0,The hand pulls the receipt under the counter. The counter shakes with a single coin.
steer_alpha_0p77_traj_c8_tok120_seed01_the_receipt_on_the_counter__banded-frontier_best.json,steer_alpha_0p77_traj__reselect_banded-frontier_best,experiments/posthoc_reselect_mistral7b_semantic_loop_guard_w1p6/steer_alpha_0p77_traj_c8_tok120_seed01_the_receipt_on_the_counter__banded-frontier_best.json,2,7,0,-0.9983616107509106,0.016653378254973164,0.3109872056429734,0.06530493056757483,0.0,0.0,0.32652465283787413,0.586768312533912,0.05999999999999997,0.8571522988505749,0.0,0.0,0.0,,0.0,0.0,,0.0,0.0,,0.0,,0.75,0.25,the; receipt; counter; hand; pushes,the; receipt; hand,0.6000000000000001,receipt; silverfish,0.75,hand; receipt,lift; revealing; secret; silverfish; slip; finger,0.3499999999999999,0.0,0.0,0.0,0,0,"The hand lifts the receipt, revealing a secret. A silverfish, the receipt slips between the silverfish's fingers."
steer_alpha_0p77_traj_c8_tok120_seed01_the_receipt_on_the_counter__banded-frontier_best.json,steer_alpha_0p77_traj__reselect_banded-frontier_best,experiments/posthoc_reselect_mistral7b_semantic_loop_guard_w1p6/steer_alpha_0p77_traj_c8_tok120_seed01_the_receipt_on_the_counter__banded-frontier_best.json,2,8,0,-1.473231845601616,0.040232783773440486,0.3679827784156142,0.13333333333333333,0.0,0.0,0.6666666666666666,0.7359655568312284,0.0,0.8276666666666668,0.0,0.0,0.0,,0.0,0.0,,0.0,0.0,,0.0,,0.75,0.25,the; receipt; counter; hand; pushes,the; counter; hand,0.675,coin; hand,0.6666666666666666,hand; counter,lift; change-edged; coin; shake,0.27083333333333326,0.0,0.0,0.0,0,0,The hand lifts the change-edged coin from the counter. The hand shakes the coin.
steer_alpha_0p77_traj_c8_tok120_seed01_the_receipt_on_the_counter__banded-frontier_best.json,steer_alpha_0p77_traj__reselect_banded-frontier_best,experiments/posthoc_reselect_mistral7b_semantic_loop_guard_w1p6/steer_alpha_0p77_traj_c8_tok120_seed01_the_receipt_on_the_counter__banded-frontier_best.json,3,1,1,1.540435712866277,0.22604573691991675,0.44702518837162175,0.6166666666666667,1.0,0.0,0.3333333333333333,0.7117504283266705,0.2561290322580645,0.7953037170930665,0.0,0.0,0.0,,0.0,0.0,,0.0,0.0,,0.0,,1.0,0.0,the; receipt; counter; hand; pushes; grasps; cup; coffee; dripping; steam; its; lid,the; counter; cup; coffee; its; lid,0.27272727272727276,coffee,0.6,cup; coffee; counter; lid,lift; vase; planted; flower; countertop; garden,0.5818181818181819,0.0,0.0,0.0,1,0,"A cup of coffee on the counter, its lid lifts, spilling coffee into a vase planted with flowers. A countertop becomes a garden."
steer_alpha_0p77_traj_c8_tok120_seed01_the_receipt_on_the_counter__banded-frontier_best.json,steer_alpha_0p77_traj__reselect_banded-frontier_best,experiments/posthoc_reselect_mistral7b_semantic_loop_guard_w1p6/steer_alpha_0p77_traj_c8_tok120_seed01_the_receipt_on_the_counter__banded-frontier_best.json,3,2,0,0.792792956119597,0.008748895748540715,0.4801223276638198,0.022222222222222223,0.0,0.0,0.1111111111111111,0.9058911842713581,0.05999999999999997,0.9730000000000001,0.0,0.0,0.0,,0.0,0.0,,0.0,0.0,,0.0,,1.0,0.0,the; receipt; counter; hand; pushes; grasps; cup; coffee; dripping; steam; its; lid,the; receipt; counter; cup; coffee; its,0.0,,0.6363636363636364,cup; coffee; counter; receipt,half-full; sits; lifted; unfurling; scroll; revealing; secret,0.8181818181818181,0.0,0.0,0.0,0,0,"The cup of coffee, now half-full, sits on the counter. The receipt is lifted, unfurling like a scroll, revealing its secrets."
steer_alpha_0p77_traj_c8_tok120_seed01_the_receipt_on_the_counter__banded-frontier_best.json,steer_alpha_0p77_traj__reselect_banded-frontier_best,experiments/posthoc_reselect_mistral7b_semantic_loop_guard_w1p6/steer_alpha_0p77_traj_c8_tok120_seed01_the_receipt_on_the_counter__banded-frontier_best.json,3,3,0,0.10615338372752303,0.18565776957000557,0.3574924959627835,0.6333333333333334,1.0,0.0,0.41666666666666663,0.5958208266046392,0.19999999999999998,0.9100000000000001,0.0,0.0,0.0,,0.0,0.0,,0.0,0.0,,0.0,,1.0,0.0,the; receipt; counter; hand; pushes; grasps; cup; coffee; dripping; steam; its; lid,the; receipt; counter; hand; cup; coffee; steam; lid,0.546875,counter; coffee,0.46153846153846156,cup; coffee; lid; counter; hand; receipt; steam,tremble; slightly; withdraw; pour; forth; stream,0.3311298076923077,0.0,0.0,0.0,1,0,"The cup of coffee's lid trembles slightly on the counter, as the hand withdraws the receipt from beneath it. The coffee, now a counter, pours forth streams of steam onto the counter."
steer_alpha_0p77_traj_c8_tok120_seed01_the_receipt_on_the_counter__banded-frontier_best.json,steer_alpha_0p77_traj__reselect_banded-frontier_best,experiments/posthoc_reselect_mistral7b_semantic_loop_guard_w1p6/steer_alpha_0p77_traj_c8_tok120_seed01_the_receipt_on_the_counter__banded-frontier_best.json,3,4,0,0.6147190372862816,0.021199461538461535,0.3877950281425891,0.06666666666666667,0.0,0.0,0.3333333333333333,0.6463250469043151,0.19999999999999998,0.9100000000000001,0.0,0.0,0.0,,0.0,0.0,,0.0,0.0,,0.0,,0.75,0.25,the; receipt; counter; hand; pushes; grasps; cup; coffee; dripping; steam; its; lid,the; counter; its,0.37500000000000006,cigarette; counter,0.9285714285714286,counter,cashier; flick; cigarette; lighter; illuminating; glow; ashtray; filled; spent; butt; ember; constellation,0.6026785714285714,0.0,0.0,0.0,0,0,"The cashier flicks a cigarette lighter, illuminating the counter with its glow. The ashtray on the counter is filled with spent cigarette butts, their embers glowing like a constellation of stars."
steer_alpha_0p77_traj_c8_tok120_seed01_the_receipt_on_the_counter__banded-frontier_best.json,steer_alpha_0p77_traj__reselect_banded-frontier_best,experiments/posthoc_reselect_mistral7b_semantic_loop_guard_w1p6/steer_alpha_0p77_traj_c8_tok120_seed01_the_receipt_on_the_counter__banded-frontier_best.json,3,5,0,0.1885015109492072,0.03228457142857143,0.39371428571428574,0.1,0.0,0.0,0.5,0.6561904761904762,0.19999999999999998,0.7272356321839082,0.0,0.0,0.0,,0.0,0.0,,0.0,0.0,,0.0,,1.0,0.0,the; receipt; counter; hand; pushes; grasps; cup; coffee; dripping; steam; its; lid,the; counter; cup; coffee; its,0.5454545454545455,coffee; counter,0.6666666666666666,counter; coffee; cup,transform; machine; sits; spout; steaming; gently,0.3787878787878787,0.0,0.0,0.0,0,0,"The counter transforms into a coffee machine. The cup of coffee now sits on its spout, steaming gently into the counter."
steer_alpha_0p77_traj_c8_tok120_seed01_the_receipt_on_the_counter__banded-frontier_best.json,steer_alpha_0p77_traj__reselect_banded-frontier_best,experiments/posthoc_reselect_mistral7b_semantic_loop_guard_w1p6/steer_alpha_0p77_traj_c8_tok120_seed01_the_receipt_on_the_counter__banded-frontier_best.json,3,6,0,-1.2689152148664347,0.028775999999999996,0.35092682926829266,0.1,0.0,0.0,0.5,0.5848780487804878,0.19999999999999998,0.9100000000000001,0.0,0.0,0.0,,0.0,0.0,,0.0,0.0,,0.0,,1.0,0.0,the; receipt; counter; hand; pushes; grasps; cup; coffee; dripping; steam; its; lid,the; counter; hand; coffee; dripping; steam; its,0.6000000000000001,coffee; coin; counter,0.5833333333333334,counter; coffee; hand; dripping; steam,coin; slide; landing; softly; puddle; pour; slot,0.31666666666666665,0.0,0.0,0.0,0,0,"A coin slides down the counter, landing softly in a puddle of coffee. The hand pours the coffee into the counter, its dripping steam into the coin slot."
steer_alpha_0p77_traj_c8_tok120_seed01_the_receipt_on_the_counter__banded-frontier_best.json,steer_alpha_0p77_traj__reselect_banded-frontier_best,experiments/posthoc_reselect_mistral7b_semantic_loop_guard_w1p6/steer_alpha_0p77_traj_c8_tok120_seed01_the_receipt_on_the_counter__banded-frontier_best.json,3,7,0,-0.7698077019831457,0.01737895024946543,0.39738453314326444,0.05333333333333334,0.0,0.0,0.26666666666666666,0.662307555238774,0.19999999999999998,0.9100000000000001,0.0,0.0,0.0,,0.0,0.0,,0.0,0.0,,0.0,,1.0,0.0,the; receipt; counter; hand; pushes; grasps; cup; coffee; dripping; steam; its; lid,the; counter; cup; coffee; dripping; steam; its; lid,0.6428571428571428,counter; cup; steam,0.45454545454545453,cup; coffee; dripping; steam; lid; counter,sits; candy; glossy; wrapper; reflect,0.25974025974025977,0.0,0.0,0.0,0,0,"The cup of coffee, still dripping steam into its lid, sits on the counter. A counter of candies, their glossy wrappers reflect the steam from the cup."
steer_alpha_0p77_traj_c8_tok120_seed01_the_receipt_on_the_counter__banded-frontier_best.json,steer_alpha_0p77_traj__reselect_banded-frontier_best,experiments/posthoc_reselect_mistral7b_semantic_loop_guard_w1p6/steer_alpha_0p77_traj_c8_tok120_seed01_the_receipt_on_the_counter__banded-frontier_best.json,3,8,0,1.3589130000221565,0.17455624095402447,0.5553220815080313,0.3833333333333333,0.0,1.0,0.6666666666666666,0.8558518518518519,0.2977060931899641,0.6929086948461255,0.0,0.0,0.0,,0.0,0.0,,0.0,0.0,,0.0,,1.0,0.0,the; receipt; counter; hand; pushes; grasps; cup; coffee; dripping; steam; its; lid,the; counter; cup; coffee,0.30000000000000004,counter,0.6666666666666666,counter; coffee; cup,pile; keys; jingling; softly; sits; steaming,0.5833333333333333,0.0,0.0,0.0,0,1,"The counter now holds a pile of keys, jingling softly. The coffee cup sits on the counter, steaming."
steer_alpha_0p77_traj_c8_tok120_seed02_a_plastic_folder_in_the_drawer__banded-frontier_best.json,steer_alpha_0p77_traj__reselect_banded-frontier_best,experiments/posthoc_reselect_mistral7b_semantic_loop_guard_w1p6/steer_alpha_0p77_traj_c8_tok120_seed02_a_plastic_folder_in_the_drawer__banded-frontier_best.json,1,1,1,2.563659487666034,0.0,0.6952956989247311,0.0,0.0,0.0,0.0,1.0,0.39059139784946223,0.27423387096774204,0.0,0.0,0.0,,0.0,0.0,,0.0,0.0,,0.0,,0.5,0.5,plastic; folder; the; drawer,the; drawer,0.0,,0.6666666666666666,drawer,filled; silverfish,0.8333333333333333,0.0,0.0,0.0,0,0,"The drawer, filled with silverfish."
steer_alpha_0p77_traj_c8_tok120_seed02_a_plastic_folder_in_the_drawer__banded-frontier_best.json,steer_alpha_0p77_traj__reselect_banded-frontier_best,experiments/posthoc_reselect_mistral7b_semantic_loop_guard_w1p6/steer_alpha_0p77_traj_c8_tok120_seed02_a_plastic_folder_in_the_drawer__banded-frontier_best.json,1,2,0,2.162492820999368,0.0,0.5424465277777777,0.0,0.0,0.0,0.0,0.7801666666666667,0.39059139784946223,0.27423387096774204,0.0,0.0,0.0,,0.0,0.0,,0.0,0.0,,0.0,,0.5,0.5,plastic; folder; the; drawer,the; drawer,0.0,,0.6666666666666666,drawer,pocketwatch; tucked,0.8333333333333333,0.0,0.0,0.0,0,0,A pocketwatch tucked into the drawer.
steer_alpha_0p77_traj_c8_tok120_seed02_a_plastic_folder_in_the_drawer__banded-frontier_best.json,steer_alpha_0p77_traj__reselect_banded-frontier_best,experiments/posthoc_reselect_mistral7b_semantic_loop_guard_w1p6/steer_alpha_0p77_traj_c8_tok120_seed02_a_plastic_folder_in_the_drawer__banded-frontier_best.json,1,3,0,2.054740582412964,0.0,0.5907712609970674,0.0,0.0,0.0,0.0,0.9636363636363636,0.22612903225806447,0.5452620504263997,0.0,0.0,0.0,,0.0,0.0,,0.0,0.0,,0.0,,0.5,0.5,plastic; folder; the; drawer,the; drawer,0.0,,0.8,drawer,wooden; carpenter; chisel; nestled,0.9,0.0,0.0,0.0,0,0,"A wooden carpenter's chisel, nestled in the drawer."
steer_alpha_0p77_traj_c8_tok120_seed02_a_plastic_folder_in_the_drawer__banded-frontier_best.json,steer_alpha_0p77_traj__reselect_banded-frontier_best,experiments/posthoc_reselect_mistral7b_semantic_loop_guard_w1p6/steer_alpha_0p77_traj_c8_tok120_seed02_a_plastic_folder_in_the_drawer__banded-frontier_best.json,1,4,0,0.9613990270635511,0.0,0.4124516129032258,0.0,0.0,0.0,0.0,0.8,0.031129032258064487,0.6265953837597331,0.0,0.0,0.0,,0.0,0.0,,0.0,0.0,,0.0,,0.5,0.5,plastic; folder; the; drawer,the; drawer,0.0,,0.75,drawer,wooden; chestnut; buried,0.875,0.0,0.0,0.0,0,0,A wooden chestnut buried within the drawer.
steer_alpha_0p77_traj_c8_tok120_seed02_a_plastic_folder_in_the_drawer__banded-frontier_best.json,steer_alpha_0p77_traj__reselect_banded-frontier_best,experiments/posthoc_reselect_mistral7b_semantic_loop_guard_w1p6/steer_alpha_0p77_traj_c8_tok120_seed02_a_plastic_folder_in_the_drawer__banded-frontier_best.json,1,5,0,1.7752686274509806,0.0,0.49125,0.0,0.0,0.0,0.0,0.9825,0.0,0.45,0.0,0.3333333333333333,16.666666666666668,clockwork,0.3333333333333333,16.666666666666668,clockwork,0.0,0.0,,0.35,clockwork,0.5,0.5,plastic; folder; the; drawer,the; drawer,0.0,,0.75,drawer,clockwork; toy; spider,0.875,0.0,0.0,0.0,0,0,"Inside the drawer, a clockwork toy spider."
steer_alpha_0p77_traj_c8_tok120_seed02_a_plastic_folder_in_the_drawer__banded-frontier_best.json,steer_alpha_0p77_traj__reselect_banded-frontier_best,experiments/posthoc_reselect_mistral7b_semantic_loop_guard_w1p6/steer_alpha_0p77_traj_c8_tok120_seed02_a_plastic_folder_in_the_drawer__banded-frontier_best.json,1,6,0,1.9920742753122465,0.015661979349816852,0.5729992445054946,0.03333333333333333,0.0,0.0,0.16666666666666666,0.8933173076923077,0.2828571428571428,0.5941063218390805,0.0,0.3333333333333333,7.6923076923076925,ivory,0.3333333333333333,7.6923076923076925,ivory,0.0,0.0,,0.3,ivory,0.5,0.5,plastic; folder; the; drawer,the; drawer,0.37500000000000006,drawer,0.8571428571428571,drawer,gloved; hand; cradling; ivory; comb; teeth,0.5803571428571429,0.0,0.0,0.0,0,0,"A gloved hand rests on the drawer, cradling a single ivory comb, its teeth, in the drawer."
steer_alpha_0p77_traj_c8_tok120_seed02_a_plastic_folder_in_the_drawer__banded-frontier_best.json,steer_alpha_0p77_traj__reselect_banded-frontier_best,experiments/posthoc_reselect_mistral7b_semantic_loop_guard_w1p6/steer_alpha_0p77_traj_c8_tok120_seed02_a_plastic_folder_in_the_drawer__banded-frontier_best.json,1,7,0,2.6758110028175492,0.0,0.5138612756598239,0.0,0.0,0.0,0.0,0.6714545454545454,0.5305913978494622,0.21123387096774202,0.0,0.3333333333333333,10.0,miniature,0.3333333333333333,10.0,miniature,0.0,0.0,,0.4,miniature,0.5,0.5,plastic; folder; the; drawer,the; drawer,0.675,drawer,0.6666666666666666,drawer,violin; legs,0.27083333333333326,0.0,0.0,0.0,0,0,"Inside the drawer, a miniature violin rests on the drawer, its legs."
steer_alpha_0p77_traj_c8_tok120_seed02_a_plastic_folder_in_the_drawer__banded-frontier_best.json,steer_alpha_0p77_traj__reselect_banded-frontier_best,experiments/posthoc_reselect_mistral7b_semantic_loop_guard_w1p6/steer_alpha_0p77_traj_c8_tok120_seed02_a_plastic_folder_in_the_drawer__banded-frontier_best.json,1,8,0,2.310023107737719,0.0,0.5533014784946236,0.0,0.0,0.0,0.0,0.9380555555555555,0.17967741935483866,0.3691451612903226,0.0,0.3333333333333333,16.666666666666668,leather-bound,0.3333333333333333,16.666666666666668,leather-bound,0.0,0.0,,0.5,leather-bound,0.5,0.5,plastic; folder; the; drawer,the; drawer,0.0,,0.75,drawer,leather-bound; book; nested,0.875,0.0,0.0,0.0,0,0,A leather-bound book nested in the drawer.
steer_alpha_0p77_traj_c8_tok120_seed02_a_plastic_folder_in_the_drawer__banded-frontier_best.json,steer_alpha_0p77_traj__reselect_banded-frontier_best,experiments/posthoc_reselect_mistral7b_semantic_loop_guard_w1p6/steer_alpha_0p77_traj_c8_tok120_seed02_a_plastic_folder_in_the_drawer__banded-frontier_best.json,2,1,1,3.226742820999368,0.0,0.7425281518817203,0.0,0.0,0.0,0.0,0.97025,0.5305913978494622,0.21123387096774202,0.0,0.0,0.0,,0.0,0.0,,0.0,0.0,,0.0,,0.75,0.25,plastic; folder; the; drawer; filled; silverfish,folder; the; silverfish,0.0,,0.3333333333333333,folder; silverfish,revealing,0.6666666666666666,0.0,0.0,0.0,0,0,"The folder unfolds open, revealing a silverfish."
steer_alpha_0p77_traj_c8_tok120_seed02_a_plastic_folder_in_the_drawer__banded-frontier_best.json,steer_alpha_0p77_traj__reselect_banded-frontier_best,experiments/posthoc_reselect_mistral7b_semantic_loop_guard_w1p6/steer_alpha_0p77_traj_c8_tok120_seed02_a_plastic_folder_in_the_drawer__banded-frontier_best.json,2,2,0,2.575508135682749,0.0,0.6001721905911146,0.0,0.0,0.0,0.0,0.6864805057955743,0.7485483870967741,0.11315322580645167,0.0,0.0,0.0,,0.0,0.0,,0.0,0.0,,0.0,,1.0,0.0,plastic; folder; the; drawer; filled; silverfish,plastic; folder; the; drawer; silverfish,0.5,folder,0.2,folder; drawer; silverfish; plastic,light,0.3,0.0,0.0,0.0,0,0,"The folder, open, spilling light from the drawer. Silverfish rest on the plastic folder."
steer_alpha_0p77_traj_c8_tok120_seed02_a_plastic_folder_in_the_drawer__banded-frontier_best.json,steer_alpha_0p77_traj__reselect_banded-frontier_best,experiments/posthoc_reselect_mistral7b_semantic_loop_guard_w1p6/steer_alpha_0p77_traj_c8_tok120_seed02_a_plastic_folder_in_the_drawer__banded-frontier_best.json,2,3,0,0.4835970872116039,0.0,0.3424777522715254,0.0,0.0,0.0,0.0,0.6642771982116245,0.031129032258064487,0.6265953837597331,0.0,0.0,0.0,,0.0,0.0,,0.0,0.0,,0.0,,0.75,0.25,plastic; folder; the; drawer; filled; silverfish,the; drawer; silverfish,0.5,silverfish,0.6,silverfish; drawer,crawl; shimmer; light,0.4,0.0,0.0,0.0,0,0,"The silverfish crawls over the drawer, its silverfish shimmer with light."
steer_alpha_0p77_traj_c8_tok120_seed02_a_plastic_folder_in_the_drawer__banded-frontier_best.json,steer_alpha_0p77_traj__reselect_banded-frontier_best,experiments/posthoc_reselect_mistral7b_semantic_loop_guard_w1p6/steer_alpha_0p77_traj_c8_tok120_seed02_a_plastic_folder_in_the_drawer__banded-frontier_best.json,2,4,0,1.1547707736263604,0.0,0.39619536822438745,0.0,0.0,0.0,0.0,0.5606964809384164,0.4132258064516128,0.4261719503151651,0.0,0.0,0.0,,0.0,0.0,,0.0,0.0,,0.0,,0.5,0.5,plastic; folder; the; drawer; filled; silverfish,the; silverfish,0.5,silverfish,0.8,silverfish,swim; bottom; closet; wing,0.45,0.0,0.0,0.0,0,0,"The silverfish swims at the bottom of the closet. The silverfish, its wings."
steer_alpha_0p77_traj_c8_tok120_seed02_a_plastic_folder_in_the_drawer__banded-frontier_best.json,steer_alpha_0p77_traj__reselect_banded-frontier_best,experiments/posthoc_reselect_mistral7b_semantic_loop_guard_w1p6/steer_alpha_0p77_traj_c8_tok120_seed02_a_plastic_folder_in_the_drawer__banded-frontier_best.json,2,5,0,1.1965134758147742,0.0,0.39508845500848894,0.0,0.0,0.0,0.0,0.6698245614035088,0.17967741935483866,0.3691451612903226,0.0,0.0,0.0,,0.0,0.0,,0.0,0.0,,0.0,,1.0,0.0,plastic; folder; the; drawer; filled; silverfish,plastic; folder; the; silverfish,0.6000000000000001,silverfish,0.25,silverfish; plastic; folder,swim,0.24999999999999994,0.0,0.0,0.0,0,0,"The silverfish swims through the plastic folder, a small silverfish."
steer_alpha_0p77_traj_c8_tok120_seed02_a_plastic_folder_in_the_drawer__banded-frontier_best.json,steer_alpha_0p77_traj__reselect_banded-frontier_best,experiments/posthoc_reselect_mistral7b_semantic_loop_guard_w1p6/steer_alpha_0p77_traj_c8_tok120_seed02_a_plastic_folder_in_the_drawer__banded-frontier_best.json,2,6,0,3.122385688264377,0.0,0.779863387978142,0.0,0.0,0.0,0.0,0.779863387978142,1.0,0.0,0.0,0.0,0.0,,0.0,0.0,,0.0,0.0,,0.0,,1.0,0.0,plastic; folder; the; drawer; filled; silverfish,plastic; folder; the; drawer; silverfish,0.6000000000000001,silverfish,0.0,silverfish; plastic; folder; drawer,,0.19999999999999996,0.0,0.0,0.0,0,0,"The silverfish, in the plastic folder, unfolds a silverfish in the drawer."
steer_alpha_0p77_traj_c8_tok120_seed02_a_plastic_folder_in_the_drawer__banded-frontier_best.json,steer_alpha_0p77_traj__reselect_banded-frontier_best,experiments/posthoc_reselect_mistral7b_semantic_loop_guard_w1p6/steer_alpha_0p77_traj_c8_tok120_seed02_a_plastic_folder_in_the_drawer__banded-frontier_best.json,2,7,0,1.9529944752590866,0.0,0.3583995521091811,0.0,0.0,0.0,0.0,0.5214307692307693,0.3746774193548386,0.28139516129032266,0.0,0.0,0.0,,0.0,0.0,,0.0,0.0,,0.0,,0.75,0.25,plastic; folder; the; drawer; filled; silverfish,the; drawer; silverfish,0.6000000000000001,silverfish,0.5,silverfish; drawer,crawl; wing,0.29999999999999993,0.0,0.0,0.0,0,0,"The silverfish crawls on the drawer, the silverfish's wings."
steer_alpha_0p77_traj_c8_tok120_seed02_a_plastic_folder_in_the_drawer__banded-frontier_best.json,steer_alpha_0p77_traj__reselect_banded-frontier_best,experiments/posthoc_reselect_mistral7b_semantic_loop_guard_w1p6/steer_alpha_0p77_traj_c8_tok120_seed02_a_plastic_folder_in_the_drawer__banded-frontier_best.json,2,8,0,2.364977886569462,0.0,0.5120171878537038,0.0,0.0,0.0,0.0,0.553897726805607,0.8487788018433179,0.13771620583717362,0.0,0.0,0.0,,0.0,0.0,,0.0,0.0,,0.0,,1.0,0.0,plastic; folder; the; drawer; filled; silverfish,plastic; folder; the; silverfish,0.8851851851851853,folder; plastic; silverfish,0.5714285714285714,silverfish; plastic; folder,nestled; page; paper; wing,0.09021164021164012,0.0,0.0,0.0,0,0,"The silverfish, nestled between the plastic folder, unfolds a page of paper, open. The silverfish's wings, the plastic folder."
steer_alpha_0p77_traj_c8_tok120_seed02_a_plastic_folder_in_the_drawer__banded-frontier_best.json,steer_alpha_0p77_traj__reselect_banded-frontier_best,experiments/posthoc_reselect_mistral7b_semantic_loop_guard_w1p6/steer_alpha_0p77_traj_c8_tok120_seed02_a_plastic_folder_in_the_drawer__banded-frontier_best.json,3,1,1,2.1566076492168667,0.0,0.40287561360448804,0.0,0.0,0.0,0.0,0.4685869565217391,0.7195340501792115,0.2845085279940675,0.0,0.0,0.0,,0.0,0.0,,0.0,0.0,,0.0,,0.5,0.5,plastic; folder; the; drawer; filled; silverfish; unfolds; open; revealing,the; silverfish,0.821062271062271,silverfish; nestled,0.875,silverfish,crawl; nestled; shard; light; mouth; pot; fingerprint,0.1677541208791209,0.0,0.0,0.0,0,0,"The silverfish crawls on the silverfish, its silverfish nestled in the silverfish. The silverfish rests on the shard of light, nestled within the mouth of a pot, a silverfish with a fingerprint."
steer_alpha_0p77_traj_c8_tok120_seed02_a_plastic_folder_in_the_drawer__banded-frontier_best.json,steer_alpha_0p77_traj__reselect_banded-frontier_best,experiments/posthoc_reselect_mistral7b_semantic_loop_guard_w1p6/steer_alpha_0p77_traj_c8_tok120_seed02_a_plastic_folder_in_the_drawer__banded-frontier_best.json,3,2,0,3.2417347309683855,0.0,0.571308160196829,0.0,0.0,0.0,0.0,0.6364406779661017,0.7953225806451613,0.1617715053763441,0.0,0.0,0.0,,0.0,0.0,,0.0,0.0,,0.0,,0.75,0.25,plastic; folder; the; drawer; filled; silverfish; unfolds; open; revealing,the; filled; silverfish,0.8851851851851853,silverfish,0.6,silverfish; filled,plate; spoon; sugar,0.09185185185185177,0.0,0.0,0.0,0,0,"Silverfish, silverfish rests on a plate, holding its silverfish's spoon of sugar. The silverfish, a silverfish, filled with a silverfish."
steer_alpha_0p77_traj_c8_tok120_seed02_a_plastic_folder_in_the_drawer__banded-frontier_best.json,steer_alpha_0p77_traj__reselect_banded-frontier_best,experiments/posthoc_reselect_mistral7b_semantic_loop_guard_w1p6/steer_alpha_0p77_traj_c8_tok120_seed02_a_plastic_folder_in_the_drawer__banded-frontier_best.json,3,3,0,1.6877541701646295,0.0,0.3849519702594299,0.0,0.0,0.0,0.0,0.504359713487072,0.5264976958525345,0.43099434556915095,0.0,0.0,0.0,,0.0,0.0,,0.0,0.0,,0.0,,0.75,0.25,plastic; folder; the; drawer; filled; silverfish; unfolds; open; revealing,the; drawer; silverfish,0.853030303030303,silverfish; swim,0.7142857142857143,silverfish; drawer,swim; water; filling; bottom; hinge,0.125974025974026,0.0,0.0,0.0,0,0,"Silverfish swims in the water, filling with silverfish. The silverfish swims in the bottom of the drawer, a silverfish's hinge."
steer_alpha_0p77_traj_c8_tok120_seed02_a_plastic_folder_in_the_drawer__banded-frontier_best.json,steer_alpha_0p77_traj__reselect_banded-frontier_best,experiments/posthoc_reselect_mistral7b_semantic_loop_guard_w1p6/steer_alpha_0p77_traj_c8_tok120_seed02_a_plastic_folder_in_the_drawer__banded-frontier_best.json,3,4,0,3.791750887021475,0.0,0.623109243697479,0.0,0.0,0.0,0.0,0.623109243697479,1.0,0.0,0.0,0.0,0.0,,0.0,0.0,,0.0,0.0,,0.0,,0.75,0.25,plastic; folder; the; drawer; filled; silverfish; unfolds; open; revealing,the; drawer; silverfish,0.95,silverfish; drawer,0.5,silverfish; drawer,bed; swim,0.03750000000000003,0.0,0.0,0.0,0,0,"The silverfish, its silverfish in the drawer, rests on a silverfish's bed. The silverfish swims in the drawer, the silverfish's silverfish."
steer_alpha_0p77_traj_c8_tok120_seed02_a_plastic_folder_in_the_drawer__banded-frontier_best.json,steer_alpha_0p77_traj__reselect_banded-frontier_best,experiments/posthoc_reselect_mistral7b_semantic_loop_guard_w1p6/steer_alpha_0p77_traj_c8_tok120_seed02_a_plastic_folder_in_the_drawer__banded-frontier_best.json,3,5,0,3.7641417417417418,0.0,0.6355855855855856,0.0,0.0,0.0,0.0,0.6355855855855856,1.0,0.0,0.0,0.0,0.0,,0.0,0.0,,0.0,0.0,,0.0,,0.75,0.25,plastic; folder; the; drawer; filled; silverfish; unfolds; open; revealing,the; drawer; silverfish,0.96875,silverfish; drawer,0.3333333333333333,silverfish; drawer,shadow,0.020833333333333332,0.0,0.0,0.0,0,0,"The silverfish rests on the drawer, holding a silverfish, a silverfish's shadow. The silverfish rests on the drawer, a silverfish."
steer_alpha_0p77_traj_c8_tok120_seed02_a_plastic_folder_in_the_drawer__banded-frontier_best.json,steer_alpha_0p77_traj__reselect_banded-frontier_best,experiments/posthoc_reselect_mistral7b_semantic_loop_guard_w1p6/steer_alpha_0p77_traj_c8_tok120_seed02_a_plastic_folder_in_the_drawer__banded-frontier_best.json,3,6,0,1.4698249740739344,0.006851359991511037,0.31332438985568767,0.02666666666666667,0.0,0.0,0.13333333333333333,0.4587039473684211,0.3661290322580645,0.5519287170930665,0.0,0.0,0.0,,0.0,0.0,,0.0,0.0,,0.0,,1.0,0.0,plastic; folder; the; drawer; filled; silverfish; unfolds; open; revealing,folder; the; silverfish; unfolds,0.8888888888888888,silverfish,0.6,folder; silverfish,desk; glass; water,0.08888888888888893,0.0,0.0,0.0,0,0,"The folder rests on the desk, and a silverfish rests on the silverfish. The silverfish unfolds a silverfish, its glass, and a silverfish of water."
steer_alpha_0p77_traj_c8_tok120_seed02_a_plastic_folder_in_the_drawer__banded-frontier_best.json,steer_alpha_0p77_traj__reselect_banded-frontier_best,experiments/posthoc_reselect_mistral7b_semantic_loop_guard_w1p6/steer_alpha_0p77_traj_c8_tok120_seed02_a_plastic_folder_in_the_drawer__banded-frontier_best.json,3,7,0,2.06692670250896,0.0,0.30930241935483865,0.0,0.0,0.0,0.0,0.44999999999999996,0.3746774193548386,0.28139516129032266,0.0,0.0,0.0,,0.0,0.0,,0.0,0.0,,0.0,,0.75,0.25,plastic; folder; the; drawer; filled; silverfish; unfolds; open; revealing,the; drawer; silverfish,0.9166666666666667,silverfish,0.3333333333333333,silverfish; drawer,nest,0.055555555555555504,0.0,0.0,0.0,0,0,"The silverfish rests on the silverfish, resting upon the silverfish. A silverfish, nests in the drawer."
steer_alpha_0p77_traj_c8_tok120_seed02_a_plastic_folder_in_the_drawer__banded-frontier_best.json,steer_alpha_0p77_traj__reselect_banded-frontier_best,experiments/posthoc_reselect_mistral7b_semantic_loop_guard_w1p6/steer_alpha_0p77_traj_c8_tok120_seed02_a_plastic_folder_in_the_drawer__banded-frontier_best.json,3,8,0,1.7134857686867249,0.0,0.347827948672996,0.0,0.0,0.0,0.0,0.43703177257525083,0.591774193548387,0.6157519002595477,0.0,0.0,0.0,,0.0,0.0,,0.0,0.0,,0.0,,0.75,0.25,plastic; folder; the; drawer; filled; silverfish; unfolds; open; revealing,the; filled; silverfish,0.9127450980392158,silverfish; glass; table; water,0.8,silverfish; filled,edge; sits; table; glass; water; fork; spider; beetle,0.0785294117647058,0.0,0.0,0.0,0,0,"Silverfish rests on the silverfish's edge, as it sits on the table, a silverfish, filled with a glass of water. The silverfish rests on a table, and a fork, spider of silverfish, a silverfish's glass of water, and a beetle."
steer_alpha_0p77_traj_c8_tok120_seed03_the_bus_was_ten_minutes_late__banded-frontier_best.json,steer_alpha_0p77_traj__reselect_banded-frontier_best,experiments/posthoc_reselect_mistral7b_semantic_loop_guard_w1p6/steer_alpha_0p77_traj_c8_tok120_seed03_the_bus_was_ten_minutes_late__banded-frontier_best.json,1,1,1,-0.8617731583933308,0.019315555555555558,0.53,0.044444444444444446,0.0,0.0,0.2222222222222222,1.0,0.05999999999999997,0.8046990968801314,0.0,0.0,0.0,,0.0,0.0,,0.0,0.0,,0.0,,0.5,0.5,the; bus; was; ten; minutes; late,the; bus,0.0,,0.8571428571428571,bus,driver; heavy; coat; snow; lay; lap,0.9285714285714286,0.0,0.0,0.0,0,0,"The bus driver, with a heavy coat of snow, lay on his lap."
steer_alpha_0p77_traj_c8_tok120_seed03_the_bus_was_ten_minutes_late__banded-frontier_best.json,steer_alpha_0p77_traj__reselect_banded-frontier_best,experiments/posthoc_reselect_mistral7b_semantic_loop_guard_w1p6/steer_alpha_0p77_traj_c8_tok120_seed03_the_bus_was_ten_minutes_late__banded-frontier_best.json,1,2,0,-2.0501337229437224,0.0,0.37368749999999995,0.0,0.0,0.0,0.0,0.7473749999999999,0.0,0.7864166666666667,0.0,0.0,0.0,,0.0,0.0,,0.0,0.0,,0.0,,0.5,0.5,the; bus; was; ten; minutes; late,the; bus,0.0,,0.8,bus,conductor; flower; blooming; dashboard,0.9,0.0,0.0,0.0,0,0,"The bus conductor, with a single flower blooming from the dashboard."
steer_alpha_0p77_traj_c8_tok120_seed03_the_bus_was_ten_minutes_late__banded-frontier_best.json,steer_alpha_0p77_traj__reselect_banded-frontier_best,experiments/posthoc_reselect_mistral7b_semantic_loop_guard_w1p6/steer_alpha_0p77_traj_c8_tok120_seed03_the_bus_was_ten_minutes_late__banded-frontier_best.json,1,3,0,-2.783333333333333,0.0,0.479,0.0,0.0,0.0,0.0,0.958,0.0,0.8753333333333333,0.0,0.0,0.0,,0.0,0.0,,0.0,0.0,,0.0,,0.5,0.5,the; bus; was; ten; minutes; late,the; bus,0.0,,0.8571428571428571,bus,driver; doffed; hat; sun; sets; low,0.9285714285714286,0.0,0.0,0.0,0,0,"The bus driver doffed his hat, the sun sets low."
steer_alpha_0p77_traj_c8_tok120_seed03_the_bus_was_ten_minutes_late__banded-frontier_best.json,steer_alpha_0p77_traj__reselect_banded-frontier_best,experiments/posthoc_reselect_mistral7b_semantic_loop_guard_w1p6/steer_alpha_0p77_traj_c8_tok120_seed03_the_bus_was_ten_minutes_late__banded-frontier_best.json,1,4,0,-1.0384674927167752,0.0,0.48603209677419357,0.0,0.0,0.0,0.0,0.8718064516129033,0.11499999999999996,0.7031522988505747,0.0,0.0,0.0,,0.0,0.0,,0.0,0.0,,0.0,,0.5,0.5,the; bus; was; ten; minutes; late,the; bus,0.0,,0.8333333333333334,bus,driver; moonlight; caressed; passenger; wristwatch,0.9166666666666667,0.0,0.0,0.0,0,0,"The bus driver, under the moonlight, caressed the passenger's wristwatch."
steer_alpha_0p77_traj_c8_tok120_seed03_the_bus_was_ten_minutes_late__banded-frontier_best.json,steer_alpha_0p77_traj__reselect_banded-frontier_best,experiments/posthoc_reselect_mistral7b_semantic_loop_guard_w1p6/steer_alpha_0p77_traj_c8_tok120_seed03_the_bus_was_ten_minutes_late__banded-frontier_best.json,1,5,0,-3.079591111111111,0.0,0.37666666666666665,0.0,0.0,0.0,0.0,0.7533333333333333,0.0,0.8753333333333333,0.0,0.0,0.0,,0.0,0.0,,0.0,0.0,,0.0,,0.5,0.5,the; bus; was; ten; minutes; late,the; bus,0.0,,0.8333333333333334,bus,driver; waited; passenger; sipping; coffee,0.9166666666666667,0.0,0.0,0.0,0,0,"The bus driver waited for the passengers, sipping coffee."
steer_alpha_0p77_traj_c8_tok120_seed03_the_bus_was_ten_minutes_late__banded-frontier_best.json,steer_alpha_0p77_traj__reselect_banded-frontier_best,experiments/posthoc_reselect_mistral7b_semantic_loop_guard_w1p6/steer_alpha_0p77_traj_c8_tok120_seed03_the_bus_was_ten_minutes_late__banded-frontier_best.json,1,6,0,-1.882895044610562,0.0,0.39071748251748256,0.0,0.0,0.0,0.0,0.7372027972027972,0.05999999999999997,0.8098175287356322,0.0,0.3333333333333333,9.090909090909092,moonlit,0.0,0.0,,0.3333333333333333,9.090909090909092,moonlit,0.0,,0.5,0.5,the; bus; was; ten; minutes; late,the; bus,0.0,,0.8333333333333334,bus,headlight; flickered; casting; glow; street,0.9166666666666667,0.1,0.0,0.0,0,0,"The bus's headlights flickered, casting a golden glow on the moonlit street."
steer_alpha_0p77_traj_c8_tok120_seed03_the_bus_was_ten_minutes_late__banded-frontier_best.json,steer_alpha_0p77_traj__reselect_banded-frontier_best,experiments/posthoc_reselect_mistral7b_semantic_loop_guard_w1p6/steer_alpha_0p77_traj_c8_tok120_seed03_the_bus_was_ten_minutes_late__banded-frontier_best.json,1,7,0,-2.373388888888889,0.0,0.4888888888888889,0.0,0.0,0.0,0.0,0.9777777777777777,0.0,0.9220833333333334,0.0,0.0,0.0,,0.0,0.0,,0.0,0.0,,0.0,,1.0,0.0,the; bus; was; ten; minutes; late,the; bus; was; ten; minutes; late,0.0,,0.5555555555555556,bus; ten; minute; late,engine; whirr; hums; oil-painted; clock,0.7777777777777778,0.0,0.0,0.0,0,0,"The bus was ten minutes late, its engine whirrs and hums, spilling oil-painted clock."
steer_alpha_0p77_traj_c8_tok120_seed03_the_bus_was_ten_minutes_late__banded-frontier_best.json,steer_alpha_0p77_traj__reselect_banded-frontier_best,experiments/posthoc_reselect_mistral7b_semantic_loop_guard_w1p6/steer_alpha_0p77_traj_c8_tok120_seed03_the_bus_was_ten_minutes_late__banded-frontier_best.json,1,8,0,-0.8420410750507097,0.0,0.4755,0.0,0.0,0.0,0.0,0.951,0.0,0.8844841954022988,0.0,0.0,0.0,,0.0,0.0,,0.0,0.0,,0.0,,0.75,0.25,the; bus; was; ten; minutes; late,the; bus; late,0.0,,0.75,bus; late,driver; clutched; watch; hand; ticking; time,0.875,0.0,0.0,0.0,0,0,"The bus driver, late, clutched a watch in his hand, ticking the time."
steer_alpha_0p77_traj_c8_tok120_seed03_the_bus_was_ten_minutes_late__banded-frontier_best.json,steer_alpha_0p77_traj__reselect_banded-frontier_best,experiments/posthoc_reselect_mistral7b_semantic_loop_guard_w1p6/steer_alpha_0p77_traj_c8_tok120_seed03_the_bus_was_ten_minutes_late__banded-frontier_best.json,2,1,1,-1.447143843452874,0.022352961502347418,0.40011267605633805,0.06666666666666667,0.0,0.0,0.3333333333333333,0.7549295774647887,0.05999999999999997,0.9730000000000001,0.0,0.0,0.0,,0.0,0.0,,0.0,0.0,,0.0,,1.0,0.0,the; bus; was; ten; minutes; late; driver; heavy; coat; snow; lay; his,the; bus; driver; coat; snow,0.0,,0.6,snow; bus; driver; coat,woman; brush; revealing; pair; worn-out; glove,0.8,0.1,0.0,0.0,0,0,"A woman brushes snow from the bus driver's coat, revealing a pair of worn-out gloves."
steer_alpha_0p77_traj_c8_tok120_seed03_the_bus_was_ten_minutes_late__banded-frontier_best.json,steer_alpha_0p77_traj__reselect_banded-frontier_best,experiments/posthoc_reselect_mistral7b_semantic_loop_guard_w1p6/steer_alpha_0p77_traj_c8_tok120_seed03_the_bus_was_ten_minutes_late__banded-frontier_best.json,2,2,0,-0.5551963843627634,0.0,0.4396209134615384,0.0,0.0,0.0,0.0,0.7885576923076922,0.11499999999999996,0.6078189655172415,0.0,0.0,0.0,,0.0,0.0,,0.0,0.0,,0.0,,0.5,0.5,the; bus; was; ten; minutes; late; driver; heavy; coat; snow; lay; his,the; bus,0.0,,0.8333333333333334,bus,snowflake; danced; window; liquid; glass,0.9166666666666667,0.0,0.0,0.0,0,0,"Snowflakes danced in the bus window, melting into liquid glass."
steer_alpha_0p77_traj_c8_tok120_seed03_the_bus_was_ten_minutes_late__banded-frontier_best.json,steer_alpha_0p77_traj__reselect_banded-frontier_best,experiments/posthoc_reselect_mistral7b_semantic_loop_guard_w1p6/steer_alpha_0p77_traj_c8_tok120_seed03_the_bus_was_ten_minutes_late__banded-frontier_best.json,2,3,0,0.8605256676331572,0.0,0.5322382056013895,0.0,0.0,0.0,0.0,0.9546873643074251,0.11499999999999996,0.6078189655172415,0.0,0.0,0.0,,0.0,0.0,,0.0,0.0,,0.0,,0.75,0.25,the; bus; was; ten; minutes; late; driver; heavy; coat; snow; lay; his,the; bus; driver,0.0,,0.6666666666666666,bus; driver,snowflake; gently; twirling; finger,0.8333333333333333,0.0,0.0,0.0,0,0,"Snowflakes, gently twirling on the bus driver's fingers."
steer_alpha_0p77_traj_c8_tok120_seed03_the_bus_was_ten_minutes_late__banded-frontier_best.json,steer_alpha_0p77_traj__reselect_banded-frontier_best,experiments/posthoc_reselect_mistral7b_semantic_loop_guard_w1p6/steer_alpha_0p77_traj_c8_tok120_seed03_the_bus_was_ten_minutes_late__banded-frontier_best.json,2,4,0,-1.6952195032942754,0.0,0.3734295774647887,0.0,0.0,0.0,0.0,0.7468591549295774,0.0,0.8987083333333334,0.0,0.0,0.0,,0.0,0.0,,0.0,0.0,,0.0,,1.0,0.0,the; bus; was; ten; minutes; late; driver; heavy; coat; snow; lay; his,the; bus; driver; snow; his,0.0,,0.625,bus; driver; snow,standing; wiped; shoulder; pocket; glove,0.8125,0.0,0.0,0.0,0,0,"The bus driver, now standing, wiped the snow from his shoulders and pockets his gloves."
steer_alpha_0p77_traj_c8_tok120_seed03_the_bus_was_ten_minutes_late__banded-frontier_best.json,steer_alpha_0p77_traj__reselect_banded-frontier_best,experiments/posthoc_reselect_mistral7b_semantic_loop_guard_w1p6/steer_alpha_0p77_traj_c8_tok120_seed03_the_bus_was_ten_minutes_late__banded-frontier_best.json,2,5,0,-0.5255527601474409,0.0,0.3833702956989247,0.0,0.0,0.0,0.0,0.7016666666666667,0.09274193548387091,0.8071899796069708,0.0,0.0,0.0,,0.0,0.0,,0.0,0.0,,0.0,,0.75,0.25,the; bus; was; ten; minutes; late; driver; heavy; coat; snow; lay; his,the; bus; driver,0.0,,0.7142857142857143,bus; driver,steering; wheel; stir; engine; life,0.8571428571428572,0.0,0.0,0.0,0,0,"The bus driver, leaning against the steering wheel, stirs the engine to life."
steer_alpha_0p77_traj_c8_tok120_seed03_the_bus_was_ten_minutes_late__banded-frontier_best.json,steer_alpha_0p77_traj__reselect_banded-frontier_best,experiments/posthoc_reselect_mistral7b_semantic_loop_guard_w1p6/steer_alpha_0p77_traj_c8_tok120_seed03_the_bus_was_ten_minutes_late__banded-frontier_best.json,2,6,0,-0.03211063188161889,0.011282016494845358,0.41275670103092776,0.03333333333333333,0.0,0.0,0.16666666666666666,0.6879278350515463,0.19999999999999998,0.8999166666666667,0.0,0.0,0.0,,0.0,0.0,,0.0,0.0,,0.0,,1.0,0.0,the; bus; was; ten; minutes; late; driver; heavy; coat; snow; lay; his,the; bus; driver; heavy; coat; snow; his,0.25,bus,0.5454545454545454,driver; heavy; coat; snow; bus,warmed; hand; heater; trudged; snowy; town,0.5795454545454546,0.0,0.0,0.0,0,0,"The driver, with a heavy coat of snow, warmed his hands against the bus heater as the bus trudged through the snowy town."
steer_alpha_0p77_traj_c8_tok120_seed03_the_bus_was_ten_minutes_late__banded-frontier_best.json,steer_alpha_0p77_traj__reselect_banded-frontier_best,experiments/posthoc_reselect_mistral7b_semantic_loop_guard_w1p6/steer_alpha_0p77_traj_c8_tok120_seed03_the_bus_was_ten_minutes_late__banded-frontier_best.json,2,7,0,0.5213950189109923,0.0,0.4121123826979472,0.0,0.0,0.0,0.0,0.6517272727272727,0.2646774193548386,0.5407170003707824,0.0,0.0,0.0,,0.0,0.0,,0.0,0.0,,0.0,,0.75,0.25,the; bus; was; ten; minutes; late; driver; heavy; coat; snow; lay; his,the; bus; driver,0.0,,0.6666666666666666,driver; bus,key; ignition; roared; life,0.8333333333333333,0.0,0.0,0.0,0,0,"The driver turned the key in the ignition, and the bus roared to life."
steer_alpha_0p77_traj_c8_tok120_seed03_the_bus_was_ten_minutes_late__banded-frontier_best.json,steer_alpha_0p77_traj__reselect_banded-frontier_best,experiments/posthoc_reselect_mistral7b_semantic_loop_guard_w1p6/steer_alpha_0p77_traj_c8_tok120_seed03_the_bus_was_ten_minutes_late__banded-frontier_best.json,2,8,0,-0.8861445976852277,0.09967205128205127,0.38384615384615384,0.31666666666666665,0.0,1.0,0.3333333333333333,0.7676923076923077,0.0,0.8744166666666667,0.0,0.3333333333333333,7.6923076923076925,pocket watch,0.3333333333333333,7.6923076923076925,pocket watch,0.0,0.0,,0.4,pocket watch,1.0,0.0,the; bus; was; ten; minutes; late; driver; heavy; coat; snow; lay; his,the; bus; driver; coat; snow; his,0.0,,0.5555555555555556,bus; driver; snow; coat,brushed; off; revealing; pocket; watch,0.7777777777777778,0.0,0.0,0.0,0,1,"The bus driver brushed the snow off his coat, revealing a pocket watch inside."
steer_alpha_0p77_traj_c8_tok120_seed03_the_bus_was_ten_minutes_late__banded-frontier_best.json,steer_alpha_0p77_traj__reselect_banded-frontier_best,experiments/posthoc_reselect_mistral7b_semantic_loop_guard_w1p6/steer_alpha_0p77_traj_c8_tok120_seed03_the_bus_was_ten_minutes_late__banded-frontier_best.json,3,1,1,-0.5715803081950166,0.0,0.3645819128787879,0.0,0.0,0.0,0.0,0.7291638257575758,0.0,0.7891508620689656,0.0,0.0,0.0,,0.0,0.0,,0.0,0.0,,0.0,,0.25,0.75,the; bus; was; ten; minutes; late; driver; heavy; coat; snow; lay; his,the,0.0,,0.5714285714285714,woman; worn-out; glove,slip; hand; feeling; warmth,0.7857142857142857,1.0,0.0,0.0,0,0,"The woman slips her hand into the worn-out gloves, feeling warmth from within."
steer_alpha_0p77_traj_c8_tok120_seed03_the_bus_was_ten_minutes_late__banded-frontier_best.json,steer_alpha_0p77_traj__reselect_banded-frontier_best,experiments/posthoc_reselect_mistral7b_semantic_loop_guard_w1p6/steer_alpha_0p77_traj_c8_tok120_seed03_the_bus_was_ten_minutes_late__banded-frontier_best.json,3,2,0,-0.11738723522742422,0.0,0.3727083333333333,0.0,0.0,0.0,0.0,0.7454166666666666,0.0,0.8977916666666668,0.0,0.0,0.0,,0.0,0.0,,0.0,0.0,,0.0,,0.25,0.75,the; bus; was; ten; minutes; late; driver; heavy; coat; snow; lay; his,the,0.0,,0.7777777777777778,woman; glove,hand; child; grip; wide; eyes; precious; treasure,0.8888888888888888,0.0,0.0,0.0,0,0,"The woman hands the gloves to a child, who grips them with wide eyes, as if they were a precious treasure."
steer_alpha_0p77_traj_c8_tok120_seed03_the_bus_was_ten_minutes_late__banded-frontier_best.json,steer_alpha_0p77_traj__reselect_banded-frontier_best,experiments/posthoc_reselect_mistral7b_semantic_loop_guard_w1p6/steer_alpha_0p77_traj_c8_tok120_seed03_the_bus_was_ten_minutes_late__banded-frontier_best.json,3,3,0,-1.0453411571525162,0.0,0.3464712643678161,0.0,0.0,0.0,0.0,0.6929425287356322,0.0,0.9211666666666667,0.0,0.0,0.0,,0.0,0.0,,0.0,0.0,,0.0,,0.25,0.75,the; bus; was; ten; minutes; late; driver; heavy; coat; snow; lay; his,the,0.0,,0.7272727272727273,woman; worn-out; glove,hand; child; sitting; first; row; grin; clutching; tight,0.8636363636363636,1.0,0.0,0.0,0,0,"The woman hands the worn-out gloves to a child sitting in the first row, who grins, clutching them tight."
steer_alpha_0p77_traj_c8_tok120_seed03_the_bus_was_ten_minutes_late__banded-frontier_best.json,steer_alpha_0p77_traj__reselect_banded-frontier_best,experiments/posthoc_reselect_mistral7b_semantic_loop_guard_w1p6/steer_alpha_0p77_traj_c8_tok120_seed03_the_bus_was_ten_minutes_late__banded-frontier_best.json,3,4,0,-1.2394520680786936,0.0,0.33363196881091617,0.0,0.0,0.0,0.0,0.6672639376218323,0.0,1.0,0.0,0.0,0.0,,0.0,0.0,,0.0,0.0,,0.0,,0.25,0.75,the; bus; was; ten; minutes; late; driver; heavy; coat; snow; lay; his,the,0.0,,0.7857142857142857,woman; glove; worn-out,place; empty; dashboard; finger; stretching; toward; windshield; waiting; world; awaken; slumber,0.8928571428571428,1.0,0.0,0.0,0,0,"The woman places the gloves on the empty dashboard, their worn-out fingers stretching towards the windshield, waiting for the world to awaken from its slumber."
steer_alpha_0p77_traj_c8_tok120_seed03_the_bus_was_ten_minutes_late__banded-frontier_best.json,steer_alpha_0p77_traj__reselect_banded-frontier_best,experiments/posthoc_reselect_mistral7b_semantic_loop_guard_w1p6/steer_alpha_0p77_traj_c8_tok120_seed03_the_bus_was_ten_minutes_late__banded-frontier_best.json,3,5,0,0.5989580077270815,0.007621688457856068,0.3929494870301509,0.021314398156160992,0.0,0.0,0.10657199078080495,0.6549158117169183,0.19999999999999998,0.9100000000000001,0.0,0.3333333333333333,2.5641025641025643,fog,0.0,0.0,,0.3333333333333333,2.5641025641025643,fog,0.0,,0.75,0.25,the; bus; was; ten; minutes; late; driver; heavy; coat; snow; lay; his,the; bus; driver,0.0,,0.8181818181818182,woman; glove; bus; driver,place; dashboard; collection; worn; coin; crumpled; ticket; stub; move; forward; seat; vibrate,0.9090909090909092,0.5,0.0,0.0,0,0,"The woman places the gloves on the dashboard, where they rest among a collection of worn coins and crumpled ticket stubs. The bus moves forward, the driver's seat vibrates as the engine purrs, and the windows fog with condensation from the heat."
steer_alpha_0p77_traj_c8_tok120_seed03_the_bus_was_ten_minutes_late__banded-frontier_best.json,steer_alpha_0p77_traj__reselect_banded-frontier_best,experiments/posthoc_reselect_mistral7b_semantic_loop_guard_w1p6/steer_alpha_0p77_traj_c8_tok120_seed03_the_bus_was_ten_minutes_late__banded-frontier_best.json,3,6,0,-0.07723707754509657,0.0,0.385853969521045,0.0,0.0,0.0,0.0,0.6430899492017417,0.19999999999999998,0.9100000000000001,0.0,0.0,0.0,,0.0,0.0,,0.0,0.0,,0.0,,1.0,0.0,the; bus; was; ten; minutes; late; driver; heavy; coat; snow; lay; his,the; bus; driver; coat,0.2142857142857143,worn-out,0.5384615384615384,woman; bus; driver; worn-out; glove; coat,gloved; hand; reach; out; carefully; placing; pocket,0.6043956043956044,1.0,0.0,0.0,0,0,"The woman's gloved hand reaches out, carefully placing the bus driver's worn-out gloves into the pocket of her worn-out coat."
steer_alpha_0p77_traj_c8_tok120_seed03_the_bus_was_ten_minutes_late__banded-frontier_best.json,steer_alpha_0p77_traj__reselect_banded-frontier_best,experiments/posthoc_reselect_mistral7b_semantic_loop_guard_w1p6/steer_alpha_0p77_traj_c8_tok120_seed03_the_bus_was_ten_minutes_late__banded-frontier_best.json,3,7,0,-1.731808898316608,0.0,0.34722075820619513,0.0,0.0,0.0,0.0,0.6944415164123903,0.0,1.0,0.0,0.0,0.0,,0.0,0.0,,0.0,0.0,,0.0,,0.25,0.75,the; bus; was; ten; minutes; late; driver; heavy; coat; snow; lay; his,the,0.25,glove,0.8181818181818182,worn-out; glove,seedling; sprout; root; reaching; out; palm; seeking; nutrient; warmth,0.6818181818181819,1.0,0.0,0.0,0,0,"From a worn-out glove, a seedling sprouts, its roots reaching out from the palms of the gloves, seeking nutrients and warmth."
steer_alpha_0p77_traj_c8_tok120_seed03_the_bus_was_ten_minutes_late__banded-frontier_best.json,steer_alpha_0p77_traj__reselect_banded-frontier_best,experiments/posthoc_reselect_mistral7b_semantic_loop_guard_w1p6/steer_alpha_0p77_traj_c8_tok120_seed03_the_bus_was_ten_minutes_late__banded-frontier_best.json,3,8,0,-0.898386757310486,0.0,0.3181654715341156,0.0,0.0,0.0,0.0,0.6363309430682312,0.0,1.0,0.0,0.0,0.0,,0.0,0.0,,0.0,0.0,,0.0,,1.0,0.0,the; bus; was; ten; minutes; late; driver; heavy; coat; snow; lay; his,the; bus; driver; his,0.5190476190476191,bus; driver,0.6153846153846154,woman; bus; driver; worn-out; glove,hand; take; finger; tremble; cold; warm; start; engine,0.3884615384615384,0.5,0.0,0.0,0,0,"The woman hands the bus driver the worn-out gloves, as he takes them, his fingers tremble with cold. The bus driver, now warm, starts the engine."
steer_alpha_0p77_traj_c8_tok120_seed04_a_blue_mug_near_the_sink__banded-frontier_best.json,steer_alpha_0p77_traj__reselect_banded-frontier_best,experiments/posthoc_reselect_mistral7b_semantic_loop_guard_w1p6/steer_alpha_0p77_traj_c8_tok120_seed04_a_blue_mug_near_the_sink__banded-frontier_best.json,1,1,1,1.8780666666666668,0.05083999999999999,0.9299999999999999,0.06666666666666667,0.0,0.0,0.3333333333333333,1.0,0.8599999999999999,0.06300000000000006,0.0,0.0,0.0,,0.0,0.0,,0.0,0.0,,0.0,,0.25,0.75,blue; mug; the; sink,the,0.0,,1.0,,loaf; bread; counter,1.0,0.0,0.0,0.0,0,0,A loaf of bread on the counter.
steer_alpha_0p77_traj_c8_tok120_seed04_a_blue_mug_near_the_sink__banded-frontier_best.json,steer_alpha_0p77_traj__reselect_banded-frontier_best,experiments/posthoc_reselect_mistral7b_semantic_loop_guard_w1p6/steer_alpha_0p77_traj_c8_tok120_seed04_a_blue_mug_near_the_sink__banded-frontier_best.json,1,2,0,1.946424193548387,0.0,0.765295698924731,0.0,0.0,0.0,0.0,1.0,0.5305913978494622,0.21123387096774202,0.0,0.0,0.0,,0.0,0.0,,0.0,0.0,,0.0,,0.5,0.5,blue; mug; the; sink,mug; the,0.0,,0.5,mug,spoon,0.75,0.0,0.0,0.0,0,0,A silver spoon rests inside the mug.
steer_alpha_0p77_traj_c8_tok120_seed04_a_blue_mug_near_the_sink__banded-frontier_best.json,steer_alpha_0p77_traj__reselect_banded-frontier_best,experiments/posthoc_reselect_mistral7b_semantic_loop_guard_w1p6/steer_alpha_0p77_traj_c8_tok120_seed04_a_blue_mug_near_the_sink__banded-frontier_best.json,1,3,0,1.8620732432390736,0.0,0.5668206136900078,0.0,0.0,0.0,0.0,0.9609756097560975,0.17967741935483866,0.3691451612903226,0.0,0.0,0.0,,0.0,0.0,,0.0,0.0,,0.0,,0.75,0.25,blue; mug; the; sink,blue; mug; the,0.0,,0.75,mug,half-filled; water; spout,0.875,0.0,0.0,0.0,0,0,"The blue mug, half-filled with water, its spout."
steer_alpha_0p77_traj_c8_tok120_seed04_a_blue_mug_near_the_sink__banded-frontier_best.json,steer_alpha_0p77_traj__reselect_banded-frontier_best,experiments/posthoc_reselect_mistral7b_semantic_loop_guard_w1p6/steer_alpha_0p77_traj_c8_tok120_seed04_a_blue_mug_near_the_sink__banded-frontier_best.json,1,4,0,1.9596342188488298,0.0,0.5898387096774194,0.0,0.0,0.0,0.0,1.0,0.17967741935483866,0.3691451612903226,0.0,0.0,0.0,,0.0,0.0,,0.0,0.0,,0.0,,0.75,0.25,blue; mug; the; sink,blue; mug; the,0.0,,0.75,mug,filled; soap; bubble,0.875,0.0,0.0,0.0,0,0,"The blue mug, filled with soap bubbles."
steer_alpha_0p77_traj_c8_tok120_seed04_a_blue_mug_near_the_sink__banded-frontier_best.json,steer_alpha_0p77_traj__reselect_banded-frontier_best,experiments/posthoc_reselect_mistral7b_semantic_loop_guard_w1p6/steer_alpha_0p77_traj_c8_tok120_seed04_a_blue_mug_near_the_sink__banded-frontier_best.json,1,5,0,-1.1967093917984613,0.0,0.389375,0.0,0.0,0.0,0.0,0.77875,0.0,0.7891508620689656,0.0,0.0,0.0,,0.0,0.0,,0.0,0.0,,0.0,,1.0,0.0,blue; mug; the; sink,blue; mug; the; sink,0.0,,0.7142857142857143,mug; sink,feather; cascading; handle; bird; nestled,0.8571428571428572,0.0,0.0,0.0,0,0,"A blue mug near the sink has white feathers cascading down from its handle, a small bird nestled inside."
steer_alpha_0p77_traj_c8_tok120_seed04_a_blue_mug_near_the_sink__banded-frontier_best.json,steer_alpha_0p77_traj__reselect_banded-frontier_best,experiments/posthoc_reselect_mistral7b_semantic_loop_guard_w1p6/steer_alpha_0p77_traj_c8_tok120_seed04_a_blue_mug_near_the_sink__banded-frontier_best.json,1,6,0,0.9071328604015123,0.0,0.5141585102472199,0.0,0.0,0.0,0.0,0.6364957264957265,0.6155913978494623,0.2464752502780868,0.0,0.0,0.0,,0.0,0.0,,0.0,0.0,,0.0,,0.5,0.5,blue; mug; the; sink,mug; the,0.5,mug,0.8,mug,spoon; reflecting; reflection; depth,0.45,0.0,0.0,0.0,0,0,"A silver spoon rests on the mug, reflecting its reflection in the mug's depth."
steer_alpha_0p77_traj_c8_tok120_seed04_a_blue_mug_near_the_sink__banded-frontier_best.json,steer_alpha_0p77_traj__reselect_banded-frontier_best,experiments/posthoc_reselect_mistral7b_semantic_loop_guard_w1p6/steer_alpha_0p77_traj_c8_tok120_seed04_a_blue_mug_near_the_sink__banded-frontier_best.json,1,7,0,-0.4311509876836068,0.0,0.3584972454883825,0.0,0.0,0.0,0.0,0.695348951048951,0.031129032258064487,0.7439287170930664,0.0,0.0,0.0,,0.0,0.0,,0.0,0.0,,0.0,,0.75,0.25,blue; mug; the; sink,blue; mug; the,0.5,mug,0.8,mug,half-full; drop; water; cling,0.45,0.0,0.0,0.0,0,0,"A blue mug, half-full, a single drop of water clings to the mug."
steer_alpha_0p77_traj_c8_tok120_seed04_a_blue_mug_near_the_sink__banded-frontier_best.json,steer_alpha_0p77_traj__reselect_banded-frontier_best,experiments/posthoc_reselect_mistral7b_semantic_loop_guard_w1p6/steer_alpha_0p77_traj_c8_tok120_seed04_a_blue_mug_near_the_sink__banded-frontier_best.json,2,1,1,1.3430094965431478,0.02865900780485862,0.7863752141577061,0.044444444444444446,0.0,0.0,0.2222222222222222,0.9414333333333333,0.6705913978494622,0.31980858361142017,0.0,0.0,0.0,,0.0,0.0,,0.0,0.0,,0.0,,1.0,0.0,blue; mug; the; sink; loaf; bread; counter,the; sink; loaf; bread; counter,0.0,,0.3333333333333333,loaf; bread; counter; sink,kettle; steam,0.6666666666666666,0.0,0.0,0.0,0,0,"A loaf of bread on the counter, near the sink. A kettle of steam."
steer_alpha_0p77_traj_c8_tok120_seed04_a_blue_mug_near_the_sink__banded-frontier_best.json,steer_alpha_0p77_traj__reselect_banded-frontier_best,experiments/posthoc_reselect_mistral7b_semantic_loop_guard_w1p6/steer_alpha_0p77_traj_c8_tok120_seed04_a_blue_mug_near_the_sink__banded-frontier_best.json,2,2,0,1.4035448007018902,0.017516117619047616,0.6408335714285713,0.03333333333333333,0.0,0.0,0.16666666666666666,0.958,0.33785714285714274,0.6197729885057472,0.0,0.0,0.0,,0.0,0.0,,0.0,0.0,,0.0,,1.0,0.0,blue; mug; the; sink; loaf; bread; counter,the; loaf; bread; counter,0.0,,0.5714285714285714,loaf; bread; counter,jar; honey; sunflower; petal,0.7857142857142857,0.0,0.0,0.0,0,0,"A loaf of bread on the counter, a jar of honey. The sunflowers, its petals."
steer_alpha_0p77_traj_c8_tok120_seed04_a_blue_mug_near_the_sink__banded-frontier_best.json,steer_alpha_0p77_traj__reselect_banded-frontier_best,experiments/posthoc_reselect_mistral7b_semantic_loop_guard_w1p6/steer_alpha_0p77_traj_c8_tok120_seed04_a_blue_mug_near_the_sink__banded-frontier_best.json,2,3,0,-0.46583149429146586,0.016549771689497717,0.4541095890410959,0.044444444444444446,0.0,0.0,0.2222222222222222,0.7568493150684932,0.19999999999999998,0.775234195402299,0.0,0.0,0.0,,0.0,0.0,,0.0,0.0,,0.0,,1.0,0.0,blue; mug; the; sink; loaf; bread; counter,the; sink; loaf; bread; counter,0.0,,0.5,loaf; bread; sink; counter,crumb; cradle; sparrow; silverfish,0.75,0.0,0.0,0.0,0,0,"A loaf of bread crumbs cradles a sparrow, near the sink. A silverfish rests on the counter."
steer_alpha_0p77_traj_c8_tok120_seed04_a_blue_mug_near_the_sink__banded-frontier_best.json,steer_alpha_0p77_traj__reselect_banded-frontier_best,experiments/posthoc_reselect_mistral7b_semantic_loop_guard_w1p6/steer_alpha_0p77_traj_c8_tok120_seed04_a_blue_mug_near_the_sink__banded-frontier_best.json,2,4,0,1.356214905592938,0.0,0.7065751008064516,0.0,0.0,0.0,0.0,0.968125,0.45967741935483863,0.5510503337041157,0.0,0.0,0.0,,0.0,0.0,,0.0,0.0,,0.0,,0.75,0.25,blue; mug; the; sink; loaf; bread; counter,the; sink; loaf,0.0,,0.6666666666666666,loaf; sink,breadcrumb; silverfish; leaf; ivy,0.8333333333333333,0.0,0.0,0.0,0,0,"A loaf of breadcrumb near the sink, a silverfish. A single leaf of ivy."
steer_alpha_0p77_traj_c8_tok120_seed04_a_blue_mug_near_the_sink__banded-frontier_best.json,steer_alpha_0p77_traj__reselect_banded-frontier_best,experiments/posthoc_reselect_mistral7b_semantic_loop_guard_w1p6/steer_alpha_0p77_traj_c8_tok120_seed04_a_blue_mug_near_the_sink__banded-frontier_best.json,2,5,0,1.4483351886292295,0.0,0.5923432862903225,0.0,0.0,0.0,0.0,0.93675,0.2646774193548386,0.4930503337041158,0.0,0.0,0.0,,0.0,0.0,,0.0,0.0,,0.0,,0.5,0.5,blue; mug; the; sink; loaf; bread; counter,the; sink,0.0,,0.8333333333333334,sink,umbrea; countertop; kettle; boil; steam,0.9166666666666667,0.0,0.0,0.0,0,0,"A red umbrea on the countertop, beside the sink. A kettle boils steam."
steer_alpha_0p77_traj_c8_tok120_seed04_a_blue_mug_near_the_sink__banded-frontier_best.json,steer_alpha_0p77_traj__reselect_banded-frontier_best,experiments/posthoc_reselect_mistral7b_semantic_loop_guard_w1p6/steer_alpha_0p77_traj_c8_tok120_seed04_a_blue_mug_near_the_sink__banded-frontier_best.json,2,6,0,-0.5440633393346239,0.01233113924050633,0.5639240506329114,0.02666666666666667,0.0,0.0,0.13333333333333333,0.939873417721519,0.19999999999999998,0.8774583333333335,0.0,0.0,0.0,,0.0,0.0,,0.0,0.0,,0.0,,1.0,0.0,blue; mug; the; sink; loaf; bread; counter,blue; mug; the; sink; loaf; bread; counter,0.0,,0.5,loaf; bread; sink; mug; counter,knife; nestled; filled; coffee; ground,0.75,0.0,0.0,0.0,0,0,"A loaf of bread knife, nestled in the sink. A blue mug, filled with coffee grounds, on the counter."
steer_alpha_0p77_traj_c8_tok120_seed04_a_blue_mug_near_the_sink__banded-frontier_best.json,steer_alpha_0p77_traj__reselect_banded-frontier_best,experiments/posthoc_reselect_mistral7b_semantic_loop_guard_w1p6/steer_alpha_0p77_traj_c8_tok120_seed04_a_blue_mug_near_the_sink__banded-frontier_best.json,2,7,0,-0.945764805119818,0.0,0.37478813559322033,0.0,0.0,0.0,0.0,0.7495762711864407,0.0,0.8252824302134647,0.0,0.3333333333333333,9.090909090909092,ivory,0.3333333333333333,9.090909090909092,ivory,0.0,0.0,,0.3,ivory,0.5,0.5,blue; mug; the; sink; loaf; bread; counter,the; sink,0.4285714285714286,petal,0.8333333333333334,sink,overflowing; rose; petal; leaf; ivory,0.5238095238095238,0.0,0.0,0.0,0,0,"The sink overflowing with rose petals. A single leaf of ivory, its petal."
steer_alpha_0p77_traj_c8_tok120_seed04_a_blue_mug_near_the_sink__banded-frontier_best.json,steer_alpha_0p77_traj__reselect_banded-frontier_best,experiments/posthoc_reselect_mistral7b_semantic_loop_guard_w1p6/steer_alpha_0p77_traj_c8_tok120_seed04_a_blue_mug_near_the_sink__banded-frontier_best.json,2,8,0,2.504821429359172,0.0,0.6999686538461539,0.0,0.0,0.0,0.0,0.7797692307692308,0.7953225806451613,0.1617715053763441,0.0,0.0,0.0,,0.0,0.0,,0.0,0.0,,0.0,,1.0,0.0,blue; mug; the; sink; loaf; bread; counter,blue; mug; the; sink; loaf,0.9166666666666667,breadcrumb; sink,0.25,loaf; sink; mug,breadcrumb,0.05208333333333329,0.0,0.0,0.0,0,0,"A loaf of breadcrumb near the sink, a blue mug. The breadcrumbs are near the sink."
steer_alpha_0p77_traj_c8_tok120_seed04_a_blue_mug_near_the_sink__banded-frontier_best.json,steer_alpha_0p77_traj__reselect_banded-frontier_best,experiments/posthoc_reselect_mistral7b_semantic_loop_guard_w1p6/steer_alpha_0p77_traj_c8_tok120_seed04_a_blue_mug_near_the_sink__banded-frontier_best.json,3,1,1,2.214428657616893,0.0,0.7046538461538461,0.0,0.0,0.0,0.0,0.7576923076923077,0.8599999999999999,0.06300000000000006,0.0,0.0,0.0,,0.0,0.0,,0.0,0.0,,0.0,,0.75,0.25,blue; mug; the; sink; loaf; bread; counter; kettle; steam,loaf; kettle; steam,0.675,steam,0.0,loaf; steam; kettle,,0.16249999999999998,0.0,0.0,0.0,0,0,A loaf of steam. A kettle of steam.
steer_alpha_0p77_traj_c8_tok120_seed04_a_blue_mug_near_the_sink__banded-frontier_best.json,steer_alpha_0p77_traj__reselect_banded-frontier_best,experiments/posthoc_reselect_mistral7b_semantic_loop_guard_w1p6/steer_alpha_0p77_traj_c8_tok120_seed04_a_blue_mug_near_the_sink__banded-frontier_best.json,3,2,0,3.1128538201487492,0.0,0.542528735632184,0.0,0.0,0.0,0.0,0.542528735632184,1.0,0.0,0.0,0.0,0.0,,0.0,0.0,,0.0,0.0,,0.0,,0.75,0.25,blue; mug; the; sink; loaf; bread; counter; kettle; steam,the; kettle; steam,0.9285714285714286,steam; kettle,0.5,steam; kettle,drack; tablecloth,0.05357142857142855,0.0,0.0,0.0,0,0,Steam dracks on the kettle of steam on the tablecloth. A kettle of steam.
steer_alpha_0p77_traj_c8_tok120_seed04_a_blue_mug_near_the_sink__banded-frontier_best.json,steer_alpha_0p77_traj__reselect_banded-frontier_best,experiments/posthoc_reselect_mistral7b_semantic_loop_guard_w1p6/steer_alpha_0p77_traj_c8_tok120_seed04_a_blue_mug_near_the_sink__banded-frontier_best.json,3,3,0,2.8302311268427967,0.0,0.5377396122828785,0.0,0.0,0.0,0.0,0.7100384615384616,0.5146774193548386,0.21839516129032266,0.0,0.0,0.0,,0.0,0.0,,0.0,0.0,,0.0,,0.75,0.25,blue; mug; the; sink; loaf; bread; counter; kettle; steam,the; kettle; steam,0.9285714285714286,steam; kettle,0.5,steam; kettle,cup; tea,0.05357142857142855,0.0,0.0,0.0,0,0,"The steam on the kettle of steam. The kettle of steam, a cup of tea."
steer_alpha_0p77_traj_c8_tok120_seed04_a_blue_mug_near_the_sink__banded-frontier_best.json,steer_alpha_0p77_traj__reselect_banded-frontier_best,experiments/posthoc_reselect_mistral7b_semantic_loop_guard_w1p6/steer_alpha_0p77_traj_c8_tok120_seed04_a_blue_mug_near_the_sink__banded-frontier_best.json,3,4,0,2.237007843137255,0.0,0.6044999999999999,0.0,0.0,0.0,0.0,0.65,0.8599999999999999,0.06300000000000006,0.0,0.0,0.0,,0.0,0.0,,0.0,0.0,,0.0,,0.75,0.25,blue; mug; the; sink; loaf; bread; counter; kettle; steam,the; kettle; steam,0.9583333333333335,steam; kettle,0.3333333333333333,kettle; steam,teapoon,0.02777777777777768,0.0,0.0,0.0,0,0,"A kettle of steam, a teapoon of steam. The kettle of steam."
steer_alpha_0p77_traj_c8_tok120_seed04_a_blue_mug_near_the_sink__banded-frontier_best.json,steer_alpha_0p77_traj__reselect_banded-frontier_best,experiments/posthoc_reselect_mistral7b_semantic_loop_guard_w1p6/steer_alpha_0p77_traj_c8_tok120_seed04_a_blue_mug_near_the_sink__banded-frontier_best.json,3,5,0,1.9528901960784313,0.0,0.6044999999999999,0.0,0.0,0.0,0.0,0.65,0.8599999999999999,0.06300000000000006,0.0,0.0,0.0,,0.0,0.0,,0.0,0.0,,0.0,,1.0,0.0,blue; mug; the; sink; loaf; bread; counter; kettle; steam,the; loaf; kettle; steam,0.9583333333333335,steam; kettle,0.0,loaf; steam; kettle,,0.02083333333333326,0.0,0.0,0.0,0,0,"A loaf of steam, a kettle of steam. The kettle of steam."
steer_alpha_0p77_traj_c8_tok120_seed04_a_blue_mug_near_the_sink__banded-frontier_best.json,steer_alpha_0p77_traj__reselect_banded-frontier_best,experiments/posthoc_reselect_mistral7b_semantic_loop_guard_w1p6/steer_alpha_0p77_traj_c8_tok120_seed04_a_blue_mug_near_the_sink__banded-frontier_best.json,3,6,0,-0.22426923695173295,0.0,0.4321313787721124,0.0,0.0,0.0,0.0,0.7048709677419355,0.22612903225806447,0.8495953837597332,0.0,0.0,0.0,,0.0,0.0,,0.0,0.0,,0.0,,0.75,0.25,blue; mug; the; sink; loaf; bread; counter; kettle; steam,the; kettle; steam,0.9166666666666667,kettle; steam,0.6,steam; kettle,pot; tea; steaming,0.06666666666666661,0.0,0.0,0.0,0,0,"A steam kettle of steam, a pot of tea, a kettle of steam. The kettle, steaming."
steer_alpha_0p77_traj_c8_tok120_seed04_a_blue_mug_near_the_sink__banded-frontier_best.json,steer_alpha_0p77_traj__reselect_banded-frontier_best,experiments/posthoc_reselect_mistral7b_semantic_loop_guard_w1p6/steer_alpha_0p77_traj_c8_tok120_seed04_a_blue_mug_near_the_sink__banded-frontier_best.json,3,7,0,1.6578745098039214,0.0,0.5830799999999999,0.0,0.0,0.0,0.0,0.6779999999999999,0.72,0.12600000000000003,0.0,0.0,0.0,,0.0,0.0,,0.0,0.0,,0.0,,0.75,0.25,blue; mug; the; sink; loaf; bread; counter; kettle; steam,the; kettle; steam,1.0,kettle; steam,0.0,kettle; steam,,0.0,0.0,0.0,0.0,0,0,The kettle of steam. A kettle of steam.
steer_alpha_0p77_traj_c8_tok120_seed04_a_blue_mug_near_the_sink__banded-frontier_best.json,steer_alpha_0p77_traj__reselect_banded-frontier_best,experiments/posthoc_reselect_mistral7b_semantic_loop_guard_w1p6/steer_alpha_0p77_traj_c8_tok120_seed04_a_blue_mug_near_the_sink__banded-frontier_best.json,3,8,0,1.2678745098039212,0.0,0.559,0.0,0.0,0.0,0.0,0.65,0.72,0.12600000000000003,0.0,0.0,0.0,,0.0,0.0,,0.0,0.0,,0.0,,0.75,0.25,blue; mug; the; sink; loaf; bread; counter; kettle; steam,the; kettle; steam,1.0,steam; kettle,0.0,kettle; steam,,0.0,0.0,0.0,0.0,0,0,The kettle of steam of steam. A kettle of steam.
steer_alpha_0p77_traj_c8_tok120_seed05_the_spreadsheet_was_still_open__banded-frontier_best.json,steer_alpha_0p77_traj__reselect_banded-frontier_best,experiments/posthoc_reselect_mistral7b_semantic_loop_guard_w1p6/steer_alpha_0p77_traj_c8_tok120_seed05_the_spreadsheet_was_still_open__banded-frontier_best.json,1,1,1,4.33285953654189,0.052678787878787874,0.9636363636363636,0.06666666666666667,0.0,0.0,0.3333333333333333,0.9636363636363636,1.0,0.0,0.0,0.0,0.0,,0.0,0.0,,0.0,0.0,,0.0,,0.5,0.5,the; spreadsheet; was; open,the; spreadsheet,0.0,,0.75,spreadsheet,keyboard; pile; book,0.875,0.0,0.0,0.0,0,0,The spreadsheet's keyboard rests on a pile of books.
steer_alpha_0p77_traj_c8_tok120_seed05_the_spreadsheet_was_still_open__banded-frontier_best.json,steer_alpha_0p77_traj__reselect_banded-frontier_best,experiments/posthoc_reselect_mistral7b_semantic_loop_guard_w1p6/steer_alpha_0p77_traj_c8_tok120_seed05_the_spreadsheet_was_still_open__banded-frontier_best.json,1,2,0,1.8166342188488303,0.0,0.4718709677419355,0.0,0.0,0.0,0.0,0.8,0.17967741935483866,0.3691451612903226,0.0,0.0,0.0,,0.0,0.0,,0.0,0.0,,0.0,,0.75,0.25,the; spreadsheet; was; open,the; spreadsheet; was,0.0,,0.75,spreadsheet,filled; note; pencil,0.875,0.0,0.0,0.0,0,0,The spreadsheet was filled with notes and pencils.
steer_alpha_0p77_traj_c8_tok120_seed05_the_spreadsheet_was_still_open__banded-frontier_best.json,steer_alpha_0p77_traj__reselect_banded-frontier_best,experiments/posthoc_reselect_mistral7b_semantic_loop_guard_w1p6/steer_alpha_0p77_traj_c8_tok120_seed05_the_spreadsheet_was_still_open__banded-frontier_best.json,1,3,0,-0.6436,0.0,0.5,0.0,0.0,0.0,0.0,1.0,0.0,0.45,0.0,0.0,0.0,,0.0,0.0,,0.0,0.0,,0.0,,0.25,0.75,the; spreadsheet; was; open,the,0.0,,1.0,,rainbow; umbrella; handle,1.0,0.0,0.0,0.0,0,0,"The rainbow umbrella, its handle."
steer_alpha_0p77_traj_c8_tok120_seed05_the_spreadsheet_was_still_open__banded-frontier_best.json,steer_alpha_0p77_traj__reselect_banded-frontier_best,experiments/posthoc_reselect_mistral7b_semantic_loop_guard_w1p6/steer_alpha_0p77_traj_c8_tok120_seed05_the_spreadsheet_was_still_open__banded-frontier_best.json,1,4,0,-2.10916899288451,0.020603259259259262,0.37688888888888894,0.06666666666666667,0.0,0.0,0.3333333333333333,0.7111111111111111,0.05999999999999997,0.8794841954022989,0.0,0.0,0.0,,0.0,0.0,,0.0,0.0,,0.0,,0.25,0.75,the; spreadsheet; was; open,the,0.0,,1.0,,laptop; computer; sat; table; screen; reflected; light; moon,1.0,0.0,0.0,0.0,0,0,"The laptop computer sat on a table, its screen reflected the light of the moon."
steer_alpha_0p77_traj_c8_tok120_seed05_the_spreadsheet_was_still_open__banded-frontier_best.json,steer_alpha_0p77_traj__reselect_banded-frontier_best,experiments/posthoc_reselect_mistral7b_semantic_loop_guard_w1p6/steer_alpha_0p77_traj_c8_tok120_seed05_the_spreadsheet_was_still_open__banded-frontier_best.json,1,5,0,0.061065591397849395,0.0,0.5898387096774194,0.0,0.0,0.0,0.0,1.0,0.17967741935483866,0.3691451612903226,0.0,0.0,0.0,,0.0,0.0,,0.0,0.0,,0.0,,0.0,1.0,the; spreadsheet; was; open,,0.0,,1.0,,laptop; mug; coffee; steaming,1.0,0.0,0.0,0.0,0,0,"A laptop and a mug of coffee, steaming."
steer_alpha_0p77_traj_c8_tok120_seed05_the_spreadsheet_was_still_open__banded-frontier_best.json,steer_alpha_0p77_traj__reselect_banded-frontier_best,experiments/posthoc_reselect_mistral7b_semantic_loop_guard_w1p6/steer_alpha_0p77_traj_c8_tok120_seed05_the_spreadsheet_was_still_open__banded-frontier_best.json,1,6,0,1.2847335617695355,0.0,0.5519714583333333,0.0,0.0,0.0,0.0,0.9900833333333333,0.11499999999999996,0.6774856321839081,0.0,0.3333333333333333,11.11111111111111,delicate,0.0,0.0,,0.3333333333333333,11.11111111111111,delicate,0.0,,0.5,0.5,the; spreadsheet; was; open,the; spreadsheet,0.0,,0.8,spreadsheet,shadow; cradled; glass; water,0.9,0.0,0.0,0.0,0,0,"The spreadsheet, in its shadow, cradled a small, delicate glass of water."
steer_alpha_0p77_traj_c8_tok120_seed05_the_spreadsheet_was_still_open__banded-frontier_best.json,steer_alpha_0p77_traj__reselect_banded-frontier_best,experiments/posthoc_reselect_mistral7b_semantic_loop_guard_w1p6/steer_alpha_0p77_traj_c8_tok120_seed05_the_spreadsheet_was_still_open__banded-frontier_best.json,1,7,0,-0.7515307692307692,0.0,0.4656730769230769,0.0,0.0,0.0,0.0,0.9313461538461538,0.0,0.45,0.0,0.0,0.0,,0.0,0.0,,0.0,0.0,,0.0,,0.0,1.0,the; spreadsheet; was; open,,0.0,,1.0,,teapot; steaming; pouring; tea,1.0,0.0,0.0,0.0,0,0,"A teapot, steaming, pouring tea."
steer_alpha_0p77_traj_c8_tok120_seed05_the_spreadsheet_was_still_open__banded-frontier_best.json,steer_alpha_0p77_traj__reselect_banded-frontier_best,experiments/posthoc_reselect_mistral7b_semantic_loop_guard_w1p6/steer_alpha_0p77_traj_c8_tok120_seed05_the_spreadsheet_was_still_open__banded-frontier_best.json,1,8,0,1.6790549794445029,0.0,0.5529258064516128,0.0,0.0,0.0,0.0,0.9019047619047619,0.22612903225806447,0.4975953837597331,0.0,0.0,0.0,,0.0,0.0,,0.0,0.0,,0.0,,0.5,0.5,the; spreadsheet; was; open,the; spreadsheet,0.0,,0.75,spreadsheet,keys; clinked; desk,0.875,0.0,0.0,0.0,0,0,The spreadsheet's keys clinked against the desk.
steer_alpha_0p77_traj_c8_tok120_seed05_the_spreadsheet_was_still_open__banded-frontier_best.json,steer_alpha_0p77_traj__reselect_banded-frontier_best,experiments/posthoc_reselect_mistral7b_semantic_loop_guard_w1p6/steer_alpha_0p77_traj_c8_tok120_seed05_the_spreadsheet_was_still_open__banded-frontier_best.json,2,1,1,1.6441300709381341,0.03239168058499768,0.5925307424084942,0.06666666666666667,0.0,0.0,0.3333333333333333,0.9613216284005403,0.23274193548387093,0.6552733129403041,0.0,0.0,0.0,,0.0,0.0,,0.0,0.0,,0.0,,1.0,0.0,the; spreadsheet; was; open; spreadsheet's; keyboard; pile; books,the; open; keyboard; books,0.37500000000000006,book,0.7142857142857143,book; keyboard,spidery; spine; buried; page; library,0.5357142857142858,0.0,0.0,0.0,0,0,"Books' spidery keyboard, open, and a book with a spine, buried in the pages of a library."
steer_alpha_0p77_traj_c8_tok120_seed05_the_spreadsheet_was_still_open__banded-frontier_best.json,steer_alpha_0p77_traj__reselect_banded-frontier_best,experiments/posthoc_reselect_mistral7b_semantic_loop_guard_w1p6/steer_alpha_0p77_traj_c8_tok120_seed05_the_spreadsheet_was_still_open__banded-frontier_best.json,2,2,0,2.9062774463631604,0.03893528205128205,0.7122307692307692,0.06666666666666667,0.0,0.0,0.3333333333333333,0.7122307692307692,1.0,0.0,0.0,0.0,0.0,,0.0,0.0,,0.0,0.0,,0.0,,1.0,0.0,the; spreadsheet; was; open; spreadsheet's; keyboard; pile; books,the; open; keyboard; pile; books,0.6000000000000001,book,0.25,book; keyboard; pile,page,0.24999999999999994,0.0,0.0,0.0,0,0,"The books open their pages, the keyboard rests on a pile of books."
steer_alpha_0p77_traj_c8_tok120_seed05_the_spreadsheet_was_still_open__banded-frontier_best.json,steer_alpha_0p77_traj__reselect_banded-frontier_best,experiments/posthoc_reselect_mistral7b_semantic_loop_guard_w1p6/steer_alpha_0p77_traj_c8_tok120_seed05_the_spreadsheet_was_still_open__banded-frontier_best.json,2,3,0,1.9328393950662819,0.0,0.5724273674242424,0.0,0.0,0.0,0.0,0.9122348484848485,0.255,0.6756990968801313,0.0,0.0,0.0,,0.0,0.0,,0.0,0.0,,0.0,,0.75,0.25,the; spreadsheet; was; open; spreadsheet's; keyboard; pile; books,the; open; books,0.4285714285714286,book,0.8333333333333334,book,page; spine; crack; revealing; stack,0.5238095238095238,0.0,0.0,0.0,0,0,"A book, open on the page, its spine cracks open, revealing a stack of books."
steer_alpha_0p77_traj_c8_tok120_seed05_the_spreadsheet_was_still_open__banded-frontier_best.json,steer_alpha_0p77_traj__reselect_banded-frontier_best,experiments/posthoc_reselect_mistral7b_semantic_loop_guard_w1p6/steer_alpha_0p77_traj_c8_tok120_seed05_the_spreadsheet_was_still_open__banded-frontier_best.json,2,4,0,2.249068705408993,0.03848039682539682,0.7039096980255517,0.06666666666666667,0.0,0.0,0.3333333333333333,0.7039096980255517,1.0,0.16270833333333332,0.0,0.0,0.0,,0.0,0.0,,0.0,0.0,,0.0,,1.0,0.0,the; spreadsheet; was; open; spreadsheet's; keyboard; pile; books,the; open; keyboard; pile; books,0.64375,book,0.5,book; pile; keyboard,spine; page; stack,0.26718749999999997,0.0,0.0,0.0,0,0,"A book's spine leans against the pile of books, its pages open. The keyboard rests on a stack of books."
steer_alpha_0p77_traj_c8_tok120_seed05_the_spreadsheet_was_still_open__banded-frontier_best.json,steer_alpha_0p77_traj__reselect_banded-frontier_best,experiments/posthoc_reselect_mistral7b_semantic_loop_guard_w1p6/steer_alpha_0p77_traj_c8_tok120_seed05_the_spreadsheet_was_still_open__banded-frontier_best.json,2,5,0,-0.8836551658013964,0.017964018482974162,0.38867111815689104,0.05636472222909037,0.0,0.0,0.28182361114545185,0.6477851969281517,0.19999999999999998,0.9100000000000001,0.0,0.0,0.0,,0.0,0.0,,0.0,0.0,,0.0,,1.0,0.0,the; spreadsheet; was; open; spreadsheet's; keyboard; pile; books,the; spreadsheet; open; spreadsheet's; keyboard; pile; books,0.6472222222222223,book; page; spine,0.7142857142857143,book; spreadsheet; keyboard; pile,spine; page; crack; revealing; secret; spider; web; finger; dance; waltz,0.30238095238095236,0.0,0.0,0.0,0,0,"Books open, each spine, its pages crack open, revealing the secrets of its spine, the spreadsheet's keyboard rests on a pile of books. The pages of a spider's web, its fingers dance a waltz with the books."
steer_alpha_0p77_traj_c8_tok120_seed05_the_spreadsheet_was_still_open__banded-frontier_best.json,steer_alpha_0p77_traj__reselect_banded-frontier_best,experiments/posthoc_reselect_mistral7b_semantic_loop_guard_w1p6/steer_alpha_0p77_traj_c8_tok120_seed05_the_spreadsheet_was_still_open__banded-frontier_best.json,2,6,0,1.263213894824522,0.0,0.45222558243727595,0.0,0.0,0.0,0.0,0.6425,0.4077060931899641,0.6846586948461255,0.0,0.0,0.0,,0.0,0.0,,0.0,0.0,,0.0,,1.0,0.0,the; spreadsheet; was; open; spreadsheet's; keyboard; pile; books,the; open; keyboard; books,0.6541666666666667,book; page,0.7777777777777778,book; keyboard,page; thousand; stacked; top; stack; ancient; manual,0.3074074074074074,0.0,0.0,0.0,0,0,"The books open as a keyboard, their pages of a thousand books, stacked on top of a stack of ancient manuals, the pages of books."
steer_alpha_0p77_traj_c8_tok120_seed05_the_spreadsheet_was_still_open__banded-frontier_best.json,steer_alpha_0p77_traj__reselect_banded-frontier_best,experiments/posthoc_reselect_mistral7b_semantic_loop_guard_w1p6/steer_alpha_0p77_traj_c8_tok120_seed05_the_spreadsheet_was_still_open__banded-frontier_best.json,2,7,0,2.468460924369748,0.026800333333333332,0.4902500000000001,0.06666666666666667,0.0,0.0,0.3333333333333333,0.4902500000000001,1.0,0.0,0.0,0.0,0.0,,0.0,0.0,,0.0,0.0,,0.0,,1.0,0.0,the; spreadsheet; was; open; spreadsheet's; keyboard; pile; books,the; keyboard; pile; books,1.0,book; keyboard; pile,0.0,keyboard; pile; book,,0.0,0.0,0.0,0.0,0,0,"The keyboard rests on a pile of books, the keyboard rests on a pile of books."
steer_alpha_0p77_traj_c8_tok120_seed05_the_spreadsheet_was_still_open__banded-frontier_best.json,steer_alpha_0p77_traj__reselect_banded-frontier_best,experiments/posthoc_reselect_mistral7b_semantic_loop_guard_w1p6/steer_alpha_0p77_traj_c8_tok120_seed05_the_spreadsheet_was_still_open__banded-frontier_best.json,2,8,0,0.2202670598964105,0.010553107233160797,0.38567399468001873,0.032652465283787416,0.0,0.0,0.16326232641893706,0.6427899911333645,0.19999999999999998,0.8972276272577997,0.0,0.0,0.0,,0.0,0.0,,0.0,0.0,,0.0,,1.0,0.0,the; spreadsheet; was; open; spreadsheet's; keyboard; pile; books,the; open; keyboard; books,0.7452614379084967,book; page,0.8461538461538461,book; keyboard,page; rustle; finger; dance; worn; ink; revealing; secret; cuckoo; clock; gear,0.23514328808446455,0.1,0.0,0.0,0,0,"A book, open, its pages rustle and the keyboard's fingers dance on the worn pages, books spill their ink. The pages of a book are open, revealing the secret of a cuckoo clock, its gears, holding the books."
steer_alpha_0p77_traj_c8_tok120_seed05_the_spreadsheet_was_still_open__banded-frontier_best.json,steer_alpha_0p77_traj__reselect_banded-frontier_best,experiments/posthoc_reselect_mistral7b_semantic_loop_guard_w1p6/steer_alpha_0p77_traj_c8_tok120_seed05_the_spreadsheet_was_still_open__banded-frontier_best.json,3,1,1,3.862315032679739,0.29315,0.65,0.55,1.0,0.0,0.0,0.65,1.0,0.0,0.0,0.0,0.0,,0.0,0.0,,0.0,0.0,,0.0,,1.0,0.0,the; spreadsheet; was; open; spreadsheet's; keyboard; pile; books; pages,the; open; books; pages,1.0,book; page; library,0.3333333333333333,book; page,library,0.0,0.0,0.0,0.0,1,0,"books open their pages, books open their pages, books open their pages, the pages turn into a library, open into a library. Books are open, their pages, a library of books."
steer_alpha_0p77_traj_c8_tok120_seed05_the_spreadsheet_was_still_open__banded-frontier_best.json,steer_alpha_0p77_traj__reselect_banded-frontier_best,experiments/posthoc_reselect_mistral7b_semantic_loop_guard_w1p6/steer_alpha_0p77_traj_c8_tok120_seed05_the_spreadsheet_was_still_open__banded-frontier_best.json,3,2,0,-0.3839181304006323,0.06647848260555177,0.32428528100269155,0.25,0.0,1.0,0.0,0.43904109589041096,0.47724340175953084,0.706019204840395,0.0,0.0,0.0,,0.0,0.0,,0.0,0.0,,0.0,,1.0,0.0,the; spreadsheet; was; open; spreadsheet's; keyboard; pile; books; pages,the; spreadsheet; open; spreadsheet's; keyboard; books; pages,0.9351851851851851,book; page; spreadsheet; sun,0.6363636363636364,book; page; spreadsheet; keyboard,unfestoon; sun; spider; web; fan; sky; window,0.05303030303030308,0.0,0.0,0.0,0,2,"The books open their pages, the spreadsheet's pages unfestoon their books, where the books open their pages, and the pages open their keyboard, books, the books open, and the pages open, and the spreadsheet sleeps in the sun, the pages of books. A spider web, and the pages fan, the sun and the books, the pages open, the sky's window, the books are open."
steer_alpha_0p77_traj_c8_tok120_seed05_the_spreadsheet_was_still_open__banded-frontier_best.json,steer_alpha_0p77_traj__reselect_banded-frontier_best,experiments/posthoc_reselect_mistral7b_semantic_loop_guard_w1p6/steer_alpha_0p77_traj_c8_tok120_seed05_the_spreadsheet_was_still_open__banded-frontier_best.json,3,3,0,1.450920032560033,0.013736752136752137,0.43974358974358974,0.0380952380952381,0.0,0.0,0.19047619047619047,0.43974358974358974,1.0,0.13933333333333334,0.0,0.0,0.0,,0.0,0.0,,0.0,0.0,,0.0,,1.0,0.0,the; spreadsheet; was; open; spreadsheet's; keyboard; pile; books; pages,the; spreadsheet; open; spreadsheet's; keyboard; pile; books; pages,0.9642857142857144,book; page; keyboard; pile,0.16666666666666666,book; page; keyboard; pile; spreadsheet,rustle,0.02083333333333326,0.0,0.0,0.0,0,0,"The books open their pages, their pages rustle open, their pages, their keyboard rests on a pile of books. The books open, their pages, the spreadsheet's keyboard rests on a pile of books."
steer_alpha_0p77_traj_c8_tok120_seed05_the_spreadsheet_was_still_open__banded-frontier_best.json,steer_alpha_0p77_traj__reselect_banded-frontier_best,experiments/posthoc_reselect_mistral7b_semantic_loop_guard_w1p6/steer_alpha_0p77_traj_c8_tok120_seed05_the_spreadsheet_was_still_open__banded-frontier_best.json,3,4,0,2.1409354497354496,0.01968,0.44999999999999996,0.05333333333333334,0.0,0.0,0.26666666666666666,0.44999999999999996,1.0,0.0,0.0,0.0,0.0,,0.0,0.0,,0.0,0.0,,0.0,,1.0,0.0,the; spreadsheet; was; open; spreadsheet's; keyboard; pile; books; pages,the; open; keyboard; pile; books; pages,1.0,book; page; keyboard; pile,0.0,book; page; keyboard; pile,,0.0,0.0,0.0,0.0,0,0,"The books open their pages, their pages open, and the keyboard rests on a pile of books. The books open their pages, and the keyboard rests on a pile of books."
steer_alpha_0p77_traj_c8_tok120_seed05_the_spreadsheet_was_still_open__banded-frontier_best.json,steer_alpha_0p77_traj__reselect_banded-frontier_best,experiments/posthoc_reselect_mistral7b_semantic_loop_guard_w1p6/steer_alpha_0p77_traj_c8_tok120_seed05_the_spreadsheet_was_still_open__banded-frontier_best.json,3,5,0,0.4960473954418675,0.01256642369727047,0.40227880738213395,0.0380952380952381,0.0,0.0,0.19047619047619047,0.47507211538461536,0.6935483870967741,0.4200627085650724,0.0,0.0,0.0,,0.0,0.0,,0.0,0.0,,0.0,,1.0,0.0,the; spreadsheet; was; open; spreadsheet's; keyboard; pile; books; pages,the; spreadsheet; open; keyboard; pile; books; pages,0.96875,book; page; keyboard; pile; wide,0.2857142857142857,book; page; keyboard; pile; spreadsheet,reste; wide,0.020089285714285712,0.0,0.0,0.0,0,0,"The books open their pages, the keyboard restes on a pile of books, a book, the pages open wide, the keyboard rests on a pile of books. The pages of books open wide, a spreadsheet."
steer_alpha_0p77_traj_c8_tok120_seed05_the_spreadsheet_was_still_open__banded-frontier_best.json,steer_alpha_0p77_traj__reselect_banded-frontier_best,experiments/posthoc_reselect_mistral7b_semantic_loop_guard_w1p6/steer_alpha_0p77_traj_c8_tok120_seed05_the_spreadsheet_was_still_open__banded-frontier_best.json,3,6,0,1.4450081731074063,0.011165588442873825,0.6127457072308807,0.022222222222222223,0.0,0.0,0.1111111111111111,0.7335674157303371,0.6705913978494622,0.41514191694475355,0.0,0.0,0.0,,0.0,0.0,,0.0,0.0,,0.0,,1.0,0.0,the; spreadsheet; was; open; spreadsheet's; keyboard; pile; books; pages,the; open; pile; books; pages,0.925,book; page,0.4,pile; book; page,keys; typewriter,0.05249999999999996,0.0,0.0,0.0,0,0,"A pile of books open, their pages, books open, the pages of a book. The keys of a typewriter, the pages of books."
steer_alpha_0p77_traj_c8_tok120_seed05_the_spreadsheet_was_still_open__banded-frontier_best.json,steer_alpha_0p77_traj__reselect_banded-frontier_best,experiments/posthoc_reselect_mistral7b_semantic_loop_guard_w1p6/steer_alpha_0p77_traj_c8_tok120_seed05_the_spreadsheet_was_still_open__banded-frontier_best.json,3,7,0,0.6738149537814295,0.02227314723910446,0.4074356202275206,0.06666666666666667,0.0,0.0,0.3333333333333333,0.49084541062801934,0.6601382488479263,0.46954903596588804,0.0,0.0,0.0,,0.0,0.0,,0.0,0.0,,0.0,,1.0,0.0,the; spreadsheet; was; open; spreadsheet's; keyboard; pile; books; pages,the; open; keyboard; pile; books; pages,0.9464285714285714,book; pile; keyboard; page,0.42857142857142855,book; page; keyboard; pile,reste; keys; click,0.038265306122449,0.0,0.0,0.0,0,0,"The books open their pages, the keyboard restes on a pile of books. The pages of the keyboard rests on a pile of books, where the keys click to a pile of books."
steer_alpha_0p77_traj_c8_tok120_seed05_the_spreadsheet_was_still_open__banded-frontier_best.json,steer_alpha_0p77_traj__reselect_banded-frontier_best,experiments/posthoc_reselect_mistral7b_semantic_loop_guard_w1p6/steer_alpha_0p77_traj_c8_tok120_seed05_the_spreadsheet_was_still_open__banded-frontier_best.json,3,8,0,0.2646312374998129,0.010283420480596451,0.38406768293483,0.032652465283787416,0.0,0.0,0.16326232641893706,0.49220786871449607,0.5605913978494622,0.5938919169447535,0.0,0.0,0.0,,0.0,0.0,,0.0,0.0,,0.0,,1.0,0.0,the; spreadsheet; was; open; spreadsheet's; keyboard; pile; books; pages,the; open; keyboard; pile; books; pages,0.9642857142857144,book; bookshelf; keyboard; page; filled; pile,0.5555555555555556,pile; book; page; keyboard,bookshelf; stacked; filled; table; keys,0.02777777777777768,0.0,0.0,0.0,0,0,"A pile of books, a pile of books open on the pages of a bookshelf, stacked books, filled with its pages, a keyboard on a bookshelf. The pages open, a bookshelf's keyboard rests on a table filled with books, a bookshelf on the keyboard keys."
steer_alpha_0p77_traj_c8_tok120_seed06_the_elevator_button_was_cracked__banded-frontier_best.json,steer_alpha_0p77_traj__reselect_banded-frontier_best,experiments/posthoc_reselect_mistral7b_semantic_loop_guard_w1p6/steer_alpha_0p77_traj_c8_tok120_seed06_the_elevator_button_was_cracked__banded-frontier_best.json,1,1,1,1.500193272894271,0.027827393651338364,0.5090376887439945,0.06666666666666667,0.0,0.0,0.3333333333333333,0.9873404255319149,0.031129032258064487,0.6265953837597331,0.0,0.0,0.0,,0.0,0.0,,0.0,0.0,,0.0,,0.5,0.5,the; elevator; button; was; cracked,the; elevator,0.0,,0.8,elevator,pigeon; cooed; feather; fluttering,0.9,0.0,0.0,0.0,0,0,"A pigeon cooed in the elevator, feathers fluttering open."
steer_alpha_0p77_traj_c8_tok120_seed06_the_elevator_button_was_cracked__banded-frontier_best.json,steer_alpha_0p77_traj__reselect_banded-frontier_best,experiments/posthoc_reselect_mistral7b_semantic_loop_guard_w1p6/steer_alpha_0p77_traj_c8_tok120_seed06_the_elevator_button_was_cracked__banded-frontier_best.json,1,2,0,2.353659487666034,0.0,0.6952956989247311,0.0,0.0,0.0,0.0,1.0,0.39059139784946223,0.27423387096774204,0.0,0.0,0.0,,0.0,0.0,,0.0,0.0,,0.0,,0.5,0.5,the; elevator; button; was; cracked,the; button,0.0,,0.6666666666666666,button,sparrow; peck,0.8333333333333333,0.0,0.0,0.0,0,0,A sparrow pecks on the button.
steer_alpha_0p77_traj_c8_tok120_seed06_the_elevator_button_was_cracked__banded-frontier_best.json,steer_alpha_0p77_traj__reselect_banded-frontier_best,experiments/posthoc_reselect_mistral7b_semantic_loop_guard_w1p6/steer_alpha_0p77_traj_c8_tok120_seed06_the_elevator_button_was_cracked__banded-frontier_best.json,1,3,0,1.8166342188488303,0.0,0.4718709677419355,0.0,0.0,0.0,0.0,0.8,0.17967741935483866,0.3691451612903226,0.0,0.0,0.0,,0.0,0.0,,0.0,0.0,,0.0,,0.75,0.25,the; elevator; button; was; cracked,the; button; was,0.0,,0.75,button,filled; peanut; shell,0.875,0.0,0.0,0.0,0,0,The button was filled with peanut shells.
steer_alpha_0p77_traj_c8_tok120_seed06_the_elevator_button_was_cracked__banded-frontier_best.json,steer_alpha_0p77_traj__reselect_banded-frontier_best,experiments/posthoc_reselect_mistral7b_semantic_loop_guard_w1p6/steer_alpha_0p77_traj_c8_tok120_seed06_the_elevator_button_was_cracked__banded-frontier_best.json,1,4,0,2.922663788741303,0.0,0.6274679166666666,0.0,0.0,0.0,0.0,0.7801666666666667,0.6085483870967741,0.17615322580645168,0.0,0.0,0.0,,0.0,0.0,,0.0,0.0,,0.0,,0.25,0.75,the; elevator; button; was; cracked,cracked,0.0,,0.75,cracked,shard; glass; pocket,0.875,1.0,0.0,0.0,0,0,A cracked shard of glass in its pocket.
steer_alpha_0p77_traj_c8_tok120_seed06_the_elevator_button_was_cracked__banded-frontier_best.json,steer_alpha_0p77_traj__reselect_banded-frontier_best,experiments/posthoc_reselect_mistral7b_semantic_loop_guard_w1p6/steer_alpha_0p77_traj_c8_tok120_seed06_the_elevator_button_was_cracked__banded-frontier_best.json,1,5,0,-0.18380587957703065,0.0,0.4082384530791789,0.0,0.0,0.0,0.0,0.7471818181818182,0.09274193548387091,0.7595233129403041,0.0,0.0,0.0,,0.0,0.0,,0.0,0.0,,0.0,,0.5,0.5,the; elevator; button; was; cracked,the; button,0.0,,0.8571428571428571,button,potted; plant; bloom; crack; watering; can,0.9285714285714286,0.0,0.0,0.0,0,0,"A potted plant blooms through the crack in the button, watering can."
steer_alpha_0p77_traj_c8_tok120_seed06_the_elevator_button_was_cracked__banded-frontier_best.json,steer_alpha_0p77_traj__reselect_banded-frontier_best,experiments/posthoc_reselect_mistral7b_semantic_loop_guard_w1p6/steer_alpha_0p77_traj_c8_tok120_seed06_the_elevator_button_was_cracked__banded-frontier_best.json,1,6,0,-0.04704251671025872,0.0,0.564332170880558,0.0,0.0,0.0,0.0,0.9567567567567568,0.17967741935483866,0.3691451612903226,0.0,0.3333333333333333,16.666666666666668,clockwork,0.3333333333333333,16.666666666666668,clockwork,0.0,0.0,,0.35,clockwork,0.0,1.0,the; elevator; button; was; cracked,,0.0,,1.0,,sparrow; nest; clockwork; mechanism,1.0,0.0,0.0,0.0,0,0,A sparrow's nest and a clockwork mechanism.
steer_alpha_0p77_traj_c8_tok120_seed06_the_elevator_button_was_cracked__banded-frontier_best.json,steer_alpha_0p77_traj__reselect_banded-frontier_best,experiments/posthoc_reselect_mistral7b_semantic_loop_guard_w1p6/steer_alpha_0p77_traj_c8_tok120_seed06_the_elevator_button_was_cracked__banded-frontier_best.json,1,7,0,0.10649916756419531,0.028184193548387092,0.5155645161290322,0.06666666666666667,0.0,0.0,0.3333333333333333,1.0,0.031129032258064487,0.6742620504263998,0.0,0.0,0.0,,0.0,0.0,,0.0,0.0,,0.0,,0.75,0.25,the; elevator; button; was; cracked,the; elevator; button,0.0,,0.6,elevator; button,held; key; shadow,0.8,0.0,0.0,0.0,0,0,"The elevator button held a key, in its shadow."
steer_alpha_0p77_traj_c8_tok120_seed06_the_elevator_button_was_cracked__banded-frontier_best.json,steer_alpha_0p77_traj__reselect_banded-frontier_best,experiments/posthoc_reselect_mistral7b_semantic_loop_guard_w1p6/steer_alpha_0p77_traj_c8_tok120_seed06_the_elevator_button_was_cracked__banded-frontier_best.json,1,8,0,-2.704591793950285,0.019977400419287212,0.36544025157232707,0.06666666666666667,0.0,0.0,0.3333333333333333,0.7308805031446541,0.0,0.8753333333333333,0.0,0.0,0.0,,0.0,0.0,,0.0,0.0,,0.0,,0.75,0.25,the; elevator; button; was; cracked,the; elevator; button,0.0,,0.7142857142857143,elevator; button,door; cling; revealing; broken; watch,0.8571428571428572,0.0,0.0,0.0,0,0,"The elevator door clings to the button, revealing a broken watch."
steer_alpha_0p77_traj_c8_tok120_seed06_the_elevator_button_was_cracked__banded-frontier_best.json,steer_alpha_0p77_traj__reselect_banded-frontier_best,experiments/posthoc_reselect_mistral7b_semantic_loop_guard_w1p6/steer_alpha_0p77_traj_c8_tok120_seed06_the_elevator_button_was_cracked__banded-frontier_best.json,2,1,1,0.046819995450905816,0.025434516129032254,0.3815177419354838,0.06666666666666667,0.0,0.0,0.3333333333333333,0.74,0.031129032258064487,0.6265953837597331,0.0,0.0,0.0,,0.0,0.0,,0.0,0.0,,0.0,,1.0,0.0,the; elevator; button; was; cracked; pigeon; cooed; feathers; fluttering; open,the; elevator; button; cracked; pigeon,0.0,,0.2,pigeon; cracked; elevator; button,peck,0.6,1.0,0.0,0.0,0,0,The pigeon pecks at the cracked elevator button.
steer_alpha_0p77_traj_c8_tok120_seed06_the_elevator_button_was_cracked__banded-frontier_best.json,steer_alpha_0p77_traj__reselect_banded-frontier_best,experiments/posthoc_reselect_mistral7b_semantic_loop_guard_w1p6/steer_alpha_0p77_traj_c8_tok120_seed06_the_elevator_button_was_cracked__banded-frontier_best.json,2,2,0,1.5921058823529415,0.0,0.5,0.0,0.0,0.0,0.0,1.0,0.0,0.45,0.0,0.0,0.0,,0.0,0.0,,0.0,0.0,,0.0,,0.5,0.5,the; elevator; button; was; cracked; pigeon; cooed; feathers; fluttering; open,the; elevator,0.0,,0.6666666666666666,elevator,rose; bloom,0.8333333333333333,0.0,0.0,0.0,0,0,"Inside the elevator, a single rose blooms."
steer_alpha_0p77_traj_c8_tok120_seed06_the_elevator_button_was_cracked__banded-frontier_best.json,steer_alpha_0p77_traj__reselect_banded-frontier_best,experiments/posthoc_reselect_mistral7b_semantic_loop_guard_w1p6/steer_alpha_0p77_traj_c8_tok120_seed06_the_elevator_button_was_cracked__banded-frontier_best.json,2,3,0,0.9778511231977589,0.034246464840505704,0.4176398151281184,0.1,0.0,0.0,0.5,0.6960663585468639,0.19999999999999998,0.8536250000000001,0.0,0.0,0.0,,0.0,0.0,,0.0,0.0,,0.0,,1.0,0.0,the; elevator; button; was; cracked; pigeon; cooed; feathers; fluttering; open,the; elevator; pigeon; feathers,0.0,,0.75,pigeon; elevator; feather,wing; reached; door; ruffling; cityscape; glass; building; gleamed; distance,0.875,0.0,0.0,0.0,0,0,"A pigeon's wing reached through the elevator door, its feathers ruffling against the cityscape as glass buildings gleamed in the distance."
steer_alpha_0p77_traj_c8_tok120_seed06_the_elevator_button_was_cracked__banded-frontier_best.json,steer_alpha_0p77_traj__reselect_banded-frontier_best,experiments/posthoc_reselect_mistral7b_semantic_loop_guard_w1p6/steer_alpha_0p77_traj_c8_tok120_seed06_the_elevator_button_was_cracked__banded-frontier_best.json,2,4,0,0.13410410259765726,0.0,0.49309677419354836,0.0,0.0,0.0,0.0,0.8,0.23274193548387093,0.7946066462736374,0.0,0.0,0.0,,0.0,0.0,,0.0,0.0,,0.0,,0.5,0.5,the; elevator; button; was; cracked; pigeon; cooed; feathers; fluttering; open,the; pigeon,0.0,,0.875,pigeon,peck; crumb; bread; beak; swallowing; morsel; sandwich,0.9375,0.0,0.0,0.0,0,0,"The pigeon pecks at a crumb of bread, its beak swallowing a morsel of sandwich."
steer_alpha_0p77_traj_c8_tok120_seed06_the_elevator_button_was_cracked__banded-frontier_best.json,steer_alpha_0p77_traj__reselect_banded-frontier_best,experiments/posthoc_reselect_mistral7b_semantic_loop_guard_w1p6/steer_alpha_0p77_traj_c8_tok120_seed06_the_elevator_button_was_cracked__banded-frontier_best.json,2,5,0,-0.12603811660505404,0.0,0.39875808080808084,0.0,0.0,0.0,0.0,0.7523737373737374,0.05999999999999997,0.6873657635467981,0.0,0.0,0.0,,0.0,0.0,,0.0,0.0,,0.0,,1.0,0.0,the; elevator; button; was; cracked; pigeon; cooed; feathers; fluttering; open,the; button; cracked; pigeon,0.0,,0.5714285714285714,pigeon; cracked; button,perched; beak; pecking; metal,0.7857142857142857,1.0,0.0,0.0,0,0,"A pigeon perched on the cracked button, its beak pecking at the metal surface."
steer_alpha_0p77_traj_c8_tok120_seed06_the_elevator_button_was_cracked__banded-frontier_best.json,steer_alpha_0p77_traj__reselect_banded-frontier_best,experiments/posthoc_reselect_mistral7b_semantic_loop_guard_w1p6/steer_alpha_0p77_traj_c8_tok120_seed06_the_elevator_button_was_cracked__banded-frontier_best.json,2,6,0,0.7650000571492969,0.0,0.38379066666666667,0.0,0.0,0.0,0.0,0.7241333333333333,0.05999999999999997,0.6873657635467981,0.0,0.0,0.0,,0.0,0.0,,0.0,0.0,,0.0,,0.75,0.25,the; elevator; button; was; cracked; pigeon; cooed; feathers; fluttering; open,the; button; pigeon,0.0,,0.7142857142857143,button; pigeon,man; fingerprint; smeared; glass; panel,0.8571428571428572,0.0,0.0,0.0,0,0,"A man pressed the button below the pigeon, his fingerprints smeared across the glass panel."
steer_alpha_0p77_traj_c8_tok120_seed06_the_elevator_button_was_cracked__banded-frontier_best.json,steer_alpha_0p77_traj__reselect_banded-frontier_best,experiments/posthoc_reselect_mistral7b_semantic_loop_guard_w1p6/steer_alpha_0p77_traj_c8_tok120_seed06_the_elevator_button_was_cracked__banded-frontier_best.json,2,7,0,-0.7342315512411859,0.0,0.37842,0.0,0.0,0.0,0.0,0.714,0.05999999999999997,0.7621508620689655,0.0,0.0,0.0,,0.0,0.0,,0.0,0.0,,0.0,,1.0,0.0,the; elevator; button; was; cracked; pigeon; cooed; feathers; fluttering; open,the; elevator; button; cracked; pigeon,0.33333333333333326,button,0.5,pigeon; button; cracked; elevator,perched; beak; pecking; hole,0.5,1.0,0.0,0.0,0,0,"A pigeon perched on the button, its beak pecking a hole in the cracked elevator button."
steer_alpha_0p77_traj_c8_tok120_seed06_the_elevator_button_was_cracked__banded-frontier_best.json,steer_alpha_0p77_traj__reselect_banded-frontier_best,experiments/posthoc_reselect_mistral7b_semantic_loop_guard_w1p6/steer_alpha_0p77_traj_c8_tok120_seed06_the_elevator_button_was_cracked__banded-frontier_best.json,2,8,0,-0.19072163764474215,0.043984440522027546,0.40229671209171536,0.13333333333333333,0.0,0.0,0.6666666666666666,0.7590504001730478,0.05999999999999997,0.8410948275862069,0.0,0.0,0.0,,0.0,0.0,,0.0,0.0,,0.0,,0.75,0.25,the; elevator; button; was; cracked; pigeon; cooed; feathers; fluttering; open,the; elevator; pigeon,0.0,,0.75,pigeon; elevator,wing; fluttered; wall; key; dangling; beak,0.875,0.0,0.0,0.0,0,0,"A pigeon's wing fluttered against the elevator wall, a key dangling from its beak."
steer_alpha_0p77_traj_c8_tok120_seed06_the_elevator_button_was_cracked__banded-frontier_best.json,steer_alpha_0p77_traj__reselect_banded-frontier_best,experiments/posthoc_reselect_mistral7b_semantic_loop_guard_w1p6/steer_alpha_0p77_traj_c8_tok120_seed06_the_elevator_button_was_cracked__banded-frontier_best.json,3,1,1,-0.26011229139543146,0.2266491901408451,0.41208943661971836,0.55,1.0,0.0,0.0,0.6868157276995306,0.19999999999999998,0.9100000000000001,0.0,0.0,0.0,,0.0,0.0,,0.0,0.0,,0.0,,1.0,0.0,the; elevator; button; was; cracked; pigeon; cooed; feathers; fluttering; open; pecks,the; elevator; cracked; pigeon,0.0,,0.8333333333333334,cracked; pigeon; elevator,sparrow; sing; window; ledge; song; echoe; empty; lobby; broken; statue; sits; corner,0.9166666666666667,1.0,0.0,0.0,1,0,"A sparrow sings on the cracked window ledge, its song echoes in the empty lobby. The pigeon, now a broken statue, sits in the elevator's corner, its stone eyes glazed over."
steer_alpha_0p77_traj_c8_tok120_seed06_the_elevator_button_was_cracked__banded-frontier_best.json,steer_alpha_0p77_traj__reselect_banded-frontier_best,experiments/posthoc_reselect_mistral7b_semantic_loop_guard_w1p6/steer_alpha_0p77_traj_c8_tok120_seed06_the_elevator_button_was_cracked__banded-frontier_best.json,3,2,0,-0.7321861208871014,0.11453406932573598,0.45813627730294393,0.25,0.0,1.0,0.0,0.9162725546058879,0.0,0.993125,0.0,0.0,0.0,,0.0,0.0,,0.0,0.0,,0.0,,1.0,0.0,the; elevator; button; was; cracked; pigeon; cooed; feathers; fluttering; open; pecks,the; cracked; pigeon; feathers,0.27272727272727276,pigeon,0.7,cracked; pigeon; feather,pot; nestled; garden; cradle; coos; ruffled; wind,0.6181818181818182,1.0,0.0,0.0,0,1,"A cracked pot, nestled in a garden, cradles a pigeon. The pigeon coos, feathers ruffled by the wind."
steer_alpha_0p77_traj_c8_tok120_seed06_the_elevator_button_was_cracked__banded-frontier_best.json,steer_alpha_0p77_traj__reselect_banded-frontier_best,experiments/posthoc_reselect_mistral7b_semantic_loop_guard_w1p6/steer_alpha_0p77_traj_c8_tok120_seed06_the_elevator_button_was_cracked__banded-frontier_best.json,3,3,0,-0.5230523607562145,0.01813777777777778,0.4081,0.044444444444444446,0.0,0.0,0.2222222222222222,0.77,0.05999999999999997,0.9211436781609197,0.0,0.0,0.0,,0.0,0.0,,0.0,0.0,,0.0,,1.0,0.0,the; elevator; button; was; cracked; pigeon; cooed; feathers; fluttering; open; pecks,the; elevator; cracked; pigeon,0.0,,0.7,cracked; pigeon; elevator,egg; warm; quivering; lay; nestled; fissure; floor,0.85,1.0,0.0,0.0,0,0,"The cracked pigeon egg, warm and quivering, lay nestled within a fissure in the elevator floor."
steer_alpha_0p77_traj_c8_tok120_seed06_the_elevator_button_was_cracked__banded-frontier_best.json,steer_alpha_0p77_traj__reselect_banded-frontier_best,experiments/posthoc_reselect_mistral7b_semantic_loop_guard_w1p6/steer_alpha_0p77_traj_c8_tok120_seed06_the_elevator_button_was_cracked__banded-frontier_best.json,3,4,0,-1.978516980315812,0.0,0.39078815704088254,0.0,0.0,0.0,0.0,0.7373361453601557,0.05999999999999997,0.9400000000000001,0.0,0.0,0.0,,0.0,0.0,,0.0,0.0,,0.0,,0.25,0.75,the; elevator; button; was; cracked; pigeon; cooed; feathers; fluttering; open; pecks,the,0.17647058823529416,chirp,1.0,,spider; web; crackle; dew; droplet; hang; precariously; center; cricket; chirp; softly; stillness,0.8235294117647058,0.0,0.0,0.0,0,0,"A spider web crackles with dew, a droplet hangs precariously from its center. A cricket chirps softly in the stillness, its chirps echoing in the cool morning air."
steer_alpha_0p77_traj_c8_tok120_seed06_the_elevator_button_was_cracked__banded-frontier_best.json,steer_alpha_0p77_traj__reselect_banded-frontier_best,experiments/posthoc_reselect_mistral7b_semantic_loop_guard_w1p6/steer_alpha_0p77_traj_c8_tok120_seed06_the_elevator_button_was_cracked__banded-frontier_best.json,3,5,0,1.2379709906386895,0.0,0.4444168126546601,0.0,0.0,0.0,0.0,0.6989221878224975,0.2717204301075269,0.782629542083797,0.0,0.0,0.0,,0.0,0.0,,0.0,0.0,,0.0,,1.0,0.0,the; elevator; button; was; cracked; pigeon; cooed; feathers; fluttering; open; pecks,the; pigeon; feathers; pecks,0.2307692307692308,bread,0.75,pigeon; feather; peck,beak; stab; loaf; bread; spreading; wide; leaving; crack; crust,0.673076923076923,0.0,0.0,0.0,0,0,"The pigeon's beak stabs into a loaf of bread, its feathers spreading wide as it pecks, leaving a crack in the bread's crust."
steer_alpha_0p77_traj_c8_tok120_seed06_the_elevator_button_was_cracked__banded-frontier_best.json,steer_alpha_0p77_traj__reselect_banded-frontier_best,experiments/posthoc_reselect_mistral7b_semantic_loop_guard_w1p6/steer_alpha_0p77_traj_c8_tok120_seed06_the_elevator_button_was_cracked__banded-frontier_best.json,3,6,0,-0.9065885975079684,0.0,0.3511478448275862,0.0,0.0,0.0,0.0,0.6625431034482758,0.05999999999999997,0.9730000000000001,0.0,0.0,0.0,,0.0,0.0,,0.0,0.0,,0.0,,1.0,0.0,the; elevator; button; was; cracked; pigeon; cooed; feathers; fluttering; open; pecks,the; elevator; cracked; pecks,0.25,cracked,0.7272727272727273,cracked; elevator; peck,eggshell; nestled; hatchling; chick; way; crack; free; shell,0.6477272727272727,1.0,0.0,0.0,0,0,"The cracked eggshell, nestled within the cracked elevator. A hatchling chick pecks its way through the crack, breaking free from its shell."
steer_alpha_0p77_traj_c8_tok120_seed06_the_elevator_button_was_cracked__banded-frontier_best.json,steer_alpha_0p77_traj__reselect_banded-frontier_best,experiments/posthoc_reselect_mistral7b_semantic_loop_guard_w1p6/steer_alpha_0p77_traj_c8_tok120_seed06_the_elevator_button_was_cracked__banded-frontier_best.json,3,7,0,-0.028097240358873732,0.0,0.38337765957446807,0.0,0.0,0.0,0.0,0.6389627659574468,0.19999999999999998,0.8270100574712644,0.0,0.0,0.0,,0.0,0.0,,0.0,0.0,,0.0,,1.0,0.0,the; elevator; button; was; cracked; pigeon; cooed; feathers; fluttering; open; pecks,the; elevator; cracked; pigeon; feathers,0.27272727272727276,pigeon,0.6,cracked; elevator; pigeon; feather,vase; cooing; softly; shimmering; dim; light,0.5818181818181819,0.5,0.0,0.0,0,0,"A cracked vase, in the elevator, holds the pigeon, the pigeon cooing softly, feathers shimmering in the dim light."
steer_alpha_0p77_traj_c8_tok120_seed06_the_elevator_button_was_cracked__banded-frontier_best.json,steer_alpha_0p77_traj__reselect_banded-frontier_best,experiments/posthoc_reselect_mistral7b_semantic_loop_guard_w1p6/steer_alpha_0p77_traj_c8_tok120_seed06_the_elevator_button_was_cracked__banded-frontier_best.json,3,8,0,-1.5550065600953022,0.03569181034482759,0.35691810344827585,0.1,0.0,0.0,0.5,0.7138362068965517,0.0,1.0,0.0,0.0,0.0,,0.0,0.0,,0.0,0.0,,0.0,,1.0,0.0,the; elevator; button; was; cracked; pigeon; cooed; feathers; fluttering; open; pecks,the; elevator; button; cracked; pigeon,0.0,,0.6923076923076923,cracked; pigeon; elevator; button,clock; ticked; distance; pendulum; swinging; forth; casting; long; shadow,0.8461538461538461,1.0,0.0,0.0,0,0,"A clock ticked in the distance, its pendulum swinging back and forth, casting a long, cracked shadow onto the pigeon and the elevator button."
steer_alpha_0p77_traj_c8_tok120_seed07_a_delivery_label_on_a_cardboard_box__banded-frontier_best.json,steer_alpha_0p77_traj__reselect_banded-frontier_best,experiments/posthoc_reselect_mistral7b_semantic_loop_guard_w1p6/steer_alpha_0p77_traj_c8_tok120_seed07_a_delivery_label_on_a_cardboard_box__banded-frontier_best.json,1,1,1,1.900453378619352,0.226402,0.502,0.55,1.0,0.0,0.0,0.8,0.255,0.5448189655172414,0.0,0.0,0.0,,0.0,0.0,,0.0,0.0,,0.0,,0.5,0.5,delivery; label; cardboard; box,label; box,0.0,,0.6666666666666666,box; label,handwritten; note; blossoming; flower,0.8333333333333333,0.0,0.0,0.0,1,0,"A handwritten note on the box, its label unfolds into a blossoming flower."
steer_alpha_0p77_traj_c8_tok120_seed07_a_delivery_label_on_a_cardboard_box__banded-frontier_best.json,steer_alpha_0p77_traj__reselect_banded-frontier_best,experiments/posthoc_reselect_mistral7b_semantic_loop_guard_w1p6/steer_alpha_0p77_traj_c8_tok120_seed07_a_delivery_label_on_a_cardboard_box__banded-frontier_best.json,1,2,0,1.5879333333333339,0.0,0.86,0.0,0.0,0.0,0.0,1.0,0.72,0.12600000000000003,0.0,0.0,0.0,,0.0,0.0,,0.0,0.0,,0.0,,0.25,0.75,delivery; label; cardboard; box,box,0.0,,0.6666666666666666,box,keyhole; lock,0.8333333333333333,0.0,0.0,0.0,0,0,"A keyhole in the box, its lock."
steer_alpha_0p77_traj_c8_tok120_seed07_a_delivery_label_on_a_cardboard_box__banded-frontier_best.json,steer_alpha_0p77_traj__reselect_banded-frontier_best,experiments/posthoc_reselect_mistral7b_semantic_loop_guard_w1p6/steer_alpha_0p77_traj_c8_tok120_seed07_a_delivery_label_on_a_cardboard_box__banded-frontier_best.json,1,3,0,0.17530851126448554,0.019919511784511783,0.3643813131313131,0.06666666666666667,0.0,0.0,0.3333333333333333,0.7287626262626262,0.0,0.7484856321839081,0.0,0.0,0.0,,0.0,0.0,,0.0,0.0,,0.0,,0.5,0.5,delivery; label; cardboard; box,label; box,0.0,,0.6666666666666666,box; label,hand; reaching; extracting; crease,0.8333333333333333,0.0,0.0,0.0,0,0,"A hand reaching into the box, extracting the label from its crease."
steer_alpha_0p77_traj_c8_tok120_seed07_a_delivery_label_on_a_cardboard_box__banded-frontier_best.json,steer_alpha_0p77_traj__reselect_banded-frontier_best,experiments/posthoc_reselect_mistral7b_semantic_loop_guard_w1p6/steer_alpha_0p77_traj_c8_tok120_seed07_a_delivery_label_on_a_cardboard_box__banded-frontier_best.json,1,4,0,-1.1609897405647127,0.0,0.24084023521505374,0.0,0.0,0.0,0.0,0.9342777777777778,0.031129032258064487,0.6265953837597331,0.5,0.0,0.0,,0.0,0.0,,0.0,0.0,,0.0,,0.25,0.75,delivery; label; cardboard; box,box,0.0,,0.8,box,fingerprint; ink; stamp; message,0.9,0.0,0.0,0.0,0,0,"A fingerprint on the box, where the ink stamps a message."
steer_alpha_0p77_traj_c8_tok120_seed07_a_delivery_label_on_a_cardboard_box__banded-frontier_best.json,steer_alpha_0p77_traj__reselect_banded-frontier_best,experiments/posthoc_reselect_mistral7b_semantic_loop_guard_w1p6/steer_alpha_0p77_traj_c8_tok120_seed07_a_delivery_label_on_a_cardboard_box__banded-frontier_best.json,1,5,0,0.0034869415442950746,0.03724636684303351,0.3406679894179894,0.13333333333333333,0.0,0.0,0.6666666666666666,0.6813359788359789,0.0,0.73875,0.0,0.0,0.0,,0.0,0.0,,0.0,0.0,,0.0,,0.5,0.5,delivery; label; cardboard; box,cardboard; box,0.5,box,0.6,box; cardboard,hand-drawn; flower; bloom,0.4,0.0,0.0,0.0,0,0,"Inside the box, a hand-drawn flower blooms from the cardboard box."
steer_alpha_0p77_traj_c8_tok120_seed07_a_delivery_label_on_a_cardboard_box__banded-frontier_best.json,steer_alpha_0p77_traj__reselect_banded-frontier_best,experiments/posthoc_reselect_mistral7b_semantic_loop_guard_w1p6/steer_alpha_0p77_traj_c8_tok120_seed07_a_delivery_label_on_a_cardboard_box__banded-frontier_best.json,1,6,0,-0.5095068723702663,0.0,0.26971229838709676,0.0,0.0,0.0,0.0,0.9145289855072464,0.17967741935483866,0.3691451612903226,0.5,0.0,0.0,,0.0,0.0,,0.0,0.0,,0.0,,0.25,0.75,delivery; label; cardboard; box,box,0.6000000000000001,box,0.75,box,handwritten; message; wall,0.3499999999999999,0.0,0.0,0.0,0,0,"The box inside the box, a handwritten message on its wall."
steer_alpha_0p77_traj_c8_tok120_seed07_a_delivery_label_on_a_cardboard_box__banded-frontier_best.json,steer_alpha_0p77_traj__reselect_banded-frontier_best,experiments/posthoc_reselect_mistral7b_semantic_loop_guard_w1p6/steer_alpha_0p77_traj_c8_tok120_seed07_a_delivery_label_on_a_cardboard_box__banded-frontier_best.json,1,7,0,0.8489241935483872,0.0,0.6036325492831541,0.0,0.0,0.0,0.0,0.8681666666666668,0.39059139784946223,0.27423387096774204,0.0,0.0,0.0,,0.0,0.0,,0.0,0.0,,0.0,,0.25,0.75,delivery; label; cardboard; box,box,0.675,box,0.6666666666666666,box,key; atop,0.27083333333333326,0.0,0.0,0.0,0,0,"Inside the box, a key lies atop the box."
steer_alpha_0p77_traj_c8_tok120_seed07_a_delivery_label_on_a_cardboard_box__banded-frontier_best.json,steer_alpha_0p77_traj__reselect_banded-frontier_best,experiments/posthoc_reselect_mistral7b_semantic_loop_guard_w1p6/steer_alpha_0p77_traj_c8_tok120_seed07_a_delivery_label_on_a_cardboard_box__banded-frontier_best.json,1,8,0,1.6658631237222288,0.08529194611120942,0.41605827371321674,0.25,0.0,1.0,0.0,0.710525078369906,0.17112903225806445,0.5635953837597331,0.0,0.3333333333333333,9.090909090909092,pocket watch,0.3333333333333333,9.090909090909092,pocket watch,0.0,0.0,,0.4,pocket watch,0.5,0.5,delivery; label; cardboard; box,cardboard; box,0.6000000000000001,box,0.5,box; cardboard,pocket; watch,0.29999999999999993,0.0,0.0,0.0,0,1,"Inside the box, a small, silver pocket watch rests on the cardboard box."
steer_alpha_0p77_traj_c8_tok120_seed07_a_delivery_label_on_a_cardboard_box__banded-frontier_best.json,steer_alpha_0p77_traj__reselect_banded-frontier_best,experiments/posthoc_reselect_mistral7b_semantic_loop_guard_w1p6/steer_alpha_0p77_traj_c8_tok120_seed07_a_delivery_label_on_a_cardboard_box__banded-frontier_best.json,2,1,1,0.8609371484088186,0.1856879023626737,0.4117248389416268,0.55,1.0,0.0,0.0,0.6862080649027114,0.19999999999999998,0.7601250000000002,0.0,0.0,0.0,,0.0,0.0,,0.0,0.0,,0.0,,1.0,0.0,delivery; label; cardboard; box; handwritten; note; the; its; unfolds; blossoming; flower,box; handwritten; note; the; its; blossoming; flower,0.0,,0.5,handwritten; note; box; blossoming; flower,bloom; ink; bird; nesting; petal,0.75,0.0,0.0,0.0,1,0,"The handwritten note on the box blooms, its ink turns into a bird, nesting in the blossoming flower's petals."
steer_alpha_0p77_traj_c8_tok120_seed07_a_delivery_label_on_a_cardboard_box__banded-frontier_best.json,steer_alpha_0p77_traj__reselect_banded-frontier_best,experiments/posthoc_reselect_mistral7b_semantic_loop_guard_w1p6/steer_alpha_0p77_traj_c8_tok120_seed07_a_delivery_label_on_a_cardboard_box__banded-frontier_best.json,2,2,0,0.44390311470500143,0.09924359433962264,0.42716037735849055,0.2833333333333333,0.0,1.0,0.16666666666666666,0.711933962264151,0.19999999999999998,0.9100000000000001,0.0,0.0,0.0,,0.0,0.0,,0.0,0.0,,0.0,,0.75,0.25,delivery; label; cardboard; box; handwritten; note; the; its; unfolds; blossoming; flower,box; the; flower,0.0,,0.8461538461538461,box; flower,filled; blossom; release; petal; dew; blooming; deliver; fresh; honey; palm; hand,0.9230769230769231,0.0,0.0,0.0,0,1,"The box, now filled with blossoms, releases petals of dew, and the blooming flower delivers fresh honey into the palm of the hand."
steer_alpha_0p77_traj_c8_tok120_seed07_a_delivery_label_on_a_cardboard_box__banded-frontier_best.json,steer_alpha_0p77_traj__reselect_banded-frontier_best,experiments/posthoc_reselect_mistral7b_semantic_loop_guard_w1p6/steer_alpha_0p77_traj_c8_tok120_seed07_a_delivery_label_on_a_cardboard_box__banded-frontier_best.json,2,3,0,1.01558923879126,0.1928837028496614,0.42768005066443765,0.55,1.0,0.0,0.0,0.6809492332099418,0.2561290322580645,0.7256370504263998,0.0,0.0,0.0,,0.0,0.0,,0.0,0.0,,0.0,,1.0,0.0,delivery; label; cardboard; box; handwritten; note; the; its; unfolds; blossoming; flower,box; handwritten; note; the; its; unfolds; flower,0.27272727272727276,box,0.6,flower; box; handwritten; note,petal; greenhouse; birdbath; watering; root; spout,0.5818181818181819,0.0,0.0,0.0,2,0,"The flower's petals, the box unfolds into a greenhouse, and the handwritten note on the box turns into a birdbath, watering its roots with its spout."
steer_alpha_0p77_traj_c8_tok120_seed07_a_delivery_label_on_a_cardboard_box__banded-frontier_best.json,steer_alpha_0p77_traj__reselect_banded-frontier_best,experiments/posthoc_reselect_mistral7b_semantic_loop_guard_w1p6/steer_alpha_0p77_traj_c8_tok120_seed07_a_delivery_label_on_a_cardboard_box__banded-frontier_best.json,2,4,0,3.5474091830948167,0.0,0.7802873357228194,0.0,0.0,0.0,0.0,0.9703703703703703,0.6082258064516127,0.22750528364849845,0.0,0.0,0.0,,0.0,0.0,,0.0,0.0,,0.0,,0.75,0.25,delivery; label; cardboard; box; handwritten; note; the; its; unfolds; blossoming; flower,the; its; flower,0.0,,0.8,flower,petal; revealing; nectar; heart,0.9,0.0,0.0,0.0,0,0,"The flower's petals unfold, revealing nectar inside its heart."
steer_alpha_0p77_traj_c8_tok120_seed07_a_delivery_label_on_a_cardboard_box__banded-frontier_best.json,steer_alpha_0p77_traj__reselect_banded-frontier_best,experiments/posthoc_reselect_mistral7b_semantic_loop_guard_w1p6/steer_alpha_0p77_traj_c8_tok120_seed07_a_delivery_label_on_a_cardboard_box__banded-frontier_best.json,2,5,0,1.6060712315067933,0.021314372229712775,0.5848455794738261,0.044444444444444446,0.0,0.0,0.2222222222222222,0.92489289446186,0.2646774193548386,0.5407170003707824,0.0,0.0,0.0,,0.0,0.0,,0.0,0.0,,0.0,,0.75,0.25,delivery; label; cardboard; box; handwritten; note; the; its; unfolds; blossoming; flower,box; the; flower,0.0,,0.6666666666666666,box; flower,petal; revealing; secret; garden,0.8333333333333333,0.0,0.0,0.0,0,0,"Inside the box, the flower's petals unfold, revealing a secret garden."
steer_alpha_0p77_traj_c8_tok120_seed07_a_delivery_label_on_a_cardboard_box__banded-frontier_best.json,steer_alpha_0p77_traj__reselect_banded-frontier_best,experiments/posthoc_reselect_mistral7b_semantic_loop_guard_w1p6/steer_alpha_0p77_traj_c8_tok120_seed07_a_delivery_label_on_a_cardboard_box__banded-frontier_best.json,2,6,0,0.43672156445370813,0.0,0.4354629760466759,0.0,0.0,0.0,0.0,0.7257716267444598,0.19999999999999998,0.832477011494253,0.0,0.0,0.0,,0.0,0.0,,0.0,0.0,,0.0,,0.75,0.25,delivery; label; cardboard; box; handwritten; note; the; its; unfolds; blossoming; flower,box; the; flower,0.0,,0.8181818181818182,flower; box,petal; dance; gentle; breeze; lid; revealing; hidden; watchful; eye,0.9090909090909092,0.1,0.0,0.0,0,0,"The petals of the flower dance in a gentle breeze, and the box's lid opens, revealing a hidden watchful eye."
steer_alpha_0p77_traj_c8_tok120_seed07_a_delivery_label_on_a_cardboard_box__banded-frontier_best.json,steer_alpha_0p77_traj__reselect_banded-frontier_best,experiments/posthoc_reselect_mistral7b_semantic_loop_guard_w1p6/steer_alpha_0p77_traj_c8_tok120_seed07_a_delivery_label_on_a_cardboard_box__banded-frontier_best.json,2,7,0,-1.6719835164835164,0.0,0.38385230769230766,0.0,0.0,0.0,0.0,0.6397538461538461,0.19999999999999998,0.9100000000000001,0.0,0.0,0.0,,0.0,0.0,,0.0,0.0,,0.0,,0.5,0.5,delivery; label; cardboard; box; handwritten; note; the; its; unfolds; blossoming; flower,the; its,0.4,petal; vase,1.0,,budding; rose; vase; petal; blooming; water; teapot; spout; flowering; tea; dance; wave,0.6,0.0,0.0,0.0,0,0,"A budding rose in a vase, its petals blooming. The water within the vase, a teapot with its spout and a flowering tea, its petals dance on the waves of the garden."
steer_alpha_0p77_traj_c8_tok120_seed07_a_delivery_label_on_a_cardboard_box__banded-frontier_best.json,steer_alpha_0p77_traj__reselect_banded-frontier_best,experiments/posthoc_reselect_mistral7b_semantic_loop_guard_w1p6/steer_alpha_0p77_traj_c8_tok120_seed07_a_delivery_label_on_a_cardboard_box__banded-frontier_best.json,2,8,0,0.22045539519582102,0.0,0.3721530962654367,0.0,0.0,0.0,0.0,0.6202551604423945,0.19999999999999998,0.9100000000000001,0.0,0.0,0.0,,0.0,0.0,,0.0,0.0,,0.0,,0.75,0.25,delivery; label; cardboard; box; handwritten; note; the; its; unfolds; blossoming; flower,the; blossoming; flower,0.659375,flower; petal; water,0.8333333333333334,flower; blossoming,petal; cradle; teacap; filled; raindrop; water; moth; drop; dance; leaf,0.3122395833333333,0.0,0.0,0.0,0,0,"The petals of the flower cradles a teacap, filled with a raindrop of water. A moth rests on the flower's petal, and a drop of water dances upon a leaf of the blossoming flower."
steer_alpha_0p77_traj_c8_tok120_seed07_a_delivery_label_on_a_cardboard_box__banded-frontier_best.json,steer_alpha_0p77_traj__reselect_banded-frontier_best,experiments/posthoc_reselect_mistral7b_semantic_loop_guard_w1p6/steer_alpha_0p77_traj_c8_tok120_seed07_a_delivery_label_on_a_cardboard_box__banded-frontier_best.json,3,1,1,-0.41836619775361106,0.15737469611111113,0.3489461111111111,0.55,1.0,0.0,0.0,0.6583888888888889,0.05999999999999997,0.8698750000000001,0.0,0.0,0.0,,0.0,0.0,,0.0,0.0,,0.0,,0.5,0.5,delivery; label; cardboard; box; handwritten; note; the; its; unfolds; blossoming; flower; flower's,the; its,0.2307692307692308,birdbath,0.8333333333333334,birdbath; greenhouse,fountain; water; vibrant; foliage; butterfly; perch; wing; shimmering; morning; dew,0.7051282051282052,0.0,0.0,0.0,1,0,"The birdbath, now a fountain, waters the greenhouse's vibrant foliage. A butterfly perches on the birdbath, its wings shimmering with the morning dew."
steer_alpha_0p77_traj_c8_tok120_seed07_a_delivery_label_on_a_cardboard_box__banded-frontier_best.json,steer_alpha_0p77_traj__reselect_banded-frontier_best,experiments/posthoc_reselect_mistral7b_semantic_loop_guard_w1p6/steer_alpha_0p77_traj_c8_tok120_seed07_a_delivery_label_on_a_cardboard_box__banded-frontier_best.json,3,2,0,0.7709938196541517,0.18303821507632817,0.37876767229226244,0.5766666666666667,1.0,0.0,0.13333333333333333,0.6312794538204374,0.19999999999999998,0.9100000000000001,0.0,0.3333333333333333,3.0303030303030303,fog,0.0,0.0,,0.3333333333333333,3.0303030303030303,fog,0.0,,0.5,0.5,delivery; label; cardboard; box; handwritten; note; the; its; unfolds; blossoming; flower; flower's,the; its,0.2857142857142857,glass; greenhouse,0.8947368421052632,birdbath; greenhouse,basin; collect; dew; morning; fog; reflecting; glass; wall; bellow; pane; breathing; out,0.6766917293233083,0.1,0.0,0.0,1,0,"The birdbath's basin collects the dew from a morning fog, reflecting the greenhouse's glass walls. The greenhouse becomes a bellows, its glass panes breathing in and out, filling the air with the sound of a distant chime."
steer_alpha_0p77_traj_c8_tok120_seed07_a_delivery_label_on_a_cardboard_box__banded-frontier_best.json,steer_alpha_0p77_traj__reselect_banded-frontier_best,experiments/posthoc_reselect_mistral7b_semantic_loop_guard_w1p6/steer_alpha_0p77_traj_c8_tok120_seed07_a_delivery_label_on_a_cardboard_box__banded-frontier_best.json,3,3,0,0.07063154506309965,0.1886191069879518,0.3988843373493976,0.5766666666666667,1.0,0.0,0.13333333333333333,0.6648072289156627,0.19999999999999998,0.9100000000000001,0.0,0.0,0.0,,0.0,0.0,,0.0,0.0,,0.0,,0.5,0.5,delivery; label; cardboard; box; handwritten; note; the; its; unfolds; blossoming; flower; flower's,the; its,0.37500000000000006,birdbath; garden,0.6428571428571429,birdbath; watering; root; spout; petal,rose; bloom; basin; garden; transform; sundial; casting; shadow; leave,0.5133928571428571,0.0,0.0,0.0,1,0,"The birdbath watering its roots with its spout, a single rose blooms from its basin, its petals unfold into a garden, the birdbath transforms into a sundial, casting shadows on the leaves of the garden."
steer_alpha_0p77_traj_c8_tok120_seed07_a_delivery_label_on_a_cardboard_box__banded-frontier_best.json,steer_alpha_0p77_traj__reselect_banded-frontier_best,experiments/posthoc_reselect_mistral7b_semantic_loop_guard_w1p6/steer_alpha_0p77_traj_c8_tok120_seed07_a_delivery_label_on_a_cardboard_box__banded-frontier_best.json,3,4,0,1.0057429965019542,0.0,0.429787972027972,0.0,0.0,0.0,0.0,0.7163132867132866,0.19999999999999998,0.9100000000000001,0.0,0.0,0.0,,0.0,0.0,,0.0,0.0,,0.0,,0.25,0.75,delivery; label; cardboard; box; handwritten; note; the; its; unfolds; blossoming; flower; flower's,the,0.2,pond,0.8571428571428571,birdbath; greenhouse,filled; water; pond; reflecting; leave; tree; reach; out; providing; shade; family; duck,0.7428571428571429,0.0,0.0,0.0,0,0,"The birdbath, now filled with water, becomes a pond inside the greenhouse, reflecting the leaves of a tree, which reach out to the pond, providing shade for a family of ducks."
steer_alpha_0p77_traj_c8_tok120_seed07_a_delivery_label_on_a_cardboard_box__banded-frontier_best.json,steer_alpha_0p77_traj__reselect_banded-frontier_best,experiments/posthoc_reselect_mistral7b_semantic_loop_guard_w1p6/steer_alpha_0p77_traj_c8_tok120_seed07_a_delivery_label_on_a_cardboard_box__banded-frontier_best.json,3,5,0,-0.03661591392186181,0.0,0.41776097178683386,0.0,0.0,0.0,0.0,0.6962682863113898,0.19999999999999998,0.9100000000000001,0.0,0.0,0.0,,0.0,0.0,,0.0,0.0,,0.0,,0.5,0.5,delivery; label; cardboard; box; handwritten; note; the; its; unfolds; blossoming; flower; flower's,the; its,0.31578947368421056,birdbath; ivy,0.8823529411764706,birdbath; spout,filled; water; support; hanging; garden; ivy; tendril; creeping; family; jays; gather; bathing,0.6439628482972135,0.0,0.0,0.0,0,0,"The birdbath, now filled with water, supports a hanging garden of ivy, its tendrils creeping from its spout, while a family of blue jays gather around the birdbath, bathing and feeding on the ivy's sweet fruits."
steer_alpha_0p77_traj_c8_tok120_seed07_a_delivery_label_on_a_cardboard_box__banded-frontier_best.json,steer_alpha_0p77_traj__reselect_banded-frontier_best,experiments/posthoc_reselect_mistral7b_semantic_loop_guard_w1p6/steer_alpha_0p77_traj_c8_tok120_seed07_a_delivery_label_on_a_cardboard_box__banded-frontier_best.json,3,6,0,0.11318381459519977,0.15480808778267255,0.34325518355359763,0.55,1.0,0.0,0.0,0.5720919725893294,0.19999999999999998,0.9100000000000001,0.0,0.0,0.0,,0.0,0.0,,0.0,0.0,,0.0,,0.25,0.75,delivery; label; cardboard; box; handwritten; note; the; its; unfolds; blossoming; flower; flower's,the,0.7657287157287158,birdbath; garden; root; violet; water,0.8,birdbath; root; petal,filled; water; sprout; garden; violet; burrowing; ground; bloom; conservatory; drain; feature; feeding,0.21084415584415578,0.0,0.0,0.0,1,0,"The birdbath, now filled with water, sprouts a garden of violets, their roots burrowing into the ground below. The garden's violets bloom in the birdbath, their petals unfold into a conservatory, and the birdbath drains into a water feature, feeding the garden's roots."
steer_alpha_0p77_traj_c8_tok120_seed07_a_delivery_label_on_a_cardboard_box__banded-frontier_best.json,steer_alpha_0p77_traj__reselect_banded-frontier_best,experiments/posthoc_reselect_mistral7b_semantic_loop_guard_w1p6/steer_alpha_0p77_traj_c8_tok120_seed07_a_delivery_label_on_a_cardboard_box__banded-frontier_best.json,3,7,0,0.3279352701579119,0.0,0.3151106463958576,0.0,0.0,0.0,0.0,0.5251844106597627,0.19999999999999998,0.9100000000000001,0.0,0.0,0.0,,0.0,0.0,,0.0,0.0,,0.0,,0.75,0.25,delivery; label; cardboard; box; handwritten; note; the; its; unfolds; blossoming; flower; flower's,the; its; blossoming,0.537037037037037,birdbath; greenhouse; water,0.7272727272727273,birdbath; spout; watering; root; greenhouse; blossoming,nurturing; countless; blossom; water; feed; soil; allowing; seed; sprout; lush; vegetation; reflection,0.39983164983164987,0.0,0.0,0.0,0,0,"The birdbath's spout watering the roots of the greenhouse, nurturing its countless blossoms. The birdbath's water feeds the soil within the greenhouse, allowing seeds to sprout from the water's surface, blossoming into lush vegetation, and the birdbath's reflection mirrors the greenhouse's glass, as if gazing into the world outside."
steer_alpha_0p77_traj_c8_tok120_seed07_a_delivery_label_on_a_cardboard_box__banded-frontier_best.json,steer_alpha_0p77_traj__reselect_banded-frontier_best,experiments/posthoc_reselect_mistral7b_semantic_loop_guard_w1p6/steer_alpha_0p77_traj_c8_tok120_seed07_a_delivery_label_on_a_cardboard_box__banded-frontier_best.json,3,8,0,0.10333672805472172,0.0,0.3408838827838828,0.0,0.0,0.0,0.0,0.5681398046398047,0.19999999999999998,0.9100000000000001,0.0,0.0,0.0,,0.0,0.0,,0.0,0.0,,0.0,,0.25,0.75,delivery; label; cardboard; box; handwritten; note; the; its; unfolds; blossoming; flower; flower's,the,0.5625,birdbath; greenhouse; water,0.6923076923076923,birdbath; spout; greenhouse; watering,pour; water; roof; nourishing; plant; transform; stream; flowing; soil,0.3701923076923077,0.0,0.0,0.0,0,0,"The birdbath's spout pours water onto the greenhouse's roof, nourishing the plants that grow inside. The water from the birdbath transforms into a stream, flowing through the greenhouse, watering the soil beneath."
steer_alpha_0p77_traj_c8_tok120_seed08_i_am_opening_the_fridge__banded-frontier_best.json,steer_alpha_0p77_traj__reselect_banded-frontier_best,experiments/posthoc_reselect_mistral7b_semantic_loop_guard_w1p6/steer_alpha_0p77_traj_c8_tok120_seed08_i_am_opening_the_fridge__banded-frontier_best.json,1,1,1,2.2596790955091715,0.0,0.6952956989247311,0.0,0.0,0.0,0.0,1.0,0.39059139784946223,0.27423387096774204,0.0,0.0,0.0,,0.0,0.0,,0.0,0.0,,0.0,,1.0,0.0,the; fridge,the; fridge,0.0,,0.6666666666666666,fridge,loaf; bread,0.8333333333333333,0.0,0.0,0.0,0,0,"Inside the fridge, a loaf of bread."
steer_alpha_0p77_traj_c8_tok120_seed08_i_am_opening_the_fridge__banded-frontier_best.json,steer_alpha_0p77_traj__reselect_banded-frontier_best,experiments/posthoc_reselect_mistral7b_semantic_loop_guard_w1p6/steer_alpha_0p77_traj_c8_tok120_seed08_i_am_opening_the_fridge__banded-frontier_best.json,1,2,0,0.4296030372130655,0.0,0.6130645161290322,0.0,0.0,0.0,0.0,1.0,0.22612903225806447,0.6149287170930664,0.0,0.0,0.0,,0.0,0.0,,0.0,0.0,,0.0,,0.5,0.5,the; fridge,the,0.0,,1.0,,cluster; mushroom; sprouting; cold; light,1.0,0.1,0.0,0.0,0,0,"Inside, a small cluster of mushrooms, sprouting in the cold light."
steer_alpha_0p77_traj_c8_tok120_seed08_i_am_opening_the_fridge__banded-frontier_best.json,steer_alpha_0p77_traj__reselect_banded-frontier_best,experiments/posthoc_reselect_mistral7b_semantic_loop_guard_w1p6/steer_alpha_0p77_traj_c8_tok120_seed08_i_am_opening_the_fridge__banded-frontier_best.json,1,3,0,-0.7038448671443496,0.0,0.4447805642633229,0.0,0.0,0.0,0.0,0.7413009404388715,0.19999999999999998,0.7416990968801314,0.0,0.0,0.0,,0.0,0.0,,0.0,0.0,,0.0,,0.5,0.5,the; fridge,the,0.0,,1.0,,slice; lemon; sits; atop; milk; carton; shelf,1.0,0.0,0.0,0.0,0,0,"Inside, a slice of lemon sits atop the milk carton, resting on the shelf."
steer_alpha_0p77_traj_c8_tok120_seed08_i_am_opening_the_fridge__banded-frontier_best.json,steer_alpha_0p77_traj__reselect_banded-frontier_best,experiments/posthoc_reselect_mistral7b_semantic_loop_guard_w1p6/steer_alpha_0p77_traj_c8_tok120_seed08_i_am_opening_the_fridge__banded-frontier_best.json,1,4,0,-0.15140974489046255,0.0,0.49715671277703405,0.0,0.0,0.0,0.0,0.9380315335415736,0.05999999999999997,0.9107614942528737,0.0,0.0,0.0,,0.0,0.0,,0.0,0.0,,0.0,,1.0,0.0,the; fridge,the; fridge,0.0,,0.8888888888888888,fridge,bottle; milk; stand; upright; half-moon; silverfish; swim; water,0.9444444444444444,0.0,0.0,0.0,0,0,"Inside the fridge, a bottle of milk stands upright, half-moon, and a silverfish swims in the water."
steer_alpha_0p77_traj_c8_tok120_seed08_i_am_opening_the_fridge__banded-frontier_best.json,steer_alpha_0p77_traj__reselect_banded-frontier_best,experiments/posthoc_reselect_mistral7b_semantic_loop_guard_w1p6/steer_alpha_0p77_traj_c8_tok120_seed08_i_am_opening_the_fridge__banded-frontier_best.json,1,5,0,0.7109508726567546,0.0,0.4682307692307692,0.0,0.0,0.0,0.0,0.7803846153846153,0.19999999999999998,0.9100000000000001,0.0,0.0,0.0,,0.0,0.0,,0.0,0.0,,0.0,,1.0,0.0,the; fridge,the; fridge,0.0,,0.9090909090909091,fridge,block; ice; glisten; lighthouse; frozen; bottle; beer; stand; upright; edge,0.9545454545454546,0.0,0.0,0.0,0,0,"Inside the fridge, a block of ice glistens like a lighthouse. A frozen bottle of beer stands upright on its edge."
steer_alpha_0p77_traj_c8_tok120_seed08_i_am_opening_the_fridge__banded-frontier_best.json,steer_alpha_0p77_traj__reselect_banded-frontier_best,experiments/posthoc_reselect_mistral7b_semantic_loop_guard_w1p6/steer_alpha_0p77_traj_c8_tok120_seed08_i_am_opening_the_fridge__banded-frontier_best.json,1,6,0,-0.8841652055510111,0.0,0.32034177215189874,0.0,0.0,0.0,0.0,0.6406835443037975,0.0,0.8588175287356322,0.0,0.0,0.0,,0.0,0.0,,0.0,0.0,,0.0,,1.0,0.0,the; fridge,the; fridge,0.0,,0.875,fridge,condensation; drip; milk; carton; cheese; wedge; lettuce,0.9375,0.0,0.0,0.0,0,0,Inside the condensation drips from the milk carton. The cheese wedge of lettuce from the fridge.
steer_alpha_0p77_traj_c8_tok120_seed08_i_am_opening_the_fridge__banded-frontier_best.json,steer_alpha_0p77_traj__reselect_banded-frontier_best,experiments/posthoc_reselect_mistral7b_semantic_loop_guard_w1p6/steer_alpha_0p77_traj_c8_tok120_seed08_i_am_opening_the_fridge__banded-frontier_best.json,1,7,0,-0.6458902064861991,0.0,0.5124917451205512,0.0,0.0,0.0,0.0,0.9669655568312285,0.05999999999999997,0.7570324302134648,0.0,0.0,0.0,,0.0,0.0,,0.0,0.0,,0.0,,0.0,1.0,the; fridge,,0.0,,1.0,,cluster; frost-kissed; grape; fruit; watery; embrace,1.0,0.0,0.0,0.0,0,0,"Inside a cluster of frost-kissed grape fruit, suspended in its watery embrace."
steer_alpha_0p77_traj_c8_tok120_seed08_i_am_opening_the_fridge__banded-frontier_best.json,steer_alpha_0p77_traj__reselect_banded-frontier_best,experiments/posthoc_reselect_mistral7b_semantic_loop_guard_w1p6/steer_alpha_0p77_traj_c8_tok120_seed08_i_am_opening_the_fridge__banded-frontier_best.json,1,8,0,-1.431264957264957,0.0,0.4152051282051282,0.0,0.0,0.0,0.0,0.6920085470085471,0.19999999999999998,0.9100000000000001,0.0,0.3333333333333333,3.7037037037037037,whispers,0.0,0.0,,0.3333333333333333,3.7037037037037037,whispers,0.0,,0.5,0.5,the; fridge,the,0.0,,1.0,,milk; carton; sits; refrigerator; dripping; condensation; floor; cheese; grater; tongue; whisper; languid,1.0,0.0,0.0,0.0,0,0,"The milk carton sits inside the refrigerator, dripping condensation on the floor. The cheese grater, its silver tongue, whispers to a languid moon, and pours a river of stars into the sink."
steer_alpha_0p77_traj_c8_tok120_seed08_i_am_opening_the_fridge__banded-frontier_best.json,steer_alpha_0p77_traj__reselect_banded-frontier_best,experiments/posthoc_reselect_mistral7b_semantic_loop_guard_w1p6/steer_alpha_0p77_traj_c8_tok120_seed08_i_am_opening_the_fridge__banded-frontier_best.json,2,1,1,0.39307686689842836,0.24934097792869267,0.5528624787775891,0.55,1.0,0.0,0.0,0.9214374646293152,0.19999999999999998,0.9100000000000001,0.0,0.0,0.0,,0.0,0.0,,0.0,0.0,,0.0,,1.0,0.0,the; fridge; inside; loaf; bread,the; fridge; inside; loaf; bread,0.27272727272727276,bread,0.7,fridge; bread; loaf,cat; milk; pot; cream; teapot; kettle; spout,0.6181818181818182,0.0,0.0,0.0,1,0,"Inside the fridge, the bread becomes a loaf of bread, a cat with its milk. A pot of cream, a teapot, a kettle's spout."
steer_alpha_0p77_traj_c8_tok120_seed08_i_am_opening_the_fridge__banded-frontier_best.json,steer_alpha_0p77_traj__reselect_banded-frontier_best,experiments/posthoc_reselect_mistral7b_semantic_loop_guard_w1p6/steer_alpha_0p77_traj_c8_tok120_seed08_i_am_opening_the_fridge__banded-frontier_best.json,2,2,0,2.0701871885061034,0.024829761648745518,0.6813044354838709,0.044444444444444446,0.0,0.0,0.2222222222222222,0.9335,0.45967741935483863,0.5033836670374491,0.0,0.0,0.0,,0.0,0.0,,0.0,0.0,,0.0,,0.75,0.25,the; fridge; inside; loaf; bread,the; fridge; inside,0.0,,0.8333333333333334,fridge,pitcher; lemon; counter; vase; watermelon,0.9166666666666667,0.0,0.0,0.0,0,0,"Inside the fridge, a pitcher of lemon on the counter. A vase of watermelon."
steer_alpha_0p77_traj_c8_tok120_seed08_i_am_opening_the_fridge__banded-frontier_best.json,steer_alpha_0p77_traj__reselect_banded-frontier_best,experiments/posthoc_reselect_mistral7b_semantic_loop_guard_w1p6/steer_alpha_0p77_traj_c8_tok120_seed08_i_am_opening_the_fridge__banded-frontier_best.json,2,3,0,-0.2336530618065653,0.0,0.576148811000827,0.0,0.0,0.0,0.0,0.9347435897435897,0.23274193548387093,0.8422733129403042,0.0,0.0,0.0,,0.0,0.0,,0.0,0.0,,0.0,,1.0,0.0,the; fridge; inside; loaf; bread,the; fridge; loaf; bread,0.0,,0.625,loaf; bread; fridge,crumb; molding; cheese; block; butter,0.8125,0.0,0.0,0.0,0,0,"The loaf of bread crumbs, molding cheese. A block of butter, melting into the fridge's surface."
steer_alpha_0p77_traj_c8_tok120_seed08_i_am_opening_the_fridge__banded-frontier_best.json,steer_alpha_0p77_traj__reselect_banded-frontier_best,experiments/posthoc_reselect_mistral7b_semantic_loop_guard_w1p6/steer_alpha_0p77_traj_c8_tok120_seed08_i_am_opening_the_fridge__banded-frontier_best.json,2,4,0,1.0619116701408042,0.0,0.777563839385031,0.0,0.0,0.0,0.0,0.9067068965517242,0.7151382488479262,0.4035490359658881,0.0,0.0,0.0,,0.0,0.0,,0.0,0.0,,0.0,,1.0,0.0,the; fridge; inside; loaf; bread,the; fridge; inside; loaf; bread,0.37500000000000006,milk,0.5714285714285714,loaf; bread; fridge,jar; milk; glass; lemon,0.49107142857142855,0.0,0.0,0.0,0,0,"A loaf of bread, a jar of milk. Inside the fridge, a glass of lemon of milk."
steer_alpha_0p77_traj_c8_tok120_seed08_i_am_opening_the_fridge__banded-frontier_best.json,steer_alpha_0p77_traj__reselect_banded-frontier_best,experiments/posthoc_reselect_mistral7b_semantic_loop_guard_w1p6/steer_alpha_0p77_traj_c8_tok120_seed08_i_am_opening_the_fridge__banded-frontier_best.json,2,5,0,-0.6074730158730157,0.0,0.5157666666666666,0.0,0.0,0.0,0.0,0.8596111111111111,0.19999999999999998,0.9100000000000001,0.0,0.0,0.0,,0.0,0.0,,0.0,0.0,,0.0,,1.0,0.0,the; fridge; inside; loaf; bread,the; fridge; inside; loaf; bread,0.5454545454545455,fridge; teapot,0.6666666666666666,fridge; loaf; bread,cradle; teapot; coffee; brew; pouring; milk,0.3787878787878787,0.0,0.0,0.0,0,0,"Inside the fridge, a loaf of bread cradles a teapot, inside the fridge. A teapot of coffee brews, pouring milk."
steer_alpha_0p77_traj_c8_tok120_seed08_i_am_opening_the_fridge__banded-frontier_best.json,steer_alpha_0p77_traj__reselect_banded-frontier_best,experiments/posthoc_reselect_mistral7b_semantic_loop_guard_w1p6/steer_alpha_0p77_traj_c8_tok120_seed08_i_am_opening_the_fridge__banded-frontier_best.json,2,6,0,-1.5736303696303695,0.0,0.3823041958041958,0.0,0.0,0.0,0.0,0.7213286713286713,0.05999999999999997,0.9730000000000001,0.0,0.0,0.0,,0.0,0.0,,0.0,0.0,,0.0,,1.0,0.0,the; fridge; inside; loaf; bread,the; fridge; inside; loaf; bread,0.6000000000000001,milk; teapot,0.625,fridge; loaf; bread,cradle; kettle; milk; teapot; pouring,0.32499999999999996,0.0,0.0,0.0,0,0,"Inside the fridge, a loaf of bread cradles a kettle of milk and a teapot. A teapot, pouring milk."
steer_alpha_0p77_traj_c8_tok120_seed08_i_am_opening_the_fridge__banded-frontier_best.json,steer_alpha_0p77_traj__reselect_banded-frontier_best,experiments/posthoc_reselect_mistral7b_semantic_loop_guard_w1p6/steer_alpha_0p77_traj_c8_tok120_seed08_i_am_opening_the_fridge__banded-frontier_best.json,2,7,0,0.6251687314267731,0.008880609646476715,0.4061254411498498,0.02666666666666667,0.0,0.0,0.13333333333333333,0.5576161616161617,0.45664874551971324,0.6942753058954394,0.0,0.0,0.0,,0.0,0.0,,0.0,0.0,,0.0,,1.0,0.0,the; fridge; inside; loaf; bread,the; fridge; inside; loaf; bread,0.821062271062271,bread; loaf; fridge,0.6666666666666666,fridge; loaf; bread,transformed; butter; counter; transform; vending; machine,0.14911477411477414,0.0,0.0,0.0,0,0,"Inside the fridge, a loaf of bread, a loaf of bread is transformed into a loaf of butter. The bread is on the counter, and the fridge transforms into a vending machine."
steer_alpha_0p77_traj_c8_tok120_seed08_i_am_opening_the_fridge__banded-frontier_best.json,steer_alpha_0p77_traj__reselect_banded-frontier_best,experiments/posthoc_reselect_mistral7b_semantic_loop_guard_w1p6/steer_alpha_0p77_traj_c8_tok120_seed08_i_am_opening_the_fridge__banded-frontier_best.json,2,8,0,-0.016459463360744442,0.0,0.4434449192782526,0.0,0.0,0.0,0.0,0.8868898385565052,0.0,0.935485632183908,0.0,0.0,0.0,,0.0,0.0,,0.0,0.0,,0.0,,0.75,0.25,the; fridge; inside; loaf; bread,the; fridge; inside,0.875,lemon; slice,0.8333333333333334,fridge,slice; lemon; cucumber; watermelon; peel,0.11458333333333334,0.0,0.0,0.0,0,0,"Inside the fridge, a single slice of lemon, a cucumber. A watermelon with its peel, a slice of lemon."
steer_alpha_0p77_traj_c8_tok120_seed08_i_am_opening_the_fridge__banded-frontier_best.json,steer_alpha_0p77_traj__reselect_banded-frontier_best,experiments/posthoc_reselect_mistral7b_semantic_loop_guard_w1p6/steer_alpha_0p77_traj_c8_tok120_seed08_i_am_opening_the_fridge__banded-frontier_best.json,3,1,1,-0.6694403533909321,0.0,0.3773273910582909,0.0,0.0,0.0,0.0,0.7546547821165818,0.0,1.0,0.0,0.0,0.0,,0.0,0.0,,0.0,0.0,,0.0,,1.0,0.0,the; fridge; inside; loaf; bread; cat; its; milk; pot; cream; teapot; kettle's,the; cat; milk; teapot,0.0,,0.8181818181818182,cat; teapot,laps; milk-white; teeth; cupboard; lined; biscuit; spoon; jar; honey,0.9090909090909092,0.0,0.0,0.0,0,0,"The cat laps from the teapot, milk-white teeth. A cupboard, lined with biscuits and a silver spoon, a jar of honey."
steer_alpha_0p77_traj_c8_tok120_seed08_i_am_opening_the_fridge__banded-frontier_best.json,steer_alpha_0p77_traj__reselect_banded-frontier_best,experiments/posthoc_reselect_mistral7b_semantic_loop_guard_w1p6/steer_alpha_0p77_traj_c8_tok120_seed08_i_am_opening_the_fridge__banded-frontier_best.json,3,2,0,0.36300892438623134,0.0,0.5053299441786284,0.0,0.0,0.0,0.0,0.8422165736310474,0.19999999999999998,0.810477011494253,0.0,0.0,0.0,,0.0,0.0,,0.0,0.0,,0.0,,1.0,0.0,the; fridge; inside; loaf; bread; cat; its; milk; pot; cream; teapot; kettle's,the; inside; bread; cat; milk; teapot; kettle's,0.0,,0.45454545454545453,kettle; spout; cat; milk; bread; teapot,tea; steam; laps; cradled; embrace,0.7272727272727273,0.0,0.0,0.0,0,0,"Inside the kettle's spout, tea steams, the cat laps at the milk. The bread, cradled in the teapot's embrace."
steer_alpha_0p77_traj_c8_tok120_seed08_i_am_opening_the_fridge__banded-frontier_best.json,steer_alpha_0p77_traj__reselect_banded-frontier_best,experiments/posthoc_reselect_mistral7b_semantic_loop_guard_w1p6/steer_alpha_0p77_traj_c8_tok120_seed08_i_am_opening_the_fridge__banded-frontier_best.json,3,3,0,0.30643782249742,0.0,0.5617026315789474,0.0,0.0,0.0,0.0,0.936171052631579,0.19999999999999998,0.9100000000000001,0.0,0.0,0.0,,0.0,0.0,,0.0,0.0,,0.0,,0.75,0.25,the; fridge; inside; loaf; bread; cat; its; milk; pot; cream; teapot; kettle's,the; its; teapot,0.0,,0.8461538461538461,kettle; teapot,cup; tea; steam; handle; grip; spoon; table; book; poetry; vase; flower,0.9230769230769231,0.0,0.0,0.0,0,0,"In the kettle, a cup of tea steams, its handle grips a spoon. On the table, a teapot, a book of poetry, a vase of flowers."
steer_alpha_0p77_traj_c8_tok120_seed08_i_am_opening_the_fridge__banded-frontier_best.json,steer_alpha_0p77_traj__reselect_banded-frontier_best,experiments/posthoc_reselect_mistral7b_semantic_loop_guard_w1p6/steer_alpha_0p77_traj_c8_tok120_seed08_i_am_opening_the_fridge__banded-frontier_best.json,3,4,0,-0.35881970457413714,0.0,0.44785897435897437,0.0,0.0,0.0,0.0,0.8957179487179487,0.0,0.8987083333333334,0.0,0.0,0.0,,0.0,0.0,,0.0,0.0,,0.0,,1.0,0.0,the; fridge; inside; loaf; bread; cat; its; milk; pot; cream; teapot; kettle's,the; fridge; inside; cat; cream; teapot,0.0,,0.5,fridge; cat; cream; teapot,lick; saucer; pour; tea,0.75,0.0,0.0,0.0,0,0,"Inside the fridge, the cat licks cream from a saucer, the teapot pours tea."
steer_alpha_0p77_traj_c8_tok120_seed08_i_am_opening_the_fridge__banded-frontier_best.json,steer_alpha_0p77_traj__reselect_banded-frontier_best,experiments/posthoc_reselect_mistral7b_semantic_loop_guard_w1p6/steer_alpha_0p77_traj_c8_tok120_seed08_i_am_opening_the_fridge__banded-frontier_best.json,3,5,0,-0.3100717052648665,0.0,0.45597686244597,0.0,0.0,0.0,0.0,0.91195372489194,0.0,1.0,0.0,0.0,0.0,,0.0,0.0,,0.0,0.0,,0.0,,1.0,0.0,the; fridge; inside; loaf; bread; cat; its; milk; pot; cream; teapot; kettle's,the; fridge; inside; cat,0.0,,0.6666666666666666,fridge; kettle; cat; spout,boil; pouring; tea; two; laps; saucer; sipping; liquid,0.8333333333333333,0.0,0.0,0.0,0,0,"Inside the fridge, a kettle boils, pouring tea for two. The cat laps from a saucer, sipping the spout's liquid."
steer_alpha_0p77_traj_c8_tok120_seed08_i_am_opening_the_fridge__banded-frontier_best.json,steer_alpha_0p77_traj__reselect_banded-frontier_best,experiments/posthoc_reselect_mistral7b_semantic_loop_guard_w1p6/steer_alpha_0p77_traj_c8_tok120_seed08_i_am_opening_the_fridge__banded-frontier_best.json,3,6,0,1.1776974540012852,0.0,0.5270769230769231,0.0,0.0,0.0,0.0,0.8784615384615385,0.19999999999999998,0.8477614942528737,0.0,0.0,0.0,,0.0,0.0,,0.0,0.0,,0.0,,1.0,0.0,the; fridge; inside; loaf; bread; cat; its; milk; pot; cream; teapot; kettle's,the; inside; its; pot; teapot,0.0,,0.6666666666666666,teapot; kettle; pot,steaming; pour; tea; spoon; spoonful; sugar,0.8333333333333333,0.0,0.0,0.0,0,0,"Inside the teapot, a steaming kettle pours its tea. A spoon rests on the pot, a spoonful of sugar."
steer_alpha_0p77_traj_c8_tok120_seed08_i_am_opening_the_fridge__banded-frontier_best.json,steer_alpha_0p77_traj__reselect_banded-frontier_best,experiments/posthoc_reselect_mistral7b_semantic_loop_guard_w1p6/steer_alpha_0p77_traj_c8_tok120_seed08_i_am_opening_the_fridge__banded-frontier_best.json,3,7,0,1.4674115694327294,0.0,0.545850499531332,0.0,0.0,0.0,0.0,0.8412544294826364,0.2977060931899641,0.5819920281794587,0.0,0.0,0.0,,0.0,0.0,,0.0,0.0,,0.0,,1.0,0.0,the; fridge; inside; loaf; bread; cat; its; milk; pot; cream; teapot; kettle's,the; fridge; inside; cat; teapot; kettle's,0.30000000000000004,teapot,0.4444444444444444,fridge; kettle; spout; teapot; cat,pour; water; curl; shadow,0.5055555555555555,0.0,0.0,0.0,0,0,"Inside the fridge, a kettle's spout pours water into a teapot, the cat curls up in the teapot's shadow."
steer_alpha_0p77_traj_c8_tok120_seed08_i_am_opening_the_fridge__banded-frontier_best.json,steer_alpha_0p77_traj__reselect_banded-frontier_best,experiments/posthoc_reselect_mistral7b_semantic_loop_guard_w1p6/steer_alpha_0p77_traj_c8_tok120_seed08_i_am_opening_the_fridge__banded-frontier_best.json,3,8,0,-0.20934344765375457,0.0,0.45728813559322035,0.0,0.0,0.0,0.0,0.9145762711864407,0.0,0.9206157635467982,0.0,0.0,0.0,,0.0,0.0,,0.0,0.0,,0.0,,1.0,0.0,the; fridge; inside; loaf; bread; cat; its; milk; pot; cream; teapot; kettle's,the; inside; loaf; bread; cat; its; milk; teapot,0.37500000000000006,teapot,0.2857142857142857,teapot; cat; milk; loaf; bread,pour; tea,0.40178571428571425,0.0,0.0,0.0,0,0,"Inside the teapot, a cat with its milk, a loaf of bread, a teapot pours tea."
steer_alpha_0p77_traj_c8_tok120_seed09_i_am_waiting_for_the_printer__banded-frontier_best.json,steer_alpha_0p77_traj__reselect_banded-frontier_best,experiments/posthoc_reselect_mistral7b_semantic_loop_guard_w1p6/steer_alpha_0p77_traj_c8_tok120_seed09_i_am_waiting_for_the_printer__banded-frontier_best.json,1,1,1,-1.0889344086021504,0.011608025806451611,0.21234193548387095,0.06666666666666667,0.0,0.0,0.3333333333333333,0.6,0.17967741935483866,0.3691451612903226,0.0,0.0,0.0,,0.0,0.0,,0.0,0.0,,0.0,,1.0,0.0,waiting; for; the; printer,waiting; for; the; printer,0.0,,0.5,waiting; printer,ink; word,0.75,0.0,0.0,0.4,0,0,"I am waiting for the printer, its ink spills words."
steer_alpha_0p77_traj_c8_tok120_seed09_i_am_waiting_for_the_printer__banded-frontier_best.json,steer_alpha_0p77_traj__reselect_banded-frontier_best,experiments/posthoc_reselect_mistral7b_semantic_loop_guard_w1p6/steer_alpha_0p77_traj_c8_tok120_seed09_i_am_waiting_for_the_printer__banded-frontier_best.json,1,2,0,-0.9930334313725487,0.0,0.5,0.0,0.0,0.0,0.0,1.0,0.0,0.8340833333333333,0.0,0.0,0.0,,0.0,0.0,,0.0,0.0,,0.0,,0.5,0.5,waiting; for; the; printer,the; printer,0.0,,0.8,printer,hums; spitting; out; document,0.9,0.0,0.0,0.0,0,0,"The printer hums, spitting out documents."
steer_alpha_0p77_traj_c8_tok120_seed09_i_am_waiting_for_the_printer__banded-frontier_best.json,steer_alpha_0p77_traj__reselect_banded-frontier_best,experiments/posthoc_reselect_mistral7b_semantic_loop_guard_w1p6/steer_alpha_0p77_traj_c8_tok120_seed09_i_am_waiting_for_the_printer__banded-frontier_best.json,1,3,0,-0.5180784313725488,0.0,0.49504166666666666,0.0,0.0,0.0,0.0,0.9900833333333333,0.0,0.8987083333333334,0.0,0.0,0.0,,0.0,0.0,,0.0,0.0,,0.0,,0.5,0.5,waiting; for; the; printer,the; printer,0.0,,0.875,printer,humming; softly; rhythmic; pulse; spitting; out; sonnet,0.9375,0.0,0.0,0.0,0,0,"The printer is humming softly, its rhythmic pulse, spitting out a sonnet."
steer_alpha_0p77_traj_c8_tok120_seed09_i_am_waiting_for_the_printer__banded-frontier_best.json,steer_alpha_0p77_traj__reselect_banded-frontier_best,experiments/posthoc_reselect_mistral7b_semantic_loop_guard_w1p6/steer_alpha_0p77_traj_c8_tok120_seed09_i_am_waiting_for_the_printer__banded-frontier_best.json,1,4,0,-1.5339142233347238,0.025552304964539006,0.46742021276595747,0.06666666666666667,0.0,0.0,0.3333333333333333,0.9348404255319149,0.0,0.8753333333333333,0.0,0.3333333333333333,12.5,whispering,0.0,0.0,,0.3333333333333333,12.5,whispering,0.0,,0.5,0.5,waiting; for; the; printer,the; printer,0.0,,0.8333333333333334,printer,hums; softly; whispering; secret; floor,0.9166666666666667,0.0,0.0,0.0,0,0,"The printer hums softly, whispering secrets to the floor."
steer_alpha_0p77_traj_c8_tok120_seed09_i_am_waiting_for_the_printer__banded-frontier_best.json,steer_alpha_0p77_traj__reselect_banded-frontier_best,experiments/posthoc_reselect_mistral7b_semantic_loop_guard_w1p6/steer_alpha_0p77_traj_c8_tok120_seed09_i_am_waiting_for_the_printer__banded-frontier_best.json,1,5,0,-1.1830606549364613,0.0117622119908765,0.10758120723362653,0.13333333333333333,0.0,0.0,0.6666666666666666,0.2578787878787878,0.39059139784946223,0.27423387096774204,0.0,0.0,0.0,,0.0,0.0,,0.0,0.0,,0.0,,1.0,0.0,waiting; for; the; printer,waiting; for; the; printer,0.0,,0.3333333333333333,waiting; printer,forest,0.6666666666666666,0.0,0.0,0.4,0,0,I am waiting for the printer in the forest.
steer_alpha_0p77_traj_c8_tok120_seed09_i_am_waiting_for_the_printer__banded-frontier_best.json,steer_alpha_0p77_traj__reselect_banded-frontier_best,experiments/posthoc_reselect_mistral7b_semantic_loop_guard_w1p6/steer_alpha_0p77_traj_c8_tok120_seed09_i_am_waiting_for_the_printer__banded-frontier_best.json,1,6,0,-1.168184946524064,0.0,0.46393939393939393,0.0,0.0,0.0,0.0,0.9278787878787879,0.0,0.8340833333333333,0.0,0.0,0.0,,0.0,0.0,,0.0,0.0,,0.0,,0.5,0.5,waiting; for; the; printer,the; printer,0.0,,0.8,printer,hums; softly; printing; song,0.9,0.0,0.0,0.0,0,0,"The printer hums softly, printing songs."
steer_alpha_0p77_traj_c8_tok120_seed09_i_am_waiting_for_the_printer__banded-frontier_best.json,steer_alpha_0p77_traj__reselect_banded-frontier_best,experiments/posthoc_reselect_mistral7b_semantic_loop_guard_w1p6/steer_alpha_0p77_traj_c8_tok120_seed09_i_am_waiting_for_the_printer__banded-frontier_best.json,1,7,0,-0.5211426495963666,0.0,0.3522457627118644,0.0,0.0,0.0,0.0,0.7044915254237288,0.0,0.7008189655172414,0.0,0.0,0.0,,0.0,0.0,,0.0,0.0,,0.0,,0.5,0.5,waiting; for; the; printer,the; printer,0.5,ink,0.8,printer,ink; spreading; line; page,0.45,0.0,0.0,0.0,0,0,"The printer, its ink, spills ink, spreading black lines across the page."
steer_alpha_0p77_traj_c8_tok120_seed09_i_am_waiting_for_the_printer__banded-frontier_best.json,steer_alpha_0p77_traj__reselect_banded-frontier_best,experiments/posthoc_reselect_mistral7b_semantic_loop_guard_w1p6/steer_alpha_0p77_traj_c8_tok120_seed09_i_am_waiting_for_the_printer__banded-frontier_best.json,1,8,0,-3.4006309714743956,0.006888953488372091,0.1260174418604651,0.06666666666666667,0.0,0.0,0.3333333333333333,0.4200581395348837,0.0,0.8844841954022988,0.0,0.3333333333333333,7.142857142857143,whispering,0.0,0.0,,0.3333333333333333,7.142857142857143,whispering,0.0,,1.0,0.0,waiting; for; the; printer,waiting; for; the; printer,0.33333333333333326,printer,0.75,waiting; printer,garden; spit; leave; whispering; secret; flower,0.5833333333333334,0.0,0.0,0.4,0,0,"I am waiting for the printer, in the garden. The printer spits leaves, whispering secrets to the flowers."
steer_alpha_0p77_traj_c8_tok120_seed09_i_am_waiting_for_the_printer__banded-frontier_best.json,steer_alpha_0p77_traj__reselect_banded-frontier_best,experiments/posthoc_reselect_mistral7b_semantic_loop_guard_w1p6/steer_alpha_0p77_traj_c8_tok120_seed09_i_am_waiting_for_the_printer__banded-frontier_best.json,2,1,1,2.8307238674780257,0.44432406896551724,0.8786896551724137,0.6166666666666667,1.0,0.0,0.3333333333333333,0.9448275862068966,0.8599999999999999,0.06300000000000006,0.0,0.0,0.0,,0.0,0.0,,0.0,0.0,,0.0,,0.75,0.25,waiting; for; the; printer; its; ink; spills; words,the; printer; words,0.0,,0.3333333333333333,printer; word,book,0.6666666666666666,0.0,0.0,0.0,1,0,The printer's words become a book.
steer_alpha_0p77_traj_c8_tok120_seed09_i_am_waiting_for_the_printer__banded-frontier_best.json,steer_alpha_0p77_traj__reselect_banded-frontier_best,experiments/posthoc_reselect_mistral7b_semantic_loop_guard_w1p6/steer_alpha_0p77_traj_c8_tok120_seed09_i_am_waiting_for_the_printer__banded-frontier_best.json,2,2,0,0.9527161107891433,0.0,0.5575,0.0,0.0,0.0,0.0,1.0,0.11499999999999996,0.7251522988505748,0.0,0.0,0.0,,0.0,0.0,,0.0,0.0,,0.0,,1.0,0.0,waiting; for; the; printer; its; ink; spills; words,the; its; ink; words,0.0,,0.6666666666666666,ink; word,pool; river; book; poem,0.8333333333333333,0.0,0.0,0.0,0,0,"The ink pools in a river, its words, a book of poems."
steer_alpha_0p77_traj_c8_tok120_seed09_i_am_waiting_for_the_printer__banded-frontier_best.json,steer_alpha_0p77_traj__reselect_banded-frontier_best,experiments/posthoc_reselect_mistral7b_semantic_loop_guard_w1p6/steer_alpha_0p77_traj_c8_tok120_seed09_i_am_waiting_for_the_printer__banded-frontier_best.json,2,3,0,0.20828823529411777,0.0,0.43875000000000003,0.0,0.0,0.0,0.0,0.8775000000000001,0.0,0.45,0.0,0.0,0.0,,0.0,0.0,,0.0,0.0,,0.0,,1.0,0.0,waiting; for; the; printer; its; ink; spills; words,the; printer; ink; words,0.0,,0.25,ink; word; printer,coil,0.625,0.0,0.0,0.0,0,0,"The ink, the words coil around the printer."
steer_alpha_0p77_traj_c8_tok120_seed09_i_am_waiting_for_the_printer__banded-frontier_best.json,steer_alpha_0p77_traj__reselect_banded-frontier_best,experiments/posthoc_reselect_mistral7b_semantic_loop_guard_w1p6/steer_alpha_0p77_traj_c8_tok120_seed09_i_am_waiting_for_the_printer__banded-frontier_best.json,2,4,0,-0.9516880641831713,0.0,0.36974806201550386,0.0,0.0,0.0,0.0,0.7394961240310077,0.0,0.8658189655172415,0.0,0.0,0.0,,0.0,0.0,,0.0,0.0,,0.0,,1.0,0.0,waiting; for; the; printer; its; ink; spills; words,the; its; ink; words,0.0,,0.6666666666666666,word; ink,inkpot; fill; page; dripping,0.8333333333333333,0.0,0.0,0.0,0,0,"The inkpot fills the pages of its words, dripping ink."
steer_alpha_0p77_traj_c8_tok120_seed09_i_am_waiting_for_the_printer__banded-frontier_best.json,steer_alpha_0p77_traj__reselect_banded-frontier_best,experiments/posthoc_reselect_mistral7b_semantic_loop_guard_w1p6/steer_alpha_0p77_traj_c8_tok120_seed09_i_am_waiting_for_the_printer__banded-frontier_best.json,2,5,0,0.5285613924997833,0.0,0.5594305127176195,0.0,0.0,0.0,0.0,0.9076198296085937,0.23274193548387093,0.6552733129403041,0.0,0.0,0.0,,0.0,0.0,,0.0,0.0,,0.0,,1.0,0.0,waiting; for; the; printer; its; ink; spills; words,the; printer; its; ink; spills; words,0.33333333333333326,word,0.625,printer; ink; word,hand; cradling; ink-stitched; paperweight; pocket,0.5416666666666667,0.0,0.0,0.0,0,0,"The printer, its ink spills words in my hands, cradling the ink-stitched words, a paperweight in its pocket."
steer_alpha_0p77_traj_c8_tok120_seed09_i_am_waiting_for_the_printer__banded-frontier_best.json,steer_alpha_0p77_traj__reselect_banded-frontier_best,experiments/posthoc_reselect_mistral7b_semantic_loop_guard_w1p6/steer_alpha_0p77_traj_c8_tok120_seed09_i_am_waiting_for_the_printer__banded-frontier_best.json,2,6,0,-1.0145087612242787,0.0,0.4731960960960961,0.0,0.0,0.0,0.0,0.8928228228228228,0.05999999999999997,0.8098175287356322,0.0,0.0,0.0,,0.0,0.0,,0.0,0.0,,0.0,,1.0,0.0,waiting; for; the; printer; its; ink; spills; words,the; printer; its; ink; spills; words,0.37500000000000006,ink,0.5714285714285714,printer; ink; word,paper; curl; teapot; table,0.49107142857142855,0.0,0.0,0.0,0,0,"The paper curls beneath a teapot, the printer's ink spills ink, its words onto the table."
steer_alpha_0p77_traj_c8_tok120_seed09_i_am_waiting_for_the_printer__banded-frontier_best.json,steer_alpha_0p77_traj__reselect_banded-frontier_best,experiments/posthoc_reselect_mistral7b_semantic_loop_guard_w1p6/steer_alpha_0p77_traj_c8_tok120_seed09_i_am_waiting_for_the_printer__banded-frontier_best.json,2,7,0,2.2254880049063437,0.028828057390467024,0.7910137698603756,0.044444444444444446,0.0,0.0,0.2222222222222222,0.8811940298507464,0.7953225806451613,0.1617715053763441,0.0,0.0,0.0,,0.0,0.0,,0.0,0.0,,0.0,,1.0,0.0,waiting; for; the; printer; its; ink; spills; words,the; printer; its; ink; spills; words,0.6928571428571428,ink; word,0.4,word; printer; ink,page; desk,0.215,0.0,0.0,0.0,0,0,"The page of words unfolds, the printer spills ink onto a desk, its ink spills words."
steer_alpha_0p77_traj_c8_tok120_seed09_i_am_waiting_for_the_printer__banded-frontier_best.json,steer_alpha_0p77_traj__reselect_banded-frontier_best,experiments/posthoc_reselect_mistral7b_semantic_loop_guard_w1p6/steer_alpha_0p77_traj_c8_tok120_seed09_i_am_waiting_for_the_printer__banded-frontier_best.json,2,8,0,1.2222696936138795,0.0,0.6905814728682171,0.0,0.0,0.0,0.0,0.742560723514212,0.8599999999999999,0.06300000000000006,0.0,0.0,0.0,,0.0,0.0,,0.0,0.0,,0.0,,1.0,0.0,waiting; for; the; printer; its; ink; spills; words,the; printer; its; ink; spills; words,0.95,ink; word,0.0,printer; ink; word,,0.025000000000000022,0.0,0.0,0.0,0,0,"The printer's ink spills words, its ink spills words."
steer_alpha_0p77_traj_c8_tok120_seed09_i_am_waiting_for_the_printer__banded-frontier_best.json,steer_alpha_0p77_traj__reselect_banded-frontier_best,experiments/posthoc_reselect_mistral7b_semantic_loop_guard_w1p6/steer_alpha_0p77_traj_c8_tok120_seed09_i_am_waiting_for_the_printer__banded-frontier_best.json,3,1,1,3.769498696902504,0.17008201938956646,0.7320603417054512,0.2833333333333333,0.0,1.0,0.16666666666666666,0.8764086091282717,0.6705913978494622,0.18047525027808686,0.0,0.0,0.0,,0.0,0.0,,0.0,0.0,,0.0,,1.0,0.0,waiting; for; the; printer; its; ink; spills; words; printer's; book,the; ink; spills; words; book,0.4285714285714286,book,0.5,book; ink; word,page; secret; garden,0.42857142857142855,0.0,0.0,0.0,0,1,"The book's pages hold secrets, and the ink spills words. The book opens as a garden."
steer_alpha_0p77_traj_c8_tok120_seed09_i_am_waiting_for_the_printer__banded-frontier_best.json,steer_alpha_0p77_traj__reselect_banded-frontier_best,experiments/posthoc_reselect_mistral7b_semantic_loop_guard_w1p6/steer_alpha_0p77_traj_c8_tok120_seed09_i_am_waiting_for_the_printer__banded-frontier_best.json,3,2,0,2.5107399434659703,0.4147502820007759,0.8508667741069029,0.5944444444444444,1.0,0.0,0.2222222222222222,0.8508667741069029,1.0,0.0,0.0,0.0,0.0,,0.0,0.0,,0.0,0.0,,0.0,,1.0,0.0,waiting; for; the; printer; its; ink; spills; words; printer's; book,the; printer; ink; spills; words; printer's; book,0.675,book; word,0.3333333333333333,book; ink; word; printer,page; rustle,0.21666666666666662,0.0,0.0,0.0,1,0,"The book's pages rustle open, and the ink spills words. The printer's words become a book."
steer_alpha_0p77_traj_c8_tok120_seed09_i_am_waiting_for_the_printer__banded-frontier_best.json,steer_alpha_0p77_traj__reselect_banded-frontier_best,experiments/posthoc_reselect_mistral7b_semantic_loop_guard_w1p6/steer_alpha_0p77_traj_c8_tok120_seed09_i_am_waiting_for_the_printer__banded-frontier_best.json,3,3,0,3.260196027703669,0.3573991888322958,0.7471760045274477,0.5833333333333334,1.0,0.0,0.16666666666666666,0.7471760045274477,1.0,0.0,0.0,0.0,0.0,,0.0,0.0,,0.0,0.0,,0.0,,1.0,0.0,waiting; for; the; printer; its; ink; spills; words; printer's; book,the; its; ink; spills; words; book,0.7250000000000001,book; page; word,0.5,book; ink; word,page; fan; forest,0.20624999999999993,0.0,0.0,0.0,2,0,"The book's ink spills pages, its words become a book. The book's pages unfold like a fan, its words become a forest."
steer_alpha_0p77_traj_c8_tok120_seed09_i_am_waiting_for_the_printer__banded-frontier_best.json,steer_alpha_0p77_traj__reselect_banded-frontier_best,experiments/posthoc_reselect_mistral7b_semantic_loop_guard_w1p6/steer_alpha_0p77_traj_c8_tok120_seed09_i_am_waiting_for_the_printer__banded-frontier_best.json,3,4,0,1.3946360829129576,0.16396392315774874,0.6314400121607783,0.31666666666666665,0.0,1.0,0.3333333333333333,0.8273055555555556,0.5264976958525345,0.4786610122358176,0.0,0.0,0.0,,0.0,0.0,,0.0,0.0,,0.0,,1.0,0.0,waiting; for; the; printer; its; ink; spills; words; printer's; book,the; its; words; book,0.6611111111111112,book; secret,0.7142857142857143,book; word,page; fan; speak; secret; whisper,0.29047619047619044,0.0,0.0,0.0,0,2,"The book's pages fan open, and the book's words speak of secrets, its secrets whisper."
steer_alpha_0p77_traj_c8_tok120_seed09_i_am_waiting_for_the_printer__banded-frontier_best.json,steer_alpha_0p77_traj__reselect_banded-frontier_best,experiments/posthoc_reselect_mistral7b_semantic_loop_guard_w1p6/steer_alpha_0p77_traj_c8_tok120_seed09_i_am_waiting_for_the_printer__banded-frontier_best.json,3,5,0,2.404224716668276,0.0,0.53625,0.0,0.0,0.0,0.0,0.77,0.3928571428571428,0.4144396551724139,0.0,0.0,0.0,,0.0,0.0,,0.0,0.0,,0.0,,1.0,0.0,waiting; for; the; printer; its; ink; spills; words; printer's; book,the; its; ink; words; book,0.0,,0.5714285714285714,book; word; ink,page; dance; night; sky,0.7857142857142857,0.0,0.0,0.0,0,0,"The book opens, its pages unfold. Words dance and spill ink in the night sky."
steer_alpha_0p77_traj_c8_tok120_seed09_i_am_waiting_for_the_printer__banded-frontier_best.json,steer_alpha_0p77_traj__reselect_banded-frontier_best,experiments/posthoc_reselect_mistral7b_semantic_loop_guard_w1p6/steer_alpha_0p77_traj_c8_tok120_seed09_i_am_waiting_for_the_printer__banded-frontier_best.json,3,6,0,-0.18089453528095567,0.0,0.5036019230769231,0.0,0.0,0.0,0.0,0.9501923076923077,0.05999999999999997,0.8098175287356322,0.0,0.0,0.0,,0.0,0.0,,0.0,0.0,,0.0,,1.0,0.0,waiting; for; the; printer; its; ink; spills; words; printer's; book,the; its; ink; spills; words; book,0.0,,0.625,book; ink; word,page; revealing; secret; forming; river,0.8125,0.0,0.0,0.0,0,0,"The book opens its pages, revealing secrets. The ink spills words, forming a river."
steer_alpha_0p77_traj_c8_tok120_seed09_i_am_waiting_for_the_printer__banded-frontier_best.json,steer_alpha_0p77_traj__reselect_banded-frontier_best,experiments/posthoc_reselect_mistral7b_semantic_loop_guard_w1p6/steer_alpha_0p77_traj_c8_tok120_seed09_i_am_waiting_for_the_printer__banded-frontier_best.json,3,7,0,0.9023207469778364,0.0,0.6086147370486655,0.0,0.0,0.0,0.0,0.9098351648351648,0.33785714285714274,0.5281063218390806,0.0,0.0,0.0,,0.0,0.0,,0.0,0.0,,0.0,,1.0,0.0,waiting; for; the; printer; its; ink; spills; words; printer's; book,the; ink; spills; words; book,0.37500000000000006,book,0.5714285714285714,book; ink; word,page; revealing; secret; becoming,0.49107142857142855,0.0,0.0,0.0,0,0,"The book's pages unfold, revealing secrets. The ink spills words, becoming a book."
steer_alpha_0p77_traj_c8_tok120_seed09_i_am_waiting_for_the_printer__banded-frontier_best.json,steer_alpha_0p77_traj__reselect_banded-frontier_best,experiments/posthoc_reselect_mistral7b_semantic_loop_guard_w1p6/steer_alpha_0p77_traj_c8_tok120_seed09_i_am_waiting_for_the_printer__banded-frontier_best.json,3,8,0,0.111119430769832,0.010097823533828789,0.3694325683108094,0.03333333333333333,0.0,0.0,0.16666666666666666,0.5522750620770243,0.33785714285714274,0.7151063218390805,0.0,0.0,0.0,,0.0,0.0,,0.0,0.0,,0.0,,0.5,0.5,waiting; for; the; printer; its; ink; spills; words; printer's; book,the; book,0.7000000000000001,book; page; secret,0.8571428571428571,book,page; revealing; secret; reveal; mirror; wind,0.2785714285714285,0.0,0.0,0.0,0,0,"The book's pages turn open, revealing secrets, and the pages of the book reveal a mirror. The secrets of the wind."
steer_alpha_0p77_traj_c8_tok120_seed09_i_am_waiting_for_the_printer__banded-frontier_best.json,steer_alpha_0p77_traj__reselect_banded-frontier_best,experiments/posthoc_reselect_mistral7b_semantic_loop_guard_w1p6/steer_alpha_0p77_traj_c8_tok120_seed09_i_am_waiting_for_the_printer__banded-frontier_best.json,4,1,1,-0.4418342120277293,0.0,0.5130034285096258,0.0,0.0,0.0,0.0,0.9679309971879732,0.05999999999999997,0.8410948275862069,0.0,0.0,0.0,,0.0,0.0,,0.0,0.0,,0.0,,1.0,0.0,waiting; for; the; printer; its; ink; spills; words; printer's; book; book's; pages,the; its; words; book; book's; pages,0.0,,0.5555555555555556,book; page; rustle; word,teapot; pour; hot; water; steam,0.7777777777777778,0.0,0.0,0.0,0,0,"The book's pages rustle open, spilling words. A teapot pours hot water, its steam."
steer_alpha_0p77_traj_c8_tok120_seed09_i_am_waiting_for_the_printer__banded-frontier_best.json,steer_alpha_0p77_traj__reselect_banded-frontier_best,experiments/posthoc_reselect_mistral7b_semantic_loop_guard_w1p6/steer_alpha_0p77_traj_c8_tok120_seed09_i_am_waiting_for_the_printer__banded-frontier_best.json,4,2,0,0.2406466083002563,0.0,0.5520658414413826,0.0,0.0,0.0,0.0,0.8956713900134953,0.23274193548387093,0.6552733129403041,0.0,0.0,0.0,,0.0,0.0,,0.0,0.0,,0.0,,1.0,0.0,waiting; for; the; printer; its; ink; spills; words; printer's; book; book's; pages,the; ink; spills; words; book; book's; pages,0.33333333333333326,page,0.375,book; page; rustle; ink; word,unfurl; revealing; secret,0.45833333333333337,0.0,0.0,0.0,0,0,"The book's pages rustle open, and the ink spills words. The pages unfurl, revealing a secret."
steer_alpha_0p77_traj_c8_tok120_seed09_i_am_waiting_for_the_printer__banded-frontier_best.json,steer_alpha_0p77_traj__reselect_banded-frontier_best,experiments/posthoc_reselect_mistral7b_semantic_loop_guard_w1p6/steer_alpha_0p77_traj_c8_tok120_seed09_i_am_waiting_for_the_printer__banded-frontier_best.json,4,3,0,0.1495370417732318,0.014284479227053138,0.32662681159420287,0.05333333333333334,0.0,0.0,0.26666666666666666,0.5443780193236715,0.19999999999999998,0.9100000000000001,0.0,0.0,0.0,,0.0,0.0,,0.0,0.0,,0.0,,1.0,0.0,waiting; for; the; printer; its; ink; spills; words; printer's; book; book's; pages,the; its; words; book; pages,0.6833333333333333,page; secret; book,0.6,page; book; rustle; word,moon; light; shine; revealing; secret; reveal,0.25333333333333335,0.0,0.0,0.0,0,0,"The pages of the moon's light shines on the book as the pages rustle open, revealing secrets of its secrets. The book reveals its secrets to the pages, its words spill."
steer_alpha_0p77_traj_c8_tok120_seed09_i_am_waiting_for_the_printer__banded-frontier_best.json,steer_alpha_0p77_traj__reselect_banded-frontier_best,experiments/posthoc_reselect_mistral7b_semantic_loop_guard_w1p6/steer_alpha_0p77_traj_c8_tok120_seed09_i_am_waiting_for_the_printer__banded-frontier_best.json,4,4,0,0.9076469962510787,0.0,0.5487664573034065,0.0,0.0,0.0,0.0,0.7879723489484811,0.3928571428571428,0.4144396551724139,0.0,0.0,0.0,,0.0,0.0,,0.0,0.0,,0.0,,1.0,0.0,waiting; for; the; printer; its; ink; spills; words; printer's; book; book's; pages,the; printer; ink; words; printer's; book; book's; pages,0.8851851851851853,page; rustle; word,0.14285714285714285,book; page; rustle; word; printer; ink,revealing,0.06560846560846555,0.0,0.0,0.0,0,0,"The book's pages rustle open, revealing words. The printer's words spill ink, and the pages rustle open."
steer_alpha_0p77_traj_c8_tok120_seed09_i_am_waiting_for_the_printer__banded-frontier_best.json,steer_alpha_0p77_traj__reselect_banded-frontier_best,experiments/posthoc_reselect_mistral7b_semantic_loop_guard_w1p6/steer_alpha_0p77_traj_c8_tok120_seed09_i_am_waiting_for_the_printer__banded-frontier_best.json,4,5,0,1.6129898373361058,0.01228034890462622,0.44928105748632513,0.03333333333333333,0.0,0.0,0.16666666666666666,0.5932366215344939,0.5146774193548386,0.3677170003707825,0.0,0.0,0.0,,0.0,0.0,,0.0,0.0,,0.0,,1.0,0.0,waiting; for; the; printer; its; ink; spills; words; printer's; book; book's; pages,the; its; ink; spills; words; book; book's; pages,0.9351851851851852,book; ink; page; word,0.16666666666666666,page; book; ink; word; rustle,fan,0.037808641975308616,0.0,0.0,0.0,0,0,"The pages of the book unfold like a fan, its ink spills words. The book's pages rustle open, and its ink spills words."
steer_alpha_0p77_traj_c8_tok120_seed09_i_am_waiting_for_the_printer__banded-frontier_best.json,steer_alpha_0p77_traj__reselect_banded-frontier_best,experiments/posthoc_reselect_mistral7b_semantic_loop_guard_w1p6/steer_alpha_0p77_traj_c8_tok120_seed09_i_am_waiting_for_the_printer__banded-frontier_best.json,4,6,0,1.652567048865378,0.0,0.5753461771541774,0.0,0.0,0.0,0.0,0.6887934151879573,0.6705913978494622,0.18047525027808686,0.0,0.0,0.0,,0.0,0.0,,0.0,0.0,,0.0,,1.0,0.0,waiting; for; the; printer; its; ink; spills; words; printer's; book; book's; pages,the; printer; ink; spills; words; book; book's; pages,0.95,book; ink; page; rustle,0.0,book; page; rustle; ink; word; printer,,0.025000000000000022,0.0,0.0,0.0,0,0,"The book's pages rustle open, and the ink spills words. The book's pages rustle open, and the printer spills ink."
steer_alpha_0p77_traj_c8_tok120_seed09_i_am_waiting_for_the_printer__banded-frontier_best.json,steer_alpha_0p77_traj__reselect_banded-frontier_best,experiments/posthoc_reselect_mistral7b_semantic_loop_guard_w1p6/steer_alpha_0p77_traj_c8_tok120_seed09_i_am_waiting_for_the_printer__banded-frontier_best.json,4,7,0,1.6585987690067014,0.0,0.5334447599399849,0.0,0.0,0.0,0.0,0.6633953488372093,0.6082258064516127,0.22750528364849845,0.0,0.0,0.0,,0.0,0.0,,0.0,0.0,,0.0,,1.0,0.0,waiting; for; the; printer; its; ink; spills; words; printer's; book; book's; pages,the; ink; spills; words; book; book's; pages,0.9722222222222223,ink; page; rustle; word,0.0,book; page; rustle; ink; word,,0.01388888888888884,0.0,0.0,0.0,0,0,"The book's pages rustle open, and the ink spills words. The pages rustle open, and the ink spills words."
steer_alpha_0p77_traj_c8_tok120_seed09_i_am_waiting_for_the_printer__banded-frontier_best.json,steer_alpha_0p77_traj__reselect_banded-frontier_best,experiments/posthoc_reselect_mistral7b_semantic_loop_guard_w1p6/steer_alpha_0p77_traj_c8_tok120_seed09_i_am_waiting_for_the_printer__banded-frontier_best.json,4,8,0,1.5449042359249088,0.0,0.4961825108022723,0.0,0.0,0.0,0.0,0.6170557751427317,0.6082258064516127,0.22750528364849845,0.0,0.0,0.0,,0.0,0.0,,0.0,0.0,,0.0,,1.0,0.0,waiting; for; the; printer; its; ink; spills; words; printer's; book; book's; pages,the; ink; spills; words; book; book's; pages,1.0,book; ink; page; rustle; word,0.0,book; page; rustle; ink; word,,0.0,0.0,0.0,0.0,0,0,"The book's pages rustle open, and the ink spills words. The book's pages rustle open, and the ink spills words."
steer_alpha_0p77_traj_c8_tok120_seed10_the_phone_charger_under_the_desk__banded-frontier_best.json,steer_alpha_0p77_traj__reselect_banded-frontier_best,experiments/posthoc_reselect_mistral7b_semantic_loop_guard_w1p6/steer_alpha_0p77_traj_c8_tok120_seed10_the_phone_charger_under_the_desk__banded-frontier_best.json,1,1,1,2.117521568627451,0.0,0.78776,0.0,0.0,0.0,0.0,0.916,0.72,0.12600000000000003,0.0,0.0,0.0,,0.0,0.0,,0.0,0.0,,0.0,,0.5,0.5,the; phone; charger; desk,the; desk,0.0,,0.5,desk,laptop,0.75,0.0,0.0,0.0,0,0,The laptop under the desk.
steer_alpha_0p77_traj_c8_tok120_seed10_the_phone_charger_under_the_desk__banded-frontier_best.json,steer_alpha_0p77_traj__reselect_banded-frontier_best,experiments/posthoc_reselect_mistral7b_semantic_loop_guard_w1p6/steer_alpha_0p77_traj_c8_tok120_seed10_the_phone_charger_under_the_desk__banded-frontier_best.json,1,2,0,1.8993204933586338,0.0,0.5623129032258065,0.0,0.0,0.0,0.0,0.9533333333333334,0.17967741935483866,0.3691451612903226,0.0,0.0,0.0,,0.0,0.0,,0.0,0.0,,0.0,,0.5,0.5,the; phone; charger; desk,the; desk,0.0,,0.75,desk,book; page; fanned,0.875,0.0,0.0,0.0,0,0,"The book under the desk, its pages fanned open."
steer_alpha_0p77_traj_c8_tok120_seed10_the_phone_charger_under_the_desk__banded-frontier_best.json,steer_alpha_0p77_traj__reselect_banded-frontier_best,experiments/posthoc_reselect_mistral7b_semantic_loop_guard_w1p6/steer_alpha_0p77_traj_c8_tok120_seed10_the_phone_charger_under_the_desk__banded-frontier_best.json,1,3,0,1.1041317466561757,0.0,0.6591778979805927,0.0,0.0,0.0,0.0,0.8195934959349593,0.6085483870967741,0.17615322580645168,0.0,0.0,0.0,,0.0,0.0,,0.0,0.0,,0.0,,1.0,0.0,the; phone; charger; desk,the; phone; charger; desk,0.0,,0.25,desk; phone; charger,laptop,0.625,0.0,0.0,0.0,0,0,"The laptop under the desk, under the phone charger."
steer_alpha_0p77_traj_c8_tok120_seed10_the_phone_charger_under_the_desk__banded-frontier_best.json,steer_alpha_0p77_traj__reselect_banded-frontier_best,experiments/posthoc_reselect_mistral7b_semantic_loop_guard_w1p6/steer_alpha_0p77_traj_c8_tok120_seed10_the_phone_charger_under_the_desk__banded-frontier_best.json,1,4,0,1.6190978525937632,0.0,0.5801633870967742,0.0,0.0,0.0,0.0,0.9463333333333334,0.22612903225806447,0.5452620504263997,0.0,0.0,0.0,,0.0,0.0,,0.0,0.0,,0.0,,0.5,0.5,the; phone; charger; desk,the; desk,0.0,,0.8,desk,umbrella; handle; releasing; water,0.9,0.0,0.0,0.0,0,0,"The umbrella under the desk, its handle open, releasing water."
steer_alpha_0p77_traj_c8_tok120_seed10_the_phone_charger_under_the_desk__banded-frontier_best.json,steer_alpha_0p77_traj__reselect_banded-frontier_best,experiments/posthoc_reselect_mistral7b_semantic_loop_guard_w1p6/steer_alpha_0p77_traj_c8_tok120_seed10_the_phone_charger_under_the_desk__banded-frontier_best.json,1,5,0,0.43915089492180526,0.0,0.49150483870967737,0.0,0.0,0.0,0.0,0.9533333333333334,0.031129032258064487,0.6742620504263998,0.0,0.0,0.0,,0.0,0.0,,0.0,0.0,,0.0,,0.5,0.5,the; phone; charger; desk,the; desk,0.0,,0.8,desk,laptop; screen; reflecting; light,0.9,0.0,0.0,0.0,0,0,"The laptop under the desk, its screen reflecting light."
steer_alpha_0p77_traj_c8_tok120_seed10_the_phone_charger_under_the_desk__banded-frontier_best.json,steer_alpha_0p77_traj__reselect_banded-frontier_best,experiments/posthoc_reselect_mistral7b_semantic_loop_guard_w1p6/steer_alpha_0p77_traj_c8_tok120_seed10_the_phone_charger_under_the_desk__banded-frontier_best.json,1,6,0,0.5524243073091311,0.0,0.2944959051724138,0.0,0.0,0.0,0.0,0.8992241379310345,0.31,0.4788189655172414,0.5,0.0,0.0,,0.0,0.0,,0.0,0.0,,0.0,,0.5,0.5,the; phone; charger; desk,the; desk,0.0,,0.8333333333333334,desk,book; page; revealing; message; dark,0.9166666666666667,0.0,0.0,0.0,0,0,"The book under the desk, its pages open, revealing a message in the dark."
steer_alpha_0p77_traj_c8_tok120_seed10_the_phone_charger_under_the_desk__banded-frontier_best.json,steer_alpha_0p77_traj__reselect_banded-frontier_best,experiments/posthoc_reselect_mistral7b_semantic_loop_guard_w1p6/steer_alpha_0p77_traj_c8_tok120_seed10_the_phone_charger_under_the_desk__banded-frontier_best.json,1,7,0,-0.624615985594865,0.0,0.5037593229166667,0.0,0.0,0.0,0.0,0.9036041666666667,0.11499999999999996,0.6078189655172415,0.0,0.0,0.0,,0.0,0.0,,0.0,0.0,,0.0,,1.0,0.0,the; phone; charger; desk,the; phone; charger; desk,0.0,,0.4,desk; phone; charger,laptop; book,0.7,0.0,0.0,0.0,0,0,"The laptop under the desk, a book beneath the phone charger."
steer_alpha_0p77_traj_c8_tok120_seed10_the_phone_charger_under_the_desk__banded-frontier_best.json,steer_alpha_0p77_traj__reselect_banded-frontier_best,experiments/posthoc_reselect_mistral7b_semantic_loop_guard_w1p6/steer_alpha_0p77_traj_c8_tok120_seed10_the_phone_charger_under_the_desk__banded-frontier_best.json,1,8,0,2.7150376344753693,0.0,0.6680838037634407,0.0,0.0,0.0,0.0,0.8308333333333333,0.6082258064516127,0.22750528364849845,0.0,0.0,0.0,,0.0,0.0,,0.0,0.0,,0.0,,0.5,0.5,the; phone; charger; desk,the; desk,0.5,desk,0.8,desk,book; page; thousand; story,0.45,0.0,0.0,0.0,0,0,"The books under the desk, with pages of a thousand stories, under the desk."
steer_alpha_0p77_traj_c8_tok120_seed10_the_phone_charger_under_the_desk__banded-frontier_best.json,steer_alpha_0p77_traj__reselect_banded-frontier_best,experiments/posthoc_reselect_mistral7b_semantic_loop_guard_w1p6/steer_alpha_0p77_traj_c8_tok120_seed10_the_phone_charger_under_the_desk__banded-frontier_best.json,2,1,1,-1.1867398866213152,0.0,0.3724,0.0,0.0,0.0,0.0,0.6206666666666667,0.19999999999999998,0.7835000000000001,0.0,0.0,0.0,,0.0,0.0,,0.0,0.0,,0.0,,1.0,0.0,the; phone; charger; desk; laptop,the; phone; charger; desk; laptop,0.27272727272727276,phone,0.6,phone; charger; desk; laptop,screen; reflect; light; casting; glow; moonlight,0.5818181818181819,0.0,0.0,0.0,0,0,"The phone charger under the desk, the laptop open. The phone screen reflects the light, casting its glow through the moonlight."
steer_alpha_0p77_traj_c8_tok120_seed10_the_phone_charger_under_the_desk__banded-frontier_best.json,steer_alpha_0p77_traj__reselect_banded-frontier_best,experiments/posthoc_reselect_mistral7b_semantic_loop_guard_w1p6/steer_alpha_0p77_traj_c8_tok120_seed10_the_phone_charger_under_the_desk__banded-frontier_best.json,2,2,0,-1.664816469190217,0.0,0.37964912280701757,0.0,0.0,0.0,0.0,0.7592982456140351,0.0,0.7484856321839081,0.0,0.0,0.0,,0.0,0.0,,0.0,0.0,,0.0,,1.0,0.0,the; phone; charger; desk; laptop,the; phone; charger; desk; laptop,0.4285714285714286,phone,0.3333333333333333,phone; charger; desk; laptop,charging; cord,0.38095238095238093,0.0,0.0,0.0,0,0,"The phone charger under the desk, the phone charging cord, the laptop."
steer_alpha_0p77_traj_c8_tok120_seed10_the_phone_charger_under_the_desk__banded-frontier_best.json,steer_alpha_0p77_traj__reselect_banded-frontier_best,experiments/posthoc_reselect_mistral7b_semantic_loop_guard_w1p6/steer_alpha_0p77_traj_c8_tok120_seed10_the_phone_charger_under_the_desk__banded-frontier_best.json,2,3,0,0.4521438422652955,0.0,0.5122369178082192,0.0,0.0,0.0,0.0,0.7820410958904109,0.31,0.4788189655172414,0.0,0.0,0.0,,0.0,0.0,,0.0,0.0,,0.0,,1.0,0.0,the; phone; charger; desk; laptop,the; phone; charger; desk,0.64375,phone,0.5,phone; charger; desk,table; plugged; socket,0.26718749999999997,0.0,0.0,0.0,0,0,"The phone charger under the desk, the phone on the table. The phone, plugged into a socket."
steer_alpha_0p77_traj_c8_tok120_seed10_the_phone_charger_under_the_desk__banded-frontier_best.json,steer_alpha_0p77_traj__reselect_banded-frontier_best,experiments/posthoc_reselect_mistral7b_semantic_loop_guard_w1p6/steer_alpha_0p77_traj_c8_tok120_seed10_the_phone_charger_under_the_desk__banded-frontier_best.json,2,4,0,1.509968106312292,0.0,0.6455281395348837,0.0,0.0,0.0,0.0,0.6941162790697675,0.8599999999999999,0.06300000000000006,0.0,0.0,0.0,,0.0,0.0,,0.0,0.0,,0.0,,1.0,0.0,the; phone; charger; desk; laptop,the; phone; desk; laptop,0.675,desk,0.0,laptop; desk; phone,,0.16249999999999998,0.0,0.0,0.0,0,0,"The laptop, under the desk. The phone, under the desk."
steer_alpha_0p77_traj_c8_tok120_seed10_the_phone_charger_under_the_desk__banded-frontier_best.json,steer_alpha_0p77_traj__reselect_banded-frontier_best,experiments/posthoc_reselect_mistral7b_semantic_loop_guard_w1p6/steer_alpha_0p77_traj_c8_tok120_seed10_the_phone_charger_under_the_desk__banded-frontier_best.json,2,5,0,-0.460003130607452,0.011154502406554018,0.4080915514592934,0.03333333333333333,0.0,0.0,0.16666666666666666,0.6338095238095238,0.28774193548387095,0.6112733129403041,0.0,0.0,0.0,,0.0,0.0,,0.0,0.0,,0.0,,1.0,0.0,the; phone; charger; desk; laptop,the; phone; charger; desk; laptop,0.7851851851851853,desk; phone,0.5,laptop; desk; phone; charger,screen; illuminated; garden; flower,0.161111111111111,0.0,0.0,0.0,0,0,"The laptop screen illuminated on the desk, the phone charger under the desk. The phone, turned into a garden of flowers."
steer_alpha_0p77_traj_c8_tok120_seed10_the_phone_charger_under_the_desk__banded-frontier_best.json,steer_alpha_0p77_traj__reselect_banded-frontier_best,experiments/posthoc_reselect_mistral7b_semantic_loop_guard_w1p6/steer_alpha_0p77_traj_c8_tok120_seed10_the_phone_charger_under_the_desk__banded-frontier_best.json,2,6,0,1.6451999999999996,0.0,0.65,0.0,0.0,0.0,0.0,0.65,1.0,0.0,0.0,0.0,0.0,,0.0,0.0,,0.0,0.0,,0.0,,1.0,0.0,the; phone; charger; desk; laptop,the; phone; charger; desk; laptop,0.7285714285714286,desk; phone,0.0,phone; desk; charger; laptop,,0.13571428571428568,0.0,0.0,0.0,0,0,"The phone under the desk, the phone charger under the desk. The laptop under the desk."
steer_alpha_0p77_traj_c8_tok120_seed10_the_phone_charger_under_the_desk__banded-frontier_best.json,steer_alpha_0p77_traj__reselect_banded-frontier_best,experiments/posthoc_reselect_mistral7b_semantic_loop_guard_w1p6/steer_alpha_0p77_traj_c8_tok120_seed10_the_phone_charger_under_the_desk__banded-frontier_best.json,2,7,0,1.4628759199134198,0.0,0.6274946022727274,0.0,0.0,0.0,0.0,0.6747253787878789,0.8599999999999999,0.06300000000000006,0.0,0.0,0.0,,0.0,0.0,,0.0,0.0,,0.0,,1.0,0.0,the; phone; charger; desk; laptop,the; phone; charger; desk,0.75,desk; phone,0.0,phone; desk; charger,,0.125,0.0,0.0,0.0,0,0,"The phone, under the desk. The phone charger under the desk."
steer_alpha_0p77_traj_c8_tok120_seed10_the_phone_charger_under_the_desk__banded-frontier_best.json,steer_alpha_0p77_traj__reselect_banded-frontier_best,experiments/posthoc_reselect_mistral7b_semantic_loop_guard_w1p6/steer_alpha_0p77_traj_c8_tok120_seed10_the_phone_charger_under_the_desk__banded-frontier_best.json,2,8,0,-1.7688513879918166,0.0,0.34186619718309863,0.0,0.0,0.0,0.0,0.6837323943661973,0.0,0.8753333333333333,0.0,0.0,0.0,,0.0,0.0,,0.0,0.0,,0.0,,0.75,0.25,the; phone; charger; desk; laptop,the; phone; laptop,0.925,phone; charging; cord,0.6666666666666666,phone; laptop,charging; cord; lid; keyboard,0.06249999999999996,0.0,0.0,0.0,0,0,"The phone charging cord, the phone charging cord. The laptop lid, the phone, keyboard."
steer_alpha_0p77_traj_c8_tok120_seed10_the_phone_charger_under_the_desk__banded-frontier_best.json,steer_alpha_0p77_traj__reselect_banded-frontier_best,experiments/posthoc_reselect_mistral7b_semantic_loop_guard_w1p6/steer_alpha_0p77_traj_c8_tok120_seed10_the_phone_charger_under_the_desk__banded-frontier_best.json,3,1,1,-0.504823099228231,0.20351125759184585,0.4163203360215053,0.5833333333333334,1.0,0.0,0.16666666666666666,0.641625,0.2977060931899641,0.7405753615127921,0.0,0.0,0.0,,0.0,0.0,,0.0,0.0,,0.0,,1.0,0.0,the; phone; charger; desk; laptop; screen; illuminated; garden; flowers,the; phone; desk; laptop; screen; garden; flowers,0.30000000000000004,flower,0.3333333333333333,phone; garden; flower; desk; laptop; screen,casting; dim; glow,0.4666666666666666,0.1,0.0,0.0,1,0,"The phone, now a garden of flowers, on the desk. The laptop screen casting a dim glow on the flowers."
steer_alpha_0p77_traj_c8_tok120_seed10_the_phone_charger_under_the_desk__banded-frontier_best.json,steer_alpha_0p77_traj__reselect_banded-frontier_best,experiments/posthoc_reselect_mistral7b_semantic_loop_guard_w1p6/steer_alpha_0p77_traj_c8_tok120_seed10_the_phone_charger_under_the_desk__banded-frontier_best.json,3,2,0,1.3316210886116002,0.0,0.5498118279569891,0.0,0.0,0.0,0.0,0.7533333333333333,0.45967741935483863,0.4337170003707824,0.0,0.0,0.0,,0.0,0.0,,0.0,0.0,,0.0,,1.0,0.0,the; phone; charger; desk; laptop; screen; illuminated; garden; flowers,the; phone; desk; garden; flowers,0.0,,0.3333333333333333,phone; garden; flower; desk,transformed; blossom,0.6666666666666666,0.0,0.0,0.0,0,0,"The phone, transformed into a garden of flowers, blossoms on the desk."
steer_alpha_0p77_traj_c8_tok120_seed10_the_phone_charger_under_the_desk__banded-frontier_best.json,steer_alpha_0p77_traj__reselect_banded-frontier_best,experiments/posthoc_reselect_mistral7b_semantic_loop_guard_w1p6/steer_alpha_0p77_traj_c8_tok120_seed10_the_phone_charger_under_the_desk__banded-frontier_best.json,3,3,0,0.5219367388586388,0.0,0.5027164872798434,0.0,0.0,0.0,0.0,0.7218493150684931,0.3928571428571428,0.48410632183908053,0.0,0.0,0.0,,0.0,0.0,,0.0,0.0,,0.0,,1.0,0.0,the; phone; charger; desk; laptop; screen; illuminated; garden; flowers,the; phone; desk; laptop; garden; flowers,0.0,,0.2857142857142857,phone; garden; flower; desk; laptop,transformed; bloom,0.6428571428571428,0.0,0.0,0.0,0,0,"The phone, transformed into a garden of flowers. It blooms on the desk, beside the laptop."
steer_alpha_0p77_traj_c8_tok120_seed10_the_phone_charger_under_the_desk__banded-frontier_best.json,steer_alpha_0p77_traj__reselect_banded-frontier_best,experiments/posthoc_reselect_mistral7b_semantic_loop_guard_w1p6/steer_alpha_0p77_traj_c8_tok120_seed10_the_phone_charger_under_the_desk__banded-frontier_best.json,3,4,0,-0.38098234455241076,0.022489696089849232,0.41139687969236405,0.06666666666666667,0.0,0.0,0.3333333333333333,0.6856614661539401,0.19999999999999998,0.9100000000000001,0.0,0.0,0.0,,0.0,0.0,,0.0,0.0,,0.0,,1.0,0.0,the; phone; charger; desk; laptop; screen; illuminated; garden; flowers,the; phone; desk; screen; garden,0.2,phone,0.7142857142857143,phone; desk; screen; garden,blossom; root; reaching; soil; display; digital; blooming; petal; silk; dew,0.6857142857142858,0.0,0.0,0.0,0,0,"The phone blossoms, its roots reaching into the soil beneath the desk. The phone's screen displays a digital garden, blooming with petals of silk and dew."
steer_alpha_0p77_traj_c8_tok120_seed10_the_phone_charger_under_the_desk__banded-frontier_best.json,steer_alpha_0p77_traj__reselect_banded-frontier_best,experiments/posthoc_reselect_mistral7b_semantic_loop_guard_w1p6/steer_alpha_0p77_traj_c8_tok120_seed10_the_phone_charger_under_the_desk__banded-frontier_best.json,3,5,0,-1.1120675959393256,0.007435884787825578,0.40806684811237925,0.022222222222222223,0.0,0.0,0.1111111111111111,0.6801114135206321,0.19999999999999998,0.9100000000000001,0.0,0.0,0.0,,0.0,0.0,,0.0,0.0,,0.0,,1.0,0.0,the; phone; charger; desk; laptop; screen; illuminated; garden; flowers,the; phone; desk; laptop; screen; garden; flowers,0.2,desk,0.5714285714285714,phone; garden; flower; desk; laptop; screen,transformed; stand; sprouting; pot; soil; light; casting; glow,0.6285714285714286,0.0,0.0,0.0,0,0,"The phone, transformed into a garden of flowers, stands on the desk, sprouting from a pot of soil. The laptop screen's light spills onto the desk, casting its glow."
steer_alpha_0p77_traj_c8_tok120_seed10_the_phone_charger_under_the_desk__banded-frontier_best.json,steer_alpha_0p77_traj__reselect_banded-frontier_best,experiments/posthoc_reselect_mistral7b_semantic_loop_guard_w1p6/steer_alpha_0p77_traj_c8_tok120_seed10_the_phone_charger_under_the_desk__banded-frontier_best.json,3,6,0,-0.7457047850184674,0.011393276040582725,0.4168271722164412,0.03333333333333333,0.0,0.0,0.16666666666666666,0.6636693548387097,0.2561290322580645,0.7476370504263998,0.0,0.0,0.0,,0.0,0.0,,0.0,0.0,,0.0,,1.0,0.0,the; phone; charger; desk; laptop; screen; illuminated; garden; flowers,the; phone; desk; laptop; screen; garden; flowers,0.27272727272727276,flower,0.4,phone; garden; flower; desk; laptop; screen,transformed; bloom; cast; light,0.509090909090909,0.0,0.0,0.0,0,0,"The phone, transformed into a garden of flowers, blooms on the desk. The laptop screen casts light on the flowers."
steer_alpha_0p77_traj_c8_tok120_seed10_the_phone_charger_under_the_desk__banded-frontier_best.json,steer_alpha_0p77_traj__reselect_banded-frontier_best,experiments/posthoc_reselect_mistral7b_semantic_loop_guard_w1p6/steer_alpha_0p77_traj_c8_tok120_seed10_the_phone_charger_under_the_desk__banded-frontier_best.json,3,7,0,0.955148981287529,0.0,0.5170803211405529,0.0,0.0,0.0,0.0,0.559375,0.8487788018433179,0.13771620583717362,0.0,0.0,0.0,,0.0,0.0,,0.0,0.0,,0.0,,1.0,0.0,the; phone; charger; desk; laptop; screen; illuminated; garden; flowers,the; phone; charger; desk; laptop; garden; flowers,0.675,desk; phone,0.14285714285714285,phone; garden; flower; desk; laptop; charger,transformed,0.18571428571428567,0.0,0.0,0.0,0,0,"The phone, transformed into a garden of flowers, on the desk. The laptop on the desk, the phone charger under the desk."
steer_alpha_0p77_traj_c8_tok120_seed10_the_phone_charger_under_the_desk__banded-frontier_best.json,steer_alpha_0p77_traj__reselect_banded-frontier_best,experiments/posthoc_reselect_mistral7b_semantic_loop_guard_w1p6/steer_alpha_0p77_traj_c8_tok120_seed10_the_phone_charger_under_the_desk__banded-frontier_best.json,3,8,0,-0.3315782685481261,0.007682887339526146,0.35135155516125666,0.02666666666666667,0.0,0.0,0.13333333333333333,0.5855859252687611,0.19999999999999998,0.8386106321839082,0.0,0.0,0.0,,0.0,0.0,,0.0,0.0,,0.0,,1.0,0.0,the; phone; charger; desk; laptop; screen; illuminated; garden; flowers,the; phone; desk; laptop; screen; garden,0.625,phone; screen,0.5454545454545454,phone; garden; laptop; screen; desk,blooming; vibrant; petal; blossom; floral; light,0.2897727272727273,0.0,0.0,0.0,0,0,"The phone, blooming with vibrant petals and blossoms, the phone now a floral garden. The laptop screen on the desk, glowing with the light of the phone's screen."
steer_alpha_0p77_traj_c8_tok120_seed11_a_grocery_list_beside_the_kettle__banded-frontier_best.json,steer_alpha_0p77_traj__reselect_banded-frontier_best,experiments/posthoc_reselect_mistral7b_semantic_loop_guard_w1p6/steer_alpha_0p77_traj_c8_tok120_seed11_a_grocery_list_beside_the_kettle__banded-frontier_best.json,1,1,1,2.490373685117849,0.24306220672043008,0.5389405913978494,0.55,1.0,0.0,0.0,0.6939629629629629,0.5532258064516128,0.4108386169818318,0.0,0.0,0.0,,0.0,0.0,,0.0,0.0,,0.0,,0.75,0.25,grocery; list; the; kettle,list; the; kettle,0.0,,0.4,kettle; list; grocery,steam; tea,0.7,0.0,0.0,0.0,1,0,"The kettle steams, as the list of groceries dissolves into the tea."
steer_alpha_0p77_traj_c8_tok120_seed11_a_grocery_list_beside_the_kettle__banded-frontier_best.json,steer_alpha_0p77_traj__reselect_banded-frontier_best,experiments/posthoc_reselect_mistral7b_semantic_loop_guard_w1p6/steer_alpha_0p77_traj_c8_tok120_seed11_a_grocery_list_beside_the_kettle__banded-frontier_best.json,1,2,0,2.525032036685642,0.0,0.6952956989247311,0.0,0.0,0.0,0.0,1.0,0.39059139784946223,0.27423387096774204,0.0,0.0,0.0,,0.0,0.0,,0.0,0.0,,0.0,,0.5,0.5,grocery; list; the; kettle,the; kettle,0.0,,0.6666666666666666,kettle,teabag; steeped,0.8333333333333333,0.0,0.0,0.0,0,0,A teabag steeped in the kettle.
steer_alpha_0p77_traj_c8_tok120_seed11_a_grocery_list_beside_the_kettle__banded-frontier_best.json,steer_alpha_0p77_traj__reselect_banded-frontier_best,experiments/posthoc_reselect_mistral7b_semantic_loop_guard_w1p6/steer_alpha_0p77_traj_c8_tok120_seed11_a_grocery_list_beside_the_kettle__banded-frontier_best.json,1,3,0,2.1080067678684378,0.0,0.54855,0.0,0.0,0.0,0.0,0.93,0.17967741935483866,0.3691451612903226,0.0,0.0,0.0,,0.0,0.0,,0.0,0.0,,0.0,,0.5,0.5,grocery; list; the; kettle,the; kettle,0.0,,0.75,kettle,tea; bag; steeped,0.875,0.0,0.0,0.0,0,0,The tea bag steeped in the kettle.
steer_alpha_0p77_traj_c8_tok120_seed11_a_grocery_list_beside_the_kettle__banded-frontier_best.json,steer_alpha_0p77_traj__reselect_banded-frontier_best,experiments/posthoc_reselect_mistral7b_semantic_loop_guard_w1p6/steer_alpha_0p77_traj_c8_tok120_seed11_a_grocery_list_beside_the_kettle__banded-frontier_best.json,1,4,0,0.19722845148937895,0.0,0.45029346092503986,0.0,0.0,0.0,0.0,0.9005869218500797,0.0,0.7484856321839081,0.0,0.0,0.0,,0.0,0.0,,0.0,0.0,,0.0,,0.5,0.5,grocery; list; the; kettle,the; kettle,0.0,,0.8333333333333334,kettle,teapot; steaming; lemon-infused; flower; steam,0.9166666666666667,0.0,0.0,0.0,0,0,"A teapot steaming with lemon-infused flowers, the kettle's steam."
steer_alpha_0p77_traj_c8_tok120_seed11_a_grocery_list_beside_the_kettle__banded-frontier_best.json,steer_alpha_0p77_traj__reselect_banded-frontier_best,experiments/posthoc_reselect_mistral7b_semantic_loop_guard_w1p6/steer_alpha_0p77_traj_c8_tok120_seed11_a_grocery_list_beside_the_kettle__banded-frontier_best.json,1,5,0,-0.8102426522615317,0.0,0.5505893229166666,0.0,0.0,0.0,0.0,0.9876041666666666,0.11499999999999996,0.7251522988505748,0.0,0.0,0.0,,0.0,0.0,,0.0,0.0,,0.0,,0.25,0.75,grocery; list; the; kettle,the,0.0,,1.0,,teapot; steamy; windowsill; cradling; loaf; bread,1.0,0.0,0.0,0.0,0,0,"A teapot in the steamy windowsill, cradling a loaf of bread."
steer_alpha_0p77_traj_c8_tok120_seed11_a_grocery_list_beside_the_kettle__banded-frontier_best.json,steer_alpha_0p77_traj__reselect_banded-frontier_best,experiments/posthoc_reselect_mistral7b_semantic_loop_guard_w1p6/steer_alpha_0p77_traj_c8_tok120_seed11_a_grocery_list_beside_the_kettle__banded-frontier_best.json,1,6,0,-0.5853063203385678,0.0,0.47655799023769096,0.0,0.0,0.0,0.0,0.924342105263158,0.031129032258064487,0.7915953837597332,0.0,0.0,0.0,,0.0,0.0,,0.0,0.0,,0.0,,0.75,0.25,grocery; list; the; kettle,list; the; kettle,0.0,,0.4,kettle; list; grocery,steaming; tea,0.7,0.0,0.0,0.0,0,0,"The kettle steaming tea, the list of groceries."
steer_alpha_0p77_traj_c8_tok120_seed11_a_grocery_list_beside_the_kettle__banded-frontier_best.json,steer_alpha_0p77_traj__reselect_banded-frontier_best,experiments/posthoc_reselect_mistral7b_semantic_loop_guard_w1p6/steer_alpha_0p77_traj_c8_tok120_seed11_a_grocery_list_beside_the_kettle__banded-frontier_best.json,1,7,0,0.48814331111755027,0.0,0.4676720000000001,0.0,0.0,0.0,0.0,0.8824000000000001,0.05999999999999997,0.6873657635467981,0.0,0.0,0.0,,0.0,0.0,,0.0,0.0,,0.0,,0.5,0.5,grocery; list; the; kettle,the; kettle,0.0,,0.8571428571428571,kettle,tea; bag; steep; handle; drip; mug,0.9285714285714286,0.0,0.0,0.0,0,0,"The tea bag steeps in the kettle, its handle drips into the mug."
steer_alpha_0p77_traj_c8_tok120_seed11_a_grocery_list_beside_the_kettle__banded-frontier_best.json,steer_alpha_0p77_traj__reselect_banded-frontier_best,experiments/posthoc_reselect_mistral7b_semantic_loop_guard_w1p6/steer_alpha_0p77_traj_c8_tok120_seed11_a_grocery_list_beside_the_kettle__banded-frontier_best.json,1,8,0,-0.38903460349657104,0.0,0.3782875,0.0,0.0,0.0,0.0,0.71375,0.05999999999999997,0.8791522988505748,0.0,0.0,0.0,,0.0,0.0,,0.0,0.0,,0.0,,0.5,0.5,grocery; list; the; kettle,the; kettle,0.0,,0.8888888888888888,kettle,boiled; tea; bag; steaming; string; spoon; stir; warmth,0.9444444444444444,0.0,0.0,0.0,0,0,"The boiled tea bag, steaming, its string and spoon stirs in the warmth of the kettle."
steer_alpha_0p77_traj_c8_tok120_seed11_a_grocery_list_beside_the_kettle__banded-frontier_best.json,steer_alpha_0p77_traj__reselect_banded-frontier_best,experiments/posthoc_reselect_mistral7b_semantic_loop_guard_w1p6/steer_alpha_0p77_traj_c8_tok120_seed11_a_grocery_list_beside_the_kettle__banded-frontier_best.json,2,1,1,0.7945752086472955,0.0,0.4704526209677419,0.0,0.0,0.0,0.0,0.9125,0.031129032258064487,0.6265953837597331,0.0,0.0,0.0,,0.0,0.0,,0.0,0.0,,0.0,,0.5,0.5,grocery; list; the; kettle; steams; groceries; dissolves; tea,the; tea,0.0,,0.8,tea,rain; teapot; drip; sink,0.9,0.1,0.0,0.0,0,0,"The rain, a teapot, drips tea into the sink."
steer_alpha_0p77_traj_c8_tok120_seed11_a_grocery_list_beside_the_kettle__banded-frontier_best.json,steer_alpha_0p77_traj__reselect_banded-frontier_best,experiments/posthoc_reselect_mistral7b_semantic_loop_guard_w1p6/steer_alpha_0p77_traj_c8_tok120_seed11_a_grocery_list_beside_the_kettle__banded-frontier_best.json,2,2,0,-0.17860045406237135,0.0,0.4484430379746836,0.0,0.0,0.0,0.0,0.7474050632911393,0.19999999999999998,0.8297916666666667,0.0,0.0,0.0,,0.0,0.0,,0.0,0.0,,0.0,,0.5,0.5,grocery; list; the; kettle; steams; groceries; dissolves; tea,the; tea,0.0,,0.8,tea; steam,teapot; filled; leave; handful; sugar; cube; table; coated,0.9,0.0,0.0,0.0,0,0,"The teapot, filled with tea leaves, as a handful of sugar cubes rest on the table, coated in steam."
steer_alpha_0p77_traj_c8_tok120_seed11_a_grocery_list_beside_the_kettle__banded-frontier_best.json,steer_alpha_0p77_traj__reselect_banded-frontier_best,experiments/posthoc_reselect_mistral7b_semantic_loop_guard_w1p6/steer_alpha_0p77_traj_c8_tok120_seed11_a_grocery_list_beside_the_kettle__banded-frontier_best.json,2,3,0,-1.8880227241100997,0.0,0.41865508474576274,0.0,0.0,0.0,0.0,0.7899152542372881,0.05999999999999997,0.8046990968801314,0.0,0.0,0.0,,0.0,0.0,,0.0,0.0,,0.0,,0.25,0.75,grocery; list; the; kettle; steams; groceries; dissolves; tea,the,0.0,,1.0,,teapot; filled; rainwater; hosting; collection; sugar; cube,1.0,0.0,0.0,0.0,0,0,"The teapot, filled with rainwater, hosting a collection of sugar cubes."
steer_alpha_0p77_traj_c8_tok120_seed11_a_grocery_list_beside_the_kettle__banded-frontier_best.json,steer_alpha_0p77_traj__reselect_banded-frontier_best,experiments/posthoc_reselect_mistral7b_semantic_loop_guard_w1p6/steer_alpha_0p77_traj_c8_tok120_seed11_a_grocery_list_beside_the_kettle__banded-frontier_best.json,2,4,0,-0.5078191107742832,0.0,0.44375000000000003,0.0,0.0,0.0,0.0,0.8875000000000001,0.0,0.7556157635467982,0.0,0.0,0.0,,0.0,0.0,,0.0,0.0,,0.0,,0.5,0.5,grocery; list; the; kettle; steams; groceries; dissolves; tea,the; tea,0.0,,0.8571428571428571,tea,teapot; filled; leave; water; flow; spout,0.9285714285714286,0.0,0.0,0.0,0,0,"The teapot, filled with the tea leaves, as water flows from the spout."
steer_alpha_0p77_traj_c8_tok120_seed11_a_grocery_list_beside_the_kettle__banded-frontier_best.json,steer_alpha_0p77_traj__reselect_banded-frontier_best,experiments/posthoc_reselect_mistral7b_semantic_loop_guard_w1p6/steer_alpha_0p77_traj_c8_tok120_seed11_a_grocery_list_beside_the_kettle__banded-frontier_best.json,2,5,0,-0.3028233555491162,0.0,0.32230000000000003,0.0,0.0,0.0,0.0,0.6446000000000001,0.0,0.8729490968801314,0.0,0.0,0.0,,0.0,0.0,,0.0,0.0,,0.0,,1.0,0.0,grocery; list; the; kettle; steams; groceries; dissolves; tea,list; the; groceries; tea,0.0,,0.5714285714285714,tea; list; grocery,teapot; pour; teabag; tags,0.7857142857142857,0.0,0.0,0.0,0,0,"The teapot pours tea, as the teabag tags the list of groceries."
steer_alpha_0p77_traj_c8_tok120_seed11_a_grocery_list_beside_the_kettle__banded-frontier_best.json,steer_alpha_0p77_traj__reselect_banded-frontier_best,experiments/posthoc_reselect_mistral7b_semantic_loop_guard_w1p6/steer_alpha_0p77_traj_c8_tok120_seed11_a_grocery_list_beside_the_kettle__banded-frontier_best.json,2,6,0,-0.5650536857937856,0.0,0.35426729986431477,0.0,0.0,0.0,0.0,0.7085345997286295,0.0,0.9064841954022989,0.0,0.0,0.0,,0.0,0.0,,0.0,0.0,,0.0,,0.75,0.25,grocery; list; the; kettle; steams; groceries; dissolves; tea,the; groceries; tea,0.33333333333333326,sugar,0.75,tea; grocery,spoonful; sugar; stir; bowl; collect; dissolved,0.5833333333333334,0.0,0.0,0.0,0,0,"A spoonful of sugar stirs tea, as the sugar bowl collects the dissolved groceries."
steer_alpha_0p77_traj_c8_tok120_seed11_a_grocery_list_beside_the_kettle__banded-frontier_best.json,steer_alpha_0p77_traj__reselect_banded-frontier_best,experiments/posthoc_reselect_mistral7b_semantic_loop_guard_w1p6/steer_alpha_0p77_traj_c8_tok120_seed11_a_grocery_list_beside_the_kettle__banded-frontier_best.json,2,7,0,-0.8509600286563066,0.0,0.5070869565217391,0.0,0.0,0.0,0.0,0.8451449275362318,0.19999999999999998,0.8641508620689655,0.0,0.0,0.0,,0.0,0.0,,0.0,0.0,,0.0,,0.5,0.5,grocery; list; the; kettle; steams; groceries; dissolves; tea,the; tea,0.33333333333333326,teapot,0.75,steam; tea,teapot; table; rise; brewing; warm; pot,0.5833333333333334,0.0,0.0,0.0,0,0,"The teapot rests on a table, the steam rises from the teapot, brewing a warm pot of tea."
steer_alpha_0p77_traj_c8_tok120_seed11_a_grocery_list_beside_the_kettle__banded-frontier_best.json,steer_alpha_0p77_traj__reselect_banded-frontier_best,experiments/posthoc_reselect_mistral7b_semantic_loop_guard_w1p6/steer_alpha_0p77_traj_c8_tok120_seed11_a_grocery_list_beside_the_kettle__banded-frontier_best.json,2,8,0,0.7578090714039343,0.0,0.4286694915254237,0.0,0.0,0.0,0.0,0.7144491525423728,0.19999999999999998,0.832477011494253,0.0,0.0,0.0,,0.0,0.0,,0.0,0.0,,0.0,,0.75,0.25,grocery; list; the; kettle; steams; groceries; dissolves; tea,the; groceries; tea,0.6004273504273505,leave; tea,0.8181818181818182,tea; grocery,teapot; filled; leave; handle; saucer; butter; river; root; entangle,0.3632478632478632,0.0,0.0,0.0,0,0,"A teapot filled with tea leaves, its handle rests on a saucer of butter. The tea leaves float in a river, their roots entangle with the groceries."
steer_alpha_0p77_traj_c8_tok120_seed11_a_grocery_list_beside_the_kettle__banded-frontier_best.json,steer_alpha_0p77_traj__reselect_banded-frontier_best,experiments/posthoc_reselect_mistral7b_semantic_loop_guard_w1p6/steer_alpha_0p77_traj_c8_tok120_seed11_a_grocery_list_beside_the_kettle__banded-frontier_best.json,3,1,1,-0.4689480981422667,0.1546190337374582,0.3428359949832776,0.55,1.0,0.0,0.0,0.6468603678929766,0.05999999999999997,0.8941666666666668,0.0,0.0,0.0,,0.0,0.0,,0.0,0.0,,0.0,,1.0,0.0,grocery; list; the; kettle; steams; groceries; dissolves; tea; rain; teapot; drips; sink,the; kettle; tea; teapot; sink,0.6004273504273505,leave; tea,0.6363636363636364,sink; teapot; tea; kettle,filled; leave; faucet; flow; drain; sing; melody,0.3269230769230768,0.0,0.0,0.0,1,0,"The sink, now a teapot, filled with tea leaves from the faucet. The tea leaves flow into the drain, and the kettle sings a melody."
steer_alpha_0p77_traj_c8_tok120_seed11_a_grocery_list_beside_the_kettle__banded-frontier_best.json,steer_alpha_0p77_traj__reselect_banded-frontier_best,experiments/posthoc_reselect_mistral7b_semantic_loop_guard_w1p6/steer_alpha_0p77_traj_c8_tok120_seed11_a_grocery_list_beside_the_kettle__banded-frontier_best.json,3,2,0,0.7003693647996243,0.0,0.5042371970495259,0.0,0.0,0.0,0.0,0.951390937829294,0.05999999999999997,0.8098175287356322,0.0,0.0,0.0,,0.0,0.0,,0.0,0.0,,0.0,,1.0,0.0,grocery; list; the; kettle; steams; groceries; dissolves; tea; rain; teapot; drips; sink,the; groceries; tea; sink,0.0,,0.625,sink; tea; grocery,filled; leave; swallow; verdant; forest,0.8125,0.0,0.0,0.0,0,0,"The sink, filled with tea leaves, swallows the groceries, turning into a verdant forest."
steer_alpha_0p77_traj_c8_tok120_seed11_a_grocery_list_beside_the_kettle__banded-frontier_best.json,steer_alpha_0p77_traj__reselect_banded-frontier_best,experiments/posthoc_reselect_mistral7b_semantic_loop_guard_w1p6/steer_alpha_0p77_traj_c8_tok120_seed11_a_grocery_list_beside_the_kettle__banded-frontier_best.json,3,3,0,-0.31094964703540784,0.0,0.4439681818181818,0.0,0.0,0.0,0.0,0.8879363636363636,0.0,0.8032824302134647,0.0,0.0,0.0,,0.0,0.0,,0.0,0.0,,0.0,,1.0,0.0,grocery; list; the; kettle; steams; groceries; dissolves; tea; rain; teapot; drips; sink,the; tea; rain; teapot; sink,0.0,,0.42857142857142855,sink; tea; teapot; rain,filled; leave; sing,0.7142857142857143,1.0,0.0,0.0,0,0,"The sink, filled with tea leaves, the teapot sings to the rain."
steer_alpha_0p77_traj_c8_tok120_seed11_a_grocery_list_beside_the_kettle__banded-frontier_best.json,steer_alpha_0p77_traj__reselect_banded-frontier_best,experiments/posthoc_reselect_mistral7b_semantic_loop_guard_w1p6/steer_alpha_0p77_traj_c8_tok120_seed11_a_grocery_list_beside_the_kettle__banded-frontier_best.json,3,4,0,0.5544724634993259,0.007310108250131371,0.4011644771413558,0.022222222222222223,0.0,0.0,0.1111111111111111,0.6686074619022596,0.19999999999999998,0.9100000000000001,0.0,0.0,0.0,,0.0,0.0,,0.0,0.0,,0.0,,1.0,0.0,grocery; list; the; kettle; steams; groceries; dissolves; tea; rain; teapot; drips; sink,grocery; list; the; tea; drips; sink,0.14285714285714285,tea,0.75,sink; tea; drip; grocery; list,filled; leave; drainpipe; last; drop; empty; bags; sway; window; unfurl; content; releasing,0.75,0.0,0.0,0.0,0,0,"The sink, filled with tea leaves, a drainpipe drips the last drops of tea. The empty grocery bags sway from the window, as they unfurl their contents, releasing the remnants of the dissolved list onto the floor."
steer_alpha_0p77_traj_c8_tok120_seed11_a_grocery_list_beside_the_kettle__banded-frontier_best.json,steer_alpha_0p77_traj__reselect_banded-frontier_best,experiments/posthoc_reselect_mistral7b_semantic_loop_guard_w1p6/steer_alpha_0p77_traj_c8_tok120_seed11_a_grocery_list_beside_the_kettle__banded-frontier_best.json,3,5,0,-0.22831664908361282,0.0,0.3685867162187917,0.0,0.0,0.0,0.0,0.6143111936979861,0.19999999999999998,0.8214966843501327,0.0,0.0,0.0,,0.0,0.0,,0.0,0.0,,0.0,,1.0,0.0,grocery; list; the; kettle; steams; groceries; dissolves; tea; rain; teapot; drips; sink,the; tea; rain; teapot; sink,0.2142857142857143,plant,0.6923076923076923,sink; teapot; tea; rain,pour; soil; pot; plant; leave; wilt; teapot-shaped; pouring; root,0.6648351648351648,1.0,0.0,0.0,0,0,"The sink, a teapot, pours tea into the soil of a pot plant. The plant's leaves wilt, teapot-shaped, pouring rain into their roots."
steer_alpha_0p77_traj_c8_tok120_seed11_a_grocery_list_beside_the_kettle__banded-frontier_best.json,steer_alpha_0p77_traj__reselect_banded-frontier_best,experiments/posthoc_reselect_mistral7b_semantic_loop_guard_w1p6/steer_alpha_0p77_traj_c8_tok120_seed11_a_grocery_list_beside_the_kettle__banded-frontier_best.json,3,6,0,0.0014485327592579367,0.0,0.3903207020343039,0.0,0.0,0.0,0.0,0.6505345033905066,0.19999999999999998,0.8801436781609198,0.0,0.0,0.0,,0.0,0.0,,0.0,0.0,,0.0,,1.0,0.0,grocery; list; the; kettle; steams; groceries; dissolves; tea; rain; teapot; drips; sink,the; kettle; tea; teapot; sink,0.4615384615384616,sink; tea,0.6363636363636364,sink; tea; kettle; teapot,fill; hisse; spout; pour; merging; reflection; mirror,0.4405594405594404,0.0,0.0,0.0,0,0,"The sink fills with tea, the kettle hisses, its spout pours tea into the sink, merging with its reflection in the mirror of the teapot."
steer_alpha_0p77_traj_c8_tok120_seed11_a_grocery_list_beside_the_kettle__banded-frontier_best.json,steer_alpha_0p77_traj__reselect_banded-frontier_best,experiments/posthoc_reselect_mistral7b_semantic_loop_guard_w1p6/steer_alpha_0p77_traj_c8_tok120_seed11_a_grocery_list_beside_the_kettle__banded-frontier_best.json,3,7,0,0.07507055462615031,0.0,0.39508782051282054,0.0,0.0,0.0,0.0,0.7454487179487179,0.05999999999999997,0.7934281609195403,0.0,0.0,0.0,,0.0,0.0,,0.0,0.0,,0.0,,1.0,0.0,grocery; list; the; kettle; steams; groceries; dissolves; tea; rain; teapot; drips; sink,the; tea; teapot; sink,0.5454545454545455,sink; teacup,0.6666666666666666,sink; teapot; tea,rainwater; collect; teacup; tea-stained; dance; overflowing,0.3787878787878787,0.0,0.0,0.0,0,0,"The sink, the rainwater collects in teacups, tea-stained. The teapot dances in the sink, the teacups overflowing with tea."
steer_alpha_0p77_traj_c8_tok120_seed11_a_grocery_list_beside_the_kettle__banded-frontier_best.json,steer_alpha_0p77_traj__reselect_banded-frontier_best,experiments/posthoc_reselect_mistral7b_semantic_loop_guard_w1p6/steer_alpha_0p77_traj_c8_tok120_seed11_a_grocery_list_beside_the_kettle__banded-frontier_best.json,3,8,0,0.2996157492843068,0.0,0.2936201501877347,0.0,0.0,0.0,0.0,0.5872403003754694,0.0,0.8032824302134647,0.0,0.0,0.0,,0.0,0.0,,0.0,0.0,,0.0,,1.0,0.0,grocery; list; the; kettle; steams; groceries; dissolves; tea; rain; teapot; drips; sink,the; tea; teapot; sink,0.6611111111111112,sink; teapot,0.5714285714285714,teapot; sink; tea,rainwater; mirror; reflect; raindrop,0.2662698412698412,0.0,0.0,0.0,0,0,"A teapot in the sink, the rainwater as tea. The sink, a mirror for the teapot, reflects the raindrops on its surface."
steer_alpha_0p77_traj_c8_tok120_seed12_the_laundry_basket_by_the_door__banded-frontier_best.json,steer_alpha_0p77_traj__reselect_banded-frontier_best,experiments/posthoc_reselect_mistral7b_semantic_loop_guard_w1p6/steer_alpha_0p77_traj_c8_tok120_seed12_the_laundry_basket_by_the_door__banded-frontier_best.json,1,1,1,2.3001409691475154,0.0,0.6799734418558342,0.0,0.0,0.0,0.0,0.9779629629629629,0.39059139784946223,0.27423387096774204,0.0,0.0,0.0,,0.0,0.0,,0.0,0.0,,0.0,,0.5,0.5,the; laundry; basket; door,the; basket,0.0,,0.6666666666666666,basket,rose; bloom,0.8333333333333333,0.0,0.0,0.0,0,0,A single rose blooms in the basket.
steer_alpha_0p77_traj_c8_tok120_seed12_the_laundry_basket_by_the_door__banded-frontier_best.json,steer_alpha_0p77_traj__reselect_banded-frontier_best,experiments/posthoc_reselect_mistral7b_semantic_loop_guard_w1p6/steer_alpha_0p77_traj_c8_tok120_seed12_the_laundry_basket_by_the_door__banded-frontier_best.json,1,2,0,1.062668766001024,0.0,0.5898387096774194,0.0,0.0,0.0,0.0,1.0,0.17967741935483866,0.3691451612903226,0.0,0.0,0.0,,0.0,0.0,,0.0,0.0,,0.0,,0.75,0.25,the; laundry; basket; door,the; laundry; basket,0.0,,0.5,laundry; basket,filled; flower,0.75,0.0,0.0,0.0,0,0,"The laundry basket, filled with flowers."
steer_alpha_0p77_traj_c8_tok120_seed12_the_laundry_basket_by_the_door__banded-frontier_best.json,steer_alpha_0p77_traj__reselect_banded-frontier_best,experiments/posthoc_reselect_mistral7b_semantic_loop_guard_w1p6/steer_alpha_0p77_traj_c8_tok120_seed12_the_laundry_basket_by_the_door__banded-frontier_best.json,1,3,0,2.104717552182163,0.0,0.5017572580645161,0.0,0.0,0.0,0.0,0.73,0.3746774193548386,0.28139516129032266,0.0,0.0,0.0,,0.0,0.0,,0.0,0.0,,0.0,,0.5,0.5,the; laundry; basket; door,the; basket,0.0,,0.75,basket,flower; bloom; garden,0.875,0.0,0.0,0.0,0,0,The basket of flowers bloom in the garden.
steer_alpha_0p77_traj_c8_tok120_seed12_the_laundry_basket_by_the_door__banded-frontier_best.json,steer_alpha_0p77_traj__reselect_banded-frontier_best,experiments/posthoc_reselect_mistral7b_semantic_loop_guard_w1p6/steer_alpha_0p77_traj_c8_tok120_seed12_the_laundry_basket_by_the_door__banded-frontier_best.json,1,4,0,0.18899916756419533,0.0,0.48849737903225804,0.0,0.0,0.0,0.0,0.9475,0.031129032258064487,0.6742620504263998,0.0,0.0,0.0,,0.0,0.0,,0.0,0.0,,0.0,,0.75,0.25,the; laundry; basket; door,the; laundry; basket,0.0,,0.6,laundry; basket,brimming; flower; garden,0.8,0.0,0.0,0.0,0,0,"The laundry basket, brimming with flowers, in the garden."
steer_alpha_0p77_traj_c8_tok120_seed12_the_laundry_basket_by_the_door__banded-frontier_best.json,steer_alpha_0p77_traj__reselect_banded-frontier_best,experiments/posthoc_reselect_mistral7b_semantic_loop_guard_w1p6/steer_alpha_0p77_traj_c8_tok120_seed12_the_laundry_basket_by_the_door__banded-frontier_best.json,1,5,0,-0.7097947482211275,0.0,0.4766666666666667,0.0,0.0,0.0,0.0,0.9533333333333334,0.0,0.7484856321839081,0.0,0.0,0.0,,0.0,0.0,,0.0,0.0,,0.0,,0.75,0.25,the; laundry; basket; door,the; laundry; basket,0.0,,0.6666666666666666,laundry; basket,riverbed; filled; freshwater; lily,0.8333333333333333,0.0,0.0,0.0,0,0,"The laundry basket by the riverbed, filled with freshwater lilies."
steer_alpha_0p77_traj_c8_tok120_seed12_the_laundry_basket_by_the_door__banded-frontier_best.json,steer_alpha_0p77_traj__reselect_banded-frontier_best,experiments/posthoc_reselect_mistral7b_semantic_loop_guard_w1p6/steer_alpha_0p77_traj_c8_tok120_seed12_the_laundry_basket_by_the_door__banded-frontier_best.json,1,6,0,-1.3008418171866447,0.0,0.3740429310344828,0.0,0.0,0.0,0.0,0.7057413793103449,0.05999999999999997,0.8046990968801314,0.0,0.0,0.0,,0.0,0.0,,0.0,0.0,,0.0,,0.75,0.25,the; laundry; basket; door,the; laundry; basket,0.0,,0.7142857142857143,laundry; basket,fireplace; ashe; ember; glow; hearth,0.8571428571428572,0.0,0.0,0.0,0,0,"The laundry basket by the fireplace, ashes of embers glow in the hearth."
steer_alpha_0p77_traj_c8_tok120_seed12_the_laundry_basket_by_the_door__banded-frontier_best.json,steer_alpha_0p77_traj__reselect_banded-frontier_best,experiments/posthoc_reselect_mistral7b_semantic_loop_guard_w1p6/steer_alpha_0p77_traj_c8_tok120_seed12_the_laundry_basket_by_the_door__banded-frontier_best.json,1,7,0,-2.729308283730159,0.0,0.3603515625,0.0,0.0,0.0,0.0,0.720703125,0.0,0.8753333333333333,0.0,0.3333333333333333,8.333333333333334,delicate,0.0,0.0,,0.3333333333333333,8.333333333333334,delicate,0.0,,0.75,0.25,the; laundry; basket; door,the; laundry; basket,0.0,,0.6666666666666666,laundry; basket,window; flower; blooming; sill,0.8333333333333333,0.0,0.0,0.0,0,0,"The laundry basket by the window, its delicate flowers blooming from the sill."
steer_alpha_0p77_traj_c8_tok120_seed12_the_laundry_basket_by_the_door__banded-frontier_best.json,steer_alpha_0p77_traj__reselect_banded-frontier_best,experiments/posthoc_reselect_mistral7b_semantic_loop_guard_w1p6/steer_alpha_0p77_traj_c8_tok120_seed12_the_laundry_basket_by_the_door__banded-frontier_best.json,1,8,0,-1.682605498404072,0.0,0.37754308763586963,0.0,0.0,0.0,0.0,0.7123454483695653,0.05999999999999997,0.9730000000000001,0.0,0.0,0.0,,0.0,0.0,,0.0,0.0,,0.0,,0.75,0.25,the; laundry; basket; door,the; laundry; basket,0.17647058823529416,basket,0.875,basket; laundry,leaf; flutter; breeze; petal; unfurl; full; clothe; garden; hose; watering; can; climb,0.7720588235294117,0.0,0.0,0.0,0,0,"A single leaf flutters in the breeze, its petals unfurl, A basket full of clothes, A garden hose, watering can, And the laundry basket, Climbs the pear tree."
steer_alpha_0p77_traj_c8_tok120_seed12_the_laundry_basket_by_the_door__banded-frontier_best.json,steer_alpha_0p77_traj__reselect_banded-frontier_best,experiments/posthoc_reselect_mistral7b_semantic_loop_guard_w1p6/steer_alpha_0p77_traj_c8_tok120_seed12_the_laundry_basket_by_the_door__banded-frontier_best.json,2,1,1,0.9672521128433171,0.0,0.36109499999999994,0.0,0.0,0.0,0.0,0.589,0.22612903225806447,0.4975953837597331,0.0,0.0,0.0,,0.0,0.0,,0.0,0.0,,0.0,,0.5,0.5,the; laundry; basket; door; single; rose; blooms,the; rose,0.0,,0.8,rose,rosewater; pitcher; laundrywoman; sink,0.9,0.0,0.0,0.0,0,0,The rosewater pitcher beside the laundrywoman. The rose in the sink.
steer_alpha_0p77_traj_c8_tok120_seed12_the_laundry_basket_by_the_door__banded-frontier_best.json,steer_alpha_0p77_traj__reselect_banded-frontier_best,experiments/posthoc_reselect_mistral7b_semantic_loop_guard_w1p6/steer_alpha_0p77_traj_c8_tok120_seed12_the_laundry_basket_by_the_door__banded-frontier_best.json,2,2,0,0.1598651806360909,0.0,0.4322149193548387,0.0,0.0,0.0,0.0,0.8383333333333334,0.031129032258064487,0.6742620504263998,0.0,0.0,0.0,,0.0,0.0,,0.0,0.0,,0.0,,1.0,0.0,the; laundry; basket; door; single; rose; blooms,the; basket; rose; blooms,0.0,,0.4,rose; bloom; basket,ironman; ironsman,0.7,0.0,0.0,0.0,0,0,"The ironman ironsman, the rose blooms in the basket."
steer_alpha_0p77_traj_c8_tok120_seed12_the_laundry_basket_by_the_door__banded-frontier_best.json,steer_alpha_0p77_traj__reselect_banded-frontier_best,experiments/posthoc_reselect_mistral7b_semantic_loop_guard_w1p6/steer_alpha_0p77_traj_c8_tok120_seed12_the_laundry_basket_by_the_door__banded-frontier_best.json,2,3,0,-0.7536808952316559,0.0,0.425325,0.0,0.0,0.0,0.0,0.8025,0.05999999999999997,0.6873657635467981,0.0,0.0,0.0,,0.0,0.0,,0.0,0.0,,0.0,,1.0,0.0,the; laundry; basket; door; single; rose; blooms,the; basket; single; rose; blooms,0.0,,0.5714285714285714,rose; bloom; basket,rosebush; garden; watered; sun,0.7857142857142857,0.0,0.0,0.0,0,0,"A single rosebush in the garden, watered by the sun. A single rose blooms in the basket."
steer_alpha_0p77_traj_c8_tok120_seed12_the_laundry_basket_by_the_door__banded-frontier_best.json,steer_alpha_0p77_traj__reselect_banded-frontier_best,experiments/posthoc_reselect_mistral7b_semantic_loop_guard_w1p6/steer_alpha_0p77_traj_c8_tok120_seed12_the_laundry_basket_by_the_door__banded-frontier_best.json,2,4,0,-0.2519293047243709,0.0,0.41421588089330025,0.0,0.0,0.0,0.0,0.6903598014888338,0.19999999999999998,0.9100000000000001,0.0,0.0,0.0,,0.0,0.0,,0.0,0.0,,0.0,,0.75,0.25,the; laundry; basket; door; single; rose; blooms,the; rose; blooms,0.0,,0.8333333333333334,rose; bloom,petal; petal-shaped; vase; stand; kitchen; sink; spout; water; pour; tap,0.9166666666666667,0.0,0.0,0.0,0,0,"The rose petal blooms, its petal-shaped vase stands in the kitchen sink. A spout of water pours through the tap."
steer_alpha_0p77_traj_c8_tok120_seed12_the_laundry_basket_by_the_door__banded-frontier_best.json,steer_alpha_0p77_traj__reselect_banded-frontier_best,experiments/posthoc_reselect_mistral7b_semantic_loop_guard_w1p6/steer_alpha_0p77_traj_c8_tok120_seed12_the_laundry_basket_by_the_door__banded-frontier_best.json,2,5,0,1.019992869875223,0.0,0.43316363636363636,0.0,0.0,0.0,0.0,0.721939393939394,0.19999999999999998,0.9100000000000001,0.0,0.0,0.0,,0.0,0.0,,0.0,0.0,,0.0,,0.75,0.25,the; laundry; basket; door; single; rose; blooms,the; rose; blooms,0.2142857142857143,rose,0.8461538461538461,rose; bloom,woman; iron; sheet; hand; clasp; table; petal; filled; dewd; drop; water,0.7252747252747253,0.0,0.0,0.0,0,0,"A woman irons the sheets, her hands clasp the rose. The rose blooms on a table, its petal is filled with dewd drops of water."
steer_alpha_0p77_traj_c8_tok120_seed12_the_laundry_basket_by_the_door__banded-frontier_best.json,steer_alpha_0p77_traj__reselect_banded-frontier_best,experiments/posthoc_reselect_mistral7b_semantic_loop_guard_w1p6/steer_alpha_0p77_traj_c8_tok120_seed12_the_laundry_basket_by_the_door__banded-frontier_best.json,2,6,0,-0.8284093370186272,0.0,0.4280769230769231,0.0,0.0,0.0,0.0,0.8561538461538462,0.0,0.8032824302134647,0.0,0.0,0.0,,0.0,0.0,,0.0,0.0,,0.0,,1.0,0.0,the; laundry; basket; door; single; rose; blooms,the; single; rose; blooms,0.37500000000000006,ironman,0.7142857142857143,rose; bloom,ironman; ironsmith; sleeve-sized; rosewater; spout,0.5357142857142858,0.0,0.0,0.0,0,0,"The ironman ironsmith, its sleeve-sized rosewater spout. A single rose blooms in the ironman."
steer_alpha_0p77_traj_c8_tok120_seed12_the_laundry_basket_by_the_door__banded-frontier_best.json,steer_alpha_0p77_traj__reselect_banded-frontier_best,experiments/posthoc_reselect_mistral7b_semantic_loop_guard_w1p6/steer_alpha_0p77_traj_c8_tok120_seed12_the_laundry_basket_by_the_door__banded-frontier_best.json,2,7,0,2.0189247628188465,0.0,0.5150002814001373,0.0,0.0,0.0,0.0,0.8400425531914895,0.22612903225806447,0.4975953837597331,0.0,0.0,0.0,,0.0,0.0,,0.0,0.0,,0.0,,0.75,0.25,the; laundry; basket; door; single; rose; blooms,the; rose; blooms,0.5,rose,0.6,rose; bloom,petal; window; room,0.4,0.0,0.0,0.0,0,0,The rose petal blooms on the window. A rose inside the room.
steer_alpha_0p77_traj_c8_tok120_seed12_the_laundry_basket_by_the_door__banded-frontier_best.json,steer_alpha_0p77_traj__reselect_banded-frontier_best,experiments/posthoc_reselect_mistral7b_semantic_loop_guard_w1p6/steer_alpha_0p77_traj_c8_tok120_seed12_the_laundry_basket_by_the_door__banded-frontier_best.json,2,8,0,-0.6263366403587762,0.0,0.34928809475806455,0.0,0.0,0.0,0.0,0.5523750000000001,0.2646774193548386,0.4930503337041158,0.0,0.0,0.0,,0.0,0.0,,0.0,0.0,,0.0,,1.0,0.0,the; laundry; basket; door; single; rose; blooms,the; laundry; basket; single; rose; blooms,0.9166666666666667,basket; bloom; rose,0.3333333333333333,rose; bloom; laundry; basket,petal; ironman,0.055555555555555504,0.0,0.0,0.0,0,0,"A single rose blooms in the laundry basket. Petals from the ironman, the rose blooms in the basket."
steer_alpha_0p77_traj_c8_tok120_seed12_the_laundry_basket_by_the_door__banded-frontier_best.json,steer_alpha_0p77_traj__reselect_banded-frontier_best,experiments/posthoc_reselect_mistral7b_semantic_loop_guard_w1p6/steer_alpha_0p77_traj_c8_tok120_seed12_the_laundry_basket_by_the_door__banded-frontier_best.json,3,1,1,1.1559815672124774,0.0,0.4110667247067449,0.0,0.0,0.0,0.0,0.6705113636363637,0.22612903225806447,0.4975953837597331,0.0,0.0,0.0,,0.0,0.0,,0.0,0.0,,0.0,,1.0,0.0,the; laundry; basket; door; single; rose; blooms; petal; window; inside; room,the; single; rose; blooms; petal; window,0.4285714285714286,petal,0.3333333333333333,rose; petal; bloom; window,kisse; mirror,0.38095238095238093,0.0,0.0,0.0,0,0,A single rose petal blooms on the window. The petal kisses the mirror.
steer_alpha_0p77_traj_c8_tok120_seed12_the_laundry_basket_by_the_door__banded-frontier_best.json,steer_alpha_0p77_traj__reselect_banded-frontier_best,experiments/posthoc_reselect_mistral7b_semantic_loop_guard_w1p6/steer_alpha_0p77_traj_c8_tok120_seed12_the_laundry_basket_by_the_door__banded-frontier_best.json,3,2,0,0.9328986163284325,0.0,0.4175073424606151,0.0,0.0,0.0,0.0,0.8098062015503876,0.031129032258064487,0.6265953837597331,0.0,0.0,0.0,,0.0,0.0,,0.0,0.0,,0.0,,1.0,0.0,the; laundry; basket; door; single; rose; blooms; petal; window; inside; room,the; rose; petal; window; room,0.5,window,0.2,window; room; rose; petal,ledge,0.3,0.0,0.0,0.0,0,0,"The window, the room. A rose petal on the window ledge."
steer_alpha_0p77_traj_c8_tok120_seed12_the_laundry_basket_by_the_door__banded-frontier_best.json,steer_alpha_0p77_traj__reselect_banded-frontier_best,experiments/posthoc_reselect_mistral7b_semantic_loop_guard_w1p6/steer_alpha_0p77_traj_c8_tok120_seed12_the_laundry_basket_by_the_door__banded-frontier_best.json,3,3,0,0.5503844212212141,0.0,0.4163183467741935,0.0,0.0,0.0,0.0,0.8075,0.031129032258064487,0.6265953837597331,0.0,0.0,0.0,,0.0,0.0,,0.0,0.0,,0.0,,1.0,0.0,the; laundry; basket; door; single; rose; blooms; petal; window; inside; room,the; rose; blooms; petal; window,0.5,window,0.2,window; rose; petal; bloom,pane,0.3,0.0,0.0,0.0,0,0,The window pane. The rose petal blooms on the window.
steer_alpha_0p77_traj_c8_tok120_seed12_the_laundry_basket_by_the_door__banded-frontier_best.json,steer_alpha_0p77_traj__reselect_banded-frontier_best,experiments/posthoc_reselect_mistral7b_semantic_loop_guard_w1p6/steer_alpha_0p77_traj_c8_tok120_seed12_the_laundry_basket_by_the_door__banded-frontier_best.json,3,4,0,1.6941496837444656,0.0,0.5736189516129031,0.0,0.0,0.0,0.0,0.825,0.39059139784946223,0.27423387096774204,0.0,0.0,0.0,,0.0,0.0,,0.0,0.0,,0.0,,0.5,0.5,the; laundry; basket; door; single; rose; blooms; petal; window; inside; room,the; window,0.675,window,0.6666666666666666,window,pane; spiderweb,0.27083333333333326,0.0,0.0,0.0,0,0,The window pane. A spiderweb on the window.
steer_alpha_0p77_traj_c8_tok120_seed12_the_laundry_basket_by_the_door__banded-frontier_best.json,steer_alpha_0p77_traj__reselect_banded-frontier_best,experiments/posthoc_reselect_mistral7b_semantic_loop_guard_w1p6/steer_alpha_0p77_traj_c8_tok120_seed12_the_laundry_basket_by_the_door__banded-frontier_best.json,3,5,0,1.871336828872787,0.0,0.6088535309503051,0.0,0.0,0.0,0.0,0.8756756756756757,0.39059139784946223,0.27423387096774204,0.0,0.0,0.0,,0.0,0.0,,0.0,0.0,,0.0,,1.0,0.0,the; laundry; basket; door; single; rose; blooms; petal; window; inside; room,the; single; blooms; petal; window,0.675,petal,0.0,petal; bloom; window,,0.16249999999999998,0.0,0.0,0.0,0,0,The petal blooms on the window. A single petal.
steer_alpha_0p77_traj_c8_tok120_seed12_the_laundry_basket_by_the_door__banded-frontier_best.json,steer_alpha_0p77_traj__reselect_banded-frontier_best,experiments/posthoc_reselect_mistral7b_semantic_loop_guard_w1p6/steer_alpha_0p77_traj_c8_tok120_seed12_the_laundry_basket_by_the_door__banded-frontier_best.json,3,6,0,-0.5429573381317807,0.0,0.32846153846153847,0.0,0.0,0.0,0.0,0.5474358974358975,0.19999999999999998,0.810477011494253,0.0,0.0,0.0,,0.0,0.0,,0.0,0.0,,0.0,,1.0,0.0,the; laundry; basket; door; single; rose; blooms; petal; window; inside; room,the; rose; blooms; petal; window,0.6846153846153846,window; moonlight; petal,0.5555555555555556,window; rose; petal; bloom,pane; moonlight; shine; pot; teapoon,0.2452991452991453,0.0,0.0,0.0,0,0,"The window pane, the rose petal blooms on the window, and the moonlight shines through the window. The petals of a moonlight in a pot, a teapoon."
steer_alpha_0p77_traj_c8_tok120_seed12_the_laundry_basket_by_the_door__banded-frontier_best.json,steer_alpha_0p77_traj__reselect_banded-frontier_best,experiments/posthoc_reselect_mistral7b_semantic_loop_guard_w1p6/steer_alpha_0p77_traj_c8_tok120_seed12_the_laundry_basket_by_the_door__banded-frontier_best.json,3,7,0,-0.42222646408696063,0.0,0.28467948717948716,0.0,0.0,0.0,0.0,0.5693589743589743,0.0,0.7008189655172414,0.0,0.0,0.0,,0.0,0.0,,0.0,0.0,,0.0,,1.0,0.0,the; laundry; basket; door; single; rose; blooms; petal; window; inside; room,the; single; rose; blooms; petal; window,0.9166666666666667,bloom; rose; window,0.3333333333333333,rose; bloom; window; petal,glass; vase,0.055555555555555504,0.0,0.0,0.0,0,0,"A single rose blooms on the window, a glass vase. A single rose petal blooms on the window."
steer_alpha_0p77_traj_c8_tok120_seed12_the_laundry_basket_by_the_door__banded-frontier_best.json,steer_alpha_0p77_traj__reselect_banded-frontier_best,experiments/posthoc_reselect_mistral7b_semantic_loop_guard_w1p6/steer_alpha_0p77_traj_c8_tok120_seed12_the_laundry_basket_by_the_door__banded-frontier_best.json,3,8,0,1.3155465762612046,0.0,0.4565201612903226,0.0,0.0,0.0,0.0,0.65,0.4046774193548386,0.4300503337041157,0.0,0.0,0.0,,0.0,0.0,,0.0,0.0,,0.0,,1.0,0.0,the; laundry; basket; door; single; rose; blooms; petal; window; inside; room,the; rose; blooms; petal; window,0.9583333333333335,bloom; petal; rose; window,0.3333333333333333,rose; petal; bloom; window,windowpane; windowsill,0.02777777777777768,0.0,0.0,0.0,0,0,"The windowpane, the rose petal blooms on the window, a rose petal blooms in the window. A petal blooms on the windowsill."
steer_alpha_0p77_traj_c8_tok120_seed12_the_laundry_basket_by_the_door__banded-frontier_best.json,steer_alpha_0p77_traj__reselect_banded-frontier_best,experiments/posthoc_reselect_mistral7b_semantic_loop_guard_w1p6/steer_alpha_0p77_traj_c8_tok120_seed12_the_laundry_basket_by_the_door__banded-frontier_best.json,4,1,1,0.6625751009118934,0.0,0.4453023263027295,0.0,0.0,0.0,0.0,0.8637179487179487,0.031129032258064487,0.6265953837597331,0.0,0.0,0.0,,0.0,0.0,,0.0,0.0,,0.0,,1.0,0.0,the; laundry; basket; door; single; rose; blooms; petal; window; inside; room,the; rose; blooms; petal; window,0.5,window,0.2,window; rose; petal; bloom,warded,0.3,0.0,0.0,0.0,0,0,warded window. A rose petal blooms on the window.
steer_alpha_0p77_traj_c8_tok120_seed12_the_laundry_basket_by_the_door__banded-frontier_best.json,steer_alpha_0p77_traj__reselect_banded-frontier_best,experiments/posthoc_reselect_mistral7b_semantic_loop_guard_w1p6/steer_alpha_0p77_traj_c8_tok120_seed12_the_laundry_basket_by_the_door__banded-frontier_best.json,4,2,0,1.536292540887323,0.0,0.5284247311827956,0.0,0.0,0.0,0.0,0.76,0.39059139784946223,0.27423387096774204,0.0,0.0,0.0,,0.0,0.0,,0.0,0.0,,0.0,,0.5,0.5,the; laundry; basket; door; single; rose; blooms; petal; window; inside; room,the; window,0.675,window,0.3333333333333333,bloom; window,petalpetal,0.21666666666666662,0.0,0.0,0.0,0,0,petalpetal bloom on the window. The window.
steer_alpha_0p77_traj_c8_tok120_seed12_the_laundry_basket_by_the_door__banded-frontier_best.json,steer_alpha_0p77_traj__reselect_banded-frontier_best,experiments/posthoc_reselect_mistral7b_semantic_loop_guard_w1p6/steer_alpha_0p77_traj_c8_tok120_seed12_the_laundry_basket_by_the_door__banded-frontier_best.json,4,3,0,2.4072478223547478,0.0,0.6300147849462366,0.0,0.0,0.0,0.0,0.7833333333333334,0.6085483870967741,0.17615322580645168,0.0,0.0,0.0,,0.0,0.0,,0.0,0.0,,0.0,,1.0,0.0,the; laundry; basket; door; single; rose; blooms; petal; window; inside; room,the; single; rose; petal; window,0.675,window,0.0,petal; window; rose,,0.16249999999999998,0.0,0.0,0.0,0,0,A single petal of the window. A single rose within the window.
steer_alpha_0p77_traj_c8_tok120_seed12_the_laundry_basket_by_the_door__banded-frontier_best.json,steer_alpha_0p77_traj__reselect_banded-frontier_best,experiments/posthoc_reselect_mistral7b_semantic_loop_guard_w1p6/steer_alpha_0p77_traj_c8_tok120_seed12_the_laundry_basket_by_the_door__banded-frontier_best.json,4,4,0,1.0799204933586342,0.0,0.45000761290322583,0.0,0.0,0.0,0.0,0.7629333333333334,0.17967741935483866,0.3691451612903226,0.0,0.0,0.0,,0.0,0.0,,0.0,0.0,,0.0,,1.0,0.0,the; laundry; basket; door; single; rose; blooms; petal; window; inside; room,the; single; rose; blooms; petal; window,0.9166666666666667,bloom; window,0.0,petal; bloom; window; rose,,0.04166666666666663,0.0,0.0,0.0,0,0,petal blooms on the window. A single rose blooms on the window.
steer_alpha_0p77_traj_c8_tok120_seed12_the_laundry_basket_by_the_door__banded-frontier_best.json,steer_alpha_0p77_traj__reselect_banded-frontier_best,experiments/posthoc_reselect_mistral7b_semantic_loop_guard_w1p6/steer_alpha_0p77_traj_c8_tok120_seed12_the_laundry_basket_by_the_door__banded-frontier_best.json,4,5,0,1.0378909111024759,0.0,0.3207485912617395,0.0,0.0,0.0,0.0,0.4539240506329114,0.4132258064516128,0.35650528364849843,0.0,0.0,0.0,,0.0,0.0,,0.0,0.0,,0.0,,1.0,0.0,the; laundry; basket; door; single; rose; blooms; petal; window; inside; room,the; rose; blooms; petal; window,0.9601851851851853,rose; bloom; petal; windowpane,0.2,rose; petal; bloom; window,windowpane,0.02388888888888885,0.0,0.0,0.0,0,0,"windowpane, a rose. The rose petal petal blooms on the windowpane, the rose blooms on the window."
steer_alpha_0p77_traj_c8_tok120_seed12_the_laundry_basket_by_the_door__banded-frontier_best.json,steer_alpha_0p77_traj__reselect_banded-frontier_best,experiments/posthoc_reselect_mistral7b_semantic_loop_guard_w1p6/steer_alpha_0p77_traj_c8_tok120_seed12_the_laundry_basket_by_the_door__banded-frontier_best.json,4,6,0,1.5283610738511195,0.0,0.4592983870967742,0.0,0.0,0.0,0.0,0.65,0.4132258064516128,0.35650528364849843,0.0,0.0,0.0,,0.0,0.0,,0.0,0.0,,0.0,,1.0,0.0,the; laundry; basket; door; single; rose; blooms; petal; window; inside; room,the; rose; blooms; petal; window,0.9772727272727273,window; bloom; petal,0.0,window; rose; bloom; petal,,0.011363636363636354,0.0,0.0,0.0,0,0,"on the window, the window, a rose blooms on the window, its petal bloom on the window. A petal blooms on the window."
steer_alpha_0p77_traj_c8_tok120_seed12_the_laundry_basket_by_the_door__banded-frontier_best.json,steer_alpha_0p77_traj__reselect_banded-frontier_best,experiments/posthoc_reselect_mistral7b_semantic_loop_guard_w1p6/steer_alpha_0p77_traj_c8_tok120_seed12_the_laundry_basket_by_the_door__banded-frontier_best.json,4,7,0,1.5938555660974068,0.0,0.45194220430107523,0.0,0.0,0.0,0.0,0.65,0.39059139784946223,0.27423387096774204,0.0,0.0,0.0,,0.0,0.0,,0.0,0.0,,0.0,,1.0,0.0,the; laundry; basket; door; single; rose; blooms; petal; window; inside; room,the; blooms; petal; window,1.0,bloom; petal; window,0.0,petal; bloom; window,,0.0,0.0,0.0,0.0,0,0,"petal blooms on the window, the petal blooms on the window. The petal blooms on the window."
steer_alpha_0p77_traj_c8_tok120_seed12_the_laundry_basket_by_the_door__banded-frontier_best.json,steer_alpha_0p77_traj__reselect_banded-frontier_best,experiments/posthoc_reselect_mistral7b_semantic_loop_guard_w1p6/steer_alpha_0p77_traj_c8_tok120_seed12_the_laundry_basket_by_the_door__banded-frontier_best.json,4,8,0,0.8939871600253003,0.0,0.2969274193548387,0.0,0.0,0.0,0.0,0.44999999999999996,0.3196774193548386,0.30614516129032265,0.0,0.0,0.0,,0.0,0.0,,0.0,0.0,,0.0,,1.0,0.0,the; laundry; basket; door; single; rose; blooms; petal; window; inside; room,the; single; rose; blooms; petal; window,0.9772727272727273,petal; bloom; window,0.0,petal; bloom; window; rose,,0.011363636363636354,0.0,0.0,0.0,0,0,"petal blooms on the window, a single petal petal blooms in the window. A rose petal blooms on the window."
