run_name,condition,path,step,candidate_index,picked,score_total,readable_ontology_frontier,frontier_quality,ontology_collapse_density,identity_melt_score,affordance_corruption_score,category_bleeding_score,syntax_readability_proxy,graph_integration,graph_fragmentation,repair_pressure,cliche_attractor_score,cliche_attractor_density_per_100,cliche_attractor_hits,stock_prop_attractor_score,stock_prop_attractor_density_per_100,stock_prop_attractor_hits,soft_style_cliche_score,soft_style_cliche_density_per_100,soft_style_cliche_hits,fantasy_prop_score,fantasy_prop_hits,ordinary_anchor_retention,ordinary_anchor_drop,ordinary_anchor_terms,ordinary_anchor_hits,atmospheric_conservation,unfinished,meta_leak,identity_melt_count,affordance_corruption_count,text
selector_alpha_0_c8_tok100_seed01_the_receipt_on_the_counter.json,selector_alpha_0,experiments/frontier_sweep_mundane_hub_ablation_smoke/selector_alpha_0_c8_tok100_seed01_the_receipt_on_the_counter.json,1,1,1,0.08901926076177602,0.0,0.41962013888888894,0.0,0.0,0.0,0.0,0.7917361111111112,0.05999999999999997,0.7934281609195403,0.0,0.0,0.0,,0.0,0.0,,0.0,0.0,,0.0,,0.6666666666666666,0.33333333333333337,the; receipt; counter,the; receipt,0.3,0.0,0.0,0,0,"A worn, yellowed envelope sat beside the receipt, sealed with a faded wax stamp of a swan."
selector_alpha_0_c8_tok100_seed01_the_receipt_on_the_counter.json,selector_alpha_0,experiments/frontier_sweep_mundane_hub_ablation_smoke/selector_alpha_0_c8_tok100_seed01_the_receipt_on_the_counter.json,1,2,0,0.5111673590005097,0.009876696904518792,0.4419762934599698,0.02666666666666667,0.0,0.0,0.13333333333333333,0.711867816091954,0.24173697270471464,0.7589484683836742,0.0,0.3333333333333333,3.5714285714285716,faded photograph,0.3333333333333333,3.5714285714285716,faded photograph,0.0,0.0,,0.0,,0.6666666666666666,0.33333333333333337,the; receipt; counter,the; receipt,0.1,0.0,0.0,0,0,"A small, silver harmonica sat beside the receipt, next to a faded photograph of a beach with a solitary figure in the distance, its gaze directed at the receipt, which was slightly crumpled from being discarded."
selector_alpha_0_c8_tok100_seed01_the_receipt_on_the_counter.json,selector_alpha_0,experiments/frontier_sweep_mundane_hub_ablation_smoke/selector_alpha_0_c8_tok100_seed01_the_receipt_on_the_counter.json,1,3,0,0.08613127891716155,0.012559355710955709,0.4401643356643356,0.03333333333333333,0.0,0.0,0.16666666666666666,0.7336072261072261,0.19999999999999998,0.877,0.0,0.3333333333333333,4.166666666666667,faded photograph,0.3333333333333333,4.166666666666667,faded photograph,0.0,0.0,,0.0,,0.6666666666666666,0.33333333333333337,the; receipt; counter,the; receipt,0.2,0.0,0.0,0,0,"A small, faded photograph of a couple standing in front of a dilapidated pier, attached to the receipt with a hand-painted magnet, was slowly starting to pull itself off the worn surface."
selector_alpha_0_c8_tok100_seed01_the_receipt_on_the_counter.json,selector_alpha_0,experiments/frontier_sweep_mundane_hub_ablation_smoke/selector_alpha_0_c8_tok100_seed01_the_receipt_on_the_counter.json,1,4,0,-0.30807843137254953,0.0,0.47076724137931036,0.0,0.0,0.0,0.0,0.7846120689655173,0.19999999999999998,0.8403175287356324,0.0,0.3333333333333333,5.0,faded photograph,0.3333333333333333,5.0,faded photograph,0.0,0.0,,0.0,,0.6666666666666666,0.33333333333333337,the; receipt; counter,the; receipt,0.2,0.0,0.0,0,0,"A small, faded photograph of a girl in a yellow sundress sat beside the receipt, its corners curled and worn from being folded multiple times."
selector_alpha_0_c8_tok100_seed01_the_receipt_on_the_counter.json,selector_alpha_0,experiments/frontier_sweep_mundane_hub_ablation_smoke/selector_alpha_0_c8_tok100_seed01_the_receipt_on_the_counter.json,1,5,0,-1.4501166570115478,0.0,0.44225492295214924,0.0,0.0,0.0,0.0,0.7370915382535821,0.19999999999999998,0.9100000000000001,0.0,0.3333333333333333,4.0,faded photograph,0.3333333333333333,4.0,faded photograph,0.0,0.0,,0.0,,0.3333333333333333,0.6666666666666667,the; receipt; counter,the,0.4,0.0,0.0,0,0,"The faded photograph of a couple on the beach, a Polaroid with a cracked frame, sits next to a half-empty bottle of ketchup, its label worn and peeling away at the top."
selector_alpha_0_c8_tok100_seed01_the_receipt_on_the_counter.json,selector_alpha_0,experiments/frontier_sweep_mundane_hub_ablation_smoke/selector_alpha_0_c8_tok100_seed01_the_receipt_on_the_counter.json,1,6,0,0.3442619134419067,0.0,0.4244459216313474,0.0,0.0,0.0,0.0,0.707409869385579,0.19999999999999998,0.9100000000000001,0.0,1.0,7.142857142857143,antique; delicate; faded photograph,0.6666666666666666,4.761904761904762,antique; faded photograph,0.3333333333333333,2.380952380952381,delicate,0.375,antique,0.6666666666666666,0.33333333333333337,the; receipt; counter,the; receipt,0.45,0.0,0.0,0,0,"A faded photograph of a woman in a long, flowing gown sat on top of a small, antique tea set, the delicate china surrounded by the remnants of a long-forgotten tea party. The receipt, once a bright yellow, now seemed to blend into the old, cracked countertop, its ink slowly fading away like a ghost."
selector_alpha_0_c8_tok100_seed01_the_receipt_on_the_counter.json,selector_alpha_0,experiments/frontier_sweep_mundane_hub_ablation_smoke/selector_alpha_0_c8_tok100_seed01_the_receipt_on_the_counter.json,1,7,0,0.28846043611862915,0.004884123582170437,0.2053303075464029,0.02666666666666667,0.0,0.0,0.13333333333333333,0.6844343584880097,0.19999999999999998,0.9100000000000001,0.5,0.0,0.0,,0.0,0.0,,0.0,0.0,,0.0,,0.6666666666666666,0.33333333333333337,the; receipt; counter,the; counter,0.4,0.0,0.0,0,0,"The faint scent of old coffee lingered between the worn wooden table and the faded newspaper clipping, a reminder of the countless conversations that had taken place beneath its surface. A single, crumpled cigarette butt clung to the edge of the counter, as if waiting for its owner's return."
selector_alpha_0_c8_tok100_seed01_the_receipt_on_the_counter.json,selector_alpha_0,experiments/frontier_sweep_mundane_hub_ablation_smoke/selector_alpha_0_c8_tok100_seed01_the_receipt_on_the_counter.json,1,8,0,-0.44226420984311576,0.0,0.41797586649550705,0.0,0.0,0.0,0.0,0.6966264441591784,0.19999999999999998,0.9100000000000001,0.0,0.6666666666666666,5.2631578947368425,antique; delicate,0.3333333333333333,2.6315789473684212,antique,0.3333333333333333,2.6315789473684212,delicate,0.375,antique,0.6666666666666666,0.33333333333333337,the; receipt; counter,the; receipt,0.4,0.0,0.0,0,0,"A small, antique globe sat atop the receipt, its surface cracked and worn, a faded map of Europe etched into its surface, while a teacup, with a single, delicate rose petal stuck to its rim, sat beside it, a small, silver spoon lying beside the teacup."
selector_alpha_0_c8_tok100_seed01_the_receipt_on_the_counter.json,selector_alpha_0,experiments/frontier_sweep_mundane_hub_ablation_smoke/selector_alpha_0_c8_tok100_seed01_the_receipt_on_the_counter.json,2,1,1,-1.8704632115902453,0.04193004253609422,0.18016898936170211,0.26904761904761904,0.0,1.0,0.09523809523809523,0.6798829787234042,0.05999999999999997,0.9730000000000001,0.5,0.3333333333333333,2.5,antique,0.3333333333333333,2.5,antique,0.0,0.0,,0.375,antique,1.0,0.0,the; receipt; counter; worn; yellowed; envelope; sat; sealed; wax; stamp; swan,the; counter; worn; wax; stamp; swan,0.25,0.0,0.0,0,1,"A small, antique globe adorned the edge of the counter, its surface cracked and worn, its surface bearing faint scratches from countless fingers that had held it. The faded wax stamp of the swan seemed to be slowly peeling away, revealing a faint, handwritten message hidden beneath."
selector_alpha_0_c8_tok100_seed01_the_receipt_on_the_counter.json,selector_alpha_0,experiments/frontier_sweep_mundane_hub_ablation_smoke/selector_alpha_0_c8_tok100_seed01_the_receipt_on_the_counter.json,2,2,0,1.071067276896096,0.011646987208008896,0.4261092880978865,0.03333333333333333,0.0,0.0,0.16666666666666666,0.6784482758620689,0.2561290322580645,0.7476370504263998,0.0,0.0,0.0,,0.0,0.0,,0.0,0.0,,0.0,,0.75,0.25,the; receipt; counter; worn; yellowed; envelope; sat; sealed; wax; stamp; swan,the; counter; envelope,0.0,0.0,0.0,0,0,"A dusty, old globe rested on the edge of the counter, its surface etched with faint, crumbling lines that matched the creases in the envelope."
selector_alpha_0_c8_tok100_seed01_the_receipt_on_the_counter.json,selector_alpha_0,experiments/frontier_sweep_mundane_hub_ablation_smoke/selector_alpha_0_c8_tok100_seed01_the_receipt_on_the_counter.json,2,3,0,-0.002636706894059815,0.020463588108108104,0.4216398648648648,0.05333333333333334,0.0,0.0,0.26666666666666666,0.7027331081081081,0.19999999999999998,0.9100000000000001,0.0,0.6666666666666666,6.25,antique; delicate,0.3333333333333333,3.125,antique,0.3333333333333333,3.125,delicate,0.375,antique,1.0,0.0,the; receipt; counter; worn; yellowed; envelope; sat; sealed; wax; stamp; swan,the; counter; yellowed; envelope; sat,0.5,0.0,0.0,0,0,"A small, antique teacup sat on the edge of the counter, its delicate handle wrapped in a faded floral pattern, its saucer dented and filled with a single, wilted flower that seemed to match the yellowed corner of the envelope."
selector_alpha_0_c8_tok100_seed01_the_receipt_on_the_counter.json,selector_alpha_0,experiments/frontier_sweep_mundane_hub_ablation_smoke/selector_alpha_0_c8_tok100_seed01_the_receipt_on_the_counter.json,2,4,0,0.2052480509794139,0.008691785001287481,0.4095605497988865,0.022222222222222223,0.0,0.0,0.1111111111111111,0.6826009163314776,0.19999999999999998,0.9100000000000001,0.0,0.3333333333333333,3.225806451612903,antique,0.3333333333333333,3.225806451612903,antique,0.0,0.0,,0.375,antique,1.0,0.0,the; receipt; counter; worn; yellowed; envelope; sat; sealed; wax; stamp; swan,the; counter; worn; yellowed; envelope; wax; stamp; swan,0.75,0.0,0.0,0,0,"A small, antique locket lay open on the counter, its glassy surface reflecting the worn, yellowed envelope, as the swan's faded wax stamp seemed to melt slightly, merging with the envelope's creased surface."
selector_alpha_0_c8_tok100_seed01_the_receipt_on_the_counter.json,selector_alpha_0,experiments/frontier_sweep_mundane_hub_ablation_smoke/selector_alpha_0_c8_tok100_seed01_the_receipt_on_the_counter.json,2,5,0,-0.350684687848839,0.009223944546745912,0.39629716981132074,0.025577277787393195,0.0,0.0,0.12788638893696597,0.660495283018868,0.19999999999999998,0.9100000000000001,0.0,0.6666666666666666,5.0,antique; faded photograph,0.6666666666666666,5.0,antique; faded photograph,0.0,0.0,,0.375,antique,1.0,0.0,the; receipt; counter; worn; yellowed; envelope; sat; sealed; wax; stamp; swan,the; receipt; yellowed; envelope; stamp; swan,0.5,0.0,0.0,0,0,"A small, antique music sheet was stuck between the edges of the envelope and the receipt, its fragile paper yellowed with age. A faded photograph of a woman with a kind smile was tucked into the corner of the receipt, her eyes gazing directly at the swan stamp."
selector_alpha_0_c8_tok100_seed01_the_receipt_on_the_counter.json,selector_alpha_0,experiments/frontier_sweep_mundane_hub_ablation_smoke/selector_alpha_0_c8_tok100_seed01_the_receipt_on_the_counter.json,2,6,0,1.1421399751159054,0.0,0.4229541992669803,0.0,0.0,0.0,0.0,0.7049236654449672,0.19999999999999998,0.9100000000000001,0.0,0.3333333333333333,2.9411764705882355,antique,0.3333333333333333,2.9411764705882355,antique,0.0,0.0,,0.375,antique,1.0,0.0,the; receipt; counter; worn; yellowed; envelope; sat; sealed; wax; stamp; swan,the; worn; yellowed; envelope,0.3333333333333333,0.0,0.0,0,0,"The worn, yellowed envelope slowly opened, releasing a puff of dusty air as a handwritten note slipped out, fluttering towards a small, antique tea infuser perched on the edge of a ceramic teapot, the teapot itself bearing a faint, water-stained image of a lake."
selector_alpha_0_c8_tok100_seed01_the_receipt_on_the_counter.json,selector_alpha_0,experiments/frontier_sweep_mundane_hub_ablation_smoke/selector_alpha_0_c8_tok100_seed01_the_receipt_on_the_counter.json,2,7,0,-0.10863596674175668,0.006576222607112579,0.3955567763505574,0.01826948413385228,0.0,0.0,0.0913474206692614,0.6592612939175957,0.19999999999999998,0.9100000000000001,0.0,0.3333333333333333,2.1739130434782608,antique,0.3333333333333333,2.1739130434782608,antique,0.0,0.0,,0.375,antique,1.0,0.0,the; receipt; counter; worn; yellowed; envelope; sat; sealed; wax; stamp; swan,the; worn; yellowed; envelope,0.5,0.0,0.0,0,0,"A small, antique wooden cabinet stood beside the worn, yellowed envelope, its intricate carvings seeming to have been etched by the same hands that had penned the faded address on the envelope, the cabinet's lid slightly ajar, revealing a dusty, old photograph of a young couple standing in front of the very same cabinet."
selector_alpha_0_c8_tok100_seed01_the_receipt_on_the_counter.json,selector_alpha_0,experiments/frontier_sweep_mundane_hub_ablation_smoke/selector_alpha_0_c8_tok100_seed01_the_receipt_on_the_counter.json,2,8,0,0.48525544822271915,0.006233513224820293,0.38231243493348754,0.01904761904761905,0.0,0.0,0.09523809523809523,0.6371873915558126,0.19999999999999998,0.9100000000000001,0.0,0.3333333333333333,2.380952380952381,delicate,0.0,0.0,,0.3333333333333333,2.380952380952381,delicate,0.0,,1.0,0.0,the; receipt; counter; worn; yellowed; envelope; sat; sealed; wax; stamp; swan,the; receipt; counter; worn; envelope; swan,0.2,0.0,0.0,0,0,"A delicate, swirling pattern of blue ink danced across the surface of the envelope, as if the swan's feathers were still ruffled from a morning storm, while the counter's surface reflected a faint, morning light from the window, casting an unsteady glow on the worn, peeling edges of the receipt."
selector_alpha_0_c8_tok100_seed01_the_receipt_on_the_counter.json,selector_alpha_0,experiments/frontier_sweep_mundane_hub_ablation_smoke/selector_alpha_0_c8_tok100_seed01_the_receipt_on_the_counter.json,3,1,1,0.24082917605130483,0.0038785107796502154,0.21284510376129231,0.022222222222222223,0.0,0.0,0.1111111111111111,0.7094836792043078,0.19999999999999998,0.877,0.5,0.0,0.0,,0.0,0.0,,0.0,0.0,,0.0,,1.0,0.0,the; receipt; counter; worn; yellowed; envelope; sat; sealed; wax; stamp; swan; globe,the; counter; wax; swan,0.0,0.0,0.0,0,0,"A small, rusty pipe emerged from the cracks in the counter, its metal surface etched with a similar swan motif, now partially overlaying the message visible underneath, as if the pipe's presence had been there all along, waiting for the wax to wear away."
selector_alpha_0_c8_tok100_seed01_the_receipt_on_the_counter.json,selector_alpha_0,experiments/frontier_sweep_mundane_hub_ablation_smoke/selector_alpha_0_c8_tok100_seed01_the_receipt_on_the_counter.json,3,2,0,-0.251696612976686,0.0,0.21588396138060142,0.0,0.0,0.0,0.0,0.7196132046020047,0.19999999999999998,0.9100000000000001,0.5,0.3333333333333333,2.1739130434782608,antique,0.3333333333333333,2.1739130434782608,antique,0.0,0.0,,0.375,antique,0.75,0.25,the; receipt; counter; worn; yellowed; envelope; sat; sealed; wax; stamp; swan; globe,the; worn; globe,0.2,0.0,0.0,0,0,"The message, barely legible, read ""property of a forgotten soul"" in hasty, uneven scrawl, its ink smudged and running as if written with a damp finger, while the antique globe, now almost completely unrecognizable, had been replaced by a small, plastic model, identical in shape but lacking the worn, tactile quality of its predecessor."
selector_alpha_0_c8_tok100_seed01_the_receipt_on_the_counter.json,selector_alpha_0,experiments/frontier_sweep_mundane_hub_ablation_smoke/selector_alpha_0_c8_tok100_seed01_the_receipt_on_the_counter.json,3,3,0,-0.400316533797233,0.0019994701972386817,0.19755244463735477,0.012121212121212123,0.0,0.0,0.06060606060606061,0.6585081487911826,0.19999999999999998,0.9100000000000001,0.5,0.6666666666666666,3.508771929824561,antique; ethereal,0.3333333333333333,1.7543859649122806,antique,0.3333333333333333,1.7543859649122806,ethereal,0.375,antique,0.75,0.25,the; receipt; counter; worn; yellowed; envelope; sat; sealed; wax; stamp; swan; globe,the; sat; globe,0.08333333333333333,0.0,0.0,0,0,"The message, barely legible, read ""beneath the roots of the great oak,"" while the antique globe began to glow with a soft, ethereal light, illuminating the dusty corner of the old, creaky cabin it sat upon, where a collection of rusted tools and tattered quilts seemed to be stirring, as if awakened by the globe's gentle radiance, their shadows creeping across the walls like dark, unfurling wings."
selector_alpha_0_c8_tok100_seed01_the_receipt_on_the_counter.json,selector_alpha_0,experiments/frontier_sweep_mundane_hub_ablation_smoke/selector_alpha_0_c8_tok100_seed01_the_receipt_on_the_counter.json,3,4,0,-0.19648208027463832,0.0,0.20099741168018934,0.0,0.0,0.0,0.0,0.6699913722672978,0.19999999999999998,0.9100000000000001,0.5,1.0,5.882352941176471,antique; faded photograph; ornate,1.0,5.882352941176471,antique; faded photograph; ornate,0.0,0.0,,0.7,antique; ornate,0.75,0.25,the; receipt; counter; worn; yellowed; envelope; sat; sealed; wax; stamp; swan; globe,the; stamp; globe,0.5,0.0,0.0,0,0,"The message, barely legible, read ""For the eyes of the keeper alone,"" as the seal's peeling continued, revealing a small, ornate frame slipped from beneath the stamp, its interior containing a faded photograph of a girl standing beside the same antique globe, her eyes fixed on a point beyond the cracked surface, her face a pale, enigmatic smile."
selector_alpha_0_c8_tok100_seed01_the_receipt_on_the_counter.json,selector_alpha_0,experiments/frontier_sweep_mundane_hub_ablation_smoke/selector_alpha_0_c8_tok100_seed01_the_receipt_on_the_counter.json,3,5,0,-0.46802794442408735,0.0019284641993676775,0.1894027338664683,0.012121212121212123,0.0,0.0,0.06060606060606061,0.631342446221561,0.19999999999999998,0.9100000000000001,0.5,0.3333333333333333,2.0408163265306123,delicate,0.0,0.0,,0.3333333333333333,2.0408163265306123,delicate,0.0,,0.75,0.25,the; receipt; counter; worn; yellowed; envelope; sat; sealed; wax; stamp; swan; globe,the; counter; globe,0.1111111111111111,0.0,0.0,0,0,"The message, barely legible, read ""For the eye that sees beyond the surface,"" as the globe's scratched surface seemed to ripple, like water disturbed by a thrown stone, and a small, delicate, hand-painted teacup, forgotten on the edge of the counter, began to subtly shift, its handle disappearing beneath the cracked surface of the globe."
selector_alpha_0_c8_tok100_seed01_the_receipt_on_the_counter.json,selector_alpha_0,experiments/frontier_sweep_mundane_hub_ablation_smoke/selector_alpha_0_c8_tok100_seed01_the_receipt_on_the_counter.json,3,6,0,-0.8872613916853862,0.0,0.1895476412347117,0.0,0.0,0.0,0.0,0.6318254707823724,0.19999999999999998,0.9100000000000001,0.5,0.0,0.0,,0.0,0.0,,0.0,0.0,,0.0,,0.25,0.75,the; receipt; counter; worn; yellowed; envelope; sat; sealed; wax; stamp; swan; globe,the,0.0,0.0,0.0,0,0,"The message, barely legible, read ""Eurydice, 1850"" in a script that seemed to be written in haste, as if the sender had been interrupted, the words ""in the depths of the ocean"" scribbled in a hasty correction, the ink bleeding into the parchment."
selector_alpha_0_c8_tok100_seed01_the_receipt_on_the_counter.json,selector_alpha_0,experiments/frontier_sweep_mundane_hub_ablation_smoke/selector_alpha_0_c8_tok100_seed01_the_receipt_on_the_counter.json,3,7,0,-2.148629909110791,0.0,0.0,0.55,1.0,0.0,0.0,0.39988676176176174,0.19999999999999998,0.9100000000000001,1.0,0.0,0.0,,0.0,0.0,,0.0,0.0,,0.0,,0.75,0.25,the; receipt; counter; worn; yellowed; envelope; sat; sealed; wax; stamp; swan; globe,the; wax; globe,0.25,0.4,0.0,1,0,"As the wax seal finally flaked away, the message revealed itself, the faint ink bleeding into the surrounding surface, where it merged with the patina of the globe, now a dark, almost indistinguishable smudge, beneath which a small, metallic object lay hidden"
selector_alpha_0_c8_tok100_seed01_the_receipt_on_the_counter.json,selector_alpha_0,experiments/frontier_sweep_mundane_hub_ablation_smoke/selector_alpha_0_c8_tok100_seed01_the_receipt_on_the_counter.json,3,8,0,-0.9039875263023867,0.0,0.07328411483253587,0.0,0.0,0.0,0.0,0.407133971291866,0.19999999999999998,0.9100000000000001,0.5,0.0,0.0,,0.0,0.0,,0.0,0.0,,0.0,,0.25,0.75,the; receipt; counter; worn; yellowed; envelope; sat; sealed; wax; stamp; swan; globe,the,0.1111111111111111,0.4,0.0,0,0,"The handwriting beneath the message was now visible, a series of hasty, looping strokes that seemed to be a mixture of letters and symbols, the ink faded to a soft brown, as if penned by a hand that had long since passed on, the message itself a jumbled mix of"
steer_alpha_0p66_c8_tok100_seed01_the_receipt_on_the_counter.json,steer_alpha_0p66,experiments/frontier_sweep_mundane_hub_ablation_smoke/steer_alpha_0p66_c8_tok100_seed01_the_receipt_on_the_counter.json,1,1,1,-0.42811522074196706,0.09752468679183311,0.41589944231439524,0.2602564102564103,0.0,1.0,0.05128205128205128,0.6931657371906588,0.19999999999999998,0.9100000000000001,0.0,0.6666666666666666,4.166666666666667,antique; moonlit,0.3333333333333333,2.0833333333333335,antique,0.3333333333333333,2.0833333333333335,moonlit,0.375,antique,1.0,0.0,the; receipt; counter,the; receipt; counter,0.45,0.0,0.0,0,1,"A vintage typewriter sat beside a worn, wooden counter, its keys slightly ajar, as if awaiting the touch of a long-forgotten writer, its metal ribbons tangled around a dusty, antique globe, casting a faint, moonlit glow on a stack of yellowed, dog-eared newspapers, each with a single, folded paper tucked between its pages, bearing a single, scribbled receipt."
steer_alpha_0p66_c8_tok100_seed01_the_receipt_on_the_counter.json,steer_alpha_0p66,experiments/frontier_sweep_mundane_hub_ablation_smoke/steer_alpha_0p66_c8_tok100_seed01_the_receipt_on_the_counter.json,1,2,0,-0.28151312916931626,0.00475338565733968,0.3748288923719958,0.014814814814814815,0.0,0.0,0.07407407407407407,0.7496577847439916,0.0,1.0,0.0,0.3333333333333333,3.0303030303030303,miniature,0.3333333333333333,3.0303030303030303,miniature,0.0,0.0,,0.4,miniature,0.6666666666666666,0.33333333333333337,the; receipt; counter,the; counter,0.2,0.0,0.0,0,0,"A small, rusty teapot sat atop the counter, its spout bent and twisted, a miniature, tin can now fills with dew, and a small, forgotten umbrella stands beside, its ribs slowly unfolding like a tiny, metal flower."
steer_alpha_0p66_c8_tok100_seed01_the_receipt_on_the_counter.json,steer_alpha_0p66,experiments/frontier_sweep_mundane_hub_ablation_smoke/steer_alpha_0p66_c8_tok100_seed01_the_receipt_on_the_counter.json,1,3,0,-0.7191029467691834,0.005503589970355147,0.43398635864365936,0.014814814814814815,0.0,0.0,0.07407407407407407,0.7233105977394323,0.19999999999999998,0.9100000000000001,0.0,0.6666666666666666,7.142857142857143,antique; delicate,0.3333333333333333,3.5714285714285716,antique,0.3333333333333333,3.5714285714285716,delicate,0.375,antique,1.0,0.0,the; receipt; counter,the; receipt; counter,0.2,0.0,0.0,0,0,"A small, antique compass lies beside it, its needle trembling as if it senses the receipt's presence, its iron filings slowly spreading, like a tiny, delicate, silver rain, onto the counter's surface."
steer_alpha_0p66_c8_tok100_seed01_the_receipt_on_the_counter.json,steer_alpha_0p66,experiments/frontier_sweep_mundane_hub_ablation_smoke/steer_alpha_0p66_c8_tok100_seed01_the_receipt_on_the_counter.json,1,4,0,-0.424960336929489,0.0,0.44091520467836254,0.0,0.0,0.0,0.0,0.7348586744639376,0.19999999999999998,0.8972276272577997,0.0,0.3333333333333333,4.166666666666667,delicate,0.0,0.0,,0.3333333333333333,4.166666666666667,delicate,0.0,,0.3333333333333333,0.6666666666666667,the; receipt; counter,the,0.0,0.0,0.0,0,0,"A small, delicate tea set sat beside it, its saucer and cups slightly askew, as if it had been joined in a frantic conversation, the saucer's rim glinting with dew."
steer_alpha_0p66_c8_tok100_seed01_the_receipt_on_the_counter.json,steer_alpha_0p66,experiments/frontier_sweep_mundane_hub_ablation_smoke/steer_alpha_0p66_c8_tok100_seed01_the_receipt_on_the_counter.json,1,5,0,-0.3966939803168721,0.0,0.45009397590361444,0.0,0.0,0.0,0.0,0.7501566265060241,0.19999999999999998,0.9100000000000001,0.0,0.3333333333333333,3.3333333333333335,antique,0.3333333333333333,3.3333333333333335,antique,0.0,0.0,,0.375,antique,0.3333333333333333,0.6666666666666667,the; receipt; counter,the,0.3,0.0,0.0,0,0,"A small, antique telescope peered from the edge of a dusty, old globe, its lens clouded with a thin layer of frost, as if the moon had melted onto its surface, and a small, golden harmonica rests beside it."
steer_alpha_0p66_c8_tok100_seed01_the_receipt_on_the_counter.json,steer_alpha_0p66,experiments/frontier_sweep_mundane_hub_ablation_smoke/steer_alpha_0p66_c8_tok100_seed01_the_receipt_on_the_counter.json,1,6,0,-1.3291615479435406,0.0,0.44066499418392674,0.0,0.0,0.0,0.0,0.7344416569732113,0.19999999999999998,0.9100000000000001,0.0,0.6666666666666666,5.0,antique; porcelain,0.6666666666666666,5.0,antique; porcelain,0.0,0.0,,0.875,antique; porcelain,0.0,1.0,the; receipt; counter,,0.4,0.0,0.0,0,0,"A small, antique telescope gazes out from between two old, dusty bottles, alongside a forgotten, metal cash box that slowly creaks, releasing a shower of coins, which swirls and settles into a neat, hand-painted, porcelain-free, ceramic urn, where a few withered, paper flowers bloom."
steer_alpha_0p66_c8_tok100_seed01_the_receipt_on_the_counter.json,steer_alpha_0p66,experiments/frontier_sweep_mundane_hub_ablation_smoke/steer_alpha_0p66_c8_tok100_seed01_the_receipt_on_the_counter.json,1,7,0,-0.9346996434937609,0.003380110951048951,0.36577227272727275,0.010256410256410256,0.0,0.0,0.05128205128205128,0.6901363636363637,0.05999999999999997,0.9730000000000001,0.0,0.3333333333333333,3.0303030303030303,antique,0.3333333333333333,3.0303030303030303,antique,0.0,0.0,,0.375,antique,0.3333333333333333,0.6666666666666667,the; receipt; counter,counter,0.45,0.0,0.0,0,0,"A small, antique music maker, its brass surface tarnished, sits beside a forgotten, worn, wooden counter, its surface scratched and scarred, where a small, cracked, ceramic planter still holds a wilted, once-purple, now-pale, orchid."
steer_alpha_0p66_c8_tok100_seed01_the_receipt_on_the_counter.json,steer_alpha_0p66,experiments/frontier_sweep_mundane_hub_ablation_smoke/steer_alpha_0p66_c8_tok100_seed01_the_receipt_on_the_counter.json,1,8,0,-0.640483727383727,0.003854425246548323,0.4213076923076923,0.010256410256410256,0.0,0.0,0.05128205128205128,0.7021794871794872,0.19999999999999998,0.9100000000000001,0.0,0.6666666666666666,3.8461538461538463,antique; ghostly,0.3333333333333333,1.9230769230769231,antique,0.3333333333333333,1.9230769230769231,ghostly,0.375,antique,1.0,0.0,the; receipt; counter,the; receipt; counter,0.4,0.0,0.0,0,0,"A small, antique wooden scale, its worn brass surface etched with intricate, ghostly patterns, lies next to a faded, vintage suitcase, its worn handle and worn wheels creaking softly, as if it too, once held weight and secrets, now it slowly pours a thin layer of dew onto the counter, where the receipt crinkles and rustles, as if it too, is awakening from a long slumber."
steer_alpha_0p66_c8_tok100_seed01_the_receipt_on_the_counter.json,steer_alpha_0p66,experiments/frontier_sweep_mundane_hub_ablation_smoke/steer_alpha_0p66_c8_tok100_seed01_the_receipt_on_the_counter.json,2,1,1,0.11394183788750589,0.0,0.4278931778013432,0.0,0.0,0.0,0.0,0.7131552963355721,0.19999999999999998,0.9100000000000001,0.0,0.0,0.0,,0.0,0.0,,0.0,0.0,,0.0,,0.75,0.25,the; receipt; counter; vintage; typewriter; sat; worn; wooden; its; keys; slightly; ajar,its; slightly; ajar,0.0,0.0,0.0,0,0,"A small, cracked, and faded, old-fashioned mailbox, half-hidden behind a tangle of overgrown, ivy and moss, its door slightly ajar, revealing a soft, cream-colored envelope with a single, elegant, cursive signature that reads ""For Mr. and Mrs."
steer_alpha_0p66_c8_tok100_seed01_the_receipt_on_the_counter.json,steer_alpha_0p66,experiments/frontier_sweep_mundane_hub_ablation_smoke/steer_alpha_0p66_c8_tok100_seed01_the_receipt_on_the_counter.json,2,2,0,-2.8741506675493764,0.0,0.3414657122365663,0.0,0.0,0.0,0.0,0.6829314244731326,0.0,1.0,0.0,0.0,0.0,,0.0,0.0,,0.0,0.0,,0.0,,0.5,0.5,the; receipt; counter; vintage; typewriter; sat; worn; wooden; its; keys; slightly; ajar,the; its,0.0,0.0,0.0,0,0,"A faded, hand-painted sign creaked in the gentle, morning breeze, its peeling letters spelling out a faded, cursive script: ""M."
steer_alpha_0p66_c8_tok100_seed01_the_receipt_on_the_counter.json,steer_alpha_0p66,experiments/frontier_sweep_mundane_hub_ablation_smoke/steer_alpha_0p66_c8_tok100_seed01_the_receipt_on_the_counter.json,2,3,0,-0.11196249825108445,0.0,0.14471849898063202,0.0,0.0,0.0,0.0,0.4550896194359497,0.05999999999999997,0.9730000000000001,0.0,0.6666666666666666,5.555555555555555,crystal; ornate,0.6666666666666666,5.555555555555555,crystal; ornate,0.0,0.0,,0.325,ornate,0.75,0.25,the; receipt; counter; vintage; typewriter; sat; worn; wooden; its; keys; slightly; ajar,sat; wooden; its,0.1,0.4,0.0,0,0,"A faded, crimson curtain, dusty with age, hung crookedly from a rusty, old chandelier, its crystals dull and covered in a fine, verdant moss, as a small, ornate, wooden box, adorned with intricate, mother-of-pearl inlays, sat atop a rickety, old table, beside"
steer_alpha_0p66_c8_tok100_seed01_the_receipt_on_the_counter.json,steer_alpha_0p66,experiments/frontier_sweep_mundane_hub_ablation_smoke/steer_alpha_0p66_c8_tok100_seed01_the_receipt_on_the_counter.json,2,4,0,0.5101493629709957,0.002052634054913025,0.15658975332068312,0.015985798617120746,0.0,0.0,0.07992899308560372,0.4349715370018976,0.19999999999999998,0.9100000000000001,0.0,0.3333333333333333,2.9411764705882355,faded photograph,0.3333333333333333,2.9411764705882355,faded photograph,0.0,0.0,,0.0,,1.0,0.0,the; receipt; counter; vintage; typewriter; sat; worn; wooden; its; keys; slightly; ajar,the; receipt; counter; vintage; typewriter; its; slightly,0.0,0.4,0.0,0,0,"The receipt on the counter slowly began to unfold, revealing a faded, faded photograph of a young couple, their faces tilted towards each other, their lips slightly apart, as the vintage typewriter creaked and groaned, its metal ribbons unwinding, releasing a"
steer_alpha_0p66_c8_tok100_seed01_the_receipt_on_the_counter.json,steer_alpha_0p66,experiments/frontier_sweep_mundane_hub_ablation_smoke/steer_alpha_0p66_c8_tok100_seed01_the_receipt_on_the_counter.json,2,5,0,0.593105129984997,0.0,0.16092561857632282,0.0,0.0,0.0,0.0,0.4470156071564523,0.19999999999999998,0.9100000000000001,0.0,0.3333333333333333,2.7027027027027026,delicate,0.0,0.0,,0.3333333333333333,2.7027027027027026,delicate,0.0,,1.0,0.0,the; receipt; counter; vintage; typewriter; sat; worn; wooden; its; keys; slightly; ajar,the; vintage; typewriter; sat; worn; its,0.1,0.4,0.0,0,0,"The scent of old paper and dust waed through the air as a narrow, ironing board, adorned with a faded, floral pattern, sat beside the typewriter, its surface cluttered with a tangle of vintage sewing needles, a pair of worn, black gloves, and a delicate, china"
steer_alpha_0p66_c8_tok100_seed01_the_receipt_on_the_counter.json,steer_alpha_0p66,experiments/frontier_sweep_mundane_hub_ablation_smoke/steer_alpha_0p66_c8_tok100_seed01_the_receipt_on_the_counter.json,2,6,0,0.4619244018092528,0.001196103231957127,0.1558809661580008,0.00913474206692614,0.0,0.0,0.0456737103346307,0.4330026837722244,0.19999999999999998,0.9100000000000001,0.0,0.0,0.0,,0.0,0.0,,0.0,0.0,,0.0,,0.75,0.25,the; receipt; counter; vintage; typewriter; sat; worn; wooden; its; keys; slightly; ajar,the; counter; its,0.1111111111111111,0.4,0.0,0,0,"A faded, framed photograph, once hung on the wall above the counter, now hangs crooked, its glass foggy with condensation, beside a small, leather-like, vinyl record, its surface etched with faint, cryptic messages, its player, a small, rusted gramophone, emit"
steer_alpha_0p66_c8_tok100_seed01_the_receipt_on_the_counter.json,steer_alpha_0p66,experiments/frontier_sweep_mundane_hub_ablation_smoke/steer_alpha_0p66_c8_tok100_seed01_the_receipt_on_the_counter.json,2,7,0,-0.35487669606869776,0.0,0.012451849917647537,0.0,0.0,0.0,0.0,0.1383538879738615,0.19999999999999998,0.9100000000000001,0.0,0.6666666666666666,6.0606060606060606,crystal; delicate,0.3333333333333333,3.0303030303030303,crystal,0.3333333333333333,3.0303030303030303,delicate,0.35,crystal,1.0,0.0,the; receipt; counter; vintage; typewriter; sat; worn; wooden; its; keys; slightly; ajar,the; worn; wooden; its; slightly; ajar,0.42857142857142855,0.85,0.0,0,0,"A small, delicate, crystal vase, its curves and lines etched with a series of fading, crimson lipstick kisses, rested on the edge of a worn, wooden table, its lid slightly ajar, revealing a scattering of forgotten, yellowed, 19th-century playing cards, their o"
steer_alpha_0p66_c8_tok100_seed01_the_receipt_on_the_counter.json,steer_alpha_0p66,experiments/frontier_sweep_mundane_hub_ablation_smoke/steer_alpha_0p66_c8_tok100_seed01_the_receipt_on_the_counter.json,2,8,0,-1.6313874105197634,0.0,0.010525652777777783,0.0,0.0,0.0,0.0,0.1323981481481482,0.05999999999999997,0.9730000000000001,0.0,0.3333333333333333,2.857142857142857,faded photograph,0.3333333333333333,2.857142857142857,faded photograph,0.0,0.0,,0.0,,0.75,0.25,the; receipt; counter; vintage; typewriter; sat; worn; wooden; its; keys; slightly; ajar,the; typewriter; its,0.0,0.85,0.0,0,0,"A faded, faded photograph, once a polaroid, now adhered to the underside of the typewriter, its glossy surface scratched and dim, its subjects, two old, withered hands, now replaced by a small, glass terrarium, filled with a few, wilting, white orchids, their"
steer_alpha_0p66_c8_tok100_seed01_the_receipt_on_the_counter.json,steer_alpha_0p66,experiments/frontier_sweep_mundane_hub_ablation_smoke/steer_alpha_0p66_c8_tok100_seed01_the_receipt_on_the_counter.json,3,1,1,0.3306519532359187,0.0,0.2076595343980344,0.0,0.0,0.0,0.0,0.6530174037674037,0.05999999999999997,0.9730000000000001,0.0,0.0,0.0,,0.0,0.0,,0.0,0.0,,0.0,,1.0,0.0,the; receipt; counter; vintage; typewriter; sat; worn; wooden; its; keys; slightly; ajar,the; worn; slightly; ajar,0.07692307692307693,0.4,0.0,0,0,"A small, brass doorknob, slightly ajar, creaking softly in the gentle, morning breeze, as if beckoning the homeowner, a sleepy, bespectacled man, with a worn, gardening apron, and a watering can, nearby, filled with fresh, dew-kissed, emerald-green ferns, thro"
steer_alpha_0p66_c8_tok100_seed01_the_receipt_on_the_counter.json,steer_alpha_0p66,experiments/frontier_sweep_mundane_hub_ablation_smoke/steer_alpha_0p66_c8_tok100_seed01_the_receipt_on_the_counter.json,3,2,0,0.7451562674629666,0.0,0.22439828682144192,0.0,0.0,0.0,0.0,0.6233285745040054,0.19999999999999998,0.9100000000000001,0.0,1.0,12.820512820512821,antique; delicate; fog; iridescent; mist,0.3333333333333333,2.5641025641025643,antique,1.0,10.256410256410257,delicate; fog; iridescent; mist,0.375,antique,0.75,0.25,the; receipt; counter; vintage; typewriter; sat; worn; wooden; its; keys; slightly; ajar,the; sat; wooden,0.2,0.4,0.0,0,0,"A delicate, antique, silver-tea set sat on a rickety, rustic, wooden table, beside a steaming, copper kettle, steam rising into the damp, misty morning air, where a small, old, wooden door creaks open, releasing a faint, fog-like, iridescent mist that wafts th"
steer_alpha_0p66_c8_tok100_seed01_the_receipt_on_the_counter.json,steer_alpha_0p66,experiments/frontier_sweep_mundane_hub_ablation_smoke/steer_alpha_0p66_c8_tok100_seed01_the_receipt_on_the_counter.json,3,3,0,-0.21299004599553,0.0012095887092976377,0.13841424667615168,0.010657199078080496,0.0,0.0,0.05328599539040248,0.43526492665456507,0.05999999999999997,0.9730000000000001,0.0,0.6666666666666666,5.882352941176471,delicate; mist,0.0,0.0,,0.6666666666666666,5.882352941176471,delicate; mist,0.0,,1.0,0.0,the; receipt; counter; vintage; typewriter; sat; worn; wooden; its; keys; slightly; ajar,the; counter; vintage; its,0.0,0.4,0.0,0,0,"The envelope lay on the counter, next to a small, delicate, chrome-plated, vintage scales, its weight-reading needle paused, suspended mid-measurement, as if waiting for a precise, unseen hand to reset the scales to zero, a single, frosty, morning mist creeps"
steer_alpha_0p66_c8_tok100_seed01_the_receipt_on_the_counter.json,steer_alpha_0p66,experiments/frontier_sweep_mundane_hub_ablation_smoke/steer_alpha_0p66_c8_tok100_seed01_the_receipt_on_the_counter.json,3,4,0,-0.3621711615402447,0.0013235404768853361,0.13770941377997717,0.011111111111111112,0.0,0.0,0.05555555555555555,0.43304847100621746,0.05999999999999997,0.9730000000000001,0.0,0.0,0.0,,0.0,0.0,,0.0,0.0,,0.0,,1.0,0.0,the; receipt; counter; vintage; typewriter; sat; worn; wooden; its; keys; slightly; ajar,the; sat; worn; wooden; its; slightly,0.25,0.4,0.0,0,0,"A faded, wooden bench, worn smooth by time and weather, sat beside the old mailbox, its legs slightly askew, as if it had been swept by a gentle, autumn breeze, its intricate, carvings of leaves and vines twisted and gnarled, like a living, twisted, wooden ser"
steer_alpha_0p66_c8_tok100_seed01_the_receipt_on_the_counter.json,steer_alpha_0p66,experiments/frontier_sweep_mundane_hub_ablation_smoke/steer_alpha_0p66_c8_tok100_seed01_the_receipt_on_the_counter.json,3,5,0,-1.4963932031429823,0.0,0.12584753363228698,0.0,0.0,0.0,0.0,0.41949177877429,0.0,1.0,0.0,1.0,8.333333333333334,crystal; delicate; ethereal,0.3333333333333333,2.7777777777777777,crystal,0.6666666666666666,5.555555555555555,delicate; ethereal,0.35,crystal,0.5,0.5,the; receipt; counter; vintage; typewriter; sat; worn; wooden; its; keys; slightly; ajar,the; its,0.07692307692307693,0.4,0.0,0,0,"Beyond the mailbox, a weathered, metal trellis overgrown with vines and moss, its latticework adorned with a small, delicate, crystal mobile, its crystalline facets reflecting the soft, moonlight, casting tiny, ethereal shadows on the dew-kissed, stone steps t"
steer_alpha_0p66_c8_tok100_seed01_the_receipt_on_the_counter.json,steer_alpha_0p66,experiments/frontier_sweep_mundane_hub_ablation_smoke/steer_alpha_0p66_c8_tok100_seed01_the_receipt_on_the_counter.json,3,6,0,0.44617450102898865,0.0,0.14763298419940046,0.0,0.0,0.0,0.0,0.41009162277611244,0.19999999999999998,0.9100000000000001,0.0,0.6666666666666666,5.405405405405405,delicate; ornate,0.3333333333333333,2.7027027027027026,ornate,0.3333333333333333,2.7027027027027026,delicate,0.325,ornate,1.0,0.0,the; receipt; counter; vintage; typewriter; sat; worn; wooden; its; keys; slightly; ajar,the; worn; wooden; its,0.23076923076923078,0.4,0.0,0,0,"A faded, old, and weathered, wooden bench, placed beside the mailbox, its worn, wooden slats creaking softly in the gentle, morning breeze, as a small, delicate, and ornate, copper kettain, half-filled with soot and steam, slowly, and steadily, pouring a rich"
steer_alpha_0p66_c8_tok100_seed01_the_receipt_on_the_counter.json,steer_alpha_0p66,experiments/frontier_sweep_mundane_hub_ablation_smoke/steer_alpha_0p66_c8_tok100_seed01_the_receipt_on_the_counter.json,3,7,0,0.6037551741857301,0.0,0.13311881140666187,0.0,0.0,0.0,0.0,0.36977447612961634,0.19999999999999998,0.877,0.0,0.3333333333333333,2.5641025641025643,ornate,0.3333333333333333,2.5641025641025643,ornate,0.0,0.0,,0.325,ornate,0.5,0.5,the; receipt; counter; vintage; typewriter; sat; worn; wooden; its; keys; slightly; ajar,the; wooden,0.16666666666666666,0.4,0.0,0,0,"The envelope slipped from the mailbox, and the ivy and moss behind it tremed, as if in sympathy with the soft, morning dew that had gathered on the mailbox's lid, beside a small, metal, ornate, and intricately, etched, wooden box, partially hidden in the shado"
steer_alpha_0p66_c8_tok100_seed01_the_receipt_on_the_counter.json,steer_alpha_0p66,experiments/frontier_sweep_mundane_hub_ablation_smoke/steer_alpha_0p66_c8_tok100_seed01_the_receipt_on_the_counter.json,3,8,0,0.2576582464713679,9.666630136986308e-05,0.009062465753424663,0.012121212121212123,0.0,0.0,0.06060606060606061,0.10069406392694069,0.19999999999999998,0.9100000000000001,0.0,0.0,0.0,,0.0,0.0,,0.0,0.0,,0.0,,1.0,0.0,the; receipt; counter; vintage; typewriter; sat; worn; wooden; its; keys; slightly; ajar,the; wooden; its; slightly,0.3333333333333333,0.85,0.0,0,0,"A faded, old photograph, yellowed with age, leaned against the mailbox, partially hidden behind a tangle of overgrown, ivy and moss, its frame slightly askew, as if it had been recently disturbed, a small, hand-carved wooden box, partially hidden beneath the m"
steer_alpha_0p77_c8_tok100_seed01_the_receipt_on_the_counter.json,steer_alpha_0p77,experiments/frontier_sweep_mundane_hub_ablation_smoke/steer_alpha_0p77_c8_tok100_seed01_the_receipt_on_the_counter.json,1,1,1,-0.7192523564370321,0.08401248402998943,0.3844964944164276,0.25,0.0,1.0,0.0,0.640827490694046,0.19999999999999998,0.9100000000000001,0.0,0.3333333333333333,1.8181818181818181,antique,0.3333333333333333,1.8181818181818181,antique,0.0,0.0,,0.375,antique,0.3333333333333333,0.6666666666666667,the; receipt; counter,the,0.3,0.0,0.0,0,1,"A small, antique telescope peered out from behind a stack of yellowing ledgers, its lens cloudy, its brass tripod worn, its tripod's legs splayed outward like a spider's, as if it had been there for years, waiting for an astronomy enthusiast to return, its lens slowly foging over, a tiny, forgotten garden, forgotten, in the corner, a small, metal planter holds a tiny, wilted, forgotten flower."
steer_alpha_0p77_c8_tok100_seed01_the_receipt_on_the_counter.json,steer_alpha_0p77,experiments/frontier_sweep_mundane_hub_ablation_smoke/steer_alpha_0p77_c8_tok100_seed01_the_receipt_on_the_counter.json,1,2,0,-1.2854816903505586,0.042229855736434105,0.1832627906976744,0.25833333333333336,0.0,1.0,0.041666666666666664,0.610875968992248,0.0,1.0,0.0,0.0,0.0,,0.0,0.0,,0.0,0.0,,0.0,,0.3333333333333333,0.6666666666666667,the; receipt; counter,counter,0.4,0.4,0.0,0,1,"A worn, wooden counter, old and scratched, holds a small, metal cash register, its tin exterior dented and faded, its lid askew, a small, withered orchid, once a vibrant green, now wilted, a faded, frayed apron, its strings unraveling, a tattered, threadbare"
steer_alpha_0p77_c8_tok100_seed01_the_receipt_on_the_counter.json,steer_alpha_0p77,experiments/frontier_sweep_mundane_hub_ablation_smoke/steer_alpha_0p77_c8_tok100_seed01_the_receipt_on_the_counter.json,1,3,0,-0.972485507246377,0.0,0.5615434782608696,0.0,0.0,0.0,0.0,0.9359057971014493,0.19999999999999998,0.9100000000000001,0.0,0.3333333333333333,4.166666666666667,antique,0.3333333333333333,4.166666666666667,antique,0.0,0.0,,0.375,antique,0.0,1.0,the; receipt; counter,,0.4,0.0,0.0,0,0,"A small, antique wooden scale, slightly ajar, stands beside a worn, brass telescope, its lens clouded with dew, beside a stack of dusty, old, dog-eared dictionary."
steer_alpha_0p77_c8_tok100_seed01_the_receipt_on_the_counter.json,steer_alpha_0p77,experiments/frontier_sweep_mundane_hub_ablation_smoke/steer_alpha_0p77_c8_tok100_seed01_the_receipt_on_the_counter.json,1,4,0,-1.1449268398268395,0.0,0.4264,0.0,0.0,0.0,0.0,0.7106666666666667,0.19999999999999998,0.9100000000000001,0.0,0.6666666666666666,5.0,delicate; miniature,0.3333333333333333,2.5,miniature,0.3333333333333333,2.5,delicate,0.4,miniature,0.0,1.0,the; receipt; counter,,0.1,0.0,0.0,0,0,"A small, metal umbrella, its ribs creaking, slowly opens, its tip disappearing into a puddle, where a tea set, once a delicate china teapot and two dainty cups, now lies, frozen in time, a miniature, delicate, lace-trimmed tablecloth unfurls, spreading its snowy, silver-gray fabric."
steer_alpha_0p77_c8_tok100_seed01_the_receipt_on_the_counter.json,steer_alpha_0p77,experiments/frontier_sweep_mundane_hub_ablation_smoke/steer_alpha_0p77_c8_tok100_seed01_the_receipt_on_the_counter.json,1,5,0,-0.31980774624610325,0.005957639507331379,0.1957460410557185,0.035555555555555556,0.0,0.0,0.17777777777777778,0.5437390029325514,0.19999999999999998,0.9100000000000001,0.0,0.6666666666666666,6.0606060606060606,antique; miniature,0.6666666666666666,6.0606060606060606,antique; miniature,0.0,0.0,,0.775,antique; miniature,0.6666666666666666,0.33333333333333337,the; receipt; counter,the; counter,0.2,0.4,0.0,0,0,"A small, antique pocket in a worn, wooden cabinet on the counter, its lid slightly ajar, revealing a miniature, reversed, perfectly scaled, miniature of the same, worn, wooden counter, and on the counter, a small, metal, inverted, metal hourglass slowly tips o"
steer_alpha_0p77_c8_tok100_seed01_the_receipt_on_the_counter.json,steer_alpha_0p77,experiments/frontier_sweep_mundane_hub_ablation_smoke/steer_alpha_0p77_c8_tok100_seed01_the_receipt_on_the_counter.json,1,6,0,-0.3864797262580177,0.0011765959645578822,0.1371171767797754,0.009523809523809525,0.0,0.0,0.047619047619047616,0.4311860905024383,0.05999999999999997,0.9730000000000001,0.0,1.0,10.526315789473685,antique; delicate; mist; porcelain,0.6666666666666666,5.2631578947368425,antique; porcelain,0.6666666666666666,5.2631578947368425,delicate; mist,0.875,antique; porcelain,0.3333333333333333,0.6666666666666667,the; receipt; counter,counter,0.45,0.4,0.0,0,0,"A small, antique telescope peered out from between two old, dusty vases, its lens foging with morning mist, as a small, forgotten tea set, once a delicate, lace-draped, porcelain-free, ceramic teapot, now sits atop a small, worn, wooden counter, beside a stack"
steer_alpha_0p77_c8_tok100_seed01_the_receipt_on_the_counter.json,steer_alpha_0p77,experiments/frontier_sweep_mundane_hub_ablation_smoke/steer_alpha_0p77_c8_tok100_seed01_the_receipt_on_the_counter.json,1,7,0,-2.1188657407407407,0.0,0.13779263888888887,0.0,0.0,0.0,0.0,0.43331018518518516,0.05999999999999997,0.9730000000000001,0.0,0.6666666666666666,5.555555555555555,faded photograph; ornate,0.6666666666666666,5.555555555555555,faded photograph; ornate,0.0,0.0,,0.325,ornate,0.0,1.0,the; receipt; counter,,0.3,0.4,0.0,0,0,"A small, faded photograph, once a family portrait, now holds a small, tarned, and dusty teapot, its lid askew, a forgotten tea cup and saucer beside it, and a vintage, ornate mirror, adorned with intricate, tarned silver filigework, slowly rusts, its surface c"
steer_alpha_0p77_c8_tok100_seed01_the_receipt_on_the_counter.json,steer_alpha_0p77,experiments/frontier_sweep_mundane_hub_ablation_smoke/steer_alpha_0p77_c8_tok100_seed01_the_receipt_on_the_counter.json,1,8,0,-1.3501231811963688,8.004322198731508e-05,0.011326871035940813,0.00784313725490196,0.0,0.0,0.0392156862745098,0.1258541226215646,0.19999999999999998,0.9100000000000001,0.0,0.6666666666666666,6.0606060606060606,antique; ornate,0.6666666666666666,6.0606060606060606,antique; ornate,0.0,0.0,,0.7,antique; ornate,0.6666666666666666,0.33333333333333337,the; receipt; counter,the; counter,0.45,0.85,0.0,0,0,"A small, metallic bird perches on the edge of a worn, old teapot, which sits atop a cluttered, wooden counter, surrounded by a tangle of overgrown, antique planter, a vintage, golden, copper kettle, a dusty, faded, 19, and a small, brass, ornate, wooden puzzle"
steer_alpha_0p77_c8_tok100_seed01_the_receipt_on_the_counter.json,steer_alpha_0p77,experiments/frontier_sweep_mundane_hub_ablation_smoke/steer_alpha_0p77_c8_tok100_seed01_the_receipt_on_the_counter.json,2,1,1,0.23314225102071223,0.03951888560467055,0.1846676897414512,0.25,0.0,1.0,0.0,0.5129658048373645,0.19999999999999998,0.9100000000000001,0.0,0.3333333333333333,2.857142857142857,ornate,0.3333333333333333,2.857142857142857,ornate,0.0,0.0,,0.325,ornate,0.5,0.5,the; receipt; counter; telescope; peered; out; stack; yellowing; ledgers; its; lens; cloudy,the; its,0.2,0.4,0.0,0,1,"A small, forgotten garden, forgotten, in the corner, a small, metal planer holds a tiny, wilted, forgotten flower, its once-vibrant petals now a dull, wilted brown, the ironwork of the planter, once intricately ornate, now rusty, a small, dusty, forgotten suit"
steer_alpha_0p77_c8_tok100_seed01_the_receipt_on_the_counter.json,steer_alpha_0p77,experiments/frontier_sweep_mundane_hub_ablation_smoke/steer_alpha_0p77_c8_tok100_seed01_the_receipt_on_the_counter.json,2,2,0,-0.2722029432188248,0.1233948542501105,0.1783162633672117,0.8,1.0,1.0,0.0,0.5607429665635588,0.05999999999999997,0.9730000000000001,0.0,0.3333333333333333,2.857142857142857,leather-bound,0.3333333333333333,2.857142857142857,leather-bound,0.0,0.0,,0.5,leather-bound,0.5,0.5,the; receipt; counter; telescope; peered; out; stack; yellowing; ledgers; its; lens; cloudy,the; its,0.25,0.4,0.0,1,1,"A small, forgotten garden, forgotten, in the corner, a small, metal planer holds a tiny, wilted, forgotten flower, its petals once a vibrant, emerald green, now a dull, mossy grey, a small, leather-bound, worn, and cracked, a dusty, old, and tired, 19th-centur"
steer_alpha_0p77_c8_tok100_seed01_the_receipt_on_the_counter.json,steer_alpha_0p77,experiments/frontier_sweep_mundane_hub_ablation_smoke/steer_alpha_0p77_c8_tok100_seed01_the_receipt_on_the_counter.json,2,3,0,-0.6463723756285424,0.0,0.19272269398430691,0.0,0.0,0.0,0.0,0.6060462074978205,0.05999999999999997,0.9730000000000001,0.0,0.3333333333333333,2.7027027027027026,delicate,0.0,0.0,,0.3333333333333333,2.7027027027027026,delicate,0.0,,0.75,0.25,the; receipt; counter; telescope; peered; out; stack; yellowing; ledgers; its; lens; cloudy,the; telescope; its,0.2,0.4,0.0,0,0,"A small, tarnished, metal umbrella, its canvas worn, its ribs creaking, its handle, once polished, now smeared with a faint, brown, sticky substance, beside the telescope, a small, metal, copper Kettle, its spout, twisted and bent, its lid, a tiny, delicate, p"
steer_alpha_0p77_c8_tok100_seed01_the_receipt_on_the_counter.json,steer_alpha_0p77,experiments/frontier_sweep_mundane_hub_ablation_smoke/steer_alpha_0p77_c8_tok100_seed01_the_receipt_on_the_counter.json,2,4,0,0.8169611593546029,0.0,0.1624427888658968,0.0,0.0,0.0,0.0,0.4512299690719356,0.19999999999999998,0.9100000000000001,0.0,0.0,0.0,,0.0,0.0,,0.0,0.0,,0.0,,0.5,0.5,the; receipt; counter; telescope; peered; out; stack; yellowing; ledgers; its; lens; cloudy,the; its,0.0,0.4,0.0,0,0,"A small, rusty, wrought- iron fence, once white, now coated in a thick layer of moss and lichen, leans against the wall, its bars twisted and gnarled, like a arthritic hand, as if it had been there for years, holding a small, dusty, old, wooden door, ajar, cre"
steer_alpha_0p77_c8_tok100_seed01_the_receipt_on_the_counter.json,steer_alpha_0p77,experiments/frontier_sweep_mundane_hub_ablation_smoke/steer_alpha_0p77_c8_tok100_seed01_the_receipt_on_the_counter.json,2,5,0,-0.5258497297283915,0.0022981331212255113,0.1494450729120636,0.017777777777777778,0.0,0.0,0.08888888888888888,0.41512520253351004,0.19999999999999998,0.9100000000000001,0.0,0.3333333333333333,2.7777777777777777,leather-bound,0.3333333333333333,2.7777777777777777,leather-bound,0.0,0.0,,0.5,leather-bound,0.25,0.75,the; receipt; counter; telescope; peered; out; stack; yellowing; ledgers; its; lens; cloudy,the,0.25,0.4,0.0,0,0,"A small, rusty, metal door creaks open, revealing a narrow, dimly lit stair that descends into darkness, a single, flickering, oil-lamp casts eerie shadows on the walls, a small, leather-bound, worn, and frayed, 19th-century, map unrolls, revealing a map of a"
steer_alpha_0p77_c8_tok100_seed01_the_receipt_on_the_counter.json,steer_alpha_0p77,experiments/frontier_sweep_mundane_hub_ablation_smoke/steer_alpha_0p77_c8_tok100_seed01_the_receipt_on_the_counter.json,2,6,0,-1.6060531950343224,0.0,0.12313921413121845,0.0,0.0,0.0,0.0,0.3872302331170392,0.05999999999999997,0.9730000000000001,0.0,0.3333333333333333,2.6315789473684212,crystal,0.3333333333333333,2.6315789473684212,crystal,0.0,0.0,,0.35,crystal,0.5,0.5,the; receipt; counter; telescope; peered; out; stack; yellowing; ledgers; its; lens; cloudy,the; its,0.16666666666666666,0.4,0.0,0,0,"A small, faded, hand-painted sign creaked in the gentle breeze, its once-vibrant colors now dulled, its letters cracking, a small, dusty, wooden bench sat beside it, its slats worn, its wooden slats weathered, a small, glassy, crystal vase held a single, wilti"
steer_alpha_0p77_c8_tok100_seed01_the_receipt_on_the_counter.json,steer_alpha_0p77,experiments/frontier_sweep_mundane_hub_ablation_smoke/steer_alpha_0p77_c8_tok100_seed01_the_receipt_on_the_counter.json,2,7,0,-1.1848378740294019,0.0023869922250762867,0.00486966917785785,0.5570175438596492,1.0,0.0,0.03508771929824561,0.05410743530953166,0.19999999999999998,0.9100000000000001,0.0,0.3333333333333333,2.7777777777777777,antique,0.3333333333333333,2.7777777777777777,antique,0.0,0.0,,0.375,antique,0.25,0.75,the; receipt; counter; telescope; peered; out; stack; yellowing; ledgers; its; lens; cloudy,its,0.3333333333333333,0.85,0.0,1,0,"A small, metal planter, once a vibrant green, now a dull, moss and lichen, a tiny, withered, long-forgotten flower, once a bright, red, now wilted, a small, dusty, antique globe, its surface etched with a map of a forgotten city, a small, faded, cracked, and p"
steer_alpha_0p77_c8_tok100_seed01_the_receipt_on_the_counter.json,steer_alpha_0p77,experiments/frontier_sweep_mundane_hub_ablation_smoke/steer_alpha_0p77_c8_tok100_seed01_the_receipt_on_the_counter.json,2,8,0,-1.0675195280254703,0.0,0.017505600903427766,0.0,0.0,0.0,0.0,0.2334080120457035,0.0,1.0,0.0,0.6666666666666666,6.25,delicate; leather-bound,0.3333333333333333,3.125,leather-bound,0.3333333333333333,3.125,delicate,0.5,leather-bound,0.5,0.5,the; receipt; counter; telescope; peered; out; stack; yellowing; ledgers; its; lens; cloudy,telescope; its,0.3333333333333333,0.85,0.0,0,0,"A small, forgotten suitcase, its worn, brown leather creaks as a faint, dusty, forgotten garden, with tiny, delicate, iron trellis, overflows with a tiny, forgotten flower, where a faded, leather-bound, 19, a small, forgotten telescope, once belonging to an as"
steer_alpha_0p77_c8_tok100_seed01_the_receipt_on_the_counter.json,steer_alpha_0p77,experiments/frontier_sweep_mundane_hub_ablation_smoke/steer_alpha_0p77_c8_tok100_seed01_the_receipt_on_the_counter.json,3,1,1,-0.28003219960270703,0.08762496729684499,0.17860776049091925,0.55,1.0,0.0,0.0,0.5953592016363976,0.0,1.0,0.0,0.6666666666666666,5.882352941176471,miniature; ornate,0.6666666666666666,5.882352941176471,miniature; ornate,0.0,0.0,,0.7250000000000001,miniature; ornate,0.25,0.75,the; receipt; counter; telescope; peered; out; stack; yellowing; ledgers; its; lens; cloudy,the,0.4,0.4,0.0,1,0,"In the same dusty, forgotten corner, a small, ornate, Victorian-style, wooden cabinet, once a treasure chest, now serves as a tiny, miniature, moss-covered, ceramic, and a small, dry, withered, forgotten orchid, once a vibrant, vibrant, green, now a dull, parc"
steer_alpha_0p77_c8_tok100_seed01_the_receipt_on_the_counter.json,steer_alpha_0p77,experiments/frontier_sweep_mundane_hub_ablation_smoke/steer_alpha_0p77_c8_tok100_seed01_the_receipt_on_the_counter.json,3,2,0,-0.6774213362715118,0.0832162843088685,0.17193447171253823,0.55,1.0,0.0,0.0,0.5406744393476045,0.05999999999999997,0.9730000000000001,0.0,0.0,0.0,,0.0,0.0,,0.0,0.0,,0.0,,0.5,0.5,the; receipt; counter; telescope; peered; out; stack; yellowing; ledgers; its; lens; cloudy,the; its,0.3333333333333333,0.4,0.0,1,0,"A small, dusty, forgotten suit, once black, now faded and frayed, lies beside the metal planter, its once-vibrant, now wilted, forgotten flower, now a tiny, withered, forgotten orchid, its petals shrunk, its stem twisted, its pot, once a shiny, now dull, a sma"
steer_alpha_0p77_c8_tok100_seed01_the_receipt_on_the_counter.json,steer_alpha_0p77,experiments/frontier_sweep_mundane_hub_ablation_smoke/steer_alpha_0p77_c8_tok100_seed01_the_receipt_on_the_counter.json,3,3,0,0.12011634537903687,0.0,0.17876887187751814,0.0,0.0,0.0,0.0,0.5621662637657803,0.05999999999999997,0.9730000000000001,0.0,0.0,0.0,,0.0,0.0,,0.0,0.0,,0.0,,0.5,0.5,the; receipt; counter; telescope; peered; out; stack; yellowing; ledgers; its; lens; cloudy,the; its,0.3333333333333333,0.4,0.0,0,0,"A small, forgotten garden, forgotten, in the corner of a dusty, abandoned, and overgrown, metal shed, its corrugated metal walls, once a deep, burnished, polished copper, now dulled, a small, withered, and skeletal, forgotten tree, its branches, like bony, wit"
steer_alpha_0p77_c8_tok100_seed01_the_receipt_on_the_counter.json,steer_alpha_0p77,experiments/frontier_sweep_mundane_hub_ablation_smoke/steer_alpha_0p77_c8_tok100_seed01_the_receipt_on_the_counter.json,3,4,0,-0.8807896863763025,0.0,0.17255928115772154,0.0,0.0,0.0,0.0,0.5426392489236527,0.05999999999999997,0.9730000000000001,0.0,0.0,0.0,,0.0,0.0,,0.0,0.0,,0.0,,0.5,0.5,the; receipt; counter; telescope; peered; out; stack; yellowing; ledgers; its; lens; cloudy,the; its,0.3333333333333333,0.4,0.0,0,0,"A small, dusty, forgotten suit lies on the floor, its once-vibrant, crimson lining now a dull, wilted brown, its buttons, once polished, now dull and rusted, its sleeves, once perfectly creased, now crumpled and twisted, a small, forgotten, dusty, forgotten um"
steer_alpha_0p77_c8_tok100_seed01_the_receipt_on_the_counter.json,steer_alpha_0p77,experiments/frontier_sweep_mundane_hub_ablation_smoke/steer_alpha_0p77_c8_tok100_seed01_the_receipt_on_the_counter.json,3,5,0,-2.522297747290963,0.0,0.14133728357369543,0.0,0.0,0.0,0.0,0.47112427857898476,0.0,1.0,0.0,0.6666666666666666,4.545454545454546,antique; ornate,0.6666666666666666,4.545454545454546,antique; ornate,0.0,0.0,,0.7,antique; ornate,0.5,0.5,the; receipt; counter; telescope; peered; out; stack; yellowing; ledgers; its; lens; cloudy,out; its,0.5714285714285714,0.4,0.0,0,0,"A small, antique, ornate mirror hung Ask a bed, a tattered, worn-out bedspread, stained and faded, a small, forgotten, dusty, and worn-out, its once-white sheets now a dingy, dingy, and worn-out, its once-vibring, now silent, a small, forgotten, old, and worn"
steer_alpha_0p77_c8_tok100_seed01_the_receipt_on_the_counter.json,steer_alpha_0p77,experiments/frontier_sweep_mundane_hub_ablation_smoke/steer_alpha_0p77_c8_tok100_seed01_the_receipt_on_the_counter.json,3,6,0,-0.9823437070348842,0.0,0.12605583321289204,0.0,0.0,0.0,0.0,0.35015509225803343,0.19999999999999998,0.9100000000000001,0.0,0.0,0.0,,0.0,0.0,,0.0,0.0,,0.0,,0.5,0.5,the; receipt; counter; telescope; peered; out; stack; yellowing; ledgers; its; lens; cloudy,the; its,0.2857142857142857,0.4,0.0,0,0,"A small, rusty, forgotten harmonica lies next to the planter, its once-polished surface now dulled, its bell, once a bright, shiny silver, now tarnished, a small, forgotten, rusty, abandoned suitcase, beside the harmonica, a tattered, frayed, forgotten coat, i"
steer_alpha_0p77_c8_tok100_seed01_the_receipt_on_the_counter.json,steer_alpha_0p77,experiments/frontier_sweep_mundane_hub_ablation_smoke/steer_alpha_0p77_c8_tok100_seed01_the_receipt_on_the_counter.json,3,7,0,-0.3076202875847069,0.0,0.1403494431634205,0.0,0.0,0.0,0.0,0.38985956434283475,0.19999999999999998,0.847280061892131,0.0,0.0,0.0,,0.0,0.0,,0.0,0.0,,0.0,,0.5,0.5,the; receipt; counter; telescope; peered; out; stack; yellowing; ledgers; its; lens; cloudy,the; its,0.6666666666666666,0.4,0.0,0,0,"A small, forgotten garden, forgotten, in the corner of a dusty, old, metal armoire, a tiny, wilted, forgotten flower, its once-virgin, now brown, its once-virgent, a small, forgotten, forgotten, forgotten, in the corner, a small, metal, worn, and rusty, old, d"
steer_alpha_0p77_c8_tok100_seed01_the_receipt_on_the_counter.json,steer_alpha_0p77,experiments/frontier_sweep_mundane_hub_ablation_smoke/steer_alpha_0p77_c8_tok100_seed01_the_receipt_on_the_counter.json,3,8,0,-2.6487566616390144,0.0,0.10886666666666668,0.0,0.0,0.0,0.0,0.3628888888888889,0.0,0.9211666666666667,0.0,0.0,0.0,,0.0,0.0,,0.0,0.0,,0.0,,0.25,0.75,the; receipt; counter; telescope; peered; out; stack; yellowing; ledgers; its; lens; cloudy,its,0.3333333333333333,0.4,0.0,0,0,"A small, rusty, forgotten harmonium, its once-vibring, metal lid now still, a small, yellowed, forgotten, yellowed, and faded, forgotten photograph, a small, tarnished, forgotten, and dusty, old, forgotten, and forgotten, forgotten, a small, forgotten, and dus"
steer_alpha_0p82_c8_tok100_seed01_the_receipt_on_the_counter.json,steer_alpha_0p82,experiments/frontier_sweep_mundane_hub_ablation_smoke/steer_alpha_0p82_c8_tok100_seed01_the_receipt_on_the_counter.json,1,1,1,-0.8156094255245954,0.004703370763820663,0.39151254970760235,0.013333333333333334,0.0,0.0,0.06666666666666667,0.7387029239766082,0.05999999999999997,0.9730000000000001,0.0,0.6666666666666666,5.2631578947368425,antique; faded photograph,0.6666666666666666,5.2631578947368425,antique; faded photograph,0.0,0.0,,0.375,antique,0.6666666666666666,0.33333333333333337,the; receipt; counter,the; counter,0.45,0.0,0.0,0,0,"A small, antique wooden box, worn and dusty, sits on the counter, its intricate carv of a snail slowly inches away from a vintage, cracked and faded photograph, its glassy eyes staring out onto a dusty, forgotten landscape, where a solitary, withered rose slowly unfurls."
steer_alpha_0p82_c8_tok100_seed01_the_receipt_on_the_counter.json,steer_alpha_0p82,experiments/frontier_sweep_mundane_hub_ablation_smoke/steer_alpha_0p82_c8_tok100_seed01_the_receipt_on_the_counter.json,1,2,0,-2.3140401817042604,0.0,0.46723039215686274,0.0,0.0,0.0,0.0,0.9344607843137255,0.0,0.9922083333333334,0.0,0.6666666666666666,11.764705882352942,antique; miniature,0.6666666666666666,11.764705882352942,antique; miniature,0.0,0.0,,0.775,antique; miniature,0.0,1.0,the; receipt; counter,,0.1,0.0,0.0,0,0,"A small, antique wooden cabinet, its doors ajar, reveals a miniature, brass telescope, its lens steaming with morning dew."
steer_alpha_0p82_c8_tok100_seed01_the_receipt_on_the_counter.json,steer_alpha_0p82,experiments/frontier_sweep_mundane_hub_ablation_smoke/steer_alpha_0p82_c8_tok100_seed01_the_receipt_on_the_counter.json,1,3,0,-0.9675708460754335,0.0,0.20189272171253825,0.0,0.0,0.0,0.0,0.6348827726809378,0.05999999999999997,0.9730000000000001,0.0,1.0,19.444444444444443,antique; crystal; delicate; iridescent; mist; ornate; porcelain,1.0,11.11111111111111,antique; crystal; ornate; porcelain,1.0,8.333333333333334,delicate; iridescent; mist,1.0,antique; crystal; ornate; porcelain,0.0,1.0,the; receipt; counter,,0.45,0.4,0.0,0,0,"A small, antique wooden box, worn and weathered, sits next to a vintage, ornate, copper teapot, its spout pouring a delicate, crystal glass, filled with a faint, iridescent mist that slowly rises, as a small, old, wooden chair creaks and a faded, porcelain-lik"
steer_alpha_0p82_c8_tok100_seed01_the_receipt_on_the_counter.json,steer_alpha_0p82,experiments/frontier_sweep_mundane_hub_ablation_smoke/steer_alpha_0p82_c8_tok100_seed01_the_receipt_on_the_counter.json,1,4,0,-1.3276355710848897,0.0,0.4239711307137129,0.0,0.0,0.0,0.0,0.7066185511895215,0.19999999999999998,0.9100000000000001,0.0,0.3333333333333333,3.5714285714285716,porcelain,0.3333333333333333,3.5714285714285716,porcelain,0.0,0.0,,0.5,porcelain,0.3333333333333333,0.6666666666666667,the; receipt; counter,the,0.45,0.0,0.0,0,0,"A small, worn, wooden spoon leaned against the edge of a dusty, old, metal cash register, next to a faded, peeling, porcelain-free, ceramic plate, a small, metal, with a single, cracked, faded, crimson rose."
steer_alpha_0p82_c8_tok100_seed01_the_receipt_on_the_counter.json,steer_alpha_0p82,experiments/frontier_sweep_mundane_hub_ablation_smoke/steer_alpha_0p82_c8_tok100_seed01_the_receipt_on_the_counter.json,1,5,0,-0.5891704000313818,0.0,0.2253494648318043,0.0,0.0,0.0,0.0,0.6259707356439008,0.19999999999999998,0.9100000000000001,0.0,1.0,8.333333333333334,antique; delicate; porcelain,0.6666666666666666,5.555555555555555,antique; porcelain,0.3333333333333333,2.7777777777777777,delicate,0.875,antique; porcelain,0.0,1.0,the; receipt; counter,,0.45,0.4,0.0,0,0,"A small, antique music, now still and silent, its intricate gears frozen in time, its delicate, porcelain-like face cracked, a faint, forgotten melody, once played by a forgotten violin, now lies next to a dusty, old, wooden harmonium, its lid slightly ajar, a"
steer_alpha_0p82_c8_tok100_seed01_the_receipt_on_the_counter.json,steer_alpha_0p82,experiments/frontier_sweep_mundane_hub_ablation_smoke/steer_alpha_0p82_c8_tok100_seed01_the_receipt_on_the_counter.json,1,6,0,-0.6512830760427912,0.003151108113898956,0.1457210871057533,0.024242424242424246,0.0,0.0,0.12121212121212122,0.4047807975159814,0.19999999999999998,0.9100000000000001,0.0,0.3333333333333333,2.7027027027027026,miniature,0.3333333333333333,2.7027027027027026,miniature,0.0,0.0,,0.4,miniature,1.0,0.0,the; receipt; counter,the; receipt; counter,0.4,0.4,0.0,0,0,"A faded, forgotten photograph, once a polaroid, now frayed at the edges, is glued to the receipt, its polaroid eyes staring out, a tiny, miniature garden has sprouted from the crevices and cracks of the counter, where a rusty, old teapot, once a tea-stain-stai"
steer_alpha_0p82_c8_tok100_seed01_the_receipt_on_the_counter.json,steer_alpha_0p82,experiments/frontier_sweep_mundane_hub_ablation_smoke/steer_alpha_0p82_c8_tok100_seed01_the_receipt_on_the_counter.json,1,7,0,-1.5671772825789612,0.0012796968393409508,0.15063695978789218,0.009523809523809525,0.0,0.0,0.047619047619047616,0.41843599941081167,0.19999999999999998,0.9100000000000001,0.0,1.0,8.571428571428571,antique; miniature; ornate,1.0,8.571428571428571,antique; miniature; ornate,0.0,0.0,,1.0,antique; miniature; ornate,0.3333333333333333,0.6666666666666667,the; receipt; counter,the,0.4,0.4,0.0,0,0,"A faded, hand-painted sign creaks in the gentle breeze, and a small, antique wooden cabinet attached to the wall, its doors ajar, revealing a miniature, ornate, copper teapot, where a solitary, antique, golden teapot, nestled among folded, yellowed, and worn"
steer_alpha_0p82_c8_tok100_seed01_the_receipt_on_the_counter.json,steer_alpha_0p82,experiments/frontier_sweep_mundane_hub_ablation_smoke/steer_alpha_0p82_c8_tok100_seed01_the_receipt_on_the_counter.json,1,8,0,-0.8316903613030839,0.0,0.14243983584131326,0.0,0.0,0.0,0.0,0.3956662106703146,0.19999999999999998,0.9100000000000001,0.0,0.6666666666666666,5.882352941176471,antique; iridescent,0.3333333333333333,2.9411764705882355,antique,0.3333333333333333,2.9411764705882355,iridescent,0.375,antique,0.6666666666666666,0.33333333333333337,the; receipt; counter,the; receipt,0.1,0.4,0.0,0,0,"A small, antique music maker, with intricate carv of a snail, slowly unravels into a tiny, antique globe, releasing a swarm of iridescent butterflies that settle upon the receipt, where a small, antique globe slowly rises, its surface covered in dew, a tiny, c"
steer_alpha_0p82_c8_tok100_seed01_the_receipt_on_the_counter.json,steer_alpha_0p82,experiments/frontier_sweep_mundane_hub_ablation_smoke/steer_alpha_0p82_c8_tok100_seed01_the_receipt_on_the_counter.json,2,1,1,0.14868679208316077,0.0,0.20105394972836685,0.0,0.0,0.0,0.0,0.6701798324278895,0.0,1.0,0.0,1.0,11.764705882352942,delicate; ethereal; gossamer; ornate,0.3333333333333333,2.9411764705882355,ornate,1.0,8.823529411764707,delicate; ethereal; gossamer,0.325,ornate,1.0,0.0,the; receipt; counter; wooden; box; worn; and; sits; its; intricate; carv; snail,the; box; and; its,0.42857142857142855,0.4,0.0,0,0,"Above the box, a forgotten, metal, 19th-century, ornate, and rusty, gramophone, with a cracked and faded, faded portrait of a stern, gaunt woman, slowly begins to play a gentle, ethereal melody, its brass, like a delicate, silver spider, weaves a gossamer, dew"
steer_alpha_0p82_c8_tok100_seed01_the_receipt_on_the_counter.json,steer_alpha_0p82,experiments/frontier_sweep_mundane_hub_ablation_smoke/steer_alpha_0p82_c8_tok100_seed01_the_receipt_on_the_counter.json,2,2,0,-0.07430499272269259,0.0,0.20304759456409757,0.0,0.0,0.0,0.0,0.6385144483147722,0.05999999999999997,0.9730000000000001,0.0,0.6666666666666666,5.882352941176471,antique; porcelain,0.6666666666666666,5.882352941176471,antique; porcelain,0.0,0.0,,0.875,antique; porcelain,0.75,0.25,the; receipt; counter; wooden; box; worn; and; sits; its; intricate; carv; snail,the; wooden; box,0.3333333333333333,0.4,0.0,0,0,"A thread of forgotten silver, once a finely-tailored, 19th-century suit, now hangs from the ceiling, where a small, forgotten, porcelain teacup, covered in a thin, wispy, moss, slowly drips dew, onto the wooden box, where a slim, antique, mechanical, gearwork"
steer_alpha_0p82_c8_tok100_seed01_the_receipt_on_the_counter.json,steer_alpha_0p82,experiments/frontier_sweep_mundane_hub_ablation_smoke/steer_alpha_0p82_c8_tok100_seed01_the_receipt_on_the_counter.json,2,3,0,1.02508737767061,0.0,0.21032484634166876,0.0,0.0,0.0,0.0,0.5842356842824132,0.19999999999999998,0.9100000000000001,0.0,0.3333333333333333,2.7027027027027026,delicate,0.0,0.0,,0.3333333333333333,2.7027027027027026,delicate,0.0,,1.0,0.0,the; receipt; counter; wooden; box; worn; and; sits; its; intricate; carv; snail,the; wooden; box; and; its,0.125,0.4,0.0,0,0,"A small, forgotten typewriter, its metal cold and still, beside the wooden box, its keys yellow and dry, as if it too has been waiting, beside the photograph, the typewriter's metal lip slowly creaks open, releasing a puff of forgotten dust, as a delicate, por"
steer_alpha_0p82_c8_tok100_seed01_the_receipt_on_the_counter.json,steer_alpha_0p82,experiments/frontier_sweep_mundane_hub_ablation_smoke/steer_alpha_0p82_c8_tok100_seed01_the_receipt_on_the_counter.json,2,4,0,-2.0222708793591146,0.0,0.16997499122499124,0.0,0.0,0.0,0.0,0.5665833040833042,0.0,1.0,0.0,0.3333333333333333,3.0303030303030303,miniature,0.3333333333333333,3.0303030303030303,miniature,0.0,0.0,,0.4,miniature,0.75,0.25,the; receipt; counter; wooden; box; worn; and; sits; its; intricate; carv; snail,wooden; and; its,0.25,0.4,0.0,0,0,"A small, tattered, and faded, 19th-century, hand-painted, ceramic, a decaying, toad slowly begins to sprout, its tiny, translucent, emerald-green, and a faint, forgotten, and withered, iron, a small, rusty, and overgrown, miniature, wooden bench, where, a smal"
steer_alpha_0p82_c8_tok100_seed01_the_receipt_on_the_counter.json,steer_alpha_0p82,experiments/frontier_sweep_mundane_hub_ablation_smoke/steer_alpha_0p82_c8_tok100_seed01_the_receipt_on_the_counter.json,2,5,0,0.65504217135376,0.0,0.16349946483180428,0.0,0.0,0.0,0.0,0.4541651800883453,0.19999999999999998,0.9100000000000001,0.0,0.6666666666666666,5.555555555555555,antique; delicate,0.3333333333333333,2.7777777777777777,antique,0.3333333333333333,2.7777777777777777,delicate,0.375,antique,1.0,0.0,the; receipt; counter; wooden; box; worn; and; sits; its; intricate; carv; snail,the; worn; and; its,0.375,0.4,0.0,0,0,"A delicate, antique metal umbrella, its once-silvered surface now tarned with a thin, filigework of verdant, moss, slowly leans against the walls of a crumbling, stone façade, where a forgotten, iron grate, worn and rusty, slowly creaks, as a wispy, ivy, once"
steer_alpha_0p82_c8_tok100_seed01_the_receipt_on_the_counter.json,steer_alpha_0p82,experiments/frontier_sweep_mundane_hub_ablation_smoke/steer_alpha_0p82_c8_tok100_seed01_the_receipt_on_the_counter.json,2,6,0,0.5061894814000363,0.0034658797141286423,0.15472677295217152,0.02666666666666667,0.0,0.0,0.13333333333333333,0.4297965915338098,0.19999999999999998,0.9100000000000001,0.0,1.0,8.823529411764707,fog; mist; mournful,0.0,0.0,,1.0,8.823529411764707,fog; mist; mournful,0.0,,1.0,0.0,the; receipt; counter; wooden; box; worn; and; sits; its; intricate; carv; snail,the; counter; wooden; box; its,0.1111111111111111,0.4,0.0,0,0,"A faint, wispy tendril of morning fog creeps over the counter, tendrils of mist curling around the wooden box, as if to enfold it, while a small, metal tea kettle, long forgotten, whistles a gentle, mournful tune, its steam swirling with wisps of condensation"
steer_alpha_0p82_c8_tok100_seed01_the_receipt_on_the_counter.json,steer_alpha_0p82,experiments/frontier_sweep_mundane_hub_ablation_smoke/steer_alpha_0p82_c8_tok100_seed01_the_receipt_on_the_counter.json,2,7,0,0.48877739291008343,0.001458265982233872,0.1506077981651376,0.011111111111111112,0.0,0.0,0.05555555555555555,0.4183549949031601,0.19999999999999998,0.9100000000000001,0.0,0.0,0.0,,0.0,0.0,,0.0,0.0,,0.0,,0.5,0.5,the; receipt; counter; wooden; box; worn; and; sits; its; intricate; carv; snail,the; its,0.2857142857142857,0.4,0.0,0,0,"A faint, forgotten umbrella, its metal ribs creaking softly in the faint breeze, casts a fragile, lace-like shadow on the wall, as a small, forgotten suitcase, adorned with a faded, golden label, slowly begins to stir, its lid creaking open, releasing a dustin"
steer_alpha_0p82_c8_tok100_seed01_the_receipt_on_the_counter.json,steer_alpha_0p82,experiments/frontier_sweep_mundane_hub_ablation_smoke/steer_alpha_0p82_c8_tok100_seed01_the_receipt_on_the_counter.json,2,8,0,0.14517969858687568,0.0,0.13107883282364935,0.0,0.0,0.0,0.0,0.41219758749575264,0.05999999999999997,0.9730000000000001,0.0,0.6666666666666666,5.555555555555555,antique; delicate,0.3333333333333333,2.7777777777777777,antique,0.3333333333333333,2.7777777777777777,delicate,0.375,antique,1.0,0.0,the; receipt; counter; wooden; box; worn; and; sits; its; intricate; carv; snail,the; wooden; box; and,0.25,0.4,0.0,0,0,"A small, forgotten garden, hidden behind the antique wooden box, slowly re-emers, as morning dew glist and dew, a tiny, delicate, filigework of cobwebs and a faint, forgotten perfume, where a single, withered, and wilting orchid, once a vibrant, but now a with"
steer_alpha_0p82_c8_tok100_seed01_the_receipt_on_the_counter.json,steer_alpha_0p82,experiments/frontier_sweep_mundane_hub_ablation_smoke/steer_alpha_0p82_c8_tok100_seed01_the_receipt_on_the_counter.json,3,1,1,0.21868761664555342,0.0,0.22723375485577318,0.0,0.0,0.0,0.0,0.63120487459937,0.19999999999999998,0.9100000000000001,0.0,0.3333333333333333,2.7027027027027026,melancholic,0.0,0.0,,0.3333333333333333,2.7027027027027026,melancholic,0.0,,1.0,0.0,the; receipt; counter; wooden; box; worn; and; sits; its; intricate; carv; snail,the; wooden; box; and,0.0,0.4,0.0,0,0,"As the gramophone's melancholic tune, now a gentle, misty rain begins to fall, casting a veil of diamonds, the rose's once-thin, withered petals slowly unfurl, releasing a shower of silver, and the wooden box, now slightly ajar, emits a faint, golden light, as"
steer_alpha_0p82_c8_tok100_seed01_the_receipt_on_the_counter.json,steer_alpha_0p82,experiments/frontier_sweep_mundane_hub_ablation_smoke/steer_alpha_0p82_c8_tok100_seed01_the_receipt_on_the_counter.json,3,2,0,-0.4932786943436222,0.0,0.19716143243243248,0.0,0.0,0.0,0.0,0.6200045045045046,0.05999999999999997,0.9730000000000001,0.0,0.6666666666666666,5.555555555555555,antique; mournful,0.3333333333333333,2.7777777777777777,antique,0.3333333333333333,2.7777777777777777,mournful,0.375,antique,0.75,0.25,the; receipt; counter; wooden; box; worn; and; sits; its; intricate; carv; snail,the; worn; and,0.42857142857142855,0.4,0.0,0,0,"As the gramophone's melancholy tune fills the air, a small, antique, copper kettle, half-filled with dew, begins to whistle a gentle, mournful sigh, while a nearby, moss-covered, stone, worn and moss, slowly releases a forgotten, tattered, and frayed, 19th-cen"
steer_alpha_0p82_c8_tok100_seed01_the_receipt_on_the_counter.json,steer_alpha_0p82,experiments/frontier_sweep_mundane_hub_ablation_smoke/steer_alpha_0p82_c8_tok100_seed01_the_receipt_on_the_counter.json,3,3,0,-0.20092419039606702,0.0,0.4058379973769705,0.0,0.0,0.0,0.0,0.811675994753941,0.0,1.0,0.0,1.0,11.764705882352942,antique; delicate; ornate; porcelain,1.0,8.823529411764707,antique; ornate; porcelain,0.3333333333333333,2.9411764705882355,delicate,1.0,antique; ornate; porcelain,0.5,0.5,the; receipt; counter; wooden; box; worn; and; sits; its; intricate; carv; snail,worn; and,0.8571428571428571,0.0,0.0,0,0,"A forgotten, 19th-century, ornate, and rusty, metal, gramophone, with a cracked and faded, faded, 19. 7 small, delicate, porcelain-like, ceramic, and slightly ajar, a tiny, antique, mother, with a wispy, tattered, and worn, 19th-century, embroidered, and frayed, 19."
steer_alpha_0p82_c8_tok100_seed01_the_receipt_on_the_counter.json,steer_alpha_0p82,experiments/frontier_sweep_mundane_hub_ablation_smoke/steer_alpha_0p82_c8_tok100_seed01_the_receipt_on_the_counter.json,3,4,0,-0.32506136395747637,0.0,0.12971840947127003,0.0,0.0,0.0,0.0,0.4323946982375668,0.0,1.0,0.0,1.0,8.571428571428571,delicate; miniature; mist,0.3333333333333333,2.857142857142857,miniature,0.6666666666666666,5.714285714285714,delicate; mist,0.4,miniature,1.0,0.0,the; receipt; counter; wooden; box; worn; and; sits; its; intricate; carv; snail,the; wooden; box; and; its,0.0,0.4,0.0,0,0,"As the gramophone's melancholy tune fills the air, the rose begins to rise, its petals unfolding like a tiny, translucent umbrella, casting a miniature, crystalline mist that slowly shimmers, and the wooden box, now adorned with a small, delicate, mother-of-pe"
steer_alpha_0p82_c8_tok100_seed01_the_receipt_on_the_counter.json,steer_alpha_0p82,experiments/frontier_sweep_mundane_hub_ablation_smoke/steer_alpha_0p82_c8_tok100_seed01_the_receipt_on_the_counter.json,3,5,0,-1.8564410456098637,0.0,0.016640100557140925,0.0,0.0,0.0,0.0,0.22186800742854562,0.0,1.0,0.0,1.0,9.090909090909092,antique; delicate; faded photograph,0.6666666666666666,6.0606060606060606,antique; faded photograph,0.3333333333333333,3.0303030303030303,delicate,0.375,antique,0.75,0.25,the; receipt; counter; wooden; box; worn; and; sits; its; intricate; carv; snail,the; wooden; and,0.5714285714285714,0.85,0.0,0,0,"The faded photograph, now slightly ajar, slowly releases a delicate, forgotten, Victorian-style, mother-of-pearl, and a small, antique, hand-carved, wooden, and a tiny, delicate, hand-painted, ceramic, and a forgotten, metallic, harmonium, with a rusty, and a"
steer_alpha_0p82_c8_tok100_seed01_the_receipt_on_the_counter.json,steer_alpha_0p82,experiments/frontier_sweep_mundane_hub_ablation_smoke/steer_alpha_0p82_c8_tok100_seed01_the_receipt_on_the_counter.json,3,6,0,-2.4724109576269147,0.0,0.013356574944690268,0.0,0.0,0.0,0.0,0.17808766592920355,0.0,1.0,0.0,0.6666666666666666,6.25,miniature; ornate,0.6666666666666666,6.25,miniature; ornate,0.0,0.0,,0.7250000000000001,miniature; ornate,0.75,0.25,the; receipt; counter; wooden; box; worn; and; sits; its; intricate; carv; snail,wooden; worn; and,0.3333333333333333,0.85,0.0,0,0,"A faint, morning light, a dusty, forgotten, and overgrown, miniature, copper, 18th-century, ornate, and worn, old, metal, 24-inch, wooden, and intricately carved, miniature, of a forgotten, neglected, and moss-covered, 19, 19th-century, copper, and verdant, sm"
steer_alpha_0p82_c8_tok100_seed01_the_receipt_on_the_counter.json,steer_alpha_0p82,experiments/frontier_sweep_mundane_hub_ablation_smoke/steer_alpha_0p82_c8_tok100_seed01_the_receipt_on_the_counter.json,3,7,0,-1.8643038582418876,0.0,0.01231477956422721,0.0,0.0,0.0,0.0,0.16419706085636276,0.0,1.0,0.0,1.0,7.6923076923076925,antique; delicate; gossamer,0.3333333333333333,2.5641025641025643,antique,0.6666666666666666,5.128205128205129,delicate; gossamer,0.375,antique,0.75,0.25,the; receipt; counter; wooden; box; worn; and; sits; its; intricate; carv; snail,the; worn; and,0.875,0.85,0.0,0,0,"The gramophone's rusty, silver spider spins a gossamer, dew-kissed, cobweb, once a small, forgotten, and delicate, antique, music stand, with a worn, faded, and cracked, 19, and a vintage, dusty, and dusty, old, and worn, and a small, dusty, and forgotten, and"
steer_alpha_0p82_c8_tok100_seed01_the_receipt_on_the_counter.json,steer_alpha_0p82,experiments/frontier_sweep_mundane_hub_ablation_smoke/steer_alpha_0p82_c8_tok100_seed01_the_receipt_on_the_counter.json,3,8,0,-2.2653761864525297,0.0,0.002880107236999763,0.0,0.0,0.0,0.0,0.0384014298266635,0.0,0.850125,0.0,0.3333333333333333,2.5641025641025643,ornate,0.3333333333333333,2.5641025641025643,ornate,0.0,0.0,,0.325,ornate,0.25,0.75,the; receipt; counter; wooden; box; worn; and; sits; its; intricate; carv; snail,and,0.5555555555555556,0.85,0.0,0,0,"A faint, forgotten, and decrepit, 19th-century, ornate, and rusty, old, metal, grandfather, with a cracked and faded, 19, 24-inch, and 12, with a cracked, and a faint, and a small, forgotten, and dusty, metal, 19, 24-inch, and 12, a decrepit, and a faint, and"
selector_alpha_0_c8_tok100_seed02_a_plastic_folder_in_the_drawer.json,selector_alpha_0,experiments/frontier_sweep_mundane_hub_ablation_smoke/selector_alpha_0_c8_tok100_seed02_a_plastic_folder_in_the_drawer.json,1,1,1,-0.6985061515457298,0.009977050776857658,0.43707874314504924,0.02666666666666667,0.0,0.0,0.13333333333333333,0.7284645719084154,0.19999999999999998,0.9100000000000001,0.0,0.0,0.0,,0.0,0.0,,0.0,0.0,,0.0,,0.75,0.25,plastic; folder; the; drawer,plastic; folder; the,0.2,0.0,0.0,0,0,"The plastic folder now held a small, discarded harmonica, its once-vibrant colors muted by the dust of years. Its contents had been scattered across the cluttered counter, amidst a tangled skein of old telephone cords and a broken toaster."
selector_alpha_0_c8_tok100_seed02_a_plastic_folder_in_the_drawer.json,selector_alpha_0,experiments/frontier_sweep_mundane_hub_ablation_smoke/selector_alpha_0_c8_tok100_seed02_a_plastic_folder_in_the_drawer.json,1,2,0,-0.3823743550051595,0.0,0.41570131578947367,0.0,0.0,0.0,0.0,0.7843421052631578,0.05999999999999997,0.9652083333333334,0.0,0.3333333333333333,5.555555555555555,faded photograph,0.3333333333333333,5.555555555555555,faded photograph,0.0,0.0,,0.0,,0.5,0.5,plastic; folder; the; drawer,the; drawer,0.2,0.0,0.0,0,0,"The same drawer now contains a small, weathered wooden box, its lid slightly ajar, revealing a faded photograph of a beachside promenade."
selector_alpha_0_c8_tok100_seed02_a_plastic_folder_in_the_drawer.json,selector_alpha_0,experiments/frontier_sweep_mundane_hub_ablation_smoke/selector_alpha_0_c8_tok100_seed02_a_plastic_folder_in_the_drawer.json,1,3,0,-0.5405140135094635,0.010200574450477362,0.42883580929697435,0.02666666666666667,0.0,0.0,0.13333333333333333,0.7147263488282906,0.19999999999999998,0.9100000000000001,0.0,0.3333333333333333,2.7027027027027026,antique,0.3333333333333333,2.7027027027027026,antique,0.0,0.0,,0.375,antique,0.75,0.25,plastic; folder; the; drawer,plastic; folder; the,0.4,0.0,0.0,0,0,"The plastic folder's lid lay open on the worn wooden surface of an old, metal filing cabinet, where a tangle of metal paper clips and crumpled receipts spilled out onto the floor, surrounding a small, antique metal scale with a cracked glass surface."
selector_alpha_0_c8_tok100_seed02_a_plastic_folder_in_the_drawer.json,selector_alpha_0,experiments/frontier_sweep_mundane_hub_ablation_smoke/selector_alpha_0_c8_tok100_seed02_a_plastic_folder_in_the_drawer.json,1,4,0,-1.535370714821362,0.008298827521559804,0.3488856861642295,0.02666666666666667,0.0,0.0,0.13333333333333333,0.697771372328459,0.0,1.0,0.0,0.6666666666666666,4.081632653061225,antique; iridescent,0.3333333333333333,2.0408163265306123,antique,0.3333333333333333,2.0408163265306123,iridescent,0.375,antique,1.0,0.0,plastic; folder; the; drawer,plastic; folder; the; drawer,0.4,0.0,0.0,0,0,"The plastic folder had been sitting in the drawer for years, its faded label reading ""confidential"" now peeling off like a worn-out skin, until the day it was pulled out and used as a makeshift birdcage for a small, iridescent parakeet that had somehow managed to escape from the antique shop down the street."
selector_alpha_0_c8_tok100_seed02_a_plastic_folder_in_the_drawer.json,selector_alpha_0,experiments/frontier_sweep_mundane_hub_ablation_smoke/selector_alpha_0_c8_tok100_seed02_a_plastic_folder_in_the_drawer.json,1,5,0,-0.4570330996443237,0.0,0.44983451015004416,0.0,0.0,0.0,0.0,0.749724183583407,0.19999999999999998,0.9100000000000001,0.0,0.0,0.0,,0.0,0.0,,0.0,0.0,,0.0,,0.75,0.25,plastic; folder; the; drawer,plastic; folder; the,0.3,0.0,0.0,0,0,"The plastic folder was filled with discarded receipts and expired coupons, but a single photograph slipped out, revealing a faded Polaroid of a young couple standing in front of a weathered, wooden pier, the sea behind them a deep, foreboding grey."
selector_alpha_0_c8_tok100_seed02_a_plastic_folder_in_the_drawer.json,selector_alpha_0,experiments/frontier_sweep_mundane_hub_ablation_smoke/selector_alpha_0_c8_tok100_seed02_a_plastic_folder_in_the_drawer.json,1,6,0,-0.8204990081934944,0.0,0.36690467574017255,0.0,0.0,0.0,0.0,0.7338093514803451,0.0,1.0,0.0,0.3333333333333333,2.6315789473684212,porcelain,0.3333333333333333,2.6315789473684212,porcelain,0.0,0.0,,0.5,porcelain,0.75,0.25,plastic; folder; the; drawer,plastic; folder; the,0.1,0.0,0.0,0,0,"The plastic folder, once a repository for important documents, now served as a makeshift container for the small, porcelain-free bird, its wings delicately crafted from twisted wire and painted with vibrant hues, nestled within its new home, an old, metal lunchbox."
selector_alpha_0_c8_tok100_seed02_a_plastic_folder_in_the_drawer.json,selector_alpha_0,experiments/frontier_sweep_mundane_hub_ablation_smoke/selector_alpha_0_c8_tok100_seed02_a_plastic_folder_in_the_drawer.json,1,7,0,-0.4986407735737477,0.006755666011286431,0.397614871740513,0.01904761904761905,0.0,0.0,0.09523809523809523,0.6626914529008551,0.19999999999999998,0.9100000000000001,0.0,0.0,0.0,,0.0,0.0,,0.0,0.0,,0.0,,0.75,0.25,plastic; folder; the; drawer,plastic; folder; the,0.4,0.0,0.0,0,0,"The plastic folder was filled with old photographs, its edges now worn and creased, the images yellowed with age, a faded map of a beachside resort superimposed over a faded Polaroid of a smiling couple, their arms wrapped around each other, the woman's hair blowing in the wind, a seagull perched on the edge of the frame."
selector_alpha_0_c8_tok100_seed02_a_plastic_folder_in_the_drawer.json,selector_alpha_0,experiments/frontier_sweep_mundane_hub_ablation_smoke/selector_alpha_0_c8_tok100_seed02_a_plastic_folder_in_the_drawer.json,1,8,0,-0.6308147479632482,0.0,0.3997967612954818,0.0,0.0,0.0,0.0,0.6663279354924697,0.19999999999999998,0.9100000000000001,0.0,0.0,0.0,,0.0,0.0,,0.0,0.0,,0.0,,0.75,0.25,plastic; folder; the; drawer,plastic; folder; the,0.3,0.0,0.0,0,0,"The plastic folder was filled with documents that had once belonged to a company that made small, intricately designed robots, their parts carefully contained within and labeled with the company's logo, now yellowed and faded, the folder's contents spilling out onto the worn, wooden table."
selector_alpha_0_c8_tok100_seed02_a_plastic_folder_in_the_drawer.json,selector_alpha_0,experiments/frontier_sweep_mundane_hub_ablation_smoke/selector_alpha_0_c8_tok100_seed02_a_plastic_folder_in_the_drawer.json,2,1,1,1.3901298347088684,0.27618255213060033,0.41121905805038333,0.8190476190476191,1.0,1.0,0.09523809523809523,0.685365096750639,0.19999999999999998,0.9100000000000001,0.0,0.0,0.0,,0.0,0.0,,0.0,0.0,,0.0,,1.0,0.0,plastic; folder; the; drawer; now; held; discarded; harmonica; its; once-vibrant; colors; muted,plastic; folder; the; harmonica; its,0.0,0.0,0.0,1,1,"Among the tangled cords, a frayed extension cord had become entangled with the harmonica, as if the instrument had been passed through it at some point, while a nearby VHS tape, its label worn and faded, sat on the edge of the counter, its worn cover bearing an uncanny resemblance to the plastic folder."
selector_alpha_0_c8_tok100_seed02_a_plastic_folder_in_the_drawer.json,selector_alpha_0,experiments/frontier_sweep_mundane_hub_ablation_smoke/selector_alpha_0_c8_tok100_seed02_a_plastic_folder_in_the_drawer.json,2,2,0,0.1796157682376709,0.019420784358826913,0.428399654974123,0.05333333333333334,0.0,0.0,0.26666666666666666,0.7139994249568717,0.19999999999999998,0.9100000000000001,0.0,0.0,0.0,,0.0,0.0,,0.0,0.0,,0.0,,1.0,0.0,plastic; folder; the; drawer; now; held; discarded; harmonica; its; once-vibrant; colors; muted,folder; the; harmonica; its,0.16666666666666666,0.0,0.0,0,0,"The harmonica slipped from the folder and fell onto the worn linoleum floor, where it was joined by a small, rusty paperweight, its surface bearing an old photograph of a couple embracing, their faces partially obscured by a tangle of yellowed newspaper clippings and a faded button."
selector_alpha_0_c8_tok100_seed02_a_plastic_folder_in_the_drawer.json,selector_alpha_0,experiments/frontier_sweep_mundane_hub_ablation_smoke/selector_alpha_0_c8_tok100_seed02_a_plastic_folder_in_the_drawer.json,2,3,0,-0.10245032957765376,0.008892143483870968,0.40665290322580644,0.02666666666666667,0.0,0.0,0.13333333333333333,0.6777548387096775,0.19999999999999998,0.9100000000000001,0.0,0.3333333333333333,3.225806451612903,faded photograph,0.3333333333333333,3.225806451612903,faded photograph,0.0,0.0,,0.0,,1.0,0.0,plastic; folder; the; drawer; now; held; discarded; harmonica; its; once-vibrant; colors; muted,the; now; harmonica; its,0.0,0.0,0.0,0,0,"A faded photograph of a young couple, now creased and yellowed with age, sat next to the harmonica, while a torn map of a European city was tucked between the two, its creases matching the creases in the photograph."
selector_alpha_0_c8_tok100_seed02_a_plastic_folder_in_the_drawer.json,selector_alpha_0,experiments/frontier_sweep_mundane_hub_ablation_smoke/selector_alpha_0_c8_tok100_seed02_a_plastic_folder_in_the_drawer.json,2,4,0,0.022117105323080866,0.00553895624265479,0.3944657264798664,0.016666666666666666,0.0,0.0,0.08333333333333333,0.657442877466444,0.19999999999999998,0.9100000000000001,0.0,0.0,0.0,,0.0,0.0,,0.0,0.0,,0.0,,0.75,0.25,plastic; folder; the; drawer; now; held; discarded; harmonica; its; once-vibrant; colors; muted,folder; the; harmonica,0.125,0.0,0.0,0,0,"As the dust settled, a forgotten photograph slipped from the folder and fell onto the worn linoleum, revealing a faded image of a young couple standing in front of a dilapidated seaside shack, their faces frozen in a moment of joy, while the harmonica lay abandoned in the sand before them. The photograph's edges curled and cracked, releasing a faint scent of saltwater and decay."
selector_alpha_0_c8_tok100_seed02_a_plastic_folder_in_the_drawer.json,selector_alpha_0,experiments/frontier_sweep_mundane_hub_ablation_smoke/selector_alpha_0_c8_tok100_seed02_a_plastic_folder_in_the_drawer.json,2,5,0,0.09751422216785621,0.006098176432740796,0.3904320277059656,0.01904761904761905,0.0,0.0,0.09523809523809523,0.6507200461766093,0.19999999999999998,0.9100000000000001,0.0,0.0,0.0,,0.0,0.0,,0.0,0.0,,0.0,,1.0,0.0,plastic; folder; the; drawer; now; held; discarded; harmonica; its; once-vibrant; colors; muted,the; now; harmonica; its,0.0,0.0,0.0,0,0,"A small, forgotten photograph, its corners curled and creased, slipped out of the harmonica and onto the floor, alongside a crumpled receipt from a long-forgotten diner, its receipt holder now twisted and mangled, tangled with a length of frayed twine that had once wrapped around the harmonica."
selector_alpha_0_c8_tok100_seed02_a_plastic_folder_in_the_drawer.json,selector_alpha_0,experiments/frontier_sweep_mundane_hub_ablation_smoke/selector_alpha_0_c8_tok100_seed02_a_plastic_folder_in_the_drawer.json,2,6,0,0.20875409160721303,0.0,0.41024894022023756,0.0,0.0,0.0,0.0,0.683748233700396,0.19999999999999998,0.9100000000000001,0.0,0.0,0.0,,0.0,0.0,,0.0,0.0,,0.0,,1.0,0.0,plastic; folder; the; drawer; now; held; discarded; harmonica; its; once-vibrant; colors; muted,the; now; harmonica; its; once-vibrant; colors,0.0,0.0,0.0,0,0,"The harmonica lay next to a dusty vase, its once-vibrant colors now faded, a wilted bouquet of flowers had been arranged around it, their petals now wilted and dry, a small, rusty paperclip had pierced the center, holding the bouquet in place, a torn piece of paper caught in the paperclip's prongs, a faint scribble of a phone number."
selector_alpha_0_c8_tok100_seed02_a_plastic_folder_in_the_drawer.json,selector_alpha_0,experiments/frontier_sweep_mundane_hub_ablation_smoke/selector_alpha_0_c8_tok100_seed02_a_plastic_folder_in_the_drawer.json,2,7,0,-0.31757906535972746,0.0,0.41642142857142855,0.0,0.0,0.0,0.0,0.6940357142857143,0.19999999999999998,0.9100000000000001,0.0,0.3333333333333333,2.857142857142857,faded photograph,0.3333333333333333,2.857142857142857,faded photograph,0.0,0.0,,0.0,,0.5,0.5,plastic; folder; the; drawer; now; held; discarded; harmonica; its; once-vibrant; colors; muted,the; its,0.0,0.0,0.0,0,0,"Among the scattered papers and crumpled receipts, a single sheet of paper with a faded photograph of a small café remained, its corners bent and creased from being folded and refolded, the faint scent of stale coffee lingering in the air."
selector_alpha_0_c8_tok100_seed02_a_plastic_folder_in_the_drawer.json,selector_alpha_0,experiments/frontier_sweep_mundane_hub_ablation_smoke/selector_alpha_0_c8_tok100_seed02_a_plastic_folder_in_the_drawer.json,2,8,0,-0.37720686824554694,0.0,0.4049022584228063,0.0,0.0,0.0,0.0,0.6748370973713439,0.19999999999999998,0.9100000000000001,0.0,0.0,0.0,,0.0,0.0,,0.0,0.0,,0.0,,1.0,0.0,plastic; folder; the; drawer; now; held; discarded; harmonica; its; once-vibrant; colors; muted,the; discarded; harmonica; its,0.0,0.0,0.0,0,0,"The discarded harmonica slid further into the crevice between the worn, wooden countertop and the cracked, Formica table, its metal surface glinting dully in the faint, afternoon light that filtered through the grimy windows of the small, cluttered apartment."
selector_alpha_0_c8_tok100_seed02_a_plastic_folder_in_the_drawer.json,selector_alpha_0,experiments/frontier_sweep_mundane_hub_ablation_smoke/selector_alpha_0_c8_tok100_seed02_a_plastic_folder_in_the_drawer.json,3,1,1,0.5153117467899235,0.1641406230926176,0.39463733221720154,0.46361374943464495,0.8208955223880596,0.0,0.06060606060606061,0.6577288870286693,0.19999999999999998,0.9100000000000001,0.0,0.0,0.0,,0.0,0.0,,0.0,0.0,,0.0,,0.75,0.25,plastic; folder; the; drawer; now; held; discarded; harmonica; its; once-vibrant; colors; muted,the; now; its,0.42857142857142855,0.0,0.0,1,0,"The VHS tape slowly slid off the edge of the counter, landing on the dusty floor with a faint hiss, its worn cover now lying parallel to the entangled extension cord, which had become a tangled mess of wires and frayed insulation. A nearby old computer, its screen cracked and dark, sat silently on the cluttered desk, its keyboard still clutched around a faded Post-it note with a single, scribbled phrase: ""They're coming for us."""
selector_alpha_0_c8_tok100_seed02_a_plastic_folder_in_the_drawer.json,selector_alpha_0,experiments/frontier_sweep_mundane_hub_ablation_smoke/selector_alpha_0_c8_tok100_seed02_a_plastic_folder_in_the_drawer.json,3,2,0,0.017988558922457154,0.07069810603409935,0.15016590066716087,0.55,1.0,0.0,0.0,0.41712750185322467,0.19999999999999998,0.9100000000000001,0.0,0.0,0.0,,0.0,0.0,,0.0,0.0,,0.0,,0.5,0.5,plastic; folder; the; drawer; now; held; discarded; harmonica; its; once-vibrant; colors; muted,the; harmonica,0.2,0.4,0.0,1,0,"The frayed extension cord, a tangled mess of brown wires and frayed insulation, continued to entwine itself around the edge of the VHS tape, slowly pulling it closer to the dusty harmonica, which in turn had become wedged between the VHS tape and a thick, worn"
selector_alpha_0_c8_tok100_seed02_a_plastic_folder_in_the_drawer.json,selector_alpha_0,experiments/frontier_sweep_mundane_hub_ablation_smoke/selector_alpha_0_c8_tok100_seed02_a_plastic_folder_in_the_drawer.json,3,3,0,-0.2658925504140235,0.009317531543364883,0.4261066254587598,0.02666666666666667,0.0,0.0,0.13333333333333333,0.7101777090979331,0.19999999999999998,0.9100000000000001,0.0,0.0,0.0,,0.0,0.0,,0.0,0.0,,0.0,,0.75,0.25,plastic; folder; the; drawer; now; held; discarded; harmonica; its; once-vibrant; colors; muted,the; now; its,0.0,0.0,0.0,0,0,"The frayed extension cord, now freed from the tangled mess, lay coiled on the edge of the counter, its exposed wire wrapping around a small, dusty figurine of a saxophone that had been left on the surface."
selector_alpha_0_c8_tok100_seed02_a_plastic_folder_in_the_drawer.json,selector_alpha_0,experiments/frontier_sweep_mundane_hub_ablation_smoke/selector_alpha_0_c8_tok100_seed02_a_plastic_folder_in_the_drawer.json,3,4,0,0.20288641166967825,0.014058143528497227,0.3740131090774178,0.044444444444444446,0.0,0.0,0.2222222222222222,0.6233551817956964,0.19999999999999998,0.9100000000000001,0.0,0.0,0.0,,0.0,0.0,,0.0,0.0,,0.0,,0.75,0.25,plastic; folder; the; drawer; now; held; discarded; harmonica; its; once-vibrant; colors; muted,the; now; harmonica,0.14285714285714285,0.0,0.0,0,0,"As the frayed extension cord remained knotted to the harmonica, a crumpled up newspaper clipping that had been pinned to the counter with a rusty paperclip now began to slide off, joining the harmonica on the dusty floor, where it slipped into a narrow gap between the baseboard and the countertop, alongside a small, rusted appliance that had been collecting dust for years."
selector_alpha_0_c8_tok100_seed02_a_plastic_folder_in_the_drawer.json,selector_alpha_0,experiments/frontier_sweep_mundane_hub_ablation_smoke/selector_alpha_0_c8_tok100_seed02_a_plastic_folder_in_the_drawer.json,3,5,0,0.3278386519531118,0.006524771719255474,0.40300060618930866,0.01904761904761905,0.0,0.0,0.09523809523809523,0.6716676769821811,0.19999999999999998,0.9100000000000001,0.0,0.0,0.0,,0.0,0.0,,0.0,0.0,,0.0,,0.5,0.5,plastic; folder; the; drawer; now; held; discarded; harmonica; its; once-vibrant; colors; muted,the; its,0.16666666666666666,0.0,0.0,0,0,"The VHS tape slowly slid off the edge of the counter, its worn cover glinting briefly in the dim light before it came to rest on the floor, where it was immediately kicked aside by a dusty shoe that emerged from beneath the cluttered bed, the shoe's owner, a disheveled young woman, rummaging through the mess with a look of desperation."
selector_alpha_0_c8_tok100_seed02_a_plastic_folder_in_the_drawer.json,selector_alpha_0,experiments/frontier_sweep_mundane_hub_ablation_smoke/selector_alpha_0_c8_tok100_seed02_a_plastic_folder_in_the_drawer.json,3,6,0,1.160213127008986,0.0,0.40966319165998394,0.0,0.0,0.0,0.0,0.6827719860999732,0.19999999999999998,0.9100000000000001,0.0,0.0,0.0,,0.0,0.0,,0.0,0.0,,0.0,,1.0,0.0,plastic; folder; the; drawer; now; held; discarded; harmonica; its; once-vibrant; colors; muted,plastic; folder; the; now; discarded; harmonica; its,0.2,0.0,0.0,0,0,"The frayed extension cord now wrapped itself around the harmonica, as if trying to keep it in place, while the VHS tape slipped onto the dusty surface of the plastic folder, its label partially covering the harmonica, now nestled in a small depression formed by a discarded coffee can filled with faded photographs."
selector_alpha_0_c8_tok100_seed02_a_plastic_folder_in_the_drawer.json,selector_alpha_0,experiments/frontier_sweep_mundane_hub_ablation_smoke/selector_alpha_0_c8_tok100_seed02_a_plastic_folder_in_the_drawer.json,3,7,0,1.1775992042431007,0.0,0.39934649122807014,0.0,0.0,0.0,0.0,0.665577485380117,0.19999999999999998,0.9100000000000001,0.0,0.0,0.0,,0.0,0.0,,0.0,0.0,,0.0,,0.75,0.25,plastic; folder; the; drawer; now; held; discarded; harmonica; its; once-vibrant; colors; muted,the; harmonica; its,0.25,0.0,0.0,0,0,"The frayed extension cord had wrapped itself around the edge of the VHS tape, holding it in place, as the harmonica lay across the worn cover, its metal surface partially buried in the creases of the VHS label."
selector_alpha_0_c8_tok100_seed02_a_plastic_folder_in_the_drawer.json,selector_alpha_0,experiments/frontier_sweep_mundane_hub_ablation_smoke/selector_alpha_0_c8_tok100_seed02_a_plastic_folder_in_the_drawer.json,3,8,0,0.7908455984262353,0.0,0.15664143607330402,0.0,0.0,0.0,0.0,0.4351151002036223,0.19999999999999998,0.9100000000000001,0.0,0.0,0.0,,0.0,0.0,,0.0,0.0,,0.0,,0.75,0.25,plastic; folder; the; drawer; now; held; discarded; harmonica; its; once-vibrant; colors; muted,the; harmonica; its,0.0,0.4,0.0,0,0,"The frayed extension cord had wrapped itself around the harmonica, holding it in place as if by a stubborn habit, while the VHS tape slowly began to rotate, its static-filled surface emitting a faint, eerie glow that cast an otherworldly light on the surroundi"
steer_alpha_0p66_c8_tok100_seed02_a_plastic_folder_in_the_drawer.json,steer_alpha_0p66,experiments/frontier_sweep_mundane_hub_ablation_smoke/steer_alpha_0p66_c8_tok100_seed02_a_plastic_folder_in_the_drawer.json,1,1,1,-0.3399922513865131,0.10248656675753164,0.4178482415537316,0.2722222222222222,0.0,1.0,0.1111111111111111,0.696413735922886,0.19999999999999998,0.9100000000000001,0.0,0.0,0.0,,0.0,0.0,,0.0,0.0,,0.0,,0.75,0.25,plastic; folder; the; drawer,plastic; folder; the,0.45,0.0,0.0,0,2,"The plastic folder, once a repository for receipts and expired coupons, now holds a faded Polaroid of a woman with a kind smile, her eyes fixed on a small, dusty globe, its surface cracked and worn, a tiny, withered plant perches on its surface, its leaves long dry and brittle, a faded, hand-painted sign creaks in the wind, bearing the words ""We Are Stars"" in letters that seem to be crumbling into the night."
steer_alpha_0p66_c8_tok100_seed02_a_plastic_folder_in_the_drawer.json,steer_alpha_0p66,experiments/frontier_sweep_mundane_hub_ablation_smoke/steer_alpha_0p66_c8_tok100_seed02_a_plastic_folder_in_the_drawer.json,1,2,0,-0.5087618852459013,0.0,0.5772561475409836,0.0,0.0,0.0,0.0,0.9620935792349727,0.19999999999999998,0.9100000000000001,0.0,0.3333333333333333,5.555555555555555,antique,0.3333333333333333,5.555555555555555,antique,0.0,0.0,,0.375,antique,0.0,1.0,plastic; folder; the; drawer,,0.45,0.0,0.0,0,0,"A dusty, antique, silver locket lies open on a worn, wooden desk, its mirror reflecting a faded, watercolor painting of a long-forgotten garden."
steer_alpha_0p66_c8_tok100_seed02_a_plastic_folder_in_the_drawer.json,steer_alpha_0p66,experiments/frontier_sweep_mundane_hub_ablation_smoke/steer_alpha_0p66_c8_tok100_seed02_a_plastic_folder_in_the_drawer.json,1,3,0,-0.7250279927272563,0.0,0.3701137512639029,0.0,0.0,0.0,0.0,0.7402275025278058,0.0,1.0,0.0,0.6666666666666666,8.695652173913043,antique; delicate,0.3333333333333333,4.3478260869565215,antique,0.3333333333333333,4.3478260869565215,delicate,0.375,antique,0.75,0.25,plastic; folder; the; drawer,plastic; folder; the,0.4,0.0,0.0,0,0,"The plastic folder, now empty and worn, sits atop a worn, wooden desk, as a delicate, antique music stand, its sheet of music rusted and forgotten, beside it."
steer_alpha_0p66_c8_tok100_seed02_a_plastic_folder_in_the_drawer.json,steer_alpha_0p66,experiments/frontier_sweep_mundane_hub_ablation_smoke/steer_alpha_0p66_c8_tok100_seed02_a_plastic_folder_in_the_drawer.json,1,4,0,-0.7908764031053754,0.0,0.14249542575285568,0.0,0.0,0.0,0.0,0.44809882312218763,0.05999999999999997,0.9730000000000001,0.0,0.0,0.0,,0.0,0.0,,0.0,0.0,,0.0,,0.75,0.25,plastic; folder; the; drawer,plastic; folder; the,0.0,0.4,0.0,0,0,"The plastic folder, now empty, sits on a cluttered workbench, beside a half-assembled mechanical bird, its metal wings slowly unfolding like a metal flower, a screw loose, a tiny, mechanical eye stares back, a copper pipe peeks out from behind it, and a small"
steer_alpha_0p66_c8_tok100_seed02_a_plastic_folder_in_the_drawer.json,steer_alpha_0p66,experiments/frontier_sweep_mundane_hub_ablation_smoke/steer_alpha_0p66_c8_tok100_seed02_a_plastic_folder_in_the_drawer.json,1,5,0,-1.054974033443425,0.0,0.15618786562186765,0.0,0.0,0.0,0.0,0.4338551822829657,0.19999999999999998,0.9100000000000001,0.0,0.6666666666666666,5.882352941176471,antique; faded photograph,0.6666666666666666,5.882352941176471,antique; faded photograph,0.0,0.0,,0.375,antique,0.25,0.75,plastic; folder; the; drawer,the,0.4,0.4,0.0,0,0,"A small, antique globe sits on the floor, its surface cracked and worn, beside a withered, faded photograph of a young couple, their faces serene and their eyes closed as if in a silent, eternal sleep, amidst a tattered, Victorian-era quilt, a single, forgotte"
steer_alpha_0p66_c8_tok100_seed02_a_plastic_folder_in_the_drawer.json,steer_alpha_0p66,experiments/frontier_sweep_mundane_hub_ablation_smoke/steer_alpha_0p66_c8_tok100_seed02_a_plastic_folder_in_the_drawer.json,1,6,0,-0.8690187024140299,0.0,0.15508734528921445,0.0,0.0,0.0,0.0,0.430798181358929,0.19999999999999998,0.9100000000000001,0.0,0.3333333333333333,2.7027027027027026,faded photograph,0.3333333333333333,2.7027027027027026,faded photograph,0.0,0.0,,0.0,,1.0,0.0,plastic; folder; the; drawer,plastic; folder; the; drawer,0.4,0.4,0.0,0,0,"A faded photograph, yellowed with age, protrudes from a crack in the drawer, its surface smeared with a thin layer of dust, as the plastic folder, now empty and worn, leans against a nearby, worn wooden desk, its surface scratched and scarred, a small, tarnish"
steer_alpha_0p66_c8_tok100_seed02_a_plastic_folder_in_the_drawer.json,steer_alpha_0p66,experiments/frontier_sweep_mundane_hub_ablation_smoke/steer_alpha_0p66_c8_tok100_seed02_a_plastic_folder_in_the_drawer.json,1,7,0,-0.5886944110977723,0.0,0.011969362745098043,0.0,0.0,0.0,0.0,0.1595915032679739,0.0,1.0,0.0,1.0,8.823529411764707,antique; delicate; ethereal,0.3333333333333333,2.9411764705882355,antique,0.6666666666666666,5.882352941176471,delicate; ethereal,0.375,antique,0.5,0.5,plastic; folder; the; drawer,the; drawer,0.45,0.85,0.0,0,0,"A small, delicate, antique music maker, crafted from a repurposed harmonica, fills the drawer with a soft, ethereal glow, as a faded, 19, a dusty, old, wooden flute, once a possession of a traveling minstrel, slowly unfurls from the shadows, its intricate carv"
steer_alpha_0p66_c8_tok100_seed02_a_plastic_folder_in_the_drawer.json,steer_alpha_0p66,experiments/frontier_sweep_mundane_hub_ablation_smoke/steer_alpha_0p66_c8_tok100_seed02_a_plastic_folder_in_the_drawer.json,1,8,0,-1.454312070218358,0.0,0.010376541598039614,0.0,0.0,0.0,0.0,0.1383538879738615,0.0,1.0,0.0,0.6666666666666666,6.0606060606060606,antique; faded photograph,0.6666666666666666,6.0606060606060606,antique; faded photograph,0.0,0.0,,0.375,antique,0.75,0.25,plastic; folder; the; drawer,plastic; folder; the,0.4,0.85,0.0,0,0,"The plastic folder, slightly ajar, reveals a faded photograph of a Victorian-era gentleman, his eyes seeming to follow as it slowly opens, slowly revealing a small, antique music, now replaced by a harmonica, its brass surface worn and tarnished, beside a with"
steer_alpha_0p66_c8_tok100_seed02_a_plastic_folder_in_the_drawer.json,steer_alpha_0p66,experiments/frontier_sweep_mundane_hub_ablation_smoke/steer_alpha_0p66_c8_tok100_seed02_a_plastic_folder_in_the_drawer.json,2,1,1,-0.9242916576579177,0.06951235277628033,0.14944301886792455,0.55,1.0,0.0,0.0,0.415119496855346,0.19999999999999998,0.9100000000000001,0.0,0.3333333333333333,2.7777777777777777,melancholic,0.0,0.0,,0.3333333333333333,2.7777777777777777,melancholic,0.0,,0.75,0.25,plastic; folder; the; drawer; once; repository; for; receipts; and; expired; coupons; now,once; and; now,0.14285714285714285,0.4,0.0,1,0,"A small, metal easel, old and worn, supports a canvas, once a canvas, now a canvas of forgotten memories, a half-empty bottle of turpentine and a tube of paint, still and dry, a torn and tattered portrait of a man with a melancholic gaze, his eyes seeming to f"
steer_alpha_0p66_c8_tok100_seed02_a_plastic_folder_in_the_drawer.json,steer_alpha_0p66,experiments/frontier_sweep_mundane_hub_ablation_smoke/steer_alpha_0p66_c8_tok100_seed02_a_plastic_folder_in_the_drawer.json,2,2,0,0.3994219748898065,0.0,0.20549963246450714,0.0,0.0,0.0,0.0,0.6462252593223494,0.05999999999999997,0.9730000000000001,0.0,0.3333333333333333,2.6315789473684212,delicate,0.0,0.0,,0.3333333333333333,2.6315789473684212,delicate,0.0,,1.0,0.0,plastic; folder; the; drawer; once; repository; for; receipts; and; expired; coupons; now,the; drawer; once; and; now,0.25,0.4,0.0,0,0,"The faded Polaroid, once a treasured memento, now gathers dust, as the drawer's wooden slats, worn smooth by time, slowly begin to open, revealing a small, rusty harmonica, its silver surface tarnished, its bell, once a tiny, delicate bell, now dull and still"
steer_alpha_0p66_c8_tok100_seed02_a_plastic_folder_in_the_drawer.json,steer_alpha_0p66,experiments/frontier_sweep_mundane_hub_ablation_smoke/steer_alpha_0p66_c8_tok100_seed02_a_plastic_folder_in_the_drawer.json,2,3,0,-0.42397742972363867,0.0,0.16712769079593845,0.0,0.0,0.0,0.0,0.4642435855442735,0.19999999999999998,0.9100000000000001,0.0,0.0,0.0,,0.0,0.0,,0.0,0.0,,0.0,,1.0,0.0,plastic; folder; the; drawer; once; repository; for; receipts; and; expired; coupons; now,the; drawer; once; now,0.0,0.4,0.0,0,0,"A small, forgotten suitcase, its once-vibrant colors now muted, sits at the edge of the drawer, its lid slightly ajar, releasing a faint, musty scent, a torn, yellowed photograph of a couple, their faces twisted in a macabre grimace, peers out from a crack in"
steer_alpha_0p66_c8_tok100_seed02_a_plastic_folder_in_the_drawer.json,steer_alpha_0p66,experiments/frontier_sweep_mundane_hub_ablation_smoke/steer_alpha_0p66_c8_tok100_seed02_a_plastic_folder_in_the_drawer.json,2,4,0,-0.9379919239780437,0.0,0.14439780910296068,0.0,0.0,0.0,0.0,0.45408116070113425,0.05999999999999997,0.9730000000000001,0.0,0.3333333333333333,2.857142857142857,delicate,0.0,0.0,,0.3333333333333333,2.857142857142857,delicate,0.0,,0.5,0.5,plastic; folder; the; drawer; once; repository; for; receipts; and; expired; coupons; now,the; and,0.25,0.4,0.0,0,0,"The faded Polaroid slides out, revealing a photograph of a weathered, metal telescope, its lens cloudy with grime, next to a small, intricately carved wooden box, adorned with a delicate, hand-painted, tinny, silvered mirror, an old, frayed rug, soft and worn"
steer_alpha_0p66_c8_tok100_seed02_a_plastic_folder_in_the_drawer.json,steer_alpha_0p66,experiments/frontier_sweep_mundane_hub_ablation_smoke/steer_alpha_0p66_c8_tok100_seed02_a_plastic_folder_in_the_drawer.json,2,5,0,0.8068530804588518,0.0,0.1543397996126968,0.0,0.0,0.0,0.0,0.4287216655908245,0.19999999999999998,0.9100000000000001,0.0,0.3333333333333333,2.7027027027027026,antique,0.3333333333333333,2.7027027027027026,antique,0.0,0.0,,0.375,antique,0.75,0.25,plastic; folder; the; drawer; once; repository; for; receipts; and; expired; coupons; now,the; and; now,0.16666666666666666,0.4,0.0,0,0,"The faded Polaroid is now nestled among a tangle of dried, long-fissured vines, their gnarled branches twisted around the globe, as if the plant on its surface has begun to sprout, its withered leaves now unfurling like tiny, dry wings, and a small, antique ha"
steer_alpha_0p66_c8_tok100_seed02_a_plastic_folder_in_the_drawer.json,steer_alpha_0p66,experiments/frontier_sweep_mundane_hub_ablation_smoke/steer_alpha_0p66_c8_tok100_seed02_a_plastic_folder_in_the_drawer.json,2,6,0,-0.10157158441170172,0.0,0.15345823054219151,0.0,0.0,0.0,0.0,0.42627286261719866,0.19999999999999998,0.9100000000000001,0.0,0.0,0.0,,0.0,0.0,,0.0,0.0,,0.0,,1.0,0.0,plastic; folder; the; drawer; once; repository; for; receipts; and; expired; coupons; now,plastic; folder; the; and,0.14285714285714285,0.4,0.0,0,0,"The faded Polaroid slides out of the plastic folder, and the woman's eyes seem to follow, her gaze lingering on a nearby, old, metal suitcase, its lid ajar, revealing a tangled mess of frayed, silver threads, a small, abandoned suitcase, its surface adorned wi"
steer_alpha_0p66_c8_tok100_seed02_a_plastic_folder_in_the_drawer.json,steer_alpha_0p66,experiments/frontier_sweep_mundane_hub_ablation_smoke/steer_alpha_0p66_c8_tok100_seed02_a_plastic_folder_in_the_drawer.json,2,7,0,0.8036420980618426,0.0,0.14743461893920606,0.0,0.0,0.0,0.0,0.40954060816446136,0.19999999999999998,0.9100000000000001,0.0,0.0,0.0,,0.0,0.0,,0.0,0.0,,0.0,,0.75,0.25,plastic; folder; the; drawer; once; repository; for; receipts; and; expired; coupons; now,the; once; now,0.2857142857142857,0.4,0.0,0,0,"The faded Polaroid, once a treasured memento, now gathers dust, its surface smeared with a faint, unidentifiable substance, as the woman's gaze remains fixed on the cracked globe, her eyes seeming to follow the globe's slow, arachnid-like movements, a small, t"
steer_alpha_0p66_c8_tok100_seed02_a_plastic_folder_in_the_drawer.json,steer_alpha_0p66,experiments/frontier_sweep_mundane_hub_ablation_smoke/steer_alpha_0p66_c8_tok100_seed02_a_plastic_folder_in_the_drawer.json,2,8,0,0.7225474685012685,0.0,0.14833795474267403,0.0,0.0,0.0,0.0,0.4120498742852057,0.19999999999999998,0.9100000000000001,0.0,0.0,0.0,,0.0,0.0,,0.0,0.0,,0.0,,1.0,0.0,plastic; folder; the; drawer; once; repository; for; receipts; and; expired; coupons; now,folder; the; once; and; now,0.2,0.4,0.0,0,0,"The faded Polaroid slips out, and the woman's eyes, once a bright, inquisitive gaze, now seem dull and lifeless, her smile frozen in a perpetual, serene smile, as the globe, now free from the confines of the folder, rolls across the floor, pursued by a small"
steer_alpha_0p66_c8_tok100_seed02_a_plastic_folder_in_the_drawer.json,steer_alpha_0p66,experiments/frontier_sweep_mundane_hub_ablation_smoke/steer_alpha_0p66_c8_tok100_seed02_a_plastic_folder_in_the_drawer.json,3,1,1,-0.51941513383131,0.08793928477430556,0.18015730555555554,0.55,1.0,0.0,0.0,0.5665324074074074,0.05999999999999997,0.9730000000000001,0.0,1.0,8.571428571428571,antique; delicate; miniature,0.6666666666666666,5.714285714285714,antique; miniature,0.3333333333333333,2.857142857142857,delicate,0.775,antique; miniature,1.0,0.0,plastic; folder; the; drawer; once; repository; for; receipts; and; expired; coupons; now,the; once; and; now,0.375,0.4,0.0,2,0,"The faded Polaroid, once creased and worn, now rests on a small, rickety table, its surface scratched and scarred, a delicate, antique teapot, once a teapot, now a tiny, forgotten garden, where a miniature, withered rose, once a rose, now a miniature, withered"
steer_alpha_0p66_c8_tok100_seed02_a_plastic_folder_in_the_drawer.json,steer_alpha_0p66,experiments/frontier_sweep_mundane_hub_ablation_smoke/steer_alpha_0p66_c8_tok100_seed02_a_plastic_folder_in_the_drawer.json,3,2,0,0.8197984753236454,0.0,0.22362407127459485,0.0,0.0,0.0,0.0,0.6211779757627636,0.19999999999999998,0.9100000000000001,0.0,0.0,0.0,,0.0,0.0,,0.0,0.0,,0.0,,0.25,0.75,plastic; folder; the; drawer; once; repository; for; receipts; and; expired; coupons; now,the,0.0,0.4,0.0,0,0,"above the easel, a small, grimy window, its panes cloudy with grime, a few wisps of cirrus, like thread-like tendrils, slide in, as if to awaken the canvas, where a new, tentative, tentative brushstroke, a splash of blue, a dot of white, a fleck of gold, a del"
steer_alpha_0p66_c8_tok100_seed02_a_plastic_folder_in_the_drawer.json,steer_alpha_0p66,experiments/frontier_sweep_mundane_hub_ablation_smoke/steer_alpha_0p66_c8_tok100_seed02_a_plastic_folder_in_the_drawer.json,3,3,0,-1.7224960576390687,0.0,0.12902919099249374,0.0,0.0,0.0,0.0,0.43009730330831253,0.0,1.0,0.0,1.0,11.11111111111111,antique; delicate; miniature; ornate,1.0,8.333333333333334,antique; miniature; ornate,0.3333333333333333,2.7777777777777777,delicate,1.0,antique; miniature; ornate,1.0,0.0,plastic; folder; the; drawer; once; repository; for; receipts; and; expired; coupons; now,plastic; folder; the; and,0.375,0.4,0.0,0,0,"The faded Polaroid slides out of the plastic folder, revealing a small, worn, wooden desk, its surface scratched and scarred, a miniature, antique, ornate, copper teapot sits, its lid slightly ajar, a delicate, hand-painted, ceramic, and a nearby, old, wooden"
steer_alpha_0p66_c8_tok100_seed02_a_plastic_folder_in_the_drawer.json,steer_alpha_0p66,experiments/frontier_sweep_mundane_hub_ablation_smoke/steer_alpha_0p66_c8_tok100_seed02_a_plastic_folder_in_the_drawer.json,3,4,0,-0.30698947183956665,0.0011370526505752312,0.1319793255131965,0.010256410256410256,0.0,0.0,0.05128205128205128,0.4150293255131965,0.05999999999999997,0.9730000000000001,0.0,0.6666666666666666,6.0606060606060606,ghostly; mournful,0.0,0.0,,0.6666666666666666,6.0606060606060606,ghostly; mournful,0.0,,0.5,0.5,plastic; folder; the; drawer; once; repository; for; receipts; and; expired; coupons; now,the; and,0.1111111111111111,0.4,0.0,0,0,"A faint, flickering candle casts eerie shadows on the walls as the moon casts an unconvincing, ghostly glow, while in the corner, a small, wooden box, intricately carved with strange, forgotten patterns, emits a faint, mournful sigh, and a forgotten, tattered"
steer_alpha_0p66_c8_tok100_seed02_a_plastic_folder_in_the_drawer.json,steer_alpha_0p66,experiments/frontier_sweep_mundane_hub_ablation_smoke/steer_alpha_0p66_c8_tok100_seed02_a_plastic_folder_in_the_drawer.json,3,5,0,0.8000644439986822,0.0,0.14558708272859217,0.0,0.0,0.0,0.0,0.4044085631349783,0.19999999999999998,0.9100000000000001,0.0,0.3333333333333333,2.5641025641025643,ethereal,0.0,0.0,,0.3333333333333333,2.5641025641025643,ethereal,0.0,,1.0,0.0,plastic; folder; the; drawer; once; repository; for; receipts; and; expired; coupons; now,plastic; folder; the; once,0.25,0.4,0.0,0,0,"The faded Polaroid, once freed from the plastic folder, floats in the air, suspended above the metal easel, where it hovers, its eyes still fixed on the dusty globe, which begins to glow with a soft, ethereal light, as if the tiny, withered plant on its surfac"
steer_alpha_0p66_c8_tok100_seed02_a_plastic_folder_in_the_drawer.json,steer_alpha_0p66,experiments/frontier_sweep_mundane_hub_ablation_smoke/steer_alpha_0p66_c8_tok100_seed02_a_plastic_folder_in_the_drawer.json,3,6,0,-0.15195966306260406,0.0,0.14318808353808357,0.0,0.0,0.0,0.0,0.3977446764946766,0.19999999999999998,0.9100000000000001,0.0,0.6666666666666666,5.714285714285714,antique; delicate,0.3333333333333333,2.857142857142857,antique,0.3333333333333333,2.857142857142857,delicate,0.375,antique,0.5,0.5,plastic; folder; the; drawer; once; repository; for; receipts; and; expired; coupons; now,the; and,0.2,0.4,0.0,0,0,"A delicate, antique telescope, its brass surface tarnished, leans against the wall, its lens cloudy with moisture, a wooden easel, worn and weathered, supports a half-finished painting, its surface smeared with a smudge of turpentine, a faded, hand-painted sig"
steer_alpha_0p66_c8_tok100_seed02_a_plastic_folder_in_the_drawer.json,steer_alpha_0p66,experiments/frontier_sweep_mundane_hub_ablation_smoke/steer_alpha_0p66_c8_tok100_seed02_a_plastic_folder_in_the_drawer.json,3,7,0,-0.48624185253937896,0.0,0.13583963622214154,0.0,0.0,0.0,0.0,0.3773323228392821,0.19999999999999998,0.9100000000000001,0.0,0.3333333333333333,2.4390243902439024,mournful,0.0,0.0,,0.3333333333333333,2.4390243902439024,mournful,0.0,,1.0,0.0,plastic; folder; the; drawer; once; repository; for; receipts; and; expired; coupons; now,the; once; and; now,0.14285714285714285,0.4,0.0,0,0,"The man's eyes, once a warm, gentle brown, now seem to hold a deep sadness, his lips, once a gentle, rose-petal pink, now seem to be twisted into a perpetual, mournful frown, a torn and tattered, forgotten coat, once a deep, rich brown, now hangs limply from a"
steer_alpha_0p66_c8_tok100_seed02_a_plastic_folder_in_the_drawer.json,steer_alpha_0p66,experiments/frontier_sweep_mundane_hub_ablation_smoke/steer_alpha_0p66_c8_tok100_seed02_a_plastic_folder_in_the_drawer.json,3,8,0,-0.8678575820425691,0.0,0.11533748558568213,0.0,0.0,0.0,0.0,0.36269649555245953,0.05999999999999997,0.9730000000000001,0.0,0.0,0.0,,0.0,0.0,,0.0,0.0,,0.0,,0.5,0.5,plastic; folder; the; drawer; once; repository; for; receipts; and; expired; coupons; now,the; and,0.125,0.4,0.0,0,0,"beside the easel, a small, metal table, its surface scratched and scarred, holds a half-empty glass of whiskey, a few ice cubes, and a newspaper, its pages yellowed and brittle, its headlines and stories yellowed and faded, a small, ceramic vase, its glaze cra"
steer_alpha_0p77_c8_tok100_seed02_a_plastic_folder_in_the_drawer.json,steer_alpha_0p77,experiments/frontier_sweep_mundane_hub_ablation_smoke/steer_alpha_0p77_c8_tok100_seed02_a_plastic_folder_in_the_drawer.json,1,1,1,-0.8867697444528051,0.04751864685150375,0.2109595864661654,0.25,0.0,1.0,0.0,0.7031986215538847,0.19999999999999998,0.9100000000000001,0.5,0.6666666666666666,4.081632653061225,antique; faded photograph,0.6666666666666666,4.081632653061225,antique; faded photograph,0.0,0.0,,0.375,antique,0.5,0.5,plastic; folder; the; drawer,the; drawer,0.45,0.0,0.0,0,2,"A faded photograph of an old, abandoned pier juts out from the crack of the drawer, where a small, antique telescope lies, its lenses cloudy with age, beside a faded, forgotten harmonica, and a torn, water-stained map, with a piece of paper taped to its surface, bearing a single, cryptic message: ""For the ocean's ear""."
steer_alpha_0p77_c8_tok100_seed02_a_plastic_folder_in_the_drawer.json,steer_alpha_0p77,experiments/frontier_sweep_mundane_hub_ablation_smoke/steer_alpha_0p77_c8_tok100_seed02_a_plastic_folder_in_the_drawer.json,1,2,0,-0.4856587301587303,0.0,0.5164850000000001,0.0,0.0,0.0,0.0,0.9745,0.05999999999999997,0.9730000000000001,0.0,0.3333333333333333,4.166666666666667,ornate,0.3333333333333333,4.166666666666667,ornate,0.0,0.0,,0.325,ornate,0.75,0.25,plastic; folder; the; drawer,plastic; folder; the,0.1,0.0,0.0,0,0,"The plastic folder, now empty, sits atop a small, ornate, wooden cabinet, beside a vintage, metal typewriter, its keys yellowed with age, covered in a thin, green, moss."
steer_alpha_0p77_c8_tok100_seed02_a_plastic_folder_in_the_drawer.json,steer_alpha_0p77,experiments/frontier_sweep_mundane_hub_ablation_smoke/steer_alpha_0p77_c8_tok100_seed02_a_plastic_folder_in_the_drawer.json,1,3,0,-0.3428383450314726,0.00979343675582791,0.4192102344134738,0.02619017449206388,0.0,0.0,0.1309508724603194,0.6986837240224564,0.19999999999999998,0.9100000000000001,0.0,1.0,8.0,antique; faded photograph; leather-bound; music box,1.0,8.0,antique; faded photograph; leather-bound; music box,0.0,0.0,,1.0,antique; leather-bound; music box,0.75,0.25,plastic; folder; the; drawer,plastic; folder; the,0.4,0.0,0.0,0,0,"The plastic folder lies flat on a worn, wooden desk, its contents spilling out, papers and pens, a small, antique music box, a faded photograph, and a folded, handwritten letter, tied with a faded ribbon, beside a small, empty teacup and saucer, beside the old, leather-bound portrait of a woman, her eyes seeming to follow the room's shadows."
steer_alpha_0p77_c8_tok100_seed02_a_plastic_folder_in_the_drawer.json,steer_alpha_0p77,experiments/frontier_sweep_mundane_hub_ablation_smoke/steer_alpha_0p77_c8_tok100_seed02_a_plastic_folder_in_the_drawer.json,1,4,0,-0.734447586418765,0.003326888833873661,0.4282322583647447,0.008888888888888889,0.0,0.0,0.04444444444444444,0.7137204306079079,0.19999999999999998,0.9100000000000001,0.0,0.6666666666666666,5.2631578947368425,antique; miniature,0.6666666666666666,5.2631578947368425,antique; miniature,0.0,0.0,,0.775,antique; miniature,0.75,0.25,plastic; folder; the; drawer,plastic; folder; the,0.3,0.0,0.0,0,0,"The plastic folder, now empty, sits on a cluttered, antique wooden desk, beside a withered, once-lush Venus, a faded, ceramic figurine, and a worn, wooden, miniature, mechanical orner that slowly turns, casting intricate, frosty shadows on the desk's worn, veneered surface."
steer_alpha_0p77_c8_tok100_seed02_a_plastic_folder_in_the_drawer.json,steer_alpha_0p77,experiments/frontier_sweep_mundane_hub_ablation_smoke/steer_alpha_0p77_c8_tok100_seed02_a_plastic_folder_in_the_drawer.json,1,5,0,-1.2036321320452743,0.0,0.42484542141493603,0.0,0.0,0.0,0.0,0.7080757023582267,0.19999999999999998,0.9100000000000001,0.0,0.3333333333333333,2.2222222222222223,antique,0.3333333333333333,2.2222222222222223,antique,0.0,0.0,,0.375,antique,0.0,1.0,plastic; folder; the; drawer,,0.45,0.0,0.0,0,0,"A small, antique music stands upright beside a dusty, old, metal telescope, its lens clouded with a fine, green moss, beside a faded, framed, 19th-century painting of a forgotten garden, where a small, wooden bench weeps quietly, and a discarded, silver, enamel box opens to reveal a tiny, mechanical, mechanical bird that whistles a melancholy tune."
steer_alpha_0p77_c8_tok100_seed02_a_plastic_folder_in_the_drawer.json,steer_alpha_0p77,experiments/frontier_sweep_mundane_hub_ablation_smoke/steer_alpha_0p77_c8_tok100_seed02_a_plastic_folder_in_the_drawer.json,1,6,0,-0.4993990907983048,0.0,0.3623226659323945,0.0,0.0,0.0,0.0,0.6836276715705556,0.05999999999999997,0.9730000000000001,0.0,1.0,7.894736842105263,antique; delicate; porcelain,0.6666666666666666,5.2631578947368425,antique; porcelain,0.3333333333333333,2.6315789473684212,delicate,0.875,antique; porcelain,0.5,0.5,plastic; folder; the; drawer,the; drawer,0.4,0.0,0.0,0,0,"A small, antique wooden desk, worn and weathered, stands alone in the same drawer, its drawers slightly ajar, revealing a scattering of scattered, yellowed papers, and a single, pale, porcelain-sized, ceramic tea set, its saucer and two delicate, rose-gold handle."
steer_alpha_0p77_c8_tok100_seed02_a_plastic_folder_in_the_drawer.json,steer_alpha_0p77,experiments/frontier_sweep_mundane_hub_ablation_smoke/steer_alpha_0p77_c8_tok100_seed02_a_plastic_folder_in_the_drawer.json,1,7,0,-0.8314469144197534,0.0,0.4042372624541259,0.0,0.0,0.0,0.0,0.6737287707568765,0.19999999999999998,0.9100000000000001,0.0,0.0,0.0,,0.0,0.0,,0.0,0.0,,0.0,,0.75,0.25,plastic; folder; the; drawer,plastic; folder; the,0.45,0.0,0.0,0,0,"The plastic folder, once a pristine white, now wears a faint patina of age, its edges curled and worn from years of gentle, relentless rain. A small, dusty key, once a bright brass, now tarnished and worn, slips from the folder's crease, landing softly on a bed of old, yellowed letters, their creases and wrinkles deepening into a gentle, lapping sea."
steer_alpha_0p77_c8_tok100_seed02_a_plastic_folder_in_the_drawer.json,steer_alpha_0p77,experiments/frontier_sweep_mundane_hub_ablation_smoke/steer_alpha_0p77_c8_tok100_seed02_a_plastic_folder_in_the_drawer.json,1,8,0,-2.108669608861198,0.0,0.15130623052959505,0.0,0.0,0.0,0.0,0.4202950848044307,0.19999999999999998,0.9100000000000001,0.0,0.3333333333333333,2.7777777777777777,antique,0.3333333333333333,2.7777777777777777,antique,0.0,0.0,,0.375,antique,0.25,0.75,plastic; folder; the; drawer,the,0.45,0.4,0.0,0,0,"A small, old, wooden desk creaks in the corner of a forgotten study, its surface scarred and worn, a dusty, antique globe spins slowly, its surface cracked and faded, a faded, hand-painted, ceramic cat sits on a nearby, forgotten, metal, copper kettle steams"
steer_alpha_0p77_c8_tok100_seed02_a_plastic_folder_in_the_drawer.json,steer_alpha_0p77,experiments/frontier_sweep_mundane_hub_ablation_smoke/steer_alpha_0p77_c8_tok100_seed02_a_plastic_folder_in_the_drawer.json,2,1,1,-0.0684706328451185,0.06798479128684401,0.14290024442846874,0.55,1.0,0.0,0.0,0.4493718378253734,0.05999999999999997,0.9730000000000001,0.0,0.3333333333333333,2.5641025641025643,ethereal,0.0,0.0,,0.3333333333333333,2.5641025641025643,ethereal,0.0,,0.75,0.25,plastic; folder; the; drawer; photograph; old; abandoned; pier; juts; out; crack; telescope,the; old; pier,0.25,0.4,0.0,1,0,"Beyond the pier, a rusty, forgotten Ferris wheel creaks and groans, its seats, once a vibrant, fire-engine red, now a dull, rusty orange, as a small, bed of wild, ocean anem, a lone, old, metal, oil can, half-buried in the sand, emits a faint, soft, ethereal g"
steer_alpha_0p77_c8_tok100_seed02_a_plastic_folder_in_the_drawer.json,steer_alpha_0p77,experiments/frontier_sweep_mundane_hub_ablation_smoke/steer_alpha_0p77_c8_tok100_seed02_a_plastic_folder_in_the_drawer.json,2,2,0,0.08902857899916722,0.0,0.22957076167076168,0.0,0.0,0.0,0.0,0.6376965601965603,0.19999999999999998,0.9100000000000001,0.0,0.6666666666666666,5.714285714285714,faded photograph; miniature,0.6666666666666666,5.714285714285714,faded photograph; miniature,0.0,0.0,,0.4,miniature,0.5,0.5,plastic; folder; the; drawer; photograph; old; abandoned; pier; juts; out; crack; telescope,the; photograph,0.16666666666666666,0.4,0.0,0,0,"The faded photograph, now slightly ajar, creaks open, revealing a sliver of sea, where a lone, worn, hand-carved wooden seabird perches, its beak grasping a small, silver locket, adorned with a miniature, inlaid mother-of-pearl, depicting a mermaid, its scales"
steer_alpha_0p77_c8_tok100_seed02_a_plastic_folder_in_the_drawer.json,steer_alpha_0p77,experiments/frontier_sweep_mundane_hub_ablation_smoke/steer_alpha_0p77_c8_tok100_seed02_a_plastic_folder_in_the_drawer.json,2,3,0,0.5556379235230429,0.0,0.2027631233641899,0.0,0.0,0.0,0.0,0.63761988479305,0.05999999999999997,0.9730000000000001,0.0,0.6666666666666666,5.405405405405405,antique; mist,0.3333333333333333,2.7027027027027026,antique,0.3333333333333333,2.7027027027027026,mist,0.375,antique,0.75,0.25,plastic; folder; the; drawer; photograph; old; abandoned; pier; juts; out; crack; telescope,the; drawer; old,0.2857142857142857,0.4,0.0,0,0,"The torn, water-stained map crumples and folds, releasing the paper, which drifts away, carried by a thin, wispy tendril of mist, as the drawer creaks open, revealing a small, dusty, old, wooden cabinet, its doors ajar, where a single, dusty, antique, brass la"
steer_alpha_0p77_c8_tok100_seed02_a_plastic_folder_in_the_drawer.json,steer_alpha_0p77,experiments/frontier_sweep_mundane_hub_ablation_smoke/steer_alpha_0p77_c8_tok100_seed02_a_plastic_folder_in_the_drawer.json,2,4,0,-0.5050838555412764,0.0,0.19115138888888888,0.0,0.0,0.0,0.0,0.6371712962962963,0.0,1.0,0.0,0.6666666666666666,5.714285714285714,antique; faded photograph,0.6666666666666666,5.714285714285714,antique; faded photograph,0.0,0.0,,0.375,antique,1.0,0.0,plastic; folder; the; drawer; photograph; old; abandoned; pier; juts; out; crack; telescope,the; photograph; old; out; telescope,0.6,0.4,0.0,0,0,"The faded photograph, now slightly ajar, creaks, and the antique telescope, once a curious, new owner, carefully lifts it out, and, with trembling hands, the owner, an old, bespectaced woman, brings it to her ear, as if to listen, while the harmonica, suddenly"
steer_alpha_0p77_c8_tok100_seed02_a_plastic_folder_in_the_drawer.json,steer_alpha_0p77,experiments/frontier_sweep_mundane_hub_ablation_smoke/steer_alpha_0p77_c8_tok100_seed02_a_plastic_folder_in_the_drawer.json,2,5,0,0.6170827061234361,0.0,0.16395027328260633,0.0,0.0,0.0,0.0,0.45541742578501765,0.19999999999999998,0.9100000000000001,0.0,0.3333333333333333,2.857142857142857,faded photograph,0.3333333333333333,2.857142857142857,faded photograph,0.0,0.0,,0.0,,0.75,0.25,plastic; folder; the; drawer; photograph; old; abandoned; pier; juts; out; crack; telescope,the; photograph; old,0.2222222222222222,0.4,0.0,0,0,"The torn, water-stained map, now pinned to the inside of a dusty, old, worn, and cracked, but still operational, gramophone, its horn twisted at an impossible angle, plays a soft, melancholy melody, as the faded photograph, now covered in morning dew, slowly"
steer_alpha_0p77_c8_tok100_seed02_a_plastic_folder_in_the_drawer.json,steer_alpha_0p77,experiments/frontier_sweep_mundane_hub_ablation_smoke/steer_alpha_0p77_c8_tok100_seed02_a_plastic_folder_in_the_drawer.json,2,6,0,-0.9520857656530459,0.0,0.13672519247277215,0.0,0.0,0.0,0.0,0.429953435448969,0.05999999999999997,0.9730000000000001,0.0,0.3333333333333333,2.6315789473684212,ornate,0.3333333333333333,2.6315789473684212,ornate,0.0,0.0,,0.325,ornate,0.5,0.5,plastic; folder; the; drawer; photograph; old; abandoned; pier; juts; out; crack; telescope,the; drawer,0.0,0.4,0.0,0,0,"Beneath the drawer, a small, rusty drainpipe protrudes from the floor, its metal gleaming in the faint, dim light that filters through a small, grimy window, where a small, defaced, and worn, 19th-century, ornate, copper radio sits, its dials and knobs, now du"
steer_alpha_0p77_c8_tok100_seed02_a_plastic_folder_in_the_drawer.json,steer_alpha_0p77,experiments/frontier_sweep_mundane_hub_ablation_smoke/steer_alpha_0p77_c8_tok100_seed02_a_plastic_folder_in_the_drawer.json,2,7,0,-1.024421761830761,0.0,0.13576507531614185,0.0,0.0,0.0,0.0,0.4269341991073643,0.05999999999999997,0.9730000000000001,0.0,0.6666666666666666,5.405405405405405,miniature; ornate,0.6666666666666666,5.405405405405405,miniature; ornate,0.0,0.0,,0.7250000000000001,miniature; ornate,0.75,0.25,plastic; folder; the; drawer; photograph; old; abandoned; pier; juts; out; crack; telescope,the; old; crack,0.125,0.4,0.0,0,0,"A small, rusty, metal grate protrudes from the crack of a damp, stone wall, where a tattered, old sailor's coat hangs, its buttons and buttons, now dried, and a small, wooden, miniature, ornate, wooden box, adorned with intricate, filigework, emits a faint, et"
steer_alpha_0p77_c8_tok100_seed02_a_plastic_folder_in_the_drawer.json,steer_alpha_0p77,experiments/frontier_sweep_mundane_hub_ablation_smoke/steer_alpha_0p77_c8_tok100_seed02_a_plastic_folder_in_the_drawer.json,2,8,0,-0.16529254892351503,0.0013291382121212124,0.13015300000000002,0.012121212121212123,0.0,0.0,0.06060606060606061,0.40928616352201264,0.05999999999999997,0.9730000000000001,0.0,0.0,0.0,,0.0,0.0,,0.0,0.0,,0.0,,0.75,0.25,plastic; folder; the; drawer; photograph; old; abandoned; pier; juts; out; crack; telescope,the; old; pier,0.125,0.4,0.0,0,0,"A small, weathered wooden bench, worn smooth by time and sea spray, stands at the water's edge, its back to the pier, where a small, wild ivy has begun to twine its tendrils around the wooden slats, as a small, old, metal lantern, once polished to a soft sheen"
steer_alpha_0p77_c8_tok100_seed02_a_plastic_folder_in_the_drawer.json,steer_alpha_0p77,experiments/frontier_sweep_mundane_hub_ablation_smoke/steer_alpha_0p77_c8_tok100_seed02_a_plastic_folder_in_the_drawer.json,3,1,1,-0.3524235584143493,0.07394159783164102,0.14773546020307896,0.55,1.0,0.0,0.0,0.46457691887760677,0.05999999999999997,0.9730000000000001,0.0,0.0,0.0,,0.0,0.0,,0.0,0.0,,0.0,,0.5,0.5,plastic; folder; the; drawer; photograph; old; abandoned; pier; juts; out; crack; telescope,the; old,0.5,0.4,0.0,1,0,"The rusty, forgotten Ferris wheel slowly creaks and groans as it lurches, its seats, once a vibrant, fire-engine red, now a dull, rusty, faded, canvas of seaweed and barnacles clings to its iron latticework, as a small, bed of wild, ocean anem, a lone, old, me"
steer_alpha_0p77_c8_tok100_seed02_a_plastic_folder_in_the_drawer.json,steer_alpha_0p77,experiments/frontier_sweep_mundane_hub_ablation_smoke/steer_alpha_0p77_c8_tok100_seed02_a_plastic_folder_in_the_drawer.json,3,2,0,0.08658177653908111,0.0921858635250918,0.18885708276587307,0.55,1.0,0.0,0.0,0.5246030076829808,0.19999999999999998,0.9100000000000001,0.0,0.0,0.0,,0.0,0.0,,0.0,0.0,,0.0,,0.5,0.5,plastic; folder; the; drawer; photograph; old; abandoned; pier; juts; out; crack; telescope,the; old,0.375,0.4,0.0,2,0,"A gentle, old, forgotten, metal, oil can, half-buried in the sand, next to a small, bed of wild, ocean anem, a lone, old, metal, harmonica, once a vibrant, fire-engine red, now a dull, rusty, forgotten Ferris wheel, once a vibrant, fire-engine red, now a dull"
steer_alpha_0p77_c8_tok100_seed02_a_plastic_folder_in_the_drawer.json,steer_alpha_0p77,experiments/frontier_sweep_mundane_hub_ablation_smoke/steer_alpha_0p77_c8_tok100_seed02_a_plastic_folder_in_the_drawer.json,3,3,0,0.8021394261191026,0.07623188125336587,0.15617286812469322,0.55,1.0,0.0,0.0,0.4338135225685923,0.19999999999999998,0.9100000000000001,0.0,0.0,0.0,,0.0,0.0,,0.0,0.0,,0.0,,0.75,0.25,plastic; folder; the; drawer; photograph; old; abandoned; pier; juts; out; crack; telescope,the; old; abandoned,0.375,0.4,0.0,1,0,"Beyond the Ferris wheel, a tangle of overgrown, iron and wooden, old, rickety, abandoned, Ferris ride, its seats, now a tangle of seaweed and barnacles, as a small, bed of wild, ocean anem, a lone, old, metal, oil can, half-buried in the sand, emits a faint, s"
steer_alpha_0p77_c8_tok100_seed02_a_plastic_folder_in_the_drawer.json,steer_alpha_0p77,experiments/frontier_sweep_mundane_hub_ablation_smoke/steer_alpha_0p77_c8_tok100_seed02_a_plastic_folder_in_the_drawer.json,3,4,0,0.782936935228248,0.0,0.2398550149885382,0.0,0.0,0.0,0.0,0.6662639305237172,0.19999999999999998,0.9100000000000001,0.0,0.6666666666666666,5.0,crystal; delicate,0.3333333333333333,2.5,crystal,0.3333333333333333,2.5,delicate,0.35,crystal,0.5,0.5,plastic; folder; the; drawer; photograph; old; abandoned; pier; juts; out; crack; telescope,the; old,0.1111111111111111,0.4,0.0,0,0,"The oil can, now free from the sand, slowly rises into the air, its lid opening, and a tiny, wispy, sea anem, tendrils of it, like delicate, almost-translucent, crystal, unfurls, and a small, tattered, and worn, old, wooden, sail, once a part of a ship, now, a"
steer_alpha_0p77_c8_tok100_seed02_a_plastic_folder_in_the_drawer.json,steer_alpha_0p77,experiments/frontier_sweep_mundane_hub_ablation_smoke/steer_alpha_0p77_c8_tok100_seed02_a_plastic_folder_in_the_drawer.json,3,5,0,-1.9465866854164067,0.0,0.45007463984244167,0.0,0.0,0.0,0.0,0.9001492796848833,0.0,1.0,0.0,0.0,0.0,,0.0,0.0,,0.0,0.0,,0.0,,0.5,0.5,plastic; folder; the; drawer; photograph; old; abandoned; pier; juts; out; crack; telescope,the; old,0.2,0.0,0.0,0,0,"Beyond the Ferris wheel, a weathered, old, wooden, worn, and faded, wooden, sign creaks, listing, ""Welcome to Ravenscrag, population 237""."
steer_alpha_0p77_c8_tok100_seed02_a_plastic_folder_in_the_drawer.json,steer_alpha_0p77,experiments/frontier_sweep_mundane_hub_ablation_smoke/steer_alpha_0p77_c8_tok100_seed02_a_plastic_folder_in_the_drawer.json,3,6,0,1.1675994478597769,0.0,0.21095147597782934,0.0,0.0,0.0,0.0,0.5859763221606371,0.19999999999999998,0.9100000000000001,0.0,0.0,0.0,,0.0,0.0,,0.0,0.0,,0.0,,0.5,0.5,plastic; folder; the; drawer; photograph; old; abandoned; pier; juts; out; crack; telescope,the; old,0.4444444444444444,0.4,0.0,0,0,"A weathered, old, wooden, boat, half-buried in the sand, its hull covered in barnacles, a small, old, metal, oil can, with a tiny, rusty, forgotten, harmonica, lies beside it, as a small, bed of wild, ocean anem, a lone, old, metal, oil can, emits a faint, sof"
steer_alpha_0p77_c8_tok100_seed02_a_plastic_folder_in_the_drawer.json,steer_alpha_0p77,experiments/frontier_sweep_mundane_hub_ablation_smoke/steer_alpha_0p77_c8_tok100_seed02_a_plastic_folder_in_the_drawer.json,3,7,0,-1.0216634428636304,0.0,0.16236499484713157,0.0,0.0,0.0,0.0,0.5412166494904386,0.0,1.0,0.0,0.0,0.0,,0.0,0.0,,0.0,0.0,,0.0,,0.5,0.5,plastic; folder; the; drawer; photograph; old; abandoned; pier; juts; out; crack; telescope,the; old,0.2,0.4,0.0,0,0,"A small, old, wooden, wooden leg, worn and weathered, rises from the sand, its worn, rusty, iron foot, pointing towards the Ferris wheel, where a small, tattered, red, and white, silk, and a small, old, glass, filled with a tiny, green, and a small, old, metal"
steer_alpha_0p77_c8_tok100_seed02_a_plastic_folder_in_the_drawer.json,steer_alpha_0p77,experiments/frontier_sweep_mundane_hub_ablation_smoke/steer_alpha_0p77_c8_tok100_seed02_a_plastic_folder_in_the_drawer.json,3,8,0,-0.5910433915862896,0.0013653505841121538,0.0027582840083073814,0.55,1.0,0.0,0.0,0.034695396330910455,0.05999999999999997,0.9730000000000001,0.0,0.6666666666666666,5.555555555555555,delicate; ornate,0.3333333333333333,2.7777777777777777,ornate,0.3333333333333333,2.7777777777777777,delicate,0.325,ornate,0.5,0.5,plastic; folder; the; drawer; photograph; old; abandoned; pier; juts; out; crack; telescope,the; old,0.4444444444444444,0.85,0.0,1,0,"A delicate, filigework of ivy creeps up the rusty, forgotten Ferris wheel, as a small, worn, wooden, and ornate, old, wooden bench, once a vibrant, fire-engine red, now a dull, rusty, orange, beside it, a small, tattered, and worn, old, faded, and faded, and p"
steer_alpha_0p82_c8_tok100_seed02_a_plastic_folder_in_the_drawer.json,steer_alpha_0p82,experiments/frontier_sweep_mundane_hub_ablation_smoke/steer_alpha_0p82_c8_tok100_seed02_a_plastic_folder_in_the_drawer.json,1,1,1,-0.06856531099169005,0.0,0.5,0.0,0.0,0.0,0.0,1.0,0.0,0.7484856321839081,0.0,0.3333333333333333,10.0,antique,0.3333333333333333,10.0,antique,0.0,0.0,,0.375,antique,0.75,0.25,plastic; folder; the; drawer,plastic; folder; the,0.1,0.0,0.0,0,0,"A small, antique wooden box, slightly ajar, beside the plastic folder."
steer_alpha_0p82_c8_tok100_seed02_a_plastic_folder_in_the_drawer.json,steer_alpha_0p82,experiments/frontier_sweep_mundane_hub_ablation_smoke/steer_alpha_0p82_c8_tok100_seed02_a_plastic_folder_in_the_drawer.json,1,2,0,0.2096628698473466,0.0,0.3777103065379788,0.0,0.0,0.0,0.0,0.7126609557320355,0.05999999999999997,0.8098175287356322,0.0,0.3333333333333333,5.2631578947368425,antique,0.3333333333333333,5.2631578947368425,antique,0.0,0.0,,0.375,antique,0.5,0.5,plastic; folder; the; drawer,the; drawer,0.2,0.0,0.0,0,0,"A faded, antique metal file, half-eman from the drawer, its metal surface etched with a single, curved, verdant fern."
steer_alpha_0p82_c8_tok100_seed02_a_plastic_folder_in_the_drawer.json,steer_alpha_0p82,experiments/frontier_sweep_mundane_hub_ablation_smoke/steer_alpha_0p82_c8_tok100_seed02_a_plastic_folder_in_the_drawer.json,1,3,0,-1.362716461533067,0.004900186888500954,0.4384064012202819,0.012788638893696597,0.0,0.0,0.06394319446848298,0.7306773353671365,0.19999999999999998,0.9100000000000001,0.0,0.3333333333333333,3.125,antique,0.3333333333333333,3.125,antique,0.0,0.0,,0.375,antique,1.0,0.0,plastic; folder; the; drawer,plastic; folder; the; drawer,0.3,0.0,0.0,0,0,"A small, antique wooden box, slightly ajar, beside the plastic folder, its lid covered in a thin layer of dust, a small, tarned, silver frame containing a faded, eight-by-ten photograph of a woman, her eyes seeming to watch the drawer."
steer_alpha_0p82_c8_tok100_seed02_a_plastic_folder_in_the_drawer.json,steer_alpha_0p82,experiments/frontier_sweep_mundane_hub_ablation_smoke/steer_alpha_0p82_c8_tok100_seed02_a_plastic_folder_in_the_drawer.json,1,4,0,-1.2288140794408349,0.004466630801239599,0.4216213284922962,0.012121212121212123,0.0,0.0,0.06060606060606061,0.702702214153827,0.19999999999999998,0.9100000000000001,0.0,0.3333333333333333,3.225806451612903,miniature,0.3333333333333333,3.225806451612903,miniature,0.0,0.0,,0.4,miniature,1.0,0.0,plastic; folder; the; drawer,plastic; folder; the; drawer,0.3,0.0,0.0,0,0,"A small, rusty metal harmonica, dusty and forgotten, sits beside the plastic folder, a small, neglected garden sprawls on the drawer's lid, with a tiny, wilted flower and a miniature, moss-covered, miniature, wooden bench."
steer_alpha_0p82_c8_tok100_seed02_a_plastic_folder_in_the_drawer.json,steer_alpha_0p82,experiments/frontier_sweep_mundane_hub_ablation_smoke/steer_alpha_0p82_c8_tok100_seed02_a_plastic_folder_in_the_drawer.json,1,5,0,-1.1345431934156798,0.0,0.4229206009153601,0.0,0.0,0.0,0.0,0.7048676681922669,0.19999999999999998,0.9100000000000001,0.0,0.0,0.0,,0.0,0.0,,0.0,0.0,,0.0,,1.0,0.0,plastic; folder; the; drawer,plastic; folder; the; drawer,0.4,0.0,0.0,0,0,"A small, metal pen lies on top of the plastic folder, partially hidden by a stack of yellowed, worn newspaper, its creases and creases deepening into a gentle, curved smile, where a faded, hand-written poem reads, ""for a silent, still, and sleeping drawer""."
steer_alpha_0p82_c8_tok100_seed02_a_plastic_folder_in_the_drawer.json,steer_alpha_0p82,experiments/frontier_sweep_mundane_hub_ablation_smoke/steer_alpha_0p82_c8_tok100_seed02_a_plastic_folder_in_the_drawer.json,1,6,0,-0.29304919828742504,0.0,0.42845547776726584,0.0,0.0,0.0,0.0,0.714092462945443,0.19999999999999998,0.9100000000000001,0.0,1.0,8.16326530612245,antique; delicate; miniature; moonlit,0.6666666666666666,4.081632653061225,antique; miniature,0.6666666666666666,4.081632653061225,delicate; moonlit,0.775,antique; miniature,1.0,0.0,plastic; folder; the; drawer,plastic; folder; the; drawer,0.45,0.0,0.0,0,0,"A dusty, antique wooden flute, tucked between two yellowed, faded photographs, slowly opens and releases a soft, forgotten melody that seems to harmonize with the creaks and groans of the old drawer, as if in sympathy with the plastic folder, now holding a miniature, delicate, hand-painted, ceramic owl, its glassy eyes gleaming with a faint, moonlit sheen."
steer_alpha_0p82_c8_tok100_seed02_a_plastic_folder_in_the_drawer.json,steer_alpha_0p82,experiments/frontier_sweep_mundane_hub_ablation_smoke/steer_alpha_0p82_c8_tok100_seed02_a_plastic_folder_in_the_drawer.json,1,7,0,-2.4862637362637363,0.0,0.3582692307692308,0.0,0.0,0.0,0.0,0.7165384615384616,0.0,1.0,0.0,0.0,0.0,,0.0,0.0,,0.0,0.0,,0.0,,0.0,1.0,plastic; folder; the; drawer,,0.0,0.0,0.0,0,0,"A small, intricately carved wooden box, slightly ajar, with a small, shimmering opal that reflects a sliver of morning light."
steer_alpha_0p82_c8_tok100_seed02_a_plastic_folder_in_the_drawer.json,steer_alpha_0p82,experiments/frontier_sweep_mundane_hub_ablation_smoke/steer_alpha_0p82_c8_tok100_seed02_a_plastic_folder_in_the_drawer.json,1,8,0,0.9745926346561509,0.0,0.4221495112045159,0.0,0.0,0.0,0.0,0.7035825186741932,0.19999999999999998,0.9100000000000001,0.0,1.0,6.976744186046512,antique; melancholic; ornate,0.6666666666666666,4.651162790697675,antique; ornate,0.3333333333333333,2.3255813953488373,melancholic,0.7,antique; ornate,0.5,0.5,plastic; folder; the; drawer,the; drawer,0.45,0.0,0.0,0,0,"A faded, old, wooden picture slides out, revealing a small, metal harmonica, which slowly begins to play a gentle, melancholic tune, as the drawer's contents spill out, scattering a handful of dusty, antique navigemaps, a tarnished, golden locket, and a faded, 19, a small, wooden, ornate box with intricate, Victorian-style lid."
steer_alpha_0p82_c8_tok100_seed02_a_plastic_folder_in_the_drawer.json,steer_alpha_0p82,experiments/frontier_sweep_mundane_hub_ablation_smoke/steer_alpha_0p82_c8_tok100_seed02_a_plastic_folder_in_the_drawer.json,2,1,1,0.028577623897040327,0.17445196944991925,0.3604379534089241,0.55,1.0,0.0,0.0,0.6800716102055171,0.05999999999999997,0.9730000000000001,0.0,1.0,6.122448979591836,antique; delicate; miniature,0.6666666666666666,4.081632653061225,antique; miniature,0.3333333333333333,2.0408163265306123,delicate,0.775,antique; miniature,1.0,0.0,plastic; folder; the; drawer; wooden; box; slightly; ajar,plastic; folder; the; drawer; box,0.3333333333333333,0.0,0.0,1,0,"The antique box, once a home for a nest of forgotten feathers, slowly begins to swallow the plastic folder, its worn, gold filigework melting like a molting snail, as the drawer, now empty, crumbles into a tiny, forgotten garden, where a delicate, copper teapot, once a treant, now a tiny, moss-covered statuette, slowly unfurls a miniature, hand-painted, gargo."
steer_alpha_0p82_c8_tok100_seed02_a_plastic_folder_in_the_drawer.json,steer_alpha_0p82,experiments/frontier_sweep_mundane_hub_ablation_smoke/steer_alpha_0p82_c8_tok100_seed02_a_plastic_folder_in_the_drawer.json,2,2,0,0.05987814321181145,0.07652793155997596,0.15290296015979213,0.55,1.0,0.0,0.0,0.42473044488831146,0.19999999999999998,0.9100000000000001,0.0,1.0,10.256410256410257,antique; delicate; lullaby; miniature,1.0,7.6923076923076925,antique; lullaby; miniature,0.3333333333333333,2.5641025641025643,delicate,1.0,antique; lullaby; miniature,1.0,0.0,plastic; folder; the; drawer; wooden; box; slightly; ajar,plastic; folder; the; wooden; box,0.5,0.4,0.0,2,0,"The plastic folder, now a bird, perches on the edge of the wooden box, its beak twisted into a beak-like mouth, as if to sing a lullaby, the antique box, once a nest, now a small, delicate birdhouse, a tiny door creaks open, revealing a miniature, old, linen-s"
steer_alpha_0p82_c8_tok100_seed02_a_plastic_folder_in_the_drawer.json,steer_alpha_0p82,experiments/frontier_sweep_mundane_hub_ablation_smoke/steer_alpha_0p82_c8_tok100_seed02_a_plastic_folder_in_the_drawer.json,2,3,0,-0.12657951449901872,0.013072458511142719,0.43096017069701276,0.03333333333333333,0.0,0.0,0.16666666666666666,0.7182669511616879,0.19999999999999998,0.9100000000000001,0.0,0.3333333333333333,5.2631578947368425,antique,0.3333333333333333,5.2631578947368425,antique,0.0,0.0,,0.375,antique,1.0,0.0,plastic; folder; the; drawer; wooden; box; slightly; ajar,plastic; folder; the; wooden; box,0.5,0.0,0.0,0,0,"A faint, golden light seeps through a crack at the base of the antique wooden box, casting a narrow, indigo shadow on the plastic folder."
steer_alpha_0p82_c8_tok100_seed02_a_plastic_folder_in_the_drawer.json,steer_alpha_0p82,experiments/frontier_sweep_mundane_hub_ablation_smoke/steer_alpha_0p82_c8_tok100_seed02_a_plastic_folder_in_the_drawer.json,2,4,0,1.0528082587873857,0.006892232258064517,0.44127096774193547,0.01904761904761905,0.0,0.0,0.09523809523809523,0.7354516129032258,0.19999999999999998,0.9100000000000001,0.0,0.3333333333333333,3.5714285714285716,mournful,0.0,0.0,,0.3333333333333333,3.5714285714285716,mournful,0.0,,1.0,0.0,plastic; folder; the; drawer; wooden; box; slightly; ajar,plastic; folder; the; wooden; box,0.0,0.0,0.0,0,0,"A faint, flickering flame casts eerie shadows on the walls as the plastic folder, now empty and forgotten, leans against the wooden box, which slowly creaks and emits a low, mournful sigh."
steer_alpha_0p82_c8_tok100_seed02_a_plastic_folder_in_the_drawer.json,steer_alpha_0p82,experiments/frontier_sweep_mundane_hub_ablation_smoke/steer_alpha_0p82_c8_tok100_seed02_a_plastic_folder_in_the_drawer.json,2,5,0,-0.09198014633633123,0.0,0.42614812942366026,0.0,0.0,0.0,0.0,0.7102468823727671,0.19999999999999998,0.9100000000000001,0.0,0.6666666666666666,4.3478260869565215,antique; delicate,0.3333333333333333,2.1739130434782608,antique,0.3333333333333333,2.1739130434782608,delicate,0.375,antique,1.0,0.0,plastic; folder; the; drawer; wooden; box; slightly; ajar,plastic; folder; the; drawer; wooden; box; slightly,1.0,0.0,0.0,0,0,"The plastic folder, once a pristine white, now stained with coffee, its flaps slightly askew, as if it had been open for years, its contents spilling onto the drawer, where the antique wooden box, once a neat, dark stain, now has a small, delicate, antique music, made of twisted, twisted vines, begins to unfurl."
steer_alpha_0p82_c8_tok100_seed02_a_plastic_folder_in_the_drawer.json,steer_alpha_0p82,experiments/frontier_sweep_mundane_hub_ablation_smoke/steer_alpha_0p82_c8_tok100_seed02_a_plastic_folder_in_the_drawer.json,2,6,0,-1.1198372416209963,0.0,0.21381522935779818,0.0,0.0,0.0,0.0,0.5939311926605505,0.19999999999999998,0.9100000000000001,0.0,0.3333333333333333,2.857142857142857,antique,0.3333333333333333,2.857142857142857,antique,0.0,0.0,,0.375,antique,1.0,0.0,plastic; folder; the; drawer; wooden; box; slightly; ajar,plastic; folder; the; wooden; box; slightly; ajar,0.16666666666666666,0.4,0.0,0,0,"A faint, old photograph, partially exposed, behind the slightly ajar, antique wooden box, beside the plastic folder, in the old, worn, and dusty dresser, where a faded, silvered mirror hangs askew, opposite the dresser, in a small, cluttered, and cluttering st"
steer_alpha_0p82_c8_tok100_seed02_a_plastic_folder_in_the_drawer.json,steer_alpha_0p82,experiments/frontier_sweep_mundane_hub_ablation_smoke/steer_alpha_0p82_c8_tok100_seed02_a_plastic_folder_in_the_drawer.json,2,7,0,-0.776533433886375,0.0,0.18856968325791854,0.0,0.0,0.0,0.0,0.5929864253393665,0.05999999999999997,0.9730000000000001,0.0,1.0,11.764705882352942,antique; delicate; miniature; porcelain,1.0,8.823529411764707,antique; miniature; porcelain,0.3333333333333333,2.9411764705882355,delicate,1.0,antique; miniature; porcelain,1.0,0.0,plastic; folder; the; drawer; wooden; box; slightly; ajar,plastic; the; wooden; box,0.2,0.4,0.0,0,0,"The small, antique wooden box creaks open, revealing a miniature, dusty, porcelain figurine, and a faded, old, yellowed photograph, with a small, plastic, metal Eiffet, and a delicate, antique, silver, golden, wooden, tiny, wooden puppet, beside the photograph"
steer_alpha_0p82_c8_tok100_seed02_a_plastic_folder_in_the_drawer.json,steer_alpha_0p82,experiments/frontier_sweep_mundane_hub_ablation_smoke/steer_alpha_0p82_c8_tok100_seed02_a_plastic_folder_in_the_drawer.json,2,8,0,-0.8519706977357735,0.0,0.11948833649534324,0.0,0.0,0.0,0.0,0.39829445498447746,0.0,1.0,0.0,1.0,12.5,antique; delicate; miniature; porcelain,1.0,9.375,antique; miniature; porcelain,0.3333333333333333,3.125,delicate,1.0,antique; miniature; porcelain,0.75,0.25,plastic; folder; the; drawer; wooden; box; slightly; ajar,the; wooden; box,1.0,0.4,0.0,0,0,"The antique wooden box creaks, as if it exhales, releasing a delicate, antique music, its lid slowly opening to reveal a miniature, Victorian-style, porcelain-free, mechanical, mechanical bird, its gears and feathers, a tiny, Victorian gentleman, reading a min"
steer_alpha_0p82_c8_tok100_seed02_a_plastic_folder_in_the_drawer.json,steer_alpha_0p82,experiments/frontier_sweep_mundane_hub_ablation_smoke/steer_alpha_0p82_c8_tok100_seed02_a_plastic_folder_in_the_drawer.json,3,1,1,0.7503220838837208,0.2572589498327759,0.5315267558528428,0.55,1.0,0.0,0.0,0.8858779264214047,0.19999999999999998,0.9100000000000001,0.0,0.6666666666666666,7.142857142857143,delicate; miniature,0.3333333333333333,3.5714285714285716,miniature,0.3333333333333333,3.5714285714285716,delicate,0.4,miniature,0.25,0.75,plastic; folder; the; drawer; wooden; box; slightly; ajar; once; home; for; nest,once,0.3333333333333333,0.0,0.0,1,0,"A delicate, copper teapot, once a treant, now a tiny, moss-covered statu in a forgotten, stone, where a small, forgotten, glass, filled with dew, contains a small, folded, paper, with a miniature, hand-painted, gargo."
steer_alpha_0p82_c8_tok100_seed02_a_plastic_folder_in_the_drawer.json,steer_alpha_0p82,experiments/frontier_sweep_mundane_hub_ablation_smoke/steer_alpha_0p82_c8_tok100_seed02_a_plastic_folder_in_the_drawer.json,3,2,0,0.6898675337727072,0.15166723676222332,0.32606592670011153,0.55,1.0,0.0,0.0,0.7952827480490524,0.0,0.9454583333333334,0.0,0.6666666666666666,7.6923076923076925,miniature; mist,0.3333333333333333,3.8461538461538463,miniature,0.3333333333333333,3.8461538461538463,mist,0.4,miniature,0.25,0.75,plastic; folder; the; drawer; wooden; box; slightly; ajar; once; home; for; nest,the,0.14285714285714285,0.18,0.0,1,0,"A faint, morning mist, like a damp, blue and gray silk, settles over the forgotten garden, where the copper teapot, now a tiny, moss-covered, miniature, hand-paint"
steer_alpha_0p82_c8_tok100_seed02_a_plastic_folder_in_the_drawer.json,steer_alpha_0p82,experiments/frontier_sweep_mundane_hub_ablation_smoke/steer_alpha_0p82_c8_tok100_seed02_a_plastic_folder_in_the_drawer.json,3,3,0,0.4219219159894998,0.2311107169985719,0.44702266344017777,0.55,1.0,0.0,0.0,0.8434389876229769,0.05999999999999997,0.9730000000000001,0.0,0.6666666666666666,4.166666666666667,antique; delicate,0.3333333333333333,2.0833333333333335,antique,0.3333333333333333,2.0833333333333335,delicate,0.375,antique,1.0,0.0,plastic; folder; the; drawer; wooden; box; slightly; ajar; once; home; for; nest,plastic; folder; the; box; once,0.6666666666666666,0.0,0.0,3,0,"As the plastic folder, now a moldering, slimy, green, and slimy, the antique box, now a gaping, tooth-like maw, slowly devours the plastic folder, its worn, gold filigework, now a tangle of twisted, serpentine vines, as the copper teapot, once a tiny, moss-covered, ceramic creature, slowly rises, its delicate, hand-paint..."
steer_alpha_0p82_c8_tok100_seed02_a_plastic_folder_in_the_drawer.json,steer_alpha_0p82,experiments/frontier_sweep_mundane_hub_ablation_smoke/steer_alpha_0p82_c8_tok100_seed02_a_plastic_folder_in_the_drawer.json,3,4,0,-0.3332643411172817,0.07792695077220078,0.17278703053703057,0.55,1.0,0.0,0.0,0.5759567684567686,0.0,1.0,0.0,1.0,15.151515151515152,delicate; iridescent; miniature; mist; porcelain,0.6666666666666666,6.0606060606060606,miniature; porcelain,1.0,9.090909090909092,delicate; iridescent; mist,0.9,miniature; porcelain,0.75,0.25,plastic; folder; the; drawer; wooden; box; slightly; ajar; once; home; for; nest,plastic; folder; the,0.0,0.4,0.0,2,0,"The plastic folder, now a small, delicate, iridescent mist, as the copper teapot, now a tiny, delicate, porcelain-free, ceramic, begins to slowly, and delicately, unfurls a miniature, hand-paint, a faded, and faded, 19th-century, watercolor, depicting a miniat"
steer_alpha_0p82_c8_tok100_seed02_a_plastic_folder_in_the_drawer.json,steer_alpha_0p82,experiments/frontier_sweep_mundane_hub_ablation_smoke/steer_alpha_0p82_c8_tok100_seed02_a_plastic_folder_in_the_drawer.json,3,5,0,-0.7439574176927117,0.07033628333333333,0.1360469696969697,0.55,1.0,0.0,0.0,0.453489898989899,0.0,1.0,0.0,1.0,9.090909090909092,antique; delicate; iridescent,0.3333333333333333,3.0303030303030303,antique,0.6666666666666666,6.0606060606060606,delicate; iridescent,0.375,antique,1.0,0.0,plastic; folder; the; drawer; wooden; box; slightly; ajar; once; home; for; nest,plastic; folder; the; box,0.6666666666666666,0.4,0.0,1,0,"The plastic folder, now a maw, slowly devours the antique box, its gold filigework dissolving like a flower, releasing a tiny, forgotten, iridescent bird, which, as it takes flight, shatters the copper teapot, and a delicate, hand-paint"
steer_alpha_0p82_c8_tok100_seed02_a_plastic_folder_in_the_drawer.json,steer_alpha_0p82,experiments/frontier_sweep_mundane_hub_ablation_smoke/steer_alpha_0p82_c8_tok100_seed02_a_plastic_folder_in_the_drawer.json,3,6,0,-0.8083448590030322,0.054917194444444435,0.11346527777777776,0.55,1.0,0.0,0.0,0.3782175925925926,0.0,1.0,0.0,1.0,8.333333333333334,crystal; delicate; iridescent,0.3333333333333333,2.7777777777777777,crystal,0.6666666666666666,5.555555555555555,delicate; iridescent,0.35,crystal,1.0,0.0,plastic; folder; the; drawer; wooden; box; slightly; ajar; once; home; for; nest,plastic; folder; the; wooden,0.3333333333333333,0.4,0.0,3,0,"A small, delicate, crystal, now a tiny, iridescent, mermaid, slowly rises from the moss and copper teapot, its scales shimmering, as the plastic folder, now a tiny, delicate, wooden puppet, begins to recast, its limbs and a tiny, forgotten, crystal, now a deli"
steer_alpha_0p82_c8_tok100_seed02_a_plastic_folder_in_the_drawer.json,steer_alpha_0p82,experiments/frontier_sweep_mundane_hub_ablation_smoke/steer_alpha_0p82_c8_tok100_seed02_a_plastic_folder_in_the_drawer.json,3,7,0,-0.8982651936708912,0.05713342789941088,0.12668165831354963,0.55,1.0,0.0,0.0,0.42227219437849883,0.0,1.0,0.0,0.6666666666666666,5.882352941176471,delicate; miniature,0.3333333333333333,2.9411764705882355,miniature,0.3333333333333333,2.9411764705882355,delicate,0.4,miniature,0.5,0.5,plastic; folder; the; drawer; wooden; box; slightly; ajar; once; home; for; nest,the; once,0.0,0.4,0.0,1,0,"A tiny, gargo, once a delicate, hand-paintied, copper teapot, slowly unfurls a miniature, hand-paintied, gargo, as the ancient, moss-covered, copper teapot, now a miniature, moss-covered, moss-covered, copper tea kettle, slowly begins to melt, its delicate, ha"
steer_alpha_0p82_c8_tok100_seed02_a_plastic_folder_in_the_drawer.json,steer_alpha_0p82,experiments/frontier_sweep_mundane_hub_ablation_smoke/steer_alpha_0p82_c8_tok100_seed02_a_plastic_folder_in_the_drawer.json,3,8,0,-0.08484151443506777,0.0,0.19051464166615015,0.0,0.0,0.0,0.0,0.5991026467488998,0.05999999999999997,0.9730000000000001,0.0,1.0,11.428571428571429,crystal; iridescent; miniature; ornate,1.0,8.571428571428571,crystal; miniature; ornate,0.3333333333333333,2.857142857142857,iridescent,1.0,crystal; miniature; ornate,0.25,0.75,plastic; folder; the; drawer; wooden; box; slightly; ajar; once; home; for; nest,the,0.25,0.4,0.0,0,0,"The copper teapot, now free, drops into a small, cracked, and overgrown, stone, where a tiny, iridescent, glass, filled with a miniature, crystal, reflecting a miniature, ornate, and forgotten, metal, with a small, paper, unfolding, a tiny, hand-pedal, and, be"
selector_alpha_0_c8_tok100_seed03_the_bus_was_ten_minutes_late.json,selector_alpha_0,experiments/frontier_sweep_mundane_hub_ablation_smoke/selector_alpha_0_c8_tok100_seed03_the_bus_was_ten_minutes_late.json,1,1,1,-0.6378687718184708,0.019443783658972057,0.4047393264509866,0.056121802482994025,0.0,0.0,0.2806090124149701,0.6745655440849777,0.19999999999999998,0.9100000000000001,0.0,0.0,0.0,,0.0,0.0,,0.0,0.0,,0.0,,0.5,0.5,the; bus; was; ten; minutes; late,the; bus,0.2,0.0,0.0,0,0,"The bus driver's hands moved with a newfound sense of urgency as he gripped the worn steering wheel, his eyes darting between the rearview mirror and the crowded sidewalk ahead, where a small, vintage suitcase stood out among the sea of commuters rushing to catch the bus, the faded label on its worn exterior reading ""Paris, 1935""."
selector_alpha_0_c8_tok100_seed03_the_bus_was_ten_minutes_late.json,selector_alpha_0,experiments/frontier_sweep_mundane_hub_ablation_smoke/selector_alpha_0_c8_tok100_seed03_the_bus_was_ten_minutes_late.json,1,2,0,-1.5205089585666296,0.010770051171167453,0.19680121533495817,0.06530493056757483,0.0,0.0,0.32652465283787413,0.6560040511165273,0.19999999999999998,0.9100000000000001,0.5,0.0,0.0,,0.0,0.0,,0.0,0.0,,0.0,,0.5,0.5,the; bus; was; ten; minutes; late,the; bus,0.1,0.0,0.0,0,0,"The driver's exhausted eyes met the rearview mirror, a faint scratch on the glass a reminder of the previous night's road rage incident. The bus creaked to a stop, and a passenger handed the driver a crumpled twenty-dollar bill."
selector_alpha_0_c8_tok100_seed03_the_bus_was_ten_minutes_late.json,selector_alpha_0,experiments/frontier_sweep_mundane_hub_ablation_smoke/selector_alpha_0_c8_tok100_seed03_the_bus_was_ten_minutes_late.json,1,3,0,-1.1489389791844882,0.00801858734974475,0.37411017964071863,0.025577277787393195,0.0,0.0,0.12788638893696597,0.705868263473054,0.05999999999999997,0.9730000000000001,0.0,0.0,0.0,,0.0,0.0,,0.0,0.0,,0.0,,0.25,0.75,the; bus; was; ten; minutes; late,the,0.1,0.0,0.0,0,0,"The driver, a woman with a worn denim jacket, sipped coffee from a chipped ceramic mug, her eyes fixed on the rearview mirror as the rearview camera displayed a blurred image of a construction zone ahead."
selector_alpha_0_c8_tok100_seed03_the_bus_was_ten_minutes_late.json,selector_alpha_0,experiments/frontier_sweep_mundane_hub_ablation_smoke/selector_alpha_0_c8_tok100_seed03_the_bus_was_ten_minutes_late.json,1,4,0,-1.6709477530893189,0.0,0.4443692212862132,0.0,0.0,0.0,0.0,0.7406153688103554,0.19999999999999998,0.9100000000000001,0.0,0.0,0.0,,0.0,0.0,,0.0,0.0,,0.0,,0.25,0.75,the; bus; was; ten; minutes; late,the,0.2,0.0,0.0,0,0,"Rainwater dripped slowly from the eaves of the abandoned amusement park, pooling on the rusty metal frame of a once-vibrant Ferris wheel, its seats now vacant except for a lone teddy bear."
selector_alpha_0_c8_tok100_seed03_the_bus_was_ten_minutes_late.json,selector_alpha_0,experiments/frontier_sweep_mundane_hub_ablation_smoke/selector_alpha_0_c8_tok100_seed03_the_bus_was_ten_minutes_late.json,1,5,0,-0.869790515282767,0.010787949154418903,0.39418563442232146,0.03197159723424149,0.0,0.0,0.15985798617120744,0.6569760573705358,0.19999999999999998,0.9100000000000001,0.0,0.0,0.0,,0.0,0.0,,0.0,0.0,,0.0,,0.5,0.5,the; bus; was; ten; minutes; late,the; bus,0.2,0.0,0.0,0,0,"The driver's eyes scanned the rearview mirror, a faint scent of stale coffee lingering in the air as he drummed his fingers on the steering wheel, the bus's arrival time now a distant memory."
selector_alpha_0_c8_tok100_seed03_the_bus_was_ten_minutes_late.json,selector_alpha_0,experiments/frontier_sweep_mundane_hub_ablation_smoke/selector_alpha_0_c8_tok100_seed03_the_bus_was_ten_minutes_late.json,1,6,0,-0.60340273237301,0.0,0.4325795991341157,0.0,0.0,0.0,0.0,0.7209659985568595,0.19999999999999998,0.9100000000000001,0.0,0.0,0.0,,0.0,0.0,,0.0,0.0,,0.0,,0.25,0.75,the; bus; was; ten; minutes; late,the,0.1,0.0,0.0,0,0,"The driver's worn sneakers were a deep shade of maroon as he slid the rear door open with a metallic creak, revealing the cramped and musty interior."
selector_alpha_0_c8_tok100_seed03_the_bus_was_ten_minutes_late.json,selector_alpha_0,experiments/frontier_sweep_mundane_hub_ablation_smoke/selector_alpha_0_c8_tok100_seed03_the_bus_was_ten_minutes_late.json,1,7,0,-3.3650708862433856,0.006296207818930041,0.1690509259259259,0.044444444444444446,0.0,0.0,0.2222222222222222,0.6762037037037036,0.0,0.9445416666666667,0.5,0.0,0.0,,0.0,0.0,,0.0,0.0,,0.0,,0.25,0.75,the; bus; was; ten; minutes; late,the,0.1,0.0,0.0,0,0,"As the driver finally pulled up to the curb, a drenched suitcase clutched in his hand, a faded suitcase tag caught the morning light."
selector_alpha_0_c8_tok100_seed03_the_bus_was_ten_minutes_late.json,selector_alpha_0,experiments/frontier_sweep_mundane_hub_ablation_smoke/selector_alpha_0_c8_tok100_seed03_the_bus_was_ten_minutes_late.json,1,8,0,-0.5482153032344551,0.0,0.40504751329236455,0.0,0.0,0.0,0.0,0.6750791888206076,0.19999999999999998,0.9100000000000001,0.0,0.0,0.0,,0.0,0.0,,0.0,0.0,,0.0,,0.75,0.25,the; bus; was; ten; minutes; late,the; bus; was,0.0,0.0,0.0,0,0,"It was just a typical Monday morning, and the bus was already delayed, but the driver's gruff announcement about the traffic jam only seemed to add to the monotony as the passengers sat in silence, their morning plans already spiraling out of control."
selector_alpha_0_c8_tok100_seed03_the_bus_was_ten_minutes_late.json,selector_alpha_0,experiments/frontier_sweep_mundane_hub_ablation_smoke/selector_alpha_0_c8_tok100_seed03_the_bus_was_ten_minutes_late.json,2,1,1,0.8526980335758465,0.08284682634228188,0.383106711409396,0.25,0.0,1.0,0.0,0.6385111856823267,0.19999999999999998,0.9100000000000001,0.0,0.3333333333333333,1.7857142857142858,antique,0.3333333333333333,1.7857142857142858,antique,0.0,0.0,,0.375,antique,0.75,0.25,the; bus; was; ten; minutes; late; driver's; hands; moved; newfound; sense; urgency,the; was; driver's,0.25,0.0,0.0,0,2,"As the driver's gaze locked onto the suitcase, the suitcase's owner, a young woman with a determined look on her face, was now standing a few feet away, her eyes fixed on a small, antique typewriter left on the kerb, its keys covered in a fine layer of dust, a faded sheet of paper attached to the machine with a small clip bearing the same faded label as the suitcase."
selector_alpha_0_c8_tok100_seed03_the_bus_was_ten_minutes_late.json,selector_alpha_0,experiments/frontier_sweep_mundane_hub_ablation_smoke/selector_alpha_0_c8_tok100_seed03_the_bus_was_ten_minutes_late.json,2,2,0,-0.06519033323351997,0.009342688141319075,0.4013988646690992,0.025577277787393195,0.0,0.0,0.12788638893696597,0.668998107781832,0.19999999999999998,0.9100000000000001,0.0,0.0,0.0,,0.0,0.0,,0.0,0.0,,0.0,,0.75,0.25,the; bus; was; ten; minutes; late; driver's; hands; moved; newfound; sense; urgency,the; bus; driver's,0.5,0.0,0.0,0,0,"As the driver's gaze lingered on the suitcase, a woman appeared beside it, her eyes fixed intently on the bus's rear door, her fingers instinctively tightening around the worn handle of a small, black briefcase that had been tucked into the crook of her arm."
selector_alpha_0_c8_tok100_seed03_the_bus_was_ten_minutes_late.json,selector_alpha_0,experiments/frontier_sweep_mundane_hub_ablation_smoke/selector_alpha_0_c8_tok100_seed03_the_bus_was_ten_minutes_late.json,2,3,0,0.8990838312362033,0.0,0.4253850124069479,0.0,0.0,0.0,0.0,0.7089750206782466,0.19999999999999998,0.9100000000000001,0.0,0.0,0.0,,0.0,0.0,,0.0,0.0,,0.0,,0.75,0.25,the; bus; was; ten; minutes; late; driver's; hands; moved; newfound; sense; urgency,the; bus; was,0.5,0.0,0.0,0,0,"The suitcase, once a prized possession of a young traveler, now stood in the midst of a bustling office lobby, its faded label now a distant memory, as it was carried by a young professional who carefully passed it to a middle-aged man who had just stepped off the bus, who examined it with a mix of curiosity and nostalgia as he compared it to a similar one he had owned as a student."
selector_alpha_0_c8_tok100_seed03_the_bus_was_ten_minutes_late.json,selector_alpha_0,experiments/frontier_sweep_mundane_hub_ablation_smoke/selector_alpha_0_c8_tok100_seed03_the_bus_was_ten_minutes_late.json,2,4,0,0.8131017334661779,0.0,0.41162664147378364,0.0,0.0,0.0,0.0,0.686044402456306,0.19999999999999998,0.9100000000000001,0.0,0.3333333333333333,2.0833333333333335,faded photograph,0.3333333333333333,2.0833333333333335,faded photograph,0.0,0.0,,0.0,,0.25,0.75,the; bus; was; ten; minutes; late; driver's; hands; moved; newfound; sense; urgency,the,0.25,0.0,0.0,0,0,"The suitcase's once-vibrant colors had faded with the passing years, its metal corners now dented and rusted, as a young professional, juggling a briefcase and a coffee cup, accidentally kicked it, causing the suitcase's lid to swing open, revealing a yellowed newspaper clipping and a small, faded photograph tucked between its interior pages."
selector_alpha_0_c8_tok100_seed03_the_bus_was_ten_minutes_late.json,selector_alpha_0,experiments/frontier_sweep_mundane_hub_ablation_smoke/selector_alpha_0_c8_tok100_seed03_the_bus_was_ten_minutes_late.json,2,5,0,-0.4474556837297239,0.0,0.3583738074323437,0.0,0.0,0.0,0.0,0.6761769951553654,0.05999999999999997,0.9730000000000001,0.0,0.6666666666666666,4.878048780487805,antique; delicate,0.3333333333333333,2.4390243902439024,antique,0.3333333333333333,2.4390243902439024,delicate,0.375,antique,0.5,0.5,the; bus; was; ten; minutes; late; driver's; hands; moved; newfound; sense; urgency,the; bus,0.25,0.0,0.0,0,0,"As the bus lurched forward, the suitcase suddenly shifted, its contents spilling onto the sidewalk, revealing a delicate, antique typewriter, its keys yellowed with age, alongside a stack of letters bound with a faded ribbon, the words ""Je t'aime, Paris"" scribbled on the first page."
selector_alpha_0_c8_tok100_seed03_the_bus_was_ten_minutes_late.json,selector_alpha_0,experiments/frontier_sweep_mundane_hub_ablation_smoke/selector_alpha_0_c8_tok100_seed03_the_bus_was_ten_minutes_late.json,2,6,0,0.33035406076851426,0.0,0.4139629063628786,0.0,0.0,0.0,0.0,0.6899381772714643,0.19999999999999998,0.9100000000000001,0.0,0.0,0.0,,0.0,0.0,,0.0,0.0,,0.0,,0.5,0.5,the; bus; was; ten; minutes; late; driver's; hands; moved; newfound; sense; urgency,the; bus,1.0,0.0,0.0,0,0,"As the bus pulled up to the curb, a young woman, clutching her own worn suitcase, stepped forward, nearly colliding with a businessman who stood frozen, staring at the suitcase with a mix of curiosity and longing, while his briefcase sat untouched on the sidewalk, its sleek metal exterior bearing the faded logo of a prominent city, a place known for its art and fashion, a name that still brought a hint of exoticism to the crowd."
selector_alpha_0_c8_tok100_seed03_the_bus_was_ten_minutes_late.json,selector_alpha_0,experiments/frontier_sweep_mundane_hub_ablation_smoke/selector_alpha_0_c8_tok100_seed03_the_bus_was_ten_minutes_late.json,2,7,0,0.9387698386617209,0.005151771005242135,0.36621787709497206,0.015985798617120746,0.0,0.0,0.07992899308560372,0.6103631284916201,0.19999999999999998,0.9100000000000001,0.0,0.0,0.0,,0.0,0.0,,0.0,0.0,,0.0,,1.0,0.0,the; bus; was; ten; minutes; late; driver's; hands; moved; newfound; sense; urgency,the; bus; driver's; sense,0.3333333333333333,0.0,0.0,0,0,"The suitcase's worn exterior creaked as the bus driver's gloved hand brushed against it, his fingers tracing the faint, golden lettering that adorned the suitcase's lid, as the suitcase suddenly lurched forward, its worn wheels rolling up the bus steps and onto the platform, where a young woman with a worn backpack and a determined expression stood waiting, her eyes fixed on the suitcase with an unmistakable sense of longing."
selector_alpha_0_c8_tok100_seed03_the_bus_was_ten_minutes_late.json,selector_alpha_0,experiments/frontier_sweep_mundane_hub_ablation_smoke/selector_alpha_0_c8_tok100_seed03_the_bus_was_ten_minutes_late.json,2,8,0,-1.158296971124898,0.0,0.13235548103353492,0.0,0.0,0.0,0.0,0.4162122045079715,0.05999999999999997,0.9730000000000001,0.0,0.0,0.0,,0.0,0.0,,0.0,0.0,,0.0,,0.75,0.25,the; bus; was; ten; minutes; late; driver's; hands; moved; newfound; sense; urgency,the; bus; was,0.0,0.4,0.0,0,0,"As the bus rumbled forward, the vintage suitcase was jostled by a young professional, who, in a fit of distraction, nearly knocked it to the ground, but a gentle hand intercepted its fall, and the suitcase remained upright, its lid slightly ajar, revealing a f"
selector_alpha_0_c8_tok100_seed03_the_bus_was_ten_minutes_late.json,selector_alpha_0,experiments/frontier_sweep_mundane_hub_ablation_smoke/selector_alpha_0_c8_tok100_seed03_the_bus_was_ten_minutes_late.json,3,1,1,0.9748630267189589,0.08063728412972097,0.40131204795552283,0.23473612419785322,0.0,0.8208955223880596,0.1475612180041915,0.6688534132592048,0.19999999999999998,0.9100000000000001,0.0,0.0,0.0,,0.0,0.0,,0.0,0.0,,0.0,,0.5,0.5,the; bus; was; ten; minutes; late; driver's; hands; moved; newfound; sense; urgency,the; hands,0.2,0.0,0.0,0,1,"The woman's eyes never left the typewriter as she carefully picked it up, blowing off a thin layer of dust and running her fingers over the raised keys, her gaze lingering on the faint impression of her name, ""Colette"", etched into the surface. As she turned the machine over in her hands, a small, crumpled piece of paper slipped out, carrying a single, hastily scribbled sentence: ""Je suis perdue sans fin, sans fin sans toi""."
selector_alpha_0_c8_tok100_seed03_the_bus_was_ten_minutes_late.json,selector_alpha_0,experiments/frontier_sweep_mundane_hub_ablation_smoke/selector_alpha_0_c8_tok100_seed03_the_bus_was_ten_minutes_late.json,3,2,0,0.5993606856943965,0.0824835959288672,0.34470762269404803,0.27663083732820204,0.0,0.8461538461538461,0.32546187894870254,0.5745127044900801,0.19999999999999998,0.9100000000000001,0.0,0.0,0.0,,0.0,0.0,,0.0,0.0,,0.0,,0.75,0.25,the; bus; was; ten; minutes; late; driver's; hands; moved; newfound; sense; urgency,the; driver's; moved,0.25,0.0,0.0,0,1,"The young woman's fingers moved deftly over the typewriter's keys, her eyes never leaving the worn wooden surface of the suitcase, as she began to type out a letter in the same elegant script that adorned the suitcase's label, the words ""Rue de Rivoli, 20, Avenue de l'Opéra"" emerging on the sheet of paper, the driver's eyes flicking to the woman's profile, his gaze lingering on the determined set of her jaw."
selector_alpha_0_c8_tok100_seed03_the_bus_was_ten_minutes_late.json,selector_alpha_0,experiments/frontier_sweep_mundane_hub_ablation_smoke/selector_alpha_0_c8_tok100_seed03_the_bus_was_ten_minutes_late.json,3,3,0,0.88429986621897,0.00946418354203583,0.378432712933488,0.028419197541547987,0.0,0.0,0.14209598770773993,0.63072118822248,0.19999999999999998,0.9100000000000001,0.0,0.0,0.0,,0.0,0.0,,0.0,0.0,,0.0,,0.5,0.5,the; bus; was; ten; minutes; late; driver's; hands; moved; newfound; sense; urgency,the; bus,0.3333333333333333,0.0,0.0,0,0,"The woman's eyes never left the typewriter as she carefully picked it up, the dust particles dancing in the faint sunlight filtering through the bus windows, her fingers tracing the worn keys with a mix of nostalgia and trepidation, the suitcase's owner, a middle-aged man with a weathered face, stood closer, his eyes fixed on the bus driver, a mixture of hope and desperation flickering across his weathered features."
selector_alpha_0_c8_tok100_seed03_the_bus_was_ten_minutes_late.json,selector_alpha_0,experiments/frontier_sweep_mundane_hub_ablation_smoke/selector_alpha_0_c8_tok100_seed03_the_bus_was_ten_minutes_late.json,3,4,0,0.9212741179873591,0.008426630420413844,0.36657708321599697,0.026121972227029933,0.0,0.0,0.13060986113514966,0.610961805359995,0.19999999999999998,0.9100000000000001,0.0,0.0,0.0,,0.0,0.0,,0.0,0.0,,0.0,,0.75,0.25,the; bus; was; ten; minutes; late; driver's; hands; moved; newfound; sense; urgency,the; bus; moved,0.3333333333333333,0.0,0.0,0,0,"The woman's fingers moved with a mix of desperation and resolve as she gently pried the paper from the typewriter, her eyes never leaving the suitcase as she examined the worn, peeling label, her gaze tracing the faded edges of an old photograph tucked between the paper's creases, the image depicting a young couple standing in front of the very same bus stop, their faces smiling, their arms wrapped around each other, with the worn suitcase standing innocently at their feet."
selector_alpha_0_c8_tok100_seed03_the_bus_was_ten_minutes_late.json,selector_alpha_0,experiments/frontier_sweep_mundane_hub_ablation_smoke/selector_alpha_0_c8_tok100_seed03_the_bus_was_ten_minutes_late.json,3,5,0,0.4713269500275639,0.009325583619881577,0.14474465038432927,0.07857052347619164,0.0,0.0,0.39285261738095817,0.40206847328980355,0.19999999999999998,0.877,0.0,0.0,0.0,,0.0,0.0,,0.0,0.0,,0.0,,0.25,0.75,the; bus; was; ten; minutes; late; driver's; hands; moved; newfound; sense; urgency,the,0.0,0.4,0.0,0,0,"The young woman's fingers brushed against the typewriter's keys, her touch sending a faint shiver through the instrument, as she carefully removed the clip and unfolded the paper, revealing a handwritten letter penned by a man with a familiar name, his words d"
selector_alpha_0_c8_tok100_seed03_the_bus_was_ten_minutes_late.json,selector_alpha_0,experiments/frontier_sweep_mundane_hub_ablation_smoke/selector_alpha_0_c8_tok100_seed03_the_bus_was_ten_minutes_late.json,3,6,0,0.3762875935291859,0.0018941762690571169,0.1445014487641412,0.015985798617120746,0.0,0.0,0.07992899308560372,0.4013929132337256,0.19999999999999998,0.9100000000000001,0.0,0.0,0.0,,0.0,0.0,,0.0,0.0,,0.0,,1.0,0.0,the; bus; was; ten; minutes; late; driver's; hands; moved; newfound; sense; urgency,the; bus; driver's; hands,0.0,0.4,0.0,0,0,"The woman's eyes narrowed as she knelt beside the typewriter, her fingers trailing over the keys, as if seeking a connection to the past, while the bus driver's hands tightened around the wheel, his gaze still fixed on the suitcase, now occupied by a small, be"
selector_alpha_0_c8_tok100_seed03_the_bus_was_ten_minutes_late.json,selector_alpha_0,experiments/frontier_sweep_mundane_hub_ablation_smoke/selector_alpha_0_c8_tok100_seed03_the_bus_was_ten_minutes_late.json,3,7,0,0.5072667109044064,0.002234670784029479,0.14140708152875922,0.01826948413385228,0.0,0.0,0.0913474206692614,0.39279744869099786,0.19999999999999998,0.9100000000000001,0.0,0.0,0.0,,0.0,0.0,,0.0,0.0,,0.0,,0.25,0.75,the; bus; was; ten; minutes; late; driver's; hands; moved; newfound; sense; urgency,the,0.25,0.4,0.0,0,0,"The woman's eyes narrowed, her gaze flicking back to the suitcase as she hesitated, then picked up the typewriter, blowing off a fine layer of dust, and began to gently pry open the keys, her fingers tracing the intricate patterns etched into the machine's sur"
selector_alpha_0_c8_tok100_seed03_the_bus_was_ten_minutes_late.json,selector_alpha_0,experiments/frontier_sweep_mundane_hub_ablation_smoke/selector_alpha_0_c8_tok100_seed03_the_bus_was_ten_minutes_late.json,3,8,0,0.5009065216686013,0.002078106900067198,0.13871638021257296,0.01826948413385228,0.0,0.0,0.0913474206692614,0.3853232783682583,0.19999999999999998,0.9100000000000001,0.0,0.0,0.0,,0.0,0.0,,0.0,0.0,,0.0,,1.0,0.0,the; bus; was; ten; minutes; late; driver's; hands; moved; newfound; sense; urgency,the; bus; driver's; hands,0.0,0.4,0.0,0,0,"The woman's eyes narrowed slightly as she approached the typewriter, her fingers trailing over the keys as if feeling for something, her gaze drifting up to the bus's rearview mirror, where the driver's hands continued to move with increasing agitation, his ex"
steer_alpha_0p66_c8_tok100_seed03_the_bus_was_ten_minutes_late.json,steer_alpha_0p66,experiments/frontier_sweep_mundane_hub_ablation_smoke/steer_alpha_0p66_c8_tok100_seed03_the_bus_was_ten_minutes_late.json,1,1,1,-1.544366835344253,0.19947123155800942,0.42368570849194864,0.55,1.0,0.0,0.0,0.7061428474865811,0.19999999999999998,0.9100000000000001,0.0,0.3333333333333333,2.1739130434782608,miniature,0.3333333333333333,2.1739130434782608,miniature,0.0,0.0,,0.4,miniature,0.5,0.5,the; bus; was; ten; minutes; late,the; bus,0.2,0.0,0.0,1,0,"Its driver, a woman with a stack of unpaid bills and a worn, cracked dashboard, sputters and coughs, spewing a trail of steam that condenses into a miniature, perfectly formed miniature replica of the bus, which slowly rises into the air, its tiny wheels creaking in exact time with the bus's slow, mechanical heartbeat."
steer_alpha_0p66_c8_tok100_seed03_the_bus_was_ten_minutes_late.json,steer_alpha_0p66,experiments/frontier_sweep_mundane_hub_ablation_smoke/steer_alpha_0p66_c8_tok100_seed03_the_bus_was_ten_minutes_late.json,1,2,0,0.43420916783380004,0.19050159327777777,0.39662125,0.5611111111111111,1.0,0.0,0.05555555555555555,0.6610354166666667,0.19999999999999998,0.9100000000000001,0.0,0.3333333333333333,2.0,miniature,0.3333333333333333,2.0,miniature,0.0,0.0,,0.4,miniature,0.75,0.25,the; bus; was; ten; minutes; late,the; bus; minutes,0.2,0.0,0.0,1,0,"Rain poured down at an alarming rate, creating a miniature lake on the deserted street, where a lone matchstick figure stood, a tiny umbrella, its tiny hands clasped futilely to defy the deluge, as the bus, now a miniature, arrives, its wheels a blur, and slips gently into the miniature lake, its doors ajar, spilling minutes onto the wet pavement."
steer_alpha_0p66_c8_tok100_seed03_the_bus_was_ten_minutes_late.json,steer_alpha_0p66,experiments/frontier_sweep_mundane_hub_ablation_smoke/steer_alpha_0p66_c8_tok100_seed03_the_bus_was_ten_minutes_late.json,1,3,0,-2.8550316555087196,0.0,0.37564902058021327,0.0,0.0,0.0,0.0,0.7512980411604265,0.0,1.0,0.0,0.0,0.0,,0.0,0.0,,0.0,0.0,,0.0,,0.0,1.0,the; bus; was; ten; minutes; late,,0.2,0.0,0.0,0,0,"Its driver, a disheveled man with a worn, cracked face, sips coffee from a chipped ceramic mug that reads ""World's Okayest Barista."""
steer_alpha_0p66_c8_tok100_seed03_the_bus_was_ten_minutes_late.json,steer_alpha_0p66,experiments/frontier_sweep_mundane_hub_ablation_smoke/steer_alpha_0p66_c8_tok100_seed03_the_bus_was_ten_minutes_late.json,1,4,0,-1.4454143421337649,0.0,0.4429850841002856,0.0,0.0,0.0,0.0,0.738308473500476,0.19999999999999998,0.9100000000000001,0.0,0.3333333333333333,4.3478260869565215,antique,0.3333333333333333,4.3478260869565215,antique,0.0,0.0,,0.375,antique,0.25,0.75,the; bus; was; ten; minutes; late,the,0.1,0.0,0.0,0,0,"Its driver, a woman with a habit of knitting, sat in the back, staring at a small, antique globe, her fingers deftly stitching a tiny, intricate patch onto its surface."
steer_alpha_0p66_c8_tok100_seed03_the_bus_was_ten_minutes_late.json,steer_alpha_0p66,experiments/frontier_sweep_mundane_hub_ablation_smoke/steer_alpha_0p66_c8_tok100_seed03_the_bus_was_ten_minutes_late.json,1,5,0,-0.533598039971724,0.0,0.42892442645074225,0.0,0.0,0.0,0.0,0.7148740440845704,0.19999999999999998,0.9100000000000001,0.0,0.3333333333333333,3.5714285714285716,delicate,0.0,0.0,,0.3333333333333333,3.5714285714285716,delicate,0.0,,0.0,1.0,the; bus; was; ten; minutes; late,,0.1,0.0,0.0,0,0,"its tires screeched as it slid into a narrow alley, where a solitary, old-fashioned, brass telescope stood, its lens cloudy with dew, its brass surface etched with a single, delicate, cursive signature."
steer_alpha_0p66_c8_tok100_seed03_the_bus_was_ten_minutes_late.json,steer_alpha_0p66,experiments/frontier_sweep_mundane_hub_ablation_smoke/steer_alpha_0p66_c8_tok100_seed03_the_bus_was_ten_minutes_late.json,1,6,0,-0.5724213273676362,0.0,0.4206017897091723,0.0,0.0,0.0,0.0,0.7010029828486205,0.19999999999999998,0.9100000000000001,0.0,0.0,0.0,,0.0,0.0,,0.0,0.0,,0.0,,0.5,0.5,the; bus; was; ten; minutes; late,the; bus,0.2,0.0,0.0,0,0,"The driver, a man with a faded name tag, sits, cradling a steaming cup of coffee, as the bus rumbles into a deserted gas station, sending a shower of rain onto the deserted parking lot."
steer_alpha_0p66_c8_tok100_seed03_the_bus_was_ten_minutes_late.json,steer_alpha_0p66,experiments/frontier_sweep_mundane_hub_ablation_smoke/steer_alpha_0p66_c8_tok100_seed03_the_bus_was_ten_minutes_late.json,1,7,0,-0.7929128197954844,0.0,0.2712239532118641,0.0,0.0,0.0,0.0,0.9040798440395471,0.19999999999999998,0.9100000000000001,0.5,0.0,0.0,,0.0,0.0,,0.0,0.0,,0.0,,0.5,0.5,the; bus; was; ten; minutes; late,the; minutes,0.3,0.0,0.0,0,0,"As the driver, a gruff, worn-out man with a perpetual scowl, finally arrives, it spits out a handful of wet, forgotten umbrellas, and a small, forgotten suitcase, along with a worn, vinyl briefcase, slowly opens, revealing a tattered, 19 minutes."
steer_alpha_0p66_c8_tok100_seed03_the_bus_was_ten_minutes_late.json,steer_alpha_0p66,experiments/frontier_sweep_mundane_hub_ablation_smoke/steer_alpha_0p66_c8_tok100_seed03_the_bus_was_ten_minutes_late.json,1,8,0,-1.4303234577574753,0.0022698861244019133,0.16608922861477415,0.016666666666666666,0.0,0.0,0.08333333333333333,0.46135896837437274,0.19999999999999998,0.9100000000000001,0.0,0.0,0.0,,0.0,0.0,,0.0,0.0,,0.0,,0.75,0.25,the; bus; was; ten; minutes; late,the; bus; was,0.0,0.4,0.0,0,0,"The bus driver, a woman with a perpetual scowl, sips coffee that was not her own, its steaming cup a tiny, perfect replica of the one she keeps on her kitchen table at home, where it seems to have been there for years, untouched and unfulfilled, its own tiny c"
steer_alpha_0p66_c8_tok100_seed03_the_bus_was_ten_minutes_late.json,steer_alpha_0p66,experiments/frontier_sweep_mundane_hub_ablation_smoke/steer_alpha_0p66_c8_tok100_seed03_the_bus_was_ten_minutes_late.json,2,1,1,0.591631910076625,0.0,0.3940340595960725,0.0,0.0,0.0,0.0,0.6567234326601209,0.19999999999999998,0.9100000000000001,0.0,0.3333333333333333,1.8867924528301887,miniature,0.3333333333333333,1.8867924528301887,miniature,0.0,0.0,,0.4,miniature,0.75,0.25,the; bus; was; ten; minutes; late; its; driver; woman; stack; unpaid; bills,the; bus; its,0.0,0.0,0.0,0,0,"As the miniature bus hovers, it sheds tiny, old-fashioned bicycles, which descend from its lower wheels and assemble into a makeshift, rickety bicycle, its pedals spinning in time with the miniature bus's wheels, which, in turn, begin to unfurl a tattered, 19th-century-style awning, emblossed with a faded, golden sign that reads ""Madame LeRoux's Tea Shop""."
steer_alpha_0p66_c8_tok100_seed03_the_bus_was_ten_minutes_late.json,steer_alpha_0p66,experiments/frontier_sweep_mundane_hub_ablation_smoke/steer_alpha_0p66_c8_tok100_seed03_the_bus_was_ten_minutes_late.json,2,2,0,-0.017867935591485862,0.0,0.16774875828546174,0.0,0.0,0.0,0.0,0.4659687730151716,0.19999999999999998,0.9100000000000001,0.0,0.6666666666666666,5.714285714285714,antique; miniature,0.6666666666666666,5.714285714285714,antique; miniature,0.0,0.0,,0.775,antique; miniature,0.75,0.25,the; bus; was; ten; minutes; late; its; driver; woman; stack; unpaid; bills,the; bus; its,0.0,0.4,0.0,0,0,"As the miniature bus rises, a small, antique bicycle materializes beside it, its iron wheels turning in perfect synchrony, while a vintage typewriter, attached to a wooden frame, begins to spit out pages filled with a dense, handwritten script that reads: ""The"
steer_alpha_0p66_c8_tok100_seed03_the_bus_was_ten_minutes_late.json,steer_alpha_0p66,experiments/frontier_sweep_mundane_hub_ablation_smoke/steer_alpha_0p66_c8_tok100_seed03_the_bus_was_ten_minutes_late.json,2,3,0,-0.1150513977975462,0.0,0.15225114778694676,0.0,0.0,0.0,0.0,0.4787771942985747,0.05999999999999997,0.9730000000000001,0.0,0.3333333333333333,3.225806451612903,miniature,0.3333333333333333,3.225806451612903,miniature,0.0,0.0,,0.4,miniature,0.75,0.25,the; bus; was; ten; minutes; late; its; driver; woman; stack; unpaid; bills,the; bus; its,0.0,0.4,0.0,0,0,"As the miniature bus vanishes, a rusty, abandoned bicycle, once a faithful companion to a young boy, now lies forgotten by a withered, overgrown garden, its chain creaking in a staccato rhythm, its pedals slowly turning, as if to peddle a tiny, perfectly forme"
steer_alpha_0p66_c8_tok100_seed03_the_bus_was_ten_minutes_late.json,steer_alpha_0p66,experiments/frontier_sweep_mundane_hub_ablation_smoke/steer_alpha_0p66_c8_tok100_seed03_the_bus_was_ten_minutes_late.json,2,4,0,0.743205585944668,0.0,0.16391127450980394,0.0,0.0,0.0,0.0,0.45530909586056656,0.19999999999999998,0.9100000000000001,0.0,0.3333333333333333,2.9411764705882355,miniature,0.3333333333333333,2.9411764705882355,miniature,0.0,0.0,,0.4,miniature,0.75,0.25,the; bus; was; ten; minutes; late; its; driver; woman; stack; unpaid; bills,the; bus; its,0.0,0.4,0.0,0,0,"As the miniature bus drifts into a nearby alleyway, it comes to rest against a faded, metal fire hydrant, where it begins to merge with a derelict, ancient harmonium, its brass surface tarnished, its iron pipes twisted and tangled, like a serpentine, mechanica"
steer_alpha_0p66_c8_tok100_seed03_the_bus_was_ten_minutes_late.json,steer_alpha_0p66,experiments/frontier_sweep_mundane_hub_ablation_smoke/steer_alpha_0p66_c8_tok100_seed03_the_bus_was_ten_minutes_late.json,2,5,0,-0.051291421061679665,0.0,0.16185639052793008,0.0,0.0,0.0,0.0,0.4496010847998059,0.19999999999999998,0.9100000000000001,0.0,0.3333333333333333,2.9411764705882355,miniature,0.3333333333333333,2.9411764705882355,miniature,0.0,0.0,,0.4,miniature,0.75,0.25,the; bus; was; ten; minutes; late; its; driver; woman; stack; unpaid; bills,the; bus; its,0.2,0.4,0.0,0,0,"As the miniature bus hovers, a rusty, forgotten bicycle, long abandoned on the sidewalk, suddenly and inexplicably begins to move, its pedals pumping in synchronization with the tiny bus's creaky wheels, while a pair of worn, metal gloves, once belonging to th"
steer_alpha_0p66_c8_tok100_seed03_the_bus_was_ten_minutes_late.json,steer_alpha_0p66,experiments/frontier_sweep_mundane_hub_ablation_smoke/steer_alpha_0p66_c8_tok100_seed03_the_bus_was_ten_minutes_late.json,2,6,0,0.2572958598858422,0.0,0.1459626907780686,0.0,0.0,0.0,0.0,0.4054519188279684,0.19999999999999998,0.9100000000000001,0.0,0.6666666666666666,5.128205128205129,fog; miniature,0.3333333333333333,2.5641025641025643,miniature,0.3333333333333333,2.5641025641025643,fog,0.4,miniature,0.75,0.25,the; bus; was; ten; minutes; late; its; driver; woman; stack; unpaid; bills,the; bus; its,0.2,0.4,0.0,0,0,"As the miniature bus disappears into the fog, a small, rusty bicycle materializes beside the cracked dashboard, its pedals and chain creaking in tandem with the bus's wheels, its handlebars twisted and tangled in a knot, a faded, hand-painted sign reading ""Cit"
steer_alpha_0p66_c8_tok100_seed03_the_bus_was_ten_minutes_late.json,steer_alpha_0p66,experiments/frontier_sweep_mundane_hub_ablation_smoke/steer_alpha_0p66_c8_tok100_seed03_the_bus_was_ten_minutes_late.json,2,7,0,-0.2120506529109824,0.0,0.13186782333651187,0.0,0.0,0.0,0.0,0.3662995092680885,0.19999999999999998,0.9100000000000001,0.0,0.6666666666666666,5.2631578947368425,antique; miniature,0.6666666666666666,5.2631578947368425,antique; miniature,0.0,0.0,,0.775,antique; miniature,0.75,0.25,the; bus; was; ten; minutes; late; its; driver; woman; stack; unpaid; bills,the; bus; its,0.3333333333333333,0.4,0.0,0,0,"As the miniature bus drifts through the misty dawn, it careens off a wrought-iron lamppost, where a small, antique bicycle leans, its metal chains tangled around the lamppost's ironwork, its wooden seat worn smooth, a small, hand-carved wooden bicycle bell, a"
steer_alpha_0p66_c8_tok100_seed03_the_bus_was_ten_minutes_late.json,steer_alpha_0p66,experiments/frontier_sweep_mundane_hub_ablation_smoke/steer_alpha_0p66_c8_tok100_seed03_the_bus_was_ten_minutes_late.json,2,8,0,-0.4993748021604749,0.0,0.008035596330275242,0.0,0.0,0.0,0.0,0.0892844036697249,0.19999999999999998,0.9100000000000001,0.0,0.3333333333333333,2.857142857142857,miniature,0.3333333333333333,2.857142857142857,miniature,0.0,0.0,,0.4,miniature,0.75,0.25,the; bus; was; ten; minutes; late; its; driver; woman; stack; unpaid; bills,the; bus; its,0.6666666666666666,0.85,0.0,0,0,"As the miniature bus hovers above the cracked dashboard, a small, rusty bicycle appears, its pedals moving in slow, reverse motion, creating a tiny, miniature landscape of twisted, twisted steel and worn, cracked asphalt that stretches out and disappears into"
steer_alpha_0p66_c8_tok100_seed03_the_bus_was_ten_minutes_late.json,steer_alpha_0p66,experiments/frontier_sweep_mundane_hub_ablation_smoke/steer_alpha_0p66_c8_tok100_seed03_the_bus_was_ten_minutes_late.json,3,1,1,0.38742671854719474,0.10835036162516382,0.23293996663886568,0.55,1.0,0.0,0.0,0.6470554628857381,0.19999999999999998,0.9100000000000001,0.0,1.0,11.428571428571429,antique; delicate; melancholic; miniature,0.6666666666666666,5.714285714285714,antique; miniature,0.6666666666666666,5.714285714285714,delicate; melancholic,0.775,antique; miniature,0.75,0.25,the; bus; was; ten; minutes; late; its; driver; woman; stack; unpaid; bills,the; bus; its,0.14285714285714285,0.4,0.0,1,0,"As the miniature bus, now a tiny, delicate tea shop, slowly drifts above the dashboard, a small, rusty tea kettle, half-hidden beneath a cracked, antique-style umbrella, begins to whistle a gentle, melancholic melody, its steam hissing out in a perfect, miniat"
steer_alpha_0p66_c8_tok100_seed03_the_bus_was_ten_minutes_late.json,steer_alpha_0p66,experiments/frontier_sweep_mundane_hub_ablation_smoke/steer_alpha_0p66_c8_tok100_seed03_the_bus_was_ten_minutes_late.json,3,2,0,-0.16455276049324502,0.07042047214471664,0.15614295375768655,0.55,1.0,0.0,0.0,0.4337304271046849,0.19999999999999998,0.9100000000000001,0.0,0.6666666666666666,4.878048780487805,delicate; miniature,0.3333333333333333,2.4390243902439024,miniature,0.3333333333333333,2.4390243902439024,delicate,0.4,miniature,1.0,0.0,the; bus; was; ten; minutes; late; its; driver; woman; stack; unpaid; bills,the; bus; late; its; driver,0.0,0.4,0.0,1,0,"As the miniature bus, now a delicate, golden tea shop, slowly drifts above the real, late bus, its door creaks open, and a diminutive, top hat-clad proprietor, with a kind face and a mischievous twinkle in his eye, beckons to the real bus's driver, who, in a g"
steer_alpha_0p66_c8_tok100_seed03_the_bus_was_ten_minutes_late.json,steer_alpha_0p66,experiments/frontier_sweep_mundane_hub_ablation_smoke/steer_alpha_0p66_c8_tok100_seed03_the_bus_was_ten_minutes_late.json,3,3,0,-0.1894657920258686,0.062027328082568806,0.1375328782318599,0.55,1.0,0.0,0.0,0.4324933277731443,0.05999999999999997,0.9730000000000001,0.0,1.0,8.571428571428571,antique; delicate; miniature,0.6666666666666666,5.714285714285714,antique; miniature,0.3333333333333333,2.857142857142857,delicate,0.775,antique; miniature,0.5,0.5,the; bus; was; ten; minutes; late; its; driver; woman; stack; unpaid; bills,the; its,0.0,0.4,0.0,1,0,"The miniature, rickety bicycle, now a functional, working bicycle, pedals furiously, propelling a small, antique-style teapot and a delicate, china teapot into the air, where it hovers, its spout slowly pouring a stream of tiny, steaming cups that, as they des"
steer_alpha_0p66_c8_tok100_seed03_the_bus_was_ten_minutes_late.json,steer_alpha_0p66,experiments/frontier_sweep_mundane_hub_ablation_smoke/steer_alpha_0p66_c8_tok100_seed03_the_bus_was_ten_minutes_late.json,3,4,0,-1.521636491055537,0.05817083878984033,0.1289819041903333,0.55,1.0,0.0,0.0,0.4056034722966456,0.05999999999999997,0.9730000000000001,0.0,1.0,8.571428571428571,antique; delicate; miniature,0.6666666666666666,5.714285714285714,antique; miniature,0.3333333333333333,2.857142857142857,delicate,0.775,antique; miniature,0.75,0.25,the; bus; was; ten; minutes; late; its; driver; woman; stack; unpaid; bills,the; bus; its,0.0,0.4,0.0,1,0,"As the miniature bus, now a delicate, filigework of copper and brass, gently settles onto the edge of a crumbling, 19th-century stone wall, a small, antique tea set materializes, its delicate china cups and saucers, a miniature tea kettle, and a tiny, golden t"
steer_alpha_0p66_c8_tok100_seed03_the_bus_was_ten_minutes_late.json,steer_alpha_0p66,experiments/frontier_sweep_mundane_hub_ablation_smoke/steer_alpha_0p66_c8_tok100_seed03_the_bus_was_ten_minutes_late.json,3,5,0,-2.107172121335397,0.048657873491067136,0.10788885474737724,0.55,1.0,0.0,0.0,0.3596295158245908,0.0,1.0,0.0,1.0,7.894736842105263,delicate; miniature; ornate,0.6666666666666666,5.2631578947368425,miniature; ornate,0.3333333333333333,2.6315789473684212,delicate,0.7250000000000001,miniature; ornate,1.0,0.0,the; bus; was; ten; minutes; late; its; driver; woman; stack; unpaid; bills,the; bus; its; woman,0.0,0.4,0.0,1,0,"As the miniature bus and its mechanical, human-sized, brass-plated automaton of a woman, its delicate, floral-patterned dress and a top hat, extends a slender, brass arm and tips an imaginary top hat, while the miniature bus, now a tiny, ornate, Victorian-styl"
steer_alpha_0p66_c8_tok100_seed03_the_bus_was_ten_minutes_late.json,steer_alpha_0p66,experiments/frontier_sweep_mundane_hub_ablation_smoke/steer_alpha_0p66_c8_tok100_seed03_the_bus_was_ten_minutes_late.json,3,6,0,0.7722371406878308,0.0,0.15279641080154208,0.0,0.0,0.0,0.0,0.42443447444872806,0.19999999999999998,0.9100000000000001,0.0,0.3333333333333333,2.7027027027027026,antique,0.3333333333333333,2.7027027027027026,antique,0.0,0.0,,0.375,antique,0.75,0.25,the; bus; was; ten; minutes; late; its; driver; woman; stack; unpaid; bills,the; bus; its,0.0,0.4,0.0,0,0,"The awning materializes above the bus, as if it were a natural growth, its vines twisting and curling around the bus's tired, chrome pipes, which, in turn, begin to unfurl a small, brass, antique-style teapot, which slowly fills with a fragrant, dark liquid th"
steer_alpha_0p66_c8_tok100_seed03_the_bus_was_ten_minutes_late.json,steer_alpha_0p66,experiments/frontier_sweep_mundane_hub_ablation_smoke/steer_alpha_0p66_c8_tok100_seed03_the_bus_was_ten_minutes_late.json,3,7,0,0.42735901258477954,0.0,0.13253683824358137,0.0,0.0,0.0,0.0,0.4167825101999414,0.05999999999999997,0.9730000000000001,0.0,0.3333333333333333,2.7027027027027026,miniature,0.3333333333333333,2.7027027027027026,miniature,0.0,0.0,,0.4,miniature,0.75,0.25,the; bus; was; ten; minutes; late; its; driver; woman; stack; unpaid; bills,the; bus; its,0.2,0.4,0.0,0,0,"A small, rusty bicycle, adorned with a faded, hand-painted sign that reads ""Madame LeRoux's Bicycle Repair"", slowly materializes from the miniature bus, its pedals creaking in slow, metronomic rhythm as it begins to pedal a tiny, miniature road, which, in turn"
steer_alpha_0p66_c8_tok100_seed03_the_bus_was_ten_minutes_late.json,steer_alpha_0p66,experiments/frontier_sweep_mundane_hub_ablation_smoke/steer_alpha_0p66_c8_tok100_seed03_the_bus_was_ten_minutes_late.json,3,8,0,-1.0946448628963963,0.003707520912362019,0.008220667211445718,0.55,1.0,0.0,0.0,0.1034046190118958,0.05999999999999997,0.9730000000000001,0.0,1.0,10.0,antique; delicate; doll; miniature,1.0,7.5,antique; doll; miniature,0.3333333333333333,2.5,delicate,1.0,antique; doll; miniature,1.0,0.0,the; bus; was; ten; minutes; late; its; driver; woman; stack; unpaid; bills,the; bus; driver; woman,0.0,0.85,0.0,2,0,"As the miniature bus, now a delicate, filigework of twisted copper and brass, gently descends back onto the dashboard, the woman, now a tiny, doll-like figure, emerges from the driver's seat, cradling a delicate, antique teapot and a dusty, 19, tin can, which"
steer_alpha_0p77_c8_tok100_seed03_the_bus_was_ten_minutes_late.json,steer_alpha_0p77,experiments/frontier_sweep_mundane_hub_ablation_smoke/steer_alpha_0p77_c8_tok100_seed03_the_bus_was_ten_minutes_late.json,1,1,1,-3.408588341158059,0.11178528046165885,0.23254687010954617,0.55,1.0,0.0,0.0,0.9301874804381847,0.0,0.9922083333333334,0.5,0.3333333333333333,4.0,miniature,0.3333333333333333,4.0,miniature,0.0,0.0,,0.4,miniature,0.5,0.5,the; bus; was; ten; minutes; late,the; bus,0.3,0.0,0.0,1,0,"The bus finally glared at a small, worn-out bench, its metal frame dented and rusted, where a forgotten umbrella, now a miniature, sits, sheltering a small, sleeping crow."
steer_alpha_0p77_c8_tok100_seed03_the_bus_was_ten_minutes_late.json,steer_alpha_0p77,experiments/frontier_sweep_mundane_hub_ablation_smoke/steer_alpha_0p77_c8_tok100_seed03_the_bus_was_ten_minutes_late.json,1,2,0,-1.3521250000000002,0.012876049999999997,0.47107499999999997,0.03333333333333333,0.0,0.0,0.16666666666666666,0.785125,0.19999999999999998,0.9100000000000001,0.0,0.0,0.0,,0.0,0.0,,0.0,0.0,,0.0,,0.5,0.5,the; bus; was; ten; minutes; late,the; bus,0.0,0.0,0.0,0,0,"The bus driver, a woman with a kind face, hands a steaming cup of coffee to a man who sits beside a tattered suitcase, a vintage typewriter on his lap."
steer_alpha_0p77_c8_tok100_seed03_the_bus_was_ten_minutes_late.json,steer_alpha_0p77,experiments/frontier_sweep_mundane_hub_ablation_smoke/steer_alpha_0p77_c8_tok100_seed03_the_bus_was_ten_minutes_late.json,1,3,0,-1.8558560606060603,0.0,0.40249886363636367,0.0,0.0,0.0,0.0,0.7594318181818182,0.05999999999999997,0.9730000000000001,0.0,0.3333333333333333,3.5714285714285716,antique,0.3333333333333333,3.5714285714285716,antique,0.0,0.0,,0.375,antique,0.0,1.0,the; bus; was; ten; minutes; late,,0.3,0.0,0.0,0,0,"As it waited, a faint scent of stale coffee waers a curious, antique wooden bench, its legs splayed and toes first into a small, deserted alley, where a torn poster flutters, listing a single, handwritten address."
steer_alpha_0p77_c8_tok100_seed03_the_bus_was_ten_minutes_late.json,steer_alpha_0p77,experiments/frontier_sweep_mundane_hub_ablation_smoke/steer_alpha_0p77_c8_tok100_seed03_the_bus_was_ten_minutes_late.json,1,4,0,-1.1617954159258033,0.0,0.4251410390238914,0.0,0.0,0.0,0.0,0.7085683983731523,0.19999999999999998,0.9100000000000001,0.0,0.3333333333333333,2.6315789473684212,antique,0.3333333333333333,2.6315789473684212,antique,0.0,0.0,,0.375,antique,0.25,0.75,the; bus; was; ten; minutes; late,the,0.4,0.0,0.0,0,0,"A stranger sits alone at a small, worn wooden table, sipping a steaming cup of coffee, its saucer and saucer shattered on the floor, a scattering of twenty-five silver dollars, a faded, old suitcase lies open, and a small, antique music stands upright, its lid slightly ajar."
steer_alpha_0p77_c8_tok100_seed03_the_bus_was_ten_minutes_late.json,steer_alpha_0p77,experiments/frontier_sweep_mundane_hub_ablation_smoke/steer_alpha_0p77_c8_tok100_seed03_the_bus_was_ten_minutes_late.json,1,5,0,-2.024859293873312,0.0,0.3659627985462098,0.0,0.0,0.0,0.0,0.6904958463136033,0.05999999999999997,0.9730000000000001,0.0,0.0,0.0,,0.0,0.0,,0.0,0.0,,0.0,,0.0,1.0,the; bus; was; ten; minutes; late,,0.3,0.0,0.0,0,0,"A small, vintage suitcase, half-hidden in a trash can, its lid ajar, a small, yellowing photograph pinned to its lid, a faded image of a city street, a streetlamp casting long shadows, a newspaper, worn and crumpled, its headline reading ""Local Man Missing""."
steer_alpha_0p77_c8_tok100_seed03_the_bus_was_ten_minutes_late.json,steer_alpha_0p77,experiments/frontier_sweep_mundane_hub_ablation_smoke/steer_alpha_0p77_c8_tok100_seed03_the_bus_was_ten_minutes_late.json,1,6,0,-2.8406683375104427,0.0,0.3754786549707602,0.0,0.0,0.0,0.0,0.7084502923976608,0.05999999999999997,0.9730000000000001,0.0,0.3333333333333333,3.5714285714285716,antique,0.3333333333333333,3.5714285714285716,antique,0.0,0.0,,0.375,antique,0.25,0.75,the; bus; was; ten; minutes; late,the,0.45,0.0,0.0,0,0,"the driver yawned, revealing a small, worn wooden tooth, and a small, dusty, forgotten suitcase spills its contents, scattering a handful of old, faded photographs and a faded, antique globe onto the seat."
steer_alpha_0p77_c8_tok100_seed03_the_bus_was_ten_minutes_late.json,steer_alpha_0p77,experiments/frontier_sweep_mundane_hub_ablation_smoke/steer_alpha_0p77_c8_tok100_seed03_the_bus_was_ten_minutes_late.json,1,7,0,-1.840084130329064,0.0,0.2215837250769979,0.0,0.0,0.0,0.0,0.7386124169233264,0.19999999999999998,0.9100000000000001,0.5,0.0,0.0,,0.0,0.0,,0.0,0.0,,0.0,,0.25,0.75,the; bus; was; ten; minutes; late,the,0.1,0.0,0.0,0,0,"its brakes screeched in protest as it finally came to a halt, revealing a woman in a long, floral dress, clutching a worn, wooden cane, her eyes fixed on a small, metallic bird perches on the fender, its bell silently singing a discordant tune."
steer_alpha_0p77_c8_tok100_seed03_the_bus_was_ten_minutes_late.json,steer_alpha_0p77,experiments/frontier_sweep_mundane_hub_ablation_smoke/steer_alpha_0p77_c8_tok100_seed03_the_bus_was_ten_minutes_late.json,1,8,0,-1.1246097983548082,0.0,0.36779499890805856,0.0,0.0,0.0,0.0,0.6939528281284123,0.05999999999999997,0.9730000000000001,0.0,0.3333333333333333,2.6315789473684212,antique,0.3333333333333333,2.6315789473684212,antique,0.0,0.0,,0.375,antique,0.0,1.0,the; bus; was; ten; minutes; late,,0.4,0.0,0.0,0,0,"As it idled, smoke curled from a chimney, and a small, antique music is forgotten, a forgotten suitcase opens, spilling its contents into a deserted alley, where a small, forgotten piano weeps, its lid creaking, a violin slips out, and a dusty, old harmonica begins to play a melancholy tune."
steer_alpha_0p77_c8_tok100_seed03_the_bus_was_ten_minutes_late.json,steer_alpha_0p77,experiments/frontier_sweep_mundane_hub_ablation_smoke/steer_alpha_0p77_c8_tok100_seed03_the_bus_was_ten_minutes_late.json,2,1,1,-0.16702486537962752,0.09208364278212411,0.19025546029364485,0.55,1.0,0.0,0.0,0.6341848676454829,0.0,1.0,0.0,0.0,0.0,,0.0,0.0,,0.0,0.0,,0.0,,0.75,0.25,the; bus; was; ten; minutes; late; finally; glared; worn-out; bench; its; metal,the; bus; its,0.3333333333333333,0.4,0.0,1,0,"The umbrella, now a makeshift shelter, protects the crow, as the bus's tardiness seems to be forgotten, its driver, a woman with sunken eyes, sips coffee, oblivious to the morning dew, which, like a tiny, transparent mirror, reflects the city, a tapestry of gr"
steer_alpha_0p77_c8_tok100_seed03_the_bus_was_ten_minutes_late.json,steer_alpha_0p77,experiments/frontier_sweep_mundane_hub_ablation_smoke/steer_alpha_0p77_c8_tok100_seed03_the_bus_was_ten_minutes_late.json,2,2,0,-0.3391925141377416,0.06790482383686001,0.13567397370002002,0.55,1.0,0.0,0.0,0.3768721491667223,0.19999999999999998,0.9100000000000001,0.0,0.3333333333333333,2.380952380952381,miniature,0.3333333333333333,2.380952380952381,miniature,0.0,0.0,,0.4,miniature,0.5,0.5,the; bus; was; ten; minutes; late; finally; glared; worn-out; bench; its; metal,the; bus,0.5,0.4,0.0,2,0,"The bus's driver, a worn, paintless face, with eyes that have lost their luster, rubs the crown of a small, forgotten top hat, now a miniature, that has also been sheltered, a tiny, miniature top hat, now a tiny, sleeping crow, stirs, and the bus, with rusty h"
steer_alpha_0p77_c8_tok100_seed03_the_bus_was_ten_minutes_late.json,steer_alpha_0p77,experiments/frontier_sweep_mundane_hub_ablation_smoke/steer_alpha_0p77_c8_tok100_seed03_the_bus_was_ten_minutes_late.json,2,3,0,0.4641091875127921,0.0014415083937743287,0.19776791987757558,0.008888888888888889,0.0,0.0,0.04444444444444444,0.6219116977282251,0.05999999999999997,0.9730000000000001,0.0,0.3333333333333333,2.6315789473684212,old man,0.0,0.0,,0.3333333333333333,2.6315789473684212,old man,0.0,,1.0,0.0,the; bus; was; ten; minutes; late; finally; glared; worn-out; bench; its; metal,the; bus; bench; its,0.0,0.4,0.0,0,0,"The bus, now empty and still, its doors creak, as a small, rusty harmonica, once a conductor's, now clings to the edge of the bench, where a small, hand-carved wooden box, adorned with intricate, faded carvings, slowly opens, releasing a faint, wispy, old man"
steer_alpha_0p77_c8_tok100_seed03_the_bus_was_ten_minutes_late.json,steer_alpha_0p77,experiments/frontier_sweep_mundane_hub_ablation_smoke/steer_alpha_0p77_c8_tok100_seed03_the_bus_was_ten_minutes_late.json,2,4,0,0.22632695209346454,0.0,0.487030292280535,0.0,0.0,0.0,0.0,0.9189250797745944,0.05999999999999997,0.9730000000000001,0.0,0.6666666666666666,6.0606060606060606,delicate; miniature,0.3333333333333333,3.0303030303030303,miniature,0.3333333333333333,3.0303030303030303,delicate,0.4,miniature,0.75,0.25,the; bus; was; ten; minutes; late; finally; glared; worn-out; bench; its; metal,the; bus; its,0.16666666666666666,0.0,0.0,0,0,"As the bus's rusty hinges creaked, a small, forgotten suitcase, adorned with a faded, peeling poster from a bygone era, slowly opens, revealing a tiny, sleeping porter, clutching a miniature, delicate, brass telescope, its lenses foggy with dew."
steer_alpha_0p77_c8_tok100_seed03_the_bus_was_ten_minutes_late.json,steer_alpha_0p77,experiments/frontier_sweep_mundane_hub_ablation_smoke/steer_alpha_0p77_c8_tok100_seed03_the_bus_was_ten_minutes_late.json,2,5,0,-1.7657499969372141,0.0055078927861973975,0.3274509430818575,0.020512820512820513,0.0,0.0,0.10256410256410256,0.654901886163715,0.0,1.0,0.0,0.0,0.0,,0.0,0.0,,0.0,0.0,,0.0,,0.5,0.5,the; bus; was; ten; minutes; late; finally; glared; worn-out; bench; its; metal,the; its,0.0,0.0,0.0,0,0,"The crow, now fully awake, stretches its wings, and a small, rain-soaked newspaper, now dry and slightly crumpled, slips from its grasp, revealing a crumpled, partially unfolded map, with a small, faded, hand-drawn map of the city, partially torn and partially visible."
steer_alpha_0p77_c8_tok100_seed03_the_bus_was_ten_minutes_late.json,steer_alpha_0p77,experiments/frontier_sweep_mundane_hub_ablation_smoke/steer_alpha_0p77_c8_tok100_seed03_the_bus_was_ten_minutes_late.json,2,6,0,-1.5871887149720392,0.0,0.11740622879744556,0.0,0.0,0.0,0.0,0.3913540959914852,0.0,1.0,0.0,0.0,0.0,,0.0,0.0,,0.0,0.0,,0.0,,0.75,0.25,the; bus; was; ten; minutes; late; finally; glared; worn-out; bench; its; metal,the; bus; bench,0.14285714285714285,0.4,0.0,0,0,"The bus's rusty, metallic skin slowly unstucked a small, weathered wooden bench creaks, and a small, forgotten suitcase, adorned with a faded, peeling sign that reads ""Paris,"" slowly rises, revealing a small, disheveled, sleeping crow, now stirring, and a forg"
steer_alpha_0p77_c8_tok100_seed03_the_bus_was_ten_minutes_late.json,steer_alpha_0p77,experiments/frontier_sweep_mundane_hub_ablation_smoke/steer_alpha_0p77_c8_tok100_seed03_the_bus_was_ten_minutes_late.json,2,7,0,-0.06349521951286663,0.005541080491400492,0.008446769041769043,0.8,1.0,1.0,0.0,0.09385298935298936,0.19999999999999998,0.9100000000000001,0.0,1.0,11.428571428571429,delicate; leather-bound; miniature; porcelain,1.0,8.571428571428571,leather-bound; miniature; porcelain,0.3333333333333333,2.857142857142857,delicate,1.0,leather-bound; miniature; porcelain,0.5,0.5,the; bus; was; ten; minutes; late; finally; glared; worn-out; bench; its; metal,the; its,0.0,0.85,0.0,1,1,"The umbrella, now a tiny, delicate, and intricately carved wooden frame now holds a small, leather-bound satchel, which, instead of a wallet, contains a miniature, silver-tipped cane, and on its lid, a small, hand-painted, porcelain-free, ceramic smile, which"
steer_alpha_0p77_c8_tok100_seed03_the_bus_was_ten_minutes_late.json,steer_alpha_0p77,experiments/frontier_sweep_mundane_hub_ablation_smoke/steer_alpha_0p77_c8_tok100_seed03_the_bus_was_ten_minutes_late.json,2,8,0,-1.230158658512622,0.0,0.02056069041205509,0.0,0.0,0.0,0.0,0.2586250366296238,0.05999999999999997,0.9730000000000001,0.0,0.3333333333333333,2.7027027027027026,antique,0.3333333333333333,2.7027027027027026,antique,0.0,0.0,,0.375,antique,0.5,0.5,the; bus; was; ten; minutes; late; finally; glared; worn-out; bench; its; metal,the; bus,0.125,0.85,0.0,0,0,"The bus's rusty, yellowing mirror, once a shiny, new, and polished surface, now, a cracked and faded, 19th-century, gilded frame, now holds a small, water-stained, and yellowing, 19, a diminutive, antique, wooden, and intricately carved, a tiny, old, and worn"
steer_alpha_0p77_c8_tok100_seed03_the_bus_was_ten_minutes_late.json,steer_alpha_0p77,experiments/frontier_sweep_mundane_hub_ablation_smoke/steer_alpha_0p77_c8_tok100_seed03_the_bus_was_ten_minutes_late.json,3,1,1,1.171216932179345,0.10217943580323653,0.22656194191404994,0.55,1.0,0.0,0.0,0.6293387275390276,0.19999999999999998,0.9100000000000001,0.0,0.3333333333333333,2.7777777777777777,antique,0.3333333333333333,2.7777777777777777,antique,0.0,0.0,,0.375,antique,0.25,0.75,the; bus; was; ten; minutes; late; finally; glared; worn-out; bench; its; metal,the,0.0,0.4,0.0,1,0,"The woman's eyes, a deep, dark well, seems to suck in the morning dew, as it drips, like a slow, silver tear, onto the dashboard, where a small, antique, silvered-glass compass, once a navigational aid, now a makeshift, quill, holds a small, yellowed, handwrit"
steer_alpha_0p77_c8_tok100_seed03_the_bus_was_ten_minutes_late.json,steer_alpha_0p77,experiments/frontier_sweep_mundane_hub_ablation_smoke/steer_alpha_0p77_c8_tok100_seed03_the_bus_was_ten_minutes_late.json,3,2,0,0.28441157868882044,0.08766030259384214,0.19436874189321982,0.55,1.0,0.0,0.0,0.6112224587837101,0.05999999999999997,0.9730000000000001,0.0,0.0,0.0,,0.0,0.0,,0.0,0.0,,0.0,,0.75,0.25,the; bus; was; ten; minutes; late; finally; glared; worn-out; bench; its; metal,the; bus; its,0.0,0.4,0.0,1,0,"The woman's eyes, a deep, dark brown, seem to hold a thousand midnights, and the morning light, a pale, pale flame, slowly creeps, as the bus, now a small, wooden cradle, gently rocks, and the crow, now awake, stretches, its black, glossy feathers, like a tiny"
steer_alpha_0p77_c8_tok100_seed03_the_bus_was_ten_minutes_late.json,steer_alpha_0p77,experiments/frontier_sweep_mundane_hub_ablation_smoke/steer_alpha_0p77_c8_tok100_seed03_the_bus_was_ten_minutes_late.json,3,3,0,0.7973537422333137,0.06925385135754819,0.15355621143580528,0.55,1.0,0.0,0.0,0.4265450317661258,0.19999999999999998,0.9100000000000001,0.0,1.0,13.513513513513514,antique; delicate; miniature; mist; ornate,1.0,8.108108108108109,antique; miniature; ornate,0.6666666666666666,5.405405405405405,delicate; mist,1.0,antique; miniature; ornate,0.5,0.5,the; bus; was; ten; minutes; late; finally; glared; worn-out; bench; its; metal,the; bus,0.0,0.4,0.0,1,0,"The city, a tapestry of grays and tues, the woman's eyes, sunken, but alert, as she steers the bus through a tunnel of morning mist, where a small, antique, ornate mailbox, once a mailbox, now a miniature, receives a small, delicate, hand-written note, with a"
steer_alpha_0p77_c8_tok100_seed03_the_bus_was_ten_minutes_late.json,steer_alpha_0p77,experiments/frontier_sweep_mundane_hub_ablation_smoke/steer_alpha_0p77_c8_tok100_seed03_the_bus_was_ten_minutes_late.json,3,4,0,-0.6884901710118592,0.0,0.20060491392628377,0.0,0.0,0.0,0.0,0.6308330626612697,0.05999999999999997,0.9730000000000001,0.0,0.3333333333333333,2.5641025641025643,miniature,0.3333333333333333,2.5641025641025643,miniature,0.0,0.0,,0.4,miniature,0.5,0.5,the; bus; was; ten; minutes; late; finally; glared; worn-out; bench; its; metal,the; bus,0.2,0.4,0.0,0,0,"The bus driver, her eyes half-lidded, her hair a tangled mess, the driver's worn, pale skin, a faint, pinkish hue, peels off a small, flaky, ceramic tile, revealing a small, cracked mirror, where a tiny, bespectaced, besueting face, with a miniature top hat an"
steer_alpha_0p77_c8_tok100_seed03_the_bus_was_ten_minutes_late.json,steer_alpha_0p77,experiments/frontier_sweep_mundane_hub_ablation_smoke/steer_alpha_0p77_c8_tok100_seed03_the_bus_was_ten_minutes_late.json,3,5,0,0.81317083191,0.0,0.21869999999999998,0.0,0.0,0.0,0.0,0.6075,0.19999999999999998,0.9100000000000001,0.0,1.0,8.571428571428571,delicate; fog; miniature,0.3333333333333333,2.857142857142857,miniature,0.6666666666666666,5.714285714285714,delicate; fog,0.4,miniature,0.75,0.25,the; bus; was; ten; minutes; late; finally; glared; worn-out; bench; its; metal,the; bus; its,0.0,0.4,0.0,0,0,"The driver, her eyes, a deep, dark well, seems to suck in the city, a slow, slow drink, as the bus, a living, breathing creature, exhales a plume of fog, misty and serene, its windshield, a miniature, a tiny, delicate, filigework of frost, as the city, a vast"
steer_alpha_0p77_c8_tok100_seed03_the_bus_was_ten_minutes_late.json,steer_alpha_0p77,experiments/frontier_sweep_mundane_hub_ablation_smoke/steer_alpha_0p77_c8_tok100_seed03_the_bus_was_ten_minutes_late.json,3,6,0,0.8521285101982161,0.0,0.20742873417349858,0.0,0.0,0.0,0.0,0.5761909282597183,0.19999999999999998,0.9100000000000001,0.0,0.6666666666666666,5.2631578947368425,delicate; miniature,0.3333333333333333,2.6315789473684212,miniature,0.3333333333333333,2.6315789473684212,delicate,0.4,miniature,0.5,0.5,the; bus; was; ten; minutes; late; finally; glared; worn-out; bench; its; metal,the; bus,0.3333333333333333,0.4,0.0,0,0,"As the bus rumbles forward, the woman's eyes, slightly ajar, half-lidded, the morning light, a thin, translucent veil, seeps in, casting a miniature, intricate, filigework of frost, delicate, lace-like, across the driver's worn, veined hands, as the crow, now"
steer_alpha_0p77_c8_tok100_seed03_the_bus_was_ten_minutes_late.json,steer_alpha_0p77,experiments/frontier_sweep_mundane_hub_ablation_smoke/steer_alpha_0p77_c8_tok100_seed03_the_bus_was_ten_minutes_late.json,3,7,0,1.042232040422442,0.0011453403584296474,0.15235735342286275,0.008888888888888889,0.0,0.0,0.04444444444444444,0.42321487061906327,0.19999999999999998,0.9100000000000001,0.0,0.6666666666666666,4.761904761904762,fog; mist,0.0,0.0,,0.6666666666666666,4.761904761904762,fog; mist,0.0,,0.5,0.5,the; bus; was; ten; minutes; late; finally; glared; worn-out; bench; its; metal,the; bus,0.14285714285714285,0.4,0.0,0,0,"The city's fog, a damp, gray mist, creeps over the bus, as the woman, still sips her coffee, her eyes, red-rimmed, seem to hold a thousand midnights, and a small, leather canteen, once a prop for a forgotten harmonica, now rests, beside the umbrella, where the"
steer_alpha_0p77_c8_tok100_seed03_the_bus_was_ten_minutes_late.json,steer_alpha_0p77,experiments/frontier_sweep_mundane_hub_ablation_smoke/steer_alpha_0p77_c8_tok100_seed03_the_bus_was_ten_minutes_late.json,3,8,0,0.48525288278247697,0.0,0.1517252437703142,0.0,0.0,0.0,0.0,0.4214590104730951,0.19999999999999998,0.9100000000000001,0.0,0.0,0.0,,0.0,0.0,,0.0,0.0,,0.0,,0.75,0.25,the; bus; was; ten; minutes; late; finally; glared; worn-out; bench; its; metal,the; bus; bench,0.0,0.4,0.0,0,0,"As the bus rumbles to a stop, the driver, still sipping her coffee, slowly sets it down on the bench beside the umbrella, where the crow stirs, opens one glassy eye, and stretches, shaking off the morning dew, which, like a tiny, transparent mirror, reflects t"
steer_alpha_0p82_c8_tok100_seed03_the_bus_was_ten_minutes_late.json,steer_alpha_0p82,experiments/frontier_sweep_mundane_hub_ablation_smoke/steer_alpha_0p82_c8_tok100_seed03_the_bus_was_ten_minutes_late.json,1,1,1,-1.8091710713986071,0.0,0.49348540145985403,0.0,0.0,0.0,0.0,0.9869708029197081,0.0,1.0,0.0,0.3333333333333333,4.166666666666667,old man,0.0,0.0,,0.3333333333333333,4.166666666666667,old man,0.0,,0.25,0.75,the; bus; was; ten; minutes; late,the,0.3,0.0,0.0,0,0,"The seats were empty, except for a lone, old man, his overcoat stained with rain, clutching a worn, metal suitcase, a small, brass telescope, and a pair of binoculars."
steer_alpha_0p82_c8_tok100_seed03_the_bus_was_ten_minutes_late.json,steer_alpha_0p82,experiments/frontier_sweep_mundane_hub_ablation_smoke/steer_alpha_0p82_c8_tok100_seed03_the_bus_was_ten_minutes_late.json,1,2,0,-0.8024503546099291,0.0,0.5199356382978724,0.0,0.0,0.0,0.0,0.9810106382978724,0.05999999999999997,0.9730000000000001,0.0,0.0,0.0,,0.0,0.0,,0.0,0.0,,0.0,,0.5,0.5,the; bus; was; ten; minutes; late,the; bus,0.1,0.0,0.0,0,0,"The bus driver, with a face like a worn, flayed prune, slowly opens its eyes, revealing a mesh of fine, silver veins."
steer_alpha_0p82_c8_tok100_seed03_the_bus_was_ten_minutes_late.json,steer_alpha_0p82,experiments/frontier_sweep_mundane_hub_ablation_smoke/steer_alpha_0p82_c8_tok100_seed03_the_bus_was_ten_minutes_late.json,1,3,0,-0.4931539440203563,0.0,0.44018549618320607,0.0,0.0,0.0,0.0,0.7336424936386768,0.19999999999999998,0.9100000000000001,0.0,0.0,0.0,,0.0,0.0,,0.0,0.0,,0.0,,0.5,0.5,the; bus; was; ten; minutes; late,the; bus,0.4,0.0,0.0,0,0,"it stood in an empty, dimly lit bus station, its metal body slowly rusting away, as two old, suited man and a young, toused woman, both with briefcases, exchange a hesitant glance, while a newspaper, forgotten on the floor, slowly unfolds onto the wet pavement, its wet, crumpled pages fluttering in the faint breeze."
steer_alpha_0p82_c8_tok100_seed03_the_bus_was_ten_minutes_late.json,steer_alpha_0p82,experiments/frontier_sweep_mundane_hub_ablation_smoke/steer_alpha_0p82_c8_tok100_seed03_the_bus_was_ten_minutes_late.json,1,4,0,-0.53694623655914,0.0,0.4295483870967741,0.0,0.0,0.0,0.0,0.7159139784946236,0.19999999999999998,0.9100000000000001,0.0,0.3333333333333333,3.225806451612903,mist,0.0,0.0,,0.3333333333333333,3.225806451612903,mist,0.0,,0.25,0.75,the; bus; was; ten; minutes; late,the,0.1,0.0,0.0,0,0,"Its driver, a woman with green eyes and a kind face, sips tea and reads a newspaper in the driver's seat, as the city rushes by, a blur of steel and stone, its windows foged with morning mist."
steer_alpha_0p82_c8_tok100_seed03_the_bus_was_ten_minutes_late.json,steer_alpha_0p82,experiments/frontier_sweep_mundane_hub_ablation_smoke/steer_alpha_0p82_c8_tok100_seed03_the_bus_was_ten_minutes_late.json,1,5,0,-1.2157483319890285,0.0,0.4221391458954324,0.0,0.0,0.0,0.0,0.703565243159054,0.19999999999999998,0.9100000000000001,0.0,0.3333333333333333,1.8867924528301887,mist,0.0,0.0,,0.3333333333333333,1.8867924528301887,mist,0.0,,0.25,0.75,the; bus; was; ten; minutes; late,the,0.45,0.0,0.0,0,0,"as it waited, a rusty tin can suddenly materialized, condensation dripping from its spout, its lid slightly ajar, a forgotten umbrella leans against its side, a small, forlown, wilted flower peeps out from a crack in the metal's seam, and a small, paper with a crumpled, worn-out name, 'Emm, 187, rue de l'Eglige, 19, Montmarted by a faint, morning mist."
steer_alpha_0p82_c8_tok100_seed03_the_bus_was_ten_minutes_late.json,steer_alpha_0p82,experiments/frontier_sweep_mundane_hub_ablation_smoke/steer_alpha_0p82_c8_tok100_seed03_the_bus_was_ten_minutes_late.json,1,6,0,-3.2635405219780216,0.0,0.4408004807692308,0.0,0.0,0.0,0.0,0.8816009615384616,0.0,1.0,0.0,0.3333333333333333,2.857142857142857,antique,0.3333333333333333,2.857142857142857,antique,0.0,0.0,,0.375,antique,0.0,1.0,the; bus; was; ten; minutes; late,,0.45,0.0,0.0,0,0,"Its driver, a sleepless, gaunt man, sips a lukew than a slow, slow rain, a single, grimy streetlamp hums a lonely, tin can and a tin can, a small, antique telescope, a newspaper, a small, wooden bench, an old, moss, a forgotten, metal, a small, pale woman."
steer_alpha_0p82_c8_tok100_seed03_the_bus_was_ten_minutes_late.json,steer_alpha_0p82,experiments/frontier_sweep_mundane_hub_ablation_smoke/steer_alpha_0p82_c8_tok100_seed03_the_bus_was_ten_minutes_late.json,1,7,0,-0.8509968404423383,0.0018337386161137446,0.1606663507109005,0.013333333333333334,0.0,0.0,0.06666666666666667,0.4462954186413902,0.19999999999999998,0.9100000000000001,0.0,0.3333333333333333,2.7777777777777777,old man,0.0,0.0,,0.3333333333333333,2.7777777777777777,old man,0.0,,0.0,1.0,the; bus; was; ten; minutes; late,,0.2,0.4,0.0,0,0,"Its doors creaked open, releasing a chill of autumn evening, and a small, old man with a top hat and a briefcase steps out, umbrella in hand, onto a deserted sidewalk, where a small, metallic bird perches, its wings slightly ajar, as if it might take flight at"
steer_alpha_0p82_c8_tok100_seed03_the_bus_was_ten_minutes_late.json,steer_alpha_0p82,experiments/frontier_sweep_mundane_hub_ablation_smoke/steer_alpha_0p82_c8_tok100_seed03_the_bus_was_ten_minutes_late.json,1,8,0,-3.9855735981308404,0.0,0.13328796728971964,0.0,0.0,0.0,0.0,0.4442932242990655,0.0,1.0,0.0,0.0,0.0,,0.0,0.0,,0.0,0.0,,0.0,,0.0,1.0,the; bus; was; ten; minutes; late,,0.45,0.4,0.0,0,0,"Its wheels, a dozen pige, a vendor, a vendor, a small, forgotten garden, a rusty old pipe, a faded, forgotten umbrella, a tattered, frayed, and weathered, a small, tattered, and worn, a forgotten, a small, grimy, and overgrown, a rusty, a tattered, and a small"
steer_alpha_0p82_c8_tok100_seed03_the_bus_was_ten_minutes_late.json,steer_alpha_0p82,experiments/frontier_sweep_mundane_hub_ablation_smoke/steer_alpha_0p82_c8_tok100_seed03_the_bus_was_ten_minutes_late.json,2,1,1,0.567468788129524,0.0,0.5490453658536585,0.0,0.0,0.0,0.0,0.9150756097560975,0.19999999999999998,0.9100000000000001,0.0,0.3333333333333333,4.166666666666667,old man,0.0,0.0,,0.3333333333333333,4.166666666666667,old man,0.0,,0.75,0.25,the; bus; was; ten; minutes; late; seats; empty; except; for; lone; old,the; bus; old,0.25,0.0,0.0,0,0,"As the bus rumbled on, the old man's eyes, red from lack of sleep, fixed on a small, weathered, wooden sign that reads ""Welcome to Ravensrook, 5 miles""."
steer_alpha_0p82_c8_tok100_seed03_the_bus_was_ten_minutes_late.json,steer_alpha_0p82,experiments/frontier_sweep_mundane_hub_ablation_smoke/steer_alpha_0p82_c8_tok100_seed03_the_bus_was_ten_minutes_late.json,2,2,0,0.7147511967255631,0.0,0.23293996663886568,0.0,0.0,0.0,0.0,0.6470554628857381,0.19999999999999998,0.9100000000000001,0.0,0.0,0.0,,0.0,0.0,,0.0,0.0,,0.0,,0.25,0.75,the; bus; was; ten; minutes; late; seats; empty; except; for; lone; old,the,0.25,0.4,0.0,0,0,"As the man stood, his eyes, hidden behind a pair of thick, round, wire-rimless glasses, he carefully, with gloved, wrinkled hands, opens the worn, metal suitcase, releasing a tumble of rainbow-colored umbrellas, each one, once a vibrant, umbrella, now limp, an"
steer_alpha_0p82_c8_tok100_seed03_the_bus_was_ten_minutes_late.json,steer_alpha_0p82,experiments/frontier_sweep_mundane_hub_ablation_smoke/steer_alpha_0p82_c8_tok100_seed03_the_bus_was_ten_minutes_late.json,2,3,0,-0.9507529630349252,0.0,0.2101306151940545,0.0,0.0,0.0,0.0,0.7004353839801817,0.19999999999999998,0.9100000000000001,0.5,0.3333333333333333,3.125,old man,0.0,0.0,,0.3333333333333333,3.125,old man,0.0,,0.75,0.25,the; bus; was; ten; minutes; late; seats; empty; except; for; lone; old,the; bus; old,0.2,0.0,0.0,0,0,"As the bus finally lurches into a deserted, abandoned station, the old man steps out, his eyes fixed on a small, rusty, metal door with a small, wooden sign that creaks in the wind, reading ""Galaxy Observatory""."
steer_alpha_0p82_c8_tok100_seed03_the_bus_was_ten_minutes_late.json,steer_alpha_0p82,experiments/frontier_sweep_mundane_hub_ablation_smoke/steer_alpha_0p82_c8_tok100_seed03_the_bus_was_ten_minutes_late.json,2,4,0,-0.009810865748536679,0.0,0.20960155532891378,0.0,0.0,0.0,0.0,0.5822265425803161,0.19999999999999998,0.9100000000000001,0.0,0.3333333333333333,2.7027027027027026,old man,0.0,0.0,,0.3333333333333333,2.7027027027027026,old man,0.0,,0.5,0.5,the; bus; was; ten; minutes; late; seats; empty; except; for; lone; old,the; old,0.2,0.4,0.0,0,0,"He stood, slowly, his eyes fixed on a small, rusty, old telescope, abandoned on the seat beside him, its lens now cloudy with a thin, verdant fern, and a small, wooden, wooden, wooden bench beside it, slowly, the old man tenderly, a pale, withered flower, a sm"
steer_alpha_0p82_c8_tok100_seed03_the_bus_was_ten_minutes_late.json,steer_alpha_0p82,experiments/frontier_sweep_mundane_hub_ablation_smoke/steer_alpha_0p82_c8_tok100_seed03_the_bus_was_ten_minutes_late.json,2,5,0,0.5707556063480128,0.0,0.1599563863645161,0.0,0.0,0.0,0.0,0.4443232954569891,0.19999999999999998,0.9100000000000001,0.0,0.6666666666666666,4.878048780487805,miniature; old man,0.3333333333333333,2.4390243902439024,miniature,0.3333333333333333,2.4390243902439024,old man,0.4,miniature,0.75,0.25,the; bus; was; ten; minutes; late; seats; empty; except; for; lone; old,the; bus; old,0.75,0.4,0.0,0,0,"The old man, his eyes fixed on the bus, his gaze a mixture of longing and desperation, as the rain-soles of a small, forgotten umbrella, now dry and brittle, lies beside him, its wooden handle worn and twisted, its metal rim now a tiny, miniature, inverted, in"
steer_alpha_0p82_c8_tok100_seed03_the_bus_was_ten_minutes_late.json,steer_alpha_0p82,experiments/frontier_sweep_mundane_hub_ablation_smoke/steer_alpha_0p82_c8_tok100_seed03_the_bus_was_ten_minutes_late.json,2,6,0,-0.8445157439998554,0.0,0.14434072500708015,0.0,0.0,0.0,0.0,0.40094645835300047,0.19999999999999998,0.9100000000000001,0.0,1.0,9.090909090909092,ethereal; iridescent; old man,0.0,0.0,,1.0,9.090909090909092,ethereal; iridescent; old man,0.0,,0.5,0.5,the; bus; was; ten; minutes; late; seats; empty; except; for; lone; old,the; old,0.25,0.4,0.0,0,0,"The old man, shivering, looks up at the sky, where a vast, cloudy expanse of gray and blue is slowly, slowly unfolding, as if it's opening, revealing a window of iridescent, opalescent light that pours down, casting an ethereal glow on the man, illuminating th"
steer_alpha_0p82_c8_tok100_seed03_the_bus_was_ten_minutes_late.json,steer_alpha_0p82,experiments/frontier_sweep_mundane_hub_ablation_smoke/steer_alpha_0p82_c8_tok100_seed03_the_bus_was_ten_minutes_late.json,2,7,0,0.06375123194473248,0.0,0.12777238977601546,0.0,0.0,0.0,0.0,0.4017999678491052,0.05999999999999997,0.9730000000000001,0.0,0.3333333333333333,2.5,old man,0.0,0.0,,0.3333333333333333,2.5,old man,0.0,,0.5,0.5,the; bus; was; ten; minutes; late; seats; empty; except; for; lone; old,the; old,0.25,0.4,0.0,0,0,"The old man, his eyes fixed on the sky, the telescope now pointed at a faint, full moon, the binoculars now serving as makeshift binoculars, a small, wooden bench appears, and a steaming, metal café materializes, a sign reading ""Ecliptic Café"" creaks open, its"
steer_alpha_0p82_c8_tok100_seed03_the_bus_was_ten_minutes_late.json,steer_alpha_0p82,experiments/frontier_sweep_mundane_hub_ablation_smoke/steer_alpha_0p82_c8_tok100_seed03_the_bus_was_ten_minutes_late.json,2,8,0,0.5051380782149839,0.0,0.012788466577641168,0.0,0.0,0.0,0.0,0.14209407308490185,0.19999999999999998,0.9100000000000001,0.0,0.6666666666666666,5.128205128205129,ethereal; old man,0.0,0.0,,0.6666666666666666,5.128205128205129,ethereal; old man,0.0,,0.75,0.25,the; bus; was; ten; minutes; late; seats; empty; except; for; lone; old,the; bus; old,0.5,0.85,0.0,0,0,"As the bus rumbled on, the old man peered through his telescope, its small, brass barrel gazing out at a city, where iron latticework, like a giant, industrial spider, weeps rain, and a small, tin can, half-filled with water, emits a faint, ethereal glow, and"
steer_alpha_0p82_c8_tok100_seed03_the_bus_was_ten_minutes_late.json,steer_alpha_0p82,experiments/frontier_sweep_mundane_hub_ablation_smoke/steer_alpha_0p82_c8_tok100_seed03_the_bus_was_ten_minutes_late.json,3,1,1,0.09268154213367708,0.09095355969427896,0.4301857553107789,0.25,0.0,1.0,0.0,0.7169762588512982,0.19999999999999998,0.9100000000000001,0.0,0.3333333333333333,2.4390243902439024,antique,0.3333333333333333,2.4390243902439024,antique,0.0,0.0,,0.375,antique,0.25,0.75,the; bus; was; ten; minutes; late; seats; empty; except; for; lone; old,the,0.14285714285714285,0.0,0.0,0,1,"A small, rusty, iron gate creaks open, revealing a decrepit, stone doorway, partially hidden behind a tangle of overgrown, moss and vines, its iron hinges, worn, its door, adorned with a small, antique, copper plaque, bearing an inscription, ""We do not come in ships, but we sail on the sea of stars."""
steer_alpha_0p82_c8_tok100_seed03_the_bus_was_ten_minutes_late.json,steer_alpha_0p82,experiments/frontier_sweep_mundane_hub_ablation_smoke/steer_alpha_0p82_c8_tok100_seed03_the_bus_was_ten_minutes_late.json,3,2,0,1.5498640675350608,0.10565472310393732,0.48857675423786046,0.25,0.0,1.0,0.0,0.8142945903964341,0.19999999999999998,0.8879841954022989,0.0,0.3333333333333333,3.8461538461538463,old man,0.0,0.0,,0.3333333333333333,3.8461538461538463,old man,0.0,,0.5,0.5,the; bus; was; ten; minutes; late; seats; empty; except; for; lone; old,the; old,0.25,0.0,0.0,0,1,"The old man's eyes, still fixed on the sign, his gaze seems to intensify, as if he's trying to will the sign to change, to replace ""Ravensrook"" with ""Raven's Crook""."
steer_alpha_0p82_c8_tok100_seed03_the_bus_was_ten_minutes_late.json,steer_alpha_0p82,experiments/frontier_sweep_mundane_hub_ablation_smoke/steer_alpha_0p82_c8_tok100_seed03_the_bus_was_ten_minutes_late.json,3,3,0,1.2749043314904502,0.09027930769230769,0.41990375670840785,0.25,0.0,1.0,0.0,0.6998395945140131,0.19999999999999998,0.9100000000000001,0.0,0.6666666666666666,4.444444444444445,fog; old man,0.0,0.0,,0.6666666666666666,4.444444444444445,fog; old man,0.0,,0.5,0.5,the; bus; was; ten; minutes; late; seats; empty; except; for; lone; old,the; old,0.2222222222222222,0.0,0.0,0,1,"A small, rusty, iron, and weathered, wooden sign, slightly ajar, creaks and groans, as if in sympathetic sympathy with the old man, its letters, once a bright, glossy red, now faded, slowly, the words ""Ravensrook, 5 miles"" warp and weeps, as a faint, wispy, fog creeps in, shrouding the sign in a damp, misty veil."
steer_alpha_0p82_c8_tok100_seed03_the_bus_was_ten_minutes_late.json,steer_alpha_0p82,experiments/frontier_sweep_mundane_hub_ablation_smoke/steer_alpha_0p82_c8_tok100_seed03_the_bus_was_ten_minutes_late.json,3,4,0,0.944103631160728,0.08407960292257086,0.3829052125506073,0.25833333333333336,0.0,1.0,0.041666666666666664,0.6381753542510121,0.19999999999999998,0.9100000000000001,0.0,0.3333333333333333,1.5625,old man,0.0,0.0,,0.3333333333333333,1.5625,old man,0.0,,1.0,0.0,the; bus; was; ten; minutes; late; seats; empty; except; for; lone; old,the; bus; for; old,0.16666666666666666,0.0,0.0,0,2,"The old man's gaze remained fixed on the sign as the bus rounded a sharp curve, and the sign, now partially hidden behind a tattered, vinyl curtain, creaks and groans, as if in sympathy with the bus's slow, rhythmic creaks and groans, a small, rusty, iron, Victorian-style mail box appears, and a piece of paper, with a handwritten, child's scrawl, reads ""For the old man who waits for no man""."
steer_alpha_0p82_c8_tok100_seed03_the_bus_was_ten_minutes_late.json,steer_alpha_0p82,experiments/frontier_sweep_mundane_hub_ablation_smoke/steer_alpha_0p82_c8_tok100_seed03_the_bus_was_ten_minutes_late.json,3,5,0,-0.3485181659429974,0.0,0.22492392966360858,0.0,0.0,0.0,0.0,0.6247886935100239,0.19999999999999998,0.9100000000000001,0.0,0.6666666666666666,5.555555555555555,old man; ornate,0.3333333333333333,2.7777777777777777,ornate,0.3333333333333333,2.7777777777777777,old man,0.325,ornate,0.5,0.5,the; bus; was; ten; minutes; late; seats; empty; except; for; lone; old,the; old,0.75,0.4,0.0,0,0,"The old man's eyes, bloodshot from lack of sleep, fixed on a small, weathered, wooden sign that reads ""Ravensrook, 5 miles, population 2,200, and a small, ironwork, ornate, metal sign creaks in the wind, its letters, worn, letter by letter, slowly, revealing a"
steer_alpha_0p82_c8_tok100_seed03_the_bus_was_ten_minutes_late.json,steer_alpha_0p82,experiments/frontier_sweep_mundane_hub_ablation_smoke/steer_alpha_0p82_c8_tok100_seed03_the_bus_was_ten_minutes_late.json,3,6,0,-0.5221724179346894,0.0,0.1974750211601362,0.0,0.0,0.0,0.0,0.6209906325790446,0.05999999999999997,0.9730000000000001,0.0,0.6666666666666666,5.0,miniature; old man,0.3333333333333333,2.5,miniature,0.3333333333333333,2.5,old man,0.4,miniature,0.75,0.25,the; bus; was; ten; minutes; late; seats; empty; except; for; lone; old,the; for; old,0.4,0.4,0.0,0,0,"The old man's eyes, still fixed on the sign, a gentle rain begins to fall, veering off from a nearby, metal lamppost, where a small, rusty, tin can, once a makeshift, miniature, metal, and a tiny, old, wooden bench, once a prop for a small, old, painted, ceram"
steer_alpha_0p82_c8_tok100_seed03_the_bus_was_ten_minutes_late.json,steer_alpha_0p82,experiments/frontier_sweep_mundane_hub_ablation_smoke/steer_alpha_0p82_c8_tok100_seed03_the_bus_was_ten_minutes_late.json,3,7,0,0.43401899963113305,0.0,0.2074849798612665,0.0,0.0,0.0,0.0,0.5763471662812958,0.19999999999999998,0.9100000000000001,0.0,0.6666666666666666,4.878048780487805,old man; porcelain,0.3333333333333333,2.4390243902439024,porcelain,0.3333333333333333,2.4390243902439024,old man,0.5,porcelain,0.75,0.25,the; bus; was; ten; minutes; late; seats; empty; except; for; lone; old,the; empty; old,0.4,0.4,0.0,0,0,"As the old man's gaze, sunken and empty, slowly lifted, the old man's bony fingers, yellowed and worn, slowly, imperceptibly, open, and from its worn, metal suitcase, a small, white, porcelain-free, and unlit, pipe, with a long, thin, silver mouth, slowly, a t"
steer_alpha_0p82_c8_tok100_seed03_the_bus_was_ten_minutes_late.json,steer_alpha_0p82,experiments/frontier_sweep_mundane_hub_ablation_smoke/steer_alpha_0p82_c8_tok100_seed03_the_bus_was_ten_minutes_late.json,3,8,0,0.07984754122075516,0.0,0.20251904356370784,0.0,0.0,0.0,0.0,0.5625528987880773,0.19999999999999998,0.9100000000000001,0.0,0.3333333333333333,2.5,old man,0.0,0.0,,0.3333333333333333,2.5,old man,0.0,,0.75,0.25,the; bus; was; ten; minutes; late; seats; empty; except; for; lone; old,the; bus; old,0.14285714285714285,0.4,0.0,0,0,"A small, forgotten suitcase, once belonging to the old man, now lies beside the bus, its lid slightly ajar, a small, faded, wooden badge, with the same words ""Ravensrook, 5 miles"" now, a small, rusty, metal bird, perches on the suitcase, observing the old man"
selector_alpha_0_c8_tok100_seed04_a_blue_mug_near_the_sink.json,selector_alpha_0,experiments/frontier_sweep_mundane_hub_ablation_smoke/selector_alpha_0_c8_tok100_seed04_a_blue_mug_near_the_sink.json,1,1,1,-0.18880727442492184,0.09171794781144778,0.3777164502164502,0.2722222222222222,0.0,1.0,0.1111111111111111,0.629527417027417,0.19999999999999998,0.9100000000000001,0.0,0.3333333333333333,1.8518518518518519,miniature,0.3333333333333333,1.8518518518518519,miniature,0.0,0.0,,0.4,miniature,0.5,0.5,blue; mug; the; sink,the; sink,0.4,0.0,0.0,0,2,"The old grandfather's toolbox sat on the counter, its worn wooden handle bearing the faint scent of pipe smoke and motor oil, beside a cracked mirror that hung askew, its silvered surface reflecting the faint outline of a broken vase on the floor, where a torn piece of paper still clung to the edge of the sink, bearing a crude drawing of a miniature version of the toolbox."
selector_alpha_0_c8_tok100_seed04_a_blue_mug_near_the_sink.json,selector_alpha_0,experiments/frontier_sweep_mundane_hub_ablation_smoke/selector_alpha_0_c8_tok100_seed04_a_blue_mug_near_the_sink.json,1,2,0,-0.04109803921568633,0.0,0.46599999999999997,0.0,0.0,0.0,0.0,0.7766666666666666,0.19999999999999998,0.9100000000000001,0.0,0.0,0.0,,0.0,0.0,,0.0,0.0,,0.0,,0.75,0.25,blue; mug; the; sink,blue; mug; the,0.1,0.0,0.0,0,0,"The blue mug rested on the edge of a worn, wooden chopping board, covered in splatters of tomato sauce and a few stray crumbs."
selector_alpha_0_c8_tok100_seed04_a_blue_mug_near_the_sink.json,selector_alpha_0,experiments/frontier_sweep_mundane_hub_ablation_smoke/selector_alpha_0_c8_tok100_seed04_a_blue_mug_near_the_sink.json,1,3,0,1.0091254785639632,0.010913395614744949,0.3987693779904306,0.03197159723424149,0.0,0.0,0.15985798617120744,0.664615629984051,0.19999999999999998,0.877,0.0,0.0,0.0,,0.0,0.0,,0.0,0.0,,0.0,,0.75,0.25,blue; mug; the; sink,blue; mug; the,0.2,0.0,0.0,0,0,"The blue mug was left on the worn wooden table, its ceramic surface streaked with grease from the morning's breakfast as the woman in the adjacent room hummed a gentle tune, her fingers moving deftly over the worn pages of a faded typewriter."
selector_alpha_0_c8_tok100_seed04_a_blue_mug_near_the_sink.json,selector_alpha_0,experiments/frontier_sweep_mundane_hub_ablation_smoke/selector_alpha_0_c8_tok100_seed04_a_blue_mug_near_the_sink.json,1,4,0,0.6384295405819349,0.008846485312294544,0.3795688778158414,0.02666666666666667,0.0,0.0,0.13333333333333333,0.6326147963597357,0.19999999999999998,0.9100000000000001,0.0,0.0,0.0,,0.0,0.0,,0.0,0.0,,0.0,,0.5,0.5,blue; mug; the; sink,the; sink,0.3,0.0,0.0,0,0,"The old, worn-out suitcase stood at the edge of the kitchen, its faded labels reading ""Paris"" and ""Tokyo"" as if to hint at a story that had been left unsaid, its worn handle still grasping the edge of the sink."
selector_alpha_0_c8_tok100_seed04_a_blue_mug_near_the_sink.json,selector_alpha_0,experiments/frontier_sweep_mundane_hub_ablation_smoke/selector_alpha_0_c8_tok100_seed04_a_blue_mug_near_the_sink.json,1,5,0,0.8665515334338869,0.0,0.44194871794871793,0.0,0.0,0.0,0.0,0.7365811965811966,0.19999999999999998,0.9100000000000001,0.0,0.6666666666666666,7.6923076923076925,antique; delicate,0.3333333333333333,3.8461538461538463,antique,0.3333333333333333,3.8461538461538463,delicate,0.375,antique,0.75,0.25,blue; mug; the; sink,mug; the; sink,0.1,0.0,0.0,0,0,"The mug teeters on the edge of the sink as a small, antique wooden spoon slips into its saucer, creating a delicate balance of weight and equilibrium that threatens to upset at any moment."
selector_alpha_0_c8_tok100_seed04_a_blue_mug_near_the_sink.json,selector_alpha_0,experiments/frontier_sweep_mundane_hub_ablation_smoke/selector_alpha_0_c8_tok100_seed04_a_blue_mug_near_the_sink.json,1,6,0,-1.0724791849645499,0.0,0.4329536888532478,0.0,0.0,0.0,0.0,0.7215894814220797,0.19999999999999998,0.9100000000000001,0.0,0.0,0.0,,0.0,0.0,,0.0,0.0,,0.0,,1.0,0.0,blue; mug; the; sink,blue; mug; the; sink,0.2,0.0,0.0,0,0,"The blue mug rested on a worn, wooden stool, its chipless glaze now a dull sheen, surrounded by the scattered remnants of a long-forgotten breakfast, a cup of tea teetering precariously on the edge of the sink."
selector_alpha_0_c8_tok100_seed04_a_blue_mug_near_the_sink.json,selector_alpha_0,experiments/frontier_sweep_mundane_hub_ablation_smoke/selector_alpha_0_c8_tok100_seed04_a_blue_mug_near_the_sink.json,1,7,0,0.7256504972631259,0.0067793136845784195,0.40722422018348625,0.01904761904761905,0.0,0.0,0.09523809523809523,0.6787070336391438,0.19999999999999998,0.9100000000000001,0.0,0.0,0.0,,0.0,0.0,,0.0,0.0,,0.0,,0.75,0.25,blue; mug; the; sink,blue; mug; the,0.3,0.0,0.0,0,0,"The mug sat atop the pile of dirty dishes, its vibrant blue a stark contrast to the dull, worn linoleum beneath, as the morning sunlight streaming through the kitchen window danced across its rim. On the counter, a stack of old newspapers and crumpled up fast food wrappers seemed to be slowly suffocating it, their yellowed pages and greasy residue threatening to engulf the mug's bright hue."
selector_alpha_0_c8_tok100_seed04_a_blue_mug_near_the_sink.json,selector_alpha_0,experiments/frontier_sweep_mundane_hub_ablation_smoke/selector_alpha_0_c8_tok100_seed04_a_blue_mug_near_the_sink.json,1,8,0,0.627261342983193,0.0,0.38305766899866034,0.0,0.0,0.0,0.0,0.6384294483311006,0.19999999999999998,0.9100000000000001,0.0,0.0,0.0,,0.0,0.0,,0.0,0.0,,0.0,,0.75,0.25,blue; mug; the; sink,blue; mug; the,0.1,0.0,0.0,0,0,"The blue mug sat uneasily on the edge of the wooden table, surrounded by a scattering of coffee grounds and yesterday's newspaper, a faint scent of yesterday's brew still clinging to it, as the morning sunlight streaming through the kitchen window highlighted the faint scratches on its surface."
selector_alpha_0_c8_tok100_seed04_a_blue_mug_near_the_sink.json,selector_alpha_0,experiments/frontier_sweep_mundane_hub_ablation_smoke/selector_alpha_0_c8_tok100_seed04_a_blue_mug_near_the_sink.json,2,1,1,0.026642155176826554,0.17877804427807445,0.3824129289370576,0.55,1.0,0.0,0.0,0.6373548815617627,0.19999999999999998,0.9100000000000001,0.0,0.0,0.0,,0.0,0.0,,0.0,0.0,,0.0,,1.0,0.0,blue; mug; the; sink; old; grandfather's; toolbox; sat; counter; its; worn; wooden,the; its; worn; wooden,0.16666666666666666,0.0,0.0,1,0,"A torn thread from the paper trailed across the countertop, snagging on a rusty nail in the corner, where a withered plant had withered and died, its pot still clutched in the tool's worn wooden handle. The nail had become a makeshift bookmark, its rough edge scraping against the countertop's faded linoleum."
selector_alpha_0_c8_tok100_seed04_a_blue_mug_near_the_sink.json,selector_alpha_0,experiments/frontier_sweep_mundane_hub_ablation_smoke/selector_alpha_0_c8_tok100_seed04_a_blue_mug_near_the_sink.json,2,2,0,-0.263564220448395,0.013519203247808751,0.43277937226217045,0.0380952380952381,0.0,0.0,0.19047619047619047,0.7212989537702841,0.19999999999999998,0.9100000000000001,0.0,0.0,0.0,,0.0,0.0,,0.0,0.0,,0.0,,1.0,0.0,blue; mug; the; sink; old; grandfather's; toolbox; sat; counter; its; worn; wooden,the; toolbox; counter; its,0.0,0.0,0.0,0,0,"A small, rusty screwdriver protruded from a gap in the toolbox, next to a chipped cup of coffee that had been left on the counter for weeks, its saucer smeared with yesterday's lipstick, amidst the toolbox's scattered assortment of pipes, wires, and metal rods."
selector_alpha_0_c8_tok100_seed04_a_blue_mug_near_the_sink.json,selector_alpha_0,experiments/frontier_sweep_mundane_hub_ablation_smoke/selector_alpha_0_c8_tok100_seed04_a_blue_mug_near_the_sink.json,2,3,0,0.10698398699171752,0.017548411935306416,0.3803846517768731,0.05333333333333334,0.0,0.0,0.26666666666666666,0.6339744196281218,0.19999999999999998,0.9100000000000001,0.0,0.6666666666666666,3.278688524590164,miniature; porcelain,0.6666666666666666,3.278688524590164,miniature; porcelain,0.0,0.0,,0.9,miniature; porcelain,0.75,0.25,blue; mug; the; sink; old; grandfather's; toolbox; sat; counter; its; worn; wooden,the; sink; its,0.25,0.0,0.0,0,0,"The torn paper's ink had smudged into the sink's porcelain surface, where now a faint, hand-drawn image of a miniature train chugged along the edge of the sink, its cars and wheels formed from fragments of the broken vase and a twisted length of copper wire that had been coiled around the bottom of the sink, the engine puffing out a trail of soot and broken glass."
selector_alpha_0_c8_tok100_seed04_a_blue_mug_near_the_sink.json,selector_alpha_0,experiments/frontier_sweep_mundane_hub_ablation_smoke/selector_alpha_0_c8_tok100_seed04_a_blue_mug_near_the_sink.json,2,4,0,0.21206664781297158,0.00649140625,0.4280048076923077,0.016666666666666666,0.0,0.0,0.08333333333333333,0.7133413461538461,0.19999999999999998,0.9100000000000001,0.0,0.0,0.0,,0.0,0.0,,0.0,0.0,,0.0,,1.0,0.0,blue; mug; the; sink; old; grandfather's; toolbox; sat; counter; its; worn; wooden,blue; mug; the; old; counter; its; wooden,0.5,0.0,0.0,0,0,"The torn paper had been smoothed out, revealing a faint smudge of blue paint, which matched the color of the mug, now empty and placed on the counter, beside a jar of what appeared to be old, dried paint, its lid slightly ajar, next to a broken wooden spoon."
selector_alpha_0_c8_tok100_seed04_a_blue_mug_near_the_sink.json,selector_alpha_0,experiments/frontier_sweep_mundane_hub_ablation_smoke/selector_alpha_0_c8_tok100_seed04_a_blue_mug_near_the_sink.json,2,5,0,0.8923387509706762,0.0,0.4392736887545866,0.0,0.0,0.0,0.0,0.7321228145909777,0.19999999999999998,0.9100000000000001,0.0,0.3333333333333333,2.4390243902439024,antique,0.3333333333333333,2.4390243902439024,antique,0.0,0.0,,0.375,antique,1.0,0.0,blue; mug; the; sink; old; grandfather's; toolbox; sat; counter; its; worn; wooden,the; sink; sat; its,0.16666666666666666,0.0,0.0,0,0,"The torn paper slipped from the sink, floating upwards like a lost soul, carried by a faint draft from the window, where a small, antique radio sat on a rickety shelf, its metal exterior smeared with dust and grease, its dials and knobs frozen in a perpetual state of disarray."
selector_alpha_0_c8_tok100_seed04_a_blue_mug_near_the_sink.json,selector_alpha_0,experiments/frontier_sweep_mundane_hub_ablation_smoke/selector_alpha_0_c8_tok100_seed04_a_blue_mug_near_the_sink.json,2,6,0,-0.11995070184931378,0.0,0.4167489544225051,0.0,0.0,0.0,0.0,0.6945815907041751,0.19999999999999998,0.9100000000000001,0.0,0.0,0.0,,0.0,0.0,,0.0,0.0,,0.0,,1.0,0.0,blue; mug; the; sink; old; grandfather's; toolbox; sat; counter; its; worn; wooden,the; old; grandfather's; sat,0.14285714285714285,0.0,0.0,0,0,"The torn piece of paper fluttered free, carried by a gentle breeze from the window, into the dusty corner of the old grandfather's study, where a stack of yellowed letters tied with a faded ribbon lay in disarray, and a half-empty bottle of turpentine sat atop a cluttered workbench, surrounded by broken paintbrushes and torn canvases, their hues of crimson and gold bleeding into one another."
selector_alpha_0_c8_tok100_seed04_a_blue_mug_near_the_sink.json,selector_alpha_0,experiments/frontier_sweep_mundane_hub_ablation_smoke/selector_alpha_0_c8_tok100_seed04_a_blue_mug_near_the_sink.json,2,7,0,0.3029092395065036,0.0,0.40176336221917613,0.0,0.0,0.0,0.0,0.6696056036986269,0.19999999999999998,0.9100000000000001,0.0,0.0,0.0,,0.0,0.0,,0.0,0.0,,0.0,,1.0,0.0,blue; mug; the; sink; old; grandfather's; toolbox; sat; counter; its; worn; wooden,the; sink; old; toolbox,0.16666666666666666,0.0,0.0,0,0,"The toolbox lid creaked open, revealing a scattering of tools that had been used to repair the broken vase, including a screwdriver, a hammer, and a tape measure, now tangled with a length of frayed twine that had been used to tie up a small, neatly wrapped package in the corner of the sink, beside a dusty old paint can with a faded label that read ""Martha's Paint""."
selector_alpha_0_c8_tok100_seed04_a_blue_mug_near_the_sink.json,selector_alpha_0,experiments/frontier_sweep_mundane_hub_ablation_smoke/selector_alpha_0_c8_tok100_seed04_a_blue_mug_near_the_sink.json,2,8,0,0.5411407681610698,0.0022419915490740094,0.13375517764361988,0.01904761904761905,0.0,0.0,0.09523809523809523,0.37154216012116636,0.19999999999999998,0.9100000000000001,0.0,0.3333333333333333,2.3255813953488373,faded photograph,0.3333333333333333,2.3255813953488373,faded photograph,0.0,0.0,,0.0,,1.0,0.0,blue; mug; the; sink; old; grandfather's; toolbox; sat; counter; its; worn; wooden,the; sink; toolbox; counter; its; worn,0.3333333333333333,0.4,0.0,0,0,"A torn tear ran across the counter, from the toolbox's worn handle to the edge of the sink, as a small, worn, and faded photograph slipped from the toolbox's rusted lid, its surface scratched and marked with the same faint scent of pipe smoke and motor oil, al"
selector_alpha_0_c8_tok100_seed04_a_blue_mug_near_the_sink.json,selector_alpha_0,experiments/frontier_sweep_mundane_hub_ablation_smoke/selector_alpha_0_c8_tok100_seed04_a_blue_mug_near_the_sink.json,3,1,1,0.04837398926096542,0.07399510985915492,0.1640689797320508,0.55,1.0,0.0,0.0,0.4557471659223634,0.19999999999999998,0.9100000000000001,0.0,0.0,0.0,,0.0,0.0,,0.0,0.0,,0.0,,1.0,0.0,blue; mug; the; sink; old; grandfather's; toolbox; sat; counter; its; worn; wooden,blue; mug; the; sat; its,0.0,0.4,0.0,1,0,"The same blue mug sat untouched, its chip still exposed, beside a dusty bottle of pipe cleaning fluid, its label peeling off in flakes, which drifted lazily down onto the countertop, where the torn thread from the paper had become entangled with a few stray fi"
selector_alpha_0_c8_tok100_seed04_a_blue_mug_near_the_sink.json,selector_alpha_0,experiments/frontier_sweep_mundane_hub_ablation_smoke/selector_alpha_0_c8_tok100_seed04_a_blue_mug_near_the_sink.json,3,2,0,0.36960647340570546,0.06820472766833559,0.14230494595479856,0.55,1.0,0.0,0.0,0.39529151654110717,0.19999999999999998,0.9100000000000001,0.0,0.3333333333333333,2.3255813953488373,miniature,0.3333333333333333,2.3255813953488373,miniature,0.0,0.0,,0.4,miniature,0.25,0.75,blue; mug; the; sink; old; grandfather's; toolbox; sat; counter; its; worn; wooden,the,0.2857142857142857,0.4,0.0,1,0,"The torn thread now tangled around the rusty nail, the faint scent of decay and neglect wafting from the withered plant's pot, which had become a miniature repository for a small, shiny object that had been hidden behind the broken vase on the floor, the crack"
selector_alpha_0_c8_tok100_seed04_a_blue_mug_near_the_sink.json,selector_alpha_0,experiments/frontier_sweep_mundane_hub_ablation_smoke/selector_alpha_0_c8_tok100_seed04_a_blue_mug_near_the_sink.json,3,3,0,0.08662731572292298,0.07122646290775334,0.13812500887088558,0.5666666666666668,1.0,0.0,0.08333333333333333,0.38368058019690443,0.19999999999999998,0.9100000000000001,0.0,0.3333333333333333,2.6315789473684212,faded photograph,0.3333333333333333,2.6315789473684212,faded photograph,0.0,0.0,,0.0,,1.0,0.0,blue; mug; the; sink; old; grandfather's; toolbox; sat; counter; its; worn; wooden,the; old; toolbox; counter; its,0.5,0.4,0.0,1,0,"A faded photograph of a young couple, standing in front of a similar kitchen, with the same old toolbox on the counter, the same cracked mirror, and a withered plant in the pot, was tucked into the nail's groove, where it had become a makeshift hinge, its corn"
selector_alpha_0_c8_tok100_seed04_a_blue_mug_near_the_sink.json,selector_alpha_0,experiments/frontier_sweep_mundane_hub_ablation_smoke/selector_alpha_0_c8_tok100_seed04_a_blue_mug_near_the_sink.json,3,4,0,-0.7234099810073982,0.02988463100880162,0.13717535545023696,0.25,0.0,1.0,0.0,0.38104265402843607,0.19999999999999998,0.9100000000000001,0.0,0.0,0.0,,0.0,0.0,,0.0,0.0,,0.0,,1.0,0.0,blue; mug; the; sink; old; grandfather's; toolbox; sat; counter; its; worn; wooden,the; toolbox; its; worn,0.2857142857142857,0.4,0.0,0,2,"The thread from the paper slipped further under the edge of the nail, disappearing into a narrow gap between the countertop and the base of the toolbox, where a small, dusty air vent hummed softly, its grille a mesh of rusty metal and worn mesh, its vent cover"
selector_alpha_0_c8_tok100_seed04_a_blue_mug_near_the_sink.json,selector_alpha_0,experiments/frontier_sweep_mundane_hub_ablation_smoke/selector_alpha_0_c8_tok100_seed04_a_blue_mug_near_the_sink.json,3,5,0,-0.43644411326356325,0.0,0.44164732690222624,0.0,0.0,0.0,0.0,0.7360788781703771,0.19999999999999998,0.877,0.0,0.0,0.0,,0.0,0.0,,0.0,0.0,,0.0,,0.5,0.5,blue; mug; the; sink; old; grandfather's; toolbox; sat; counter; its; worn; wooden,the; its,0.14285714285714285,0.0,0.0,0,0,"The nail held down a crumpled newspaper clipping about a sale on flour, its headline ""All-Seasons Flour at Historic Low Prices"" still legible under the faint smudge of a long-forgotten pencil mark."
selector_alpha_0_c8_tok100_seed04_a_blue_mug_near_the_sink.json,selector_alpha_0,experiments/frontier_sweep_mundane_hub_ablation_smoke/selector_alpha_0_c8_tok100_seed04_a_blue_mug_near_the_sink.json,3,6,0,-0.11296741896306339,0.004561846331691297,0.408279802955665,0.013333333333333334,0.0,0.0,0.06666666666666667,0.6804663382594417,0.19999999999999998,0.9100000000000001,0.0,0.3333333333333333,1.6666666666666667,faded photograph,0.3333333333333333,1.6666666666666667,faded photograph,0.0,0.0,,0.0,,0.5,0.5,blue; mug; the; sink; old; grandfather's; toolbox; sat; counter; its; worn; wooden,the; its,0.1,0.0,0.0,0,0,"The thread, now free from the nail, had curled around a small, dusty container in the corner, partially hidden behind a stack of yellowed newspapers, the container's lid slightly ajar, revealing a faded photograph of a young couple standing beside a vintage motorcycle, its chrome pipes gleaming in the dim light, the woman's hair blown back by the wind, her eyes fixed on a road that seemed to stretch out into infinity."
selector_alpha_0_c8_tok100_seed04_a_blue_mug_near_the_sink.json,selector_alpha_0,experiments/frontier_sweep_mundane_hub_ablation_smoke/selector_alpha_0_c8_tok100_seed04_a_blue_mug_near_the_sink.json,3,7,0,0.8697216496460063,0.0,0.42219379844961236,0.0,0.0,0.0,0.0,0.703656330749354,0.19999999999999998,0.9100000000000001,0.0,0.3333333333333333,1.8518518518518519,faded photograph,0.3333333333333333,1.8518518518518519,faded photograph,0.0,0.0,,0.0,,1.0,0.0,blue; mug; the; sink; old; grandfather's; toolbox; sat; counter; its; worn; wooden,the; sink; sat; its,0.2857142857142857,0.0,0.0,0,0,"The torn thread from the paper now wrapped itself around the handle of a dusty metal lantern, its glass shade cloudy with age, which sat perched on a shelf above the sink, its chain creaking softly as if pulled by an invisible hand, alongside a faded photograph of the grandfather, his eyes sunken, his face lined with worry, his smile a faint memory of happier times."
selector_alpha_0_c8_tok100_seed04_a_blue_mug_near_the_sink.json,selector_alpha_0,experiments/frontier_sweep_mundane_hub_ablation_smoke/selector_alpha_0_c8_tok100_seed04_a_blue_mug_near_the_sink.json,3,8,0,0.31164089549557783,0.0,0.3674587468432189,0.0,0.0,0.0,0.0,0.6124312447386981,0.19999999999999998,0.9100000000000001,0.0,0.0,0.0,,0.0,0.0,,0.0,0.0,,0.0,,0.75,0.25,blue; mug; the; sink; old; grandfather's; toolbox; sat; counter; its; worn; wooden,the; sink; old,0.5,0.0,0.0,0,0,"The nail's rusty edge had scraped a small hole in the linoleum, revealing a thin layer of old, peeling paint beneath, which had, in turn, revealed a small, water-damaged photograph tucked into the gap, depicting a family gathering in the same dusty, cluttered room, with the old grandfather sitting beside the sink, his pipe clenched between his teeth. The photograph's edges were curled and torn, with a faint outline of the cracked mirror still visible in the corner."
steer_alpha_0p66_c8_tok100_seed04_a_blue_mug_near_the_sink.json,steer_alpha_0p66,experiments/frontier_sweep_mundane_hub_ablation_smoke/steer_alpha_0p66_c8_tok100_seed04_a_blue_mug_near_the_sink.json,1,1,1,-1.4776033755274263,0.01624276528028933,0.4732215189873417,0.0380952380952381,0.0,0.0,0.19047619047619047,0.7887025316455696,0.19999999999999998,0.8779166666666667,0.0,0.6666666666666666,8.333333333333334,antique; faded photograph,0.6666666666666666,8.333333333333334,antique; faded photograph,0.0,0.0,,0.375,antique,0.25,0.75,blue; mug; the; sink,the,0.45,0.0,0.0,0,0,"A dusty, antique harmonica lies on the counter, its brass surface tarnished, a cracked, faded photograph of a young woman hangs above it, her eyes seeming to follow a faint, forgotten melody."
steer_alpha_0p66_c8_tok100_seed04_a_blue_mug_near_the_sink.json,steer_alpha_0p66,experiments/frontier_sweep_mundane_hub_ablation_smoke/steer_alpha_0p66_c8_tok100_seed04_a_blue_mug_near_the_sink.json,1,2,0,0.9544307440407158,0.0,0.49375227409336814,0.0,0.0,0.0,0.0,0.9316080643271096,0.05999999999999997,0.9730000000000001,0.0,0.0,0.0,,0.0,0.0,,0.0,0.0,,0.0,,0.75,0.25,blue; mug; the; sink,blue; mug; the,0.2,0.0,0.0,0,0,"A small, metallic canister with a rusty lid, sits on the windowsill, beside the blue mug, as if it has been there for years, its lid slightly ajar, a damp, moss-like greenery sprouts from its rim."
steer_alpha_0p66_c8_tok100_seed04_a_blue_mug_near_the_sink.json,steer_alpha_0p66,experiments/frontier_sweep_mundane_hub_ablation_smoke/steer_alpha_0p66_c8_tok100_seed04_a_blue_mug_near_the_sink.json,1,3,0,0.5490825934893733,0.007068537250470809,0.5348949152542373,0.014814814814814815,0.0,0.0,0.07407407407407407,0.8914915254237289,0.19999999999999998,0.9100000000000001,0.0,0.0,0.0,,0.0,0.0,,0.0,0.0,,0.0,,1.0,0.0,blue; mug; the; sink,blue; mug; the; sink,0.4,0.0,0.0,0,0,"A small, rusty metal can, filled with vibrant, swirling patterns of paint, sits on the counter above the sink, as the blue mug, now empty and dusty, leans against the edge of the sink, its ceramic rim cracked and worn."
steer_alpha_0p66_c8_tok100_seed04_a_blue_mug_near_the_sink.json,steer_alpha_0p66,experiments/frontier_sweep_mundane_hub_ablation_smoke/steer_alpha_0p66_c8_tok100_seed04_a_blue_mug_near_the_sink.json,1,4,0,0.7399277029565152,0.0036699742003096633,0.5193359717419336,0.00784313725490196,0.0,0.0,0.0392156862745098,0.8655599529032227,0.19999999999999998,0.9100000000000001,0.0,0.3333333333333333,2.272727272727273,old man,0.0,0.0,,0.3333333333333333,2.272727272727273,old man,0.0,,0.5,0.5,blue; mug; the; sink,the; sink,0.45,0.0,0.0,0,0,"A silver teapot, steaming, sits on a worn wooden table, its spout over the sink, where a small, rusty pipe pours water, where a soap suds, and a faint, hand-painted mirror hangs, reflecting a worn, wooden bench, where a half-asleep, old man, with a wild, gray hair, holds a worn, wooden cane."
steer_alpha_0p66_c8_tok100_seed04_a_blue_mug_near_the_sink.json,steer_alpha_0p66,experiments/frontier_sweep_mundane_hub_ablation_smoke/steer_alpha_0p66_c8_tok100_seed04_a_blue_mug_near_the_sink.json,1,5,0,0.3014859172263209,0.0,0.41549619208800515,0.0,0.0,0.0,0.0,0.6924936534800086,0.19999999999999998,0.9100000000000001,0.0,0.0,0.0,,0.0,0.0,,0.0,0.0,,0.0,,1.0,0.0,blue; mug; the; sink,blue; mug; the; sink,0.2,0.0,0.0,0,0,"A small, old, brass satellite dish protrudes from a crack in the wall, its dish curved like a giant, metallic snail, as the blue mug, now empty and cracked, sits beside it, a small, cracked, ceramic plant perches on the countertop, its pot slightly ajar, a wooden spoon leans against the sink, a garden hose, once a gentle trickle, now pours water into a puddle, where a small, paper umbrella lies."
steer_alpha_0p66_c8_tok100_seed04_a_blue_mug_near_the_sink.json,steer_alpha_0p66,experiments/frontier_sweep_mundane_hub_ablation_smoke/steer_alpha_0p66_c8_tok100_seed04_a_blue_mug_near_the_sink.json,1,6,0,0.3094560254189793,0.0,0.41146325963009317,0.0,0.0,0.0,0.0,0.6857720993834886,0.19999999999999998,0.9100000000000001,0.0,0.6666666666666666,4.25531914893617,antique; delicate,0.3333333333333333,2.127659574468085,antique,0.3333333333333333,2.127659574468085,delicate,0.375,antique,0.75,0.25,blue; mug; the; sink,blue; mug; the,0.4,0.0,0.0,0,0,"A small, antique wooden cabinet sits on a dusty, old dresser, its lid slightly ajar, beside a faint, silvered mirror that reflects the blue mug, which seems to be slowly, silently, being poured with a delicate, Victorian-style teapot that had been perched on the edge of the dresser, its spout now pointing towards the mirror."
steer_alpha_0p66_c8_tok100_seed04_a_blue_mug_near_the_sink.json,steer_alpha_0p66,experiments/frontier_sweep_mundane_hub_ablation_smoke/steer_alpha_0p66_c8_tok100_seed04_a_blue_mug_near_the_sink.json,1,7,0,-0.5496002699585768,0.00787763678343752,0.3717992188979378,0.024242424242424246,0.0,0.0,0.12121212121212122,0.6196653648298964,0.19999999999999998,0.9100000000000001,0.0,0.0,0.0,,0.0,0.0,,0.0,0.0,,0.0,,0.25,0.75,blue; mug; the; sink,the,0.3,0.0,0.0,0,0,"A small, golden teapot sits on the counter, its lid open, slowly releasing a haze of steam that dances in the faint, morning light, as a worn, vintage typewriter, its keys yellowed with age, lies open on the counter, its keys still typed with the faint, indented lines of a half-written poem."
steer_alpha_0p66_c8_tok100_seed04_a_blue_mug_near_the_sink.json,steer_alpha_0p66,experiments/frontier_sweep_mundane_hub_ablation_smoke/steer_alpha_0p66_c8_tok100_seed04_a_blue_mug_near_the_sink.json,1,8,0,-0.27030698279967086,0.0,0.12819279397314118,0.0,0.0,0.0,0.0,0.42730931324380395,0.0,1.0,0.0,0.3333333333333333,2.5,antique,0.3333333333333333,2.5,antique,0.0,0.0,,0.375,antique,0.5,0.5,blue; mug; the; sink,the; sink,0.45,0.4,0.0,0,0,"A small, antique wooden bench, worn and weathered, stands in the corner, its legs cracked and twisted like a twisted, gnarled tree root, its once-polished surface now dull and gray, as if it, too, has been sipping from the same stagnant water by the sink, wher"
steer_alpha_0p66_c8_tok100_seed04_a_blue_mug_near_the_sink.json,steer_alpha_0p66,experiments/frontier_sweep_mundane_hub_ablation_smoke/steer_alpha_0p66_c8_tok100_seed04_a_blue_mug_near_the_sink.json,2,1,1,0.43427250160377073,0.2272124465996918,0.49034247984826934,0.55,1.0,0.0,0.0,0.9251744902797534,0.05999999999999997,0.9730000000000001,0.0,0.0,0.0,,0.0,0.0,,0.0,0.0,,0.0,,0.5,0.5,blue; mug; the; sink; harmonica; lies; counter; its; brass; surface; tarnished; cracked,the; harmonica,0.125,0.0,0.0,1,0,"The old harmonica's cracks have become a small, moss-like green, as if the forest had claimed it, and the photograph, now slightly askew, reveals a faint, handwritten note, with words that read ""for a boy who forgets his own name."""
steer_alpha_0p66_c8_tok100_seed04_a_blue_mug_near_the_sink.json,steer_alpha_0p66,experiments/frontier_sweep_mundane_hub_ablation_smoke/steer_alpha_0p66_c8_tok100_seed04_a_blue_mug_near_the_sink.json,2,2,0,0.17983802358152556,0.2109195,0.4459186046511628,0.55,1.0,0.0,0.0,0.7431976744186046,0.19999999999999998,0.9100000000000001,0.0,0.0,0.0,,0.0,0.0,,0.0,0.0,,0.0,,0.75,0.25,blue; mug; the; sink; harmonica; lies; counter; its; brass; surface; tarnished; cracked,the; harmonica; its,0.2222222222222222,0.0,0.0,1,0,"The old harmonica's tarnish deepens, a rivulet of dew collects at its mouth, and the photograph, once a glossy, now a dull, yellowed frame creaks, releasing the faint scent of decay and forgotten memories."
steer_alpha_0p66_c8_tok100_seed04_a_blue_mug_near_the_sink.json,steer_alpha_0p66,experiments/frontier_sweep_mundane_hub_ablation_smoke/steer_alpha_0p66_c8_tok100_seed04_a_blue_mug_near_the_sink.json,2,3,0,0.18197585349096818,0.03574232809427067,0.15767643594296257,0.26481481481481484,0.0,1.0,0.07407407407407407,0.4379900998415628,0.19999999999999998,0.9100000000000001,0.0,0.6666666666666666,5.405405405405405,antique; delicate,0.3333333333333333,2.7027027027027026,antique,0.3333333333333333,2.7027027027027026,delicate,0.375,antique,1.0,0.0,blue; mug; the; sink; harmonica; lies; counter; its; brass; surface; tarnished; cracked,the; sink; harmonica; its; tarnished,0.2,0.4,0.0,0,1,"The old harmonica's cracks continue to weep tears of rusty rain, as the photograph, now askew, displays a scattering of antique coins, two bent and tarnished, a thin, lace-like tendril of a vine crawls up the sink, its delicate, frosty fingers grasping for the"
steer_alpha_0p66_c8_tok100_seed04_a_blue_mug_near_the_sink.json,steer_alpha_0p66,experiments/frontier_sweep_mundane_hub_ablation_smoke/steer_alpha_0p66_c8_tok100_seed04_a_blue_mug_near_the_sink.json,2,4,0,0.8330296575531622,0.0,0.39734400000000003,0.0,0.0,0.0,0.0,0.66224,0.19999999999999998,0.9100000000000001,0.0,1.0,5.0,antique; delicate; mist,0.3333333333333333,1.6666666666666667,antique,0.6666666666666666,3.3333333333333335,delicate; mist,0.375,antique,0.5,0.5,blue; mug; the; sink; harmonica; lies; counter; its; brass; surface; tarnished; cracked,the; its,0.15384615384615385,0.0,0.0,0,0,"A small, forgotten garden, overgrown with vines and moss, nestled between two crumbling stone walls, where a small, metal watering can collects dew, and a rusty, old teapot, once polished, now rusty and still, next to a tattered, forgotten garden journal, its pages fluttering in the gentle morning breeze, as a small, delicate, antique music stand, holding a sheet of yellowed, forgotten music, slowly creaks open, releasing a soft, morning mist."
steer_alpha_0p66_c8_tok100_seed04_a_blue_mug_near_the_sink.json,steer_alpha_0p66,experiments/frontier_sweep_mundane_hub_ablation_smoke/steer_alpha_0p66_c8_tok100_seed04_a_blue_mug_near_the_sink.json,2,5,0,0.9215136003284978,0.0,0.3790023452622145,0.0,0.0,0.0,0.0,0.6316705754370242,0.19999999999999998,0.9100000000000001,0.0,0.3333333333333333,1.7241379310344827,mist,0.0,0.0,,0.3333333333333333,1.7241379310344827,mist,0.0,,1.0,0.0,blue; mug; the; sink; harmonica; lies; counter; its; brass; surface; tarnished; cracked,mug; the; sink; harmonica; its,0.2222222222222222,0.0,0.0,0,0,"A faint, wispy tendril of steam rises from the mug, entwining itself around the harmonica, as the woman's gaze in the photograph begins to stir, her eyes locking onto the steam, and a small, withered rose, forgotten on the edge of the sink, slowly unfurls its petals, releasing a gentle, morning mist that shimmers with dew, as the steam and the rose seem to converse in a soft, forgotten language."
steer_alpha_0p66_c8_tok100_seed04_a_blue_mug_near_the_sink.json,steer_alpha_0p66,experiments/frontier_sweep_mundane_hub_ablation_smoke/steer_alpha_0p66_c8_tok100_seed04_a_blue_mug_near_the_sink.json,2,6,0,0.4336171082843428,0.0,0.15355621143580528,0.0,0.0,0.0,0.0,0.4265450317661258,0.19999999999999998,0.9100000000000001,0.0,0.0,0.0,,0.0,0.0,,0.0,0.0,,0.0,,1.0,0.0,blue; mug; the; sink; harmonica; lies; counter; its; brass; surface; tarnished; cracked,the; harmonica; its; brass; surface,0.1,0.4,0.0,0,0,"The old harmonica's surface, now free from dust, slowly gathers a thin layer of dew, its brass beginning to shine with a soft, silvery light, as the photograph, seemingly entranced by the dew, begins to change, its faded image of a young woman's face slowly, s"
steer_alpha_0p66_c8_tok100_seed04_a_blue_mug_near_the_sink.json,steer_alpha_0p66,experiments/frontier_sweep_mundane_hub_ablation_smoke/steer_alpha_0p66_c8_tok100_seed04_a_blue_mug_near_the_sink.json,2,7,0,-0.8311333411869422,0.0,0.1535366355140187,0.0,0.0,0.0,0.0,0.4264906542056075,0.19999999999999998,0.9100000000000001,0.0,0.0,0.0,,0.0,0.0,,0.0,0.0,,0.0,,0.75,0.25,blue; mug; the; sink; harmonica; lies; counter; its; brass; surface; tarnished; cracked,the; sink; its,0.09090909090909091,0.4,0.0,0,0,"A small, wooden stool, worn and weathered, stands beside the sink, its legs scratched and scarred, a tangle of tangled, yellowing garden hose and a rusty, abandoned watering can sit beside it, nearby, a faint, wispy tendril of a fern, once a vibrant, emerald g"
steer_alpha_0p66_c8_tok100_seed04_a_blue_mug_near_the_sink.json,steer_alpha_0p66,experiments/frontier_sweep_mundane_hub_ablation_smoke/steer_alpha_0p66_c8_tok100_seed04_a_blue_mug_near_the_sink.json,2,8,0,-1.3403112444925296,0.0,0.1314298215618278,0.0,0.0,0.0,0.0,0.4133013256661252,0.05999999999999997,0.9730000000000001,0.0,0.0,0.0,,0.0,0.0,,0.0,0.0,,0.0,,0.75,0.25,blue; mug; the; sink; harmonica; lies; counter; its; brass; surface; tarnished; cracked,the; harmonica; its,0.18181818181818182,0.4,0.0,0,0,"The harmonica, once a shiny, new thing, now a weathered, moss-covered, and worn, wooden chair, its legs worn, a torn, tattered, and frayed, old, red-and-white checkered table appears beside it, a faint, morning light peeks through a grimy, dusty window, illumi"
steer_alpha_0p66_c8_tok100_seed04_a_blue_mug_near_the_sink.json,steer_alpha_0p66,experiments/frontier_sweep_mundane_hub_ablation_smoke/steer_alpha_0p66_c8_tok100_seed04_a_blue_mug_near_the_sink.json,3,1,1,0.3533097116297235,0.07196020036962619,0.15194712260216847,0.5621212121212121,1.0,0.0,0.06060606060606061,0.42207534056157914,0.19999999999999998,0.9100000000000001,0.0,0.0,0.0,,0.0,0.0,,0.0,0.0,,0.0,,0.75,0.25,blue; mug; the; sink; harmonica; lies; counter; its; brass; surface; tarnished; cracked,the; counter; its,0.125,0.4,0.0,1,0,"A forgotten, lace-patterned tablecloth, once white, now stained with tea and coffee, slips from the edge of the counter, onto the floor, where it becomes entangled in a tangle of discarded, overgrown, and withered, Victorian-style umbrella, its ribs now a twis"
steer_alpha_0p66_c8_tok100_seed04_a_blue_mug_near_the_sink.json,steer_alpha_0p66,experiments/frontier_sweep_mundane_hub_ablation_smoke/steer_alpha_0p66_c8_tok100_seed04_a_blue_mug_near_the_sink.json,3,2,0,1.0192612459157475,0.001721800889537003,0.22523558148013123,0.008888888888888889,0.0,0.0,0.04444444444444444,0.6256543930003646,0.19999999999999998,0.9100000000000001,0.0,0.3333333333333333,2.5641025641025643,mournful,0.0,0.0,,0.3333333333333333,2.5641025641025643,mournful,0.0,,1.0,0.0,blue; mug; the; sink; harmonica; lies; counter; its; brass; surface; tarnished; cracked,the; harmonica; counter; its; surface; cracked,0.2222222222222222,0.4,0.0,0,0,"A small, old, wooden desk, worn and cracked, sits in the corner, its surface scratched and scuffed, a small, metal tea kettle, with a tiny, ceramic cat on its lid, whistles a low, mournful tune, as the harmonica, now free from the counter, rests on the edge of"
steer_alpha_0p66_c8_tok100_seed04_a_blue_mug_near_the_sink.json,steer_alpha_0p66,experiments/frontier_sweep_mundane_hub_ablation_smoke/steer_alpha_0p66_c8_tok100_seed04_a_blue_mug_near_the_sink.json,3,3,0,0.2925529758451917,0.0,0.39227996279298927,0.0,0.0,0.0,0.0,0.6537999379883155,0.19999999999999998,0.9100000000000001,0.0,0.0,0.0,,0.0,0.0,,0.0,0.0,,0.0,,0.5,0.5,blue; mug; the; sink; harmonica; lies; counter; its; brass; surface; tarnished; cracked,the; its,0.25,0.0,0.0,0,0,"The worn, wooden door of a small, forgotten shed creaks open, revealing a dim, moss-covered workbench where a half-assembled, rickety wooden bird, its wings and legs twisted and tangled, sits, surrounded by scattered, dry, yellowed feathers and a small, rusty, old, metal can, half-filled with a milky, dew-collected dew, and on the wall, a faded, hand-painted sign that reads ""The Birdcatcher's Apprentice""."
steer_alpha_0p66_c8_tok100_seed04_a_blue_mug_near_the_sink.json,steer_alpha_0p66,experiments/frontier_sweep_mundane_hub_ablation_smoke/steer_alpha_0p66_c8_tok100_seed04_a_blue_mug_near_the_sink.json,3,4,0,0.22486091795702118,0.0013904256003606011,0.1617738616171344,0.010256410256410256,0.0,0.0,0.05128205128205128,0.4493718378253734,0.19999999999999998,0.9100000000000001,0.0,0.0,0.0,,0.0,0.0,,0.0,0.0,,0.0,,0.75,0.25,blue; mug; the; sink; harmonica; lies; counter; its; brass; surface; tarnished; cracked,blue; the; its,0.1,0.4,0.0,0,0,"A small, faded, hand-painted wooden door swings open, revealing a narrow, dimly lit passageway, the air thick with the scent of damp earth and decaying leaves, a small, moss-covered, stone statue of a boy sits, its eyes, once blue, now dull and gray, as if it"
steer_alpha_0p66_c8_tok100_seed04_a_blue_mug_near_the_sink.json,steer_alpha_0p66,experiments/frontier_sweep_mundane_hub_ablation_smoke/steer_alpha_0p66_c8_tok100_seed04_a_blue_mug_near_the_sink.json,3,5,0,-0.7519897635369779,0.0,0.13148561301084236,0.0,0.0,0.0,0.0,0.43828537670280787,0.0,1.0,0.0,0.3333333333333333,2.7777777777777777,antique,0.3333333333333333,2.7777777777777777,antique,0.0,0.0,,0.375,antique,1.0,0.0,blue; mug; the; sink; harmonica; lies; counter; its; brass; surface; tarnished; cracked,the; lies; its; cracked,0.4,0.4,0.0,0,0,"A small, forgotten garden, once a vibrant, tropical paradise, now lies dormant, its concrete walls cracked and worn, vines crawling up the sides, and a rusted, old bicycle, its chain creaking softly, as a small, antique, wrought-iron trellis, adorned with deli"
steer_alpha_0p66_c8_tok100_seed04_a_blue_mug_near_the_sink.json,steer_alpha_0p66,experiments/frontier_sweep_mundane_hub_ablation_smoke/steer_alpha_0p66_c8_tok100_seed04_a_blue_mug_near_the_sink.json,3,6,0,-0.28347342164117556,0.0,0.15192254175488118,0.0,0.0,0.0,0.0,0.4220070604302255,0.19999999999999998,0.9100000000000001,0.0,0.3333333333333333,2.5641025641025643,antique,0.3333333333333333,2.5641025641025643,antique,0.0,0.0,,0.375,antique,0.75,0.25,blue; mug; the; sink; harmonica; lies; counter; its; brass; surface; tarnished; cracked,the; its; surface,0.4444444444444444,0.4,0.0,0,0,"A tattered, forgotten suit hangs from a hook, its once-white shirt stained with a faint, darker hue that seems to absorb what little light that filters through the grimy, grimy window, a small, dusty, antique globe, its surface etched with strange, forgotten s"
steer_alpha_0p66_c8_tok100_seed04_a_blue_mug_near_the_sink.json,steer_alpha_0p66,experiments/frontier_sweep_mundane_hub_ablation_smoke/steer_alpha_0p66_c8_tok100_seed04_a_blue_mug_near_the_sink.json,3,7,0,0.2502702034893581,0.0,0.14050914095079234,0.0,0.0,0.0,0.0,0.39030316930775655,0.19999999999999998,0.9100000000000001,0.0,0.0,0.0,,0.0,0.0,,0.0,0.0,,0.0,,1.0,0.0,blue; mug; the; sink; harmonica; lies; counter; its; brass; surface; tarnished; cracked,the; harmonica; its; cracked,0.2,0.4,0.0,0,0,"The old harmonica, now surrounded by a small, overgrown succulent, its pot cracked and worn, the succulent's green leaves curling around the harmonica's rusty metal, as if trying to hold it upright, while the photograph, now completely askew, its frame slightl"
steer_alpha_0p66_c8_tok100_seed04_a_blue_mug_near_the_sink.json,steer_alpha_0p66,experiments/frontier_sweep_mundane_hub_ablation_smoke/steer_alpha_0p66_c8_tok100_seed04_a_blue_mug_near_the_sink.json,3,8,0,-0.47700189008291044,0.0,0.1200205765727146,0.0,0.0,0.0,0.0,0.40006858857571537,0.0,1.0,0.0,0.3333333333333333,2.857142857142857,miniature,0.3333333333333333,2.857142857142857,miniature,0.0,0.0,,0.4,miniature,0.75,0.25,blue; mug; the; sink; harmonica; lies; counter; its; brass; surface; tarnished; cracked,its; brass; cracked,0.2,0.4,0.0,0,0,"A small, forgotten suitcase, its worn, brown leather creaks as it shifts slightly, revealing a tattered, yellowed map, creased and worn, with a small, brass compass, its face cracked and frozen at 3:47, a small, silver locket, its lid ajar, with a miniature, f"
steer_alpha_0p77_c8_tok100_seed04_a_blue_mug_near_the_sink.json,steer_alpha_0p77,experiments/frontier_sweep_mundane_hub_ablation_smoke/steer_alpha_0p77_c8_tok100_seed04_a_blue_mug_near_the_sink.json,1,1,1,0.75032110978447,0.2626041733939537,0.546295347189419,0.55,1.0,0.0,0.0,0.9104922453156983,0.19999999999999998,0.8779166666666667,0.0,0.3333333333333333,3.4482758620689653,mist,0.0,0.0,,0.3333333333333333,3.4482758620689653,mist,0.0,,1.0,0.0,blue; mug; the; sink,blue; mug; the; sink,0.3,0.0,0.0,1,0,"The blue mug, now filled with a faint, wispy mist, slowly rises into the air, and the sink, now a small, moss-like verdure, begins to unfold, releasing a small, forgotten comb."
steer_alpha_0p77_c8_tok100_seed04_a_blue_mug_near_the_sink.json,steer_alpha_0p77,experiments/frontier_sweep_mundane_hub_ablation_smoke/steer_alpha_0p77_c8_tok100_seed04_a_blue_mug_near_the_sink.json,1,2,0,-0.404050420168067,0.199485693,0.41498999999999997,0.55,1.0,0.0,0.0,0.7829999999999999,0.05999999999999997,0.9730000000000001,0.0,1.0,12.0,antique; delicate; mist,0.3333333333333333,4.0,antique,0.6666666666666666,8.0,delicate; mist,0.375,antique,0.25,0.75,blue; mug; the; sink,blue,0.3,0.0,0.0,1,0,"A small, dusty, antique telescope peeps out from behind a potted, blue succulent, its lens clouded with a fine, wispy mist that slowly condenses into tiny, delicate ice."
steer_alpha_0p77_c8_tok100_seed04_a_blue_mug_near_the_sink.json,steer_alpha_0p77,experiments/frontier_sweep_mundane_hub_ablation_smoke/steer_alpha_0p77_c8_tok100_seed04_a_blue_mug_near_the_sink.json,1,3,0,-1.4128527152489418,0.07870299324324324,0.1588194798572157,0.55,1.0,0.0,0.0,0.44116522182559925,0.19999999999999998,0.9100000000000001,0.0,0.3333333333333333,2.7027027027027026,mist,0.0,0.0,,0.3333333333333333,2.7027027027027026,mist,0.0,,1.0,0.0,blue; mug; the; sink,blue; mug; the; sink,0.45,0.4,0.0,1,0,"A faint, forgotten bruise on the underside of the blue mug, a small, wilted flower, its petals a deep, rich blue, slowly unfurls, releasing a gentle, morning mist that seeps into the sink, where a faucet, once a rusty, old faucet, now a small, shiny, silver te"
steer_alpha_0p77_c8_tok100_seed04_a_blue_mug_near_the_sink.json,steer_alpha_0p77,experiments/frontier_sweep_mundane_hub_ablation_smoke/steer_alpha_0p77_c8_tok100_seed04_a_blue_mug_near_the_sink.json,1,4,0,-0.5695256410256404,0.0,0.4754230769230769,0.0,0.0,0.0,0.0,0.7923717948717949,0.19999999999999998,0.9100000000000001,0.0,1.0,11.538461538461538,crystal; delicate; iridescent,0.3333333333333333,3.8461538461538463,crystal,0.6666666666666666,7.6923076923076925,delicate; iridescent,0.35,crystal,1.0,0.0,blue; mug; the; sink,blue; mug; the; sink,0.0,0.0,0.0,0,0,"A blue mug near the sink, surrounded by a tangle of lush green ivy, slowly releases a small, iridescent bird that, as it flies away, leaves behind a tiny, delicate, crystal teacup and saucer."
steer_alpha_0p77_c8_tok100_seed04_a_blue_mug_near_the_sink.json,steer_alpha_0p77,experiments/frontier_sweep_mundane_hub_ablation_smoke/steer_alpha_0p77_c8_tok100_seed04_a_blue_mug_near_the_sink.json,1,5,0,1.0348636443239074,0.0,0.4369598231143657,0.0,0.0,0.0,0.0,0.7282663718572762,0.19999999999999998,0.9100000000000001,0.0,0.6666666666666666,4.878048780487805,delicate; porcelain,0.3333333333333333,2.4390243902439024,porcelain,0.3333333333333333,2.4390243902439024,delicate,0.5,porcelain,0.75,0.25,blue; mug; the; sink,blue; mug; the,0.0,0.0,0.0,0,0,"A blue mug sits beside a small, brass telescope, its lens foged with dew, beside a window that frames a slice of turquoise sky, the morning light, a tiny, delicate, porcelain-like face peeks out, as a small, wiry tree, no bigger than a child, twists and stretches towards the sky."
steer_alpha_0p77_c8_tok100_seed04_a_blue_mug_near_the_sink.json,steer_alpha_0p77,experiments/frontier_sweep_mundane_hub_ablation_smoke/steer_alpha_0p77_c8_tok100_seed04_a_blue_mug_near_the_sink.json,1,6,0,0.6655916707105383,0.0,0.5387788732394366,0.0,0.0,0.0,0.0,0.8979647887323944,0.19999999999999998,0.9022083333333335,0.0,0.6666666666666666,9.523809523809524,delicate; iridescent,0.0,0.0,,0.6666666666666666,9.523809523809524,delicate; iridescent,0.0,,0.25,0.75,blue; mug; the; sink,blue,0.3,0.0,0.0,0,0,"A faint, blue-tinged rivet holds a small, forgotten garden, where a delicate, iridescent frog sits on a cracked, ceramic planter, beside a withered, blue-tinged fern."
steer_alpha_0p77_c8_tok100_seed04_a_blue_mug_near_the_sink.json,steer_alpha_0p77,experiments/frontier_sweep_mundane_hub_ablation_smoke/steer_alpha_0p77_c8_tok100_seed04_a_blue_mug_near_the_sink.json,1,7,0,0.7929877398346596,0.0,0.5340858983536149,0.0,0.0,0.0,0.0,0.8901431639226914,0.19999999999999998,0.9100000000000001,0.0,1.0,11.363636363636363,antique; delicate; lullaby; miniature; moonlit,1.0,6.818181818181818,antique; lullaby; miniature,0.6666666666666666,4.545454545454546,delicate; moonlit,1.0,antique; lullaby; miniature,0.75,0.25,blue; mug; the; sink,blue; mug; the,0.4,0.0,0.0,0,0,"The blue mug, now filled with steam, reflects the steam's glistening tears, while a cracked, antique mirror, newly attached to the wall, displays a faint, watery landscape, where a miniature, delicate, ceramic boat sails across a serene, moonlit sea, its hull etched with the words ""Mermaid's Lullaby."""
steer_alpha_0p77_c8_tok100_seed04_a_blue_mug_near_the_sink.json,steer_alpha_0p77,experiments/frontier_sweep_mundane_hub_ablation_smoke/steer_alpha_0p77_c8_tok100_seed04_a_blue_mug_near_the_sink.json,1,8,0,0.18527894145887958,0.0,0.41643102476110033,0.0,0.0,0.0,0.0,0.6707234042553192,0.24173697270471464,0.8542818017170075,0.0,0.0,0.0,,0.0,0.0,,0.0,0.0,,0.0,,0.75,0.25,blue; mug; the; sink,blue; mug; the,0.4,0.0,0.0,0,0,"A small, dusty, forgotten typewriter on the windowsill, beside the blue mug, which has been filled with a faint, serene lake, reflecting a small, serene, nightingbird perches on the windowsill, its feathers a soft, pale blue."
steer_alpha_0p77_c8_tok100_seed04_a_blue_mug_near_the_sink.json,steer_alpha_0p77,experiments/frontier_sweep_mundane_hub_ablation_smoke/steer_alpha_0p77_c8_tok100_seed04_a_blue_mug_near_the_sink.json,2,1,1,0.4886720161640748,0.09257102292637137,0.19662494249441667,0.55,1.0,0.0,0.0,0.6183174292277254,0.05999999999999997,0.9730000000000001,0.0,1.0,8.108108108108109,antique; delicate; mist,0.3333333333333333,2.7027027027027026,antique,0.6666666666666666,5.405405405405405,delicate; mist,0.375,antique,1.0,0.0,blue; mug; the; sink; now; filled; wispy; mist; slowly; rises; air; and,the; sink; now; wispy; mist; and,0.2,0.4,0.0,1,0,"The mist, now a delicate, crystalline bridge, connects the comb to a small, metal harmonica, which, as the mist dissends, unfurls into a wispy, silk-like canopy, and a small, antique, brass telescope, previously hidden behind the sink, now emerges, its lens op"
steer_alpha_0p77_c8_tok100_seed04_a_blue_mug_near_the_sink.json,steer_alpha_0p77,experiments/frontier_sweep_mundane_hub_ablation_smoke/steer_alpha_0p77_c8_tok100_seed04_a_blue_mug_near_the_sink.json,2,2,0,0.4810870112025898,0.2531605445486407,0.36968537463294493,0.8,1.0,1.0,0.0,0.6161422910549083,0.19999999999999998,0.9100000000000001,0.0,0.6666666666666666,3.9215686274509802,delicate; iridescent,0.0,0.0,,0.6666666666666666,3.9215686274509802,delicate; iridescent,0.0,,1.0,0.0,blue; mug; the; sink; now; filled; wispy; mist; slowly; rises; air; and,the; now; wispy; and,0.2,0.0,0.0,2,1,"As the comb, now a delicate, transparent, and iridescent wing, begins to attach itself to the side of a small, ancient, wooden door, a small, wispy, and forgotten key, once hidden behind a tangle of old, silver hair, stirs, and a small, delicate, and forgotten typewriter, now a tiny, moss-like verdure, begins to unfurl, releasing a small, forgotten, and shimmering, silver harmonica."
steer_alpha_0p77_c8_tok100_seed04_a_blue_mug_near_the_sink.json,steer_alpha_0p77,experiments/frontier_sweep_mundane_hub_ablation_smoke/steer_alpha_0p77_c8_tok100_seed04_a_blue_mug_near_the_sink.json,2,3,0,0.6206507991774077,0.06890184112149532,0.15277570093457943,0.55,1.0,0.0,0.0,0.42437694704049844,0.19999999999999998,0.9100000000000001,0.0,0.3333333333333333,2.7777777777777777,delicate,0.0,0.0,,0.3333333333333333,2.7777777777777777,delicate,0.0,,1.0,0.0,blue; mug; the; sink; now; filled; wispy; mist; slowly; rises; air; and,blue; mug; the; now; and,0.0,0.4,0.0,1,0,"The blue mug hovers, suspended above the unfolding moss, as a small, metallic bird, its feathers a mosaic of tarnished silver, takes flight, its wings a mesh of delicate, crystalline threads, and the comb, now a tiny, delicate harp, begins to play a soft, ethe"
steer_alpha_0p77_c8_tok100_seed04_a_blue_mug_near_the_sink.json,steer_alpha_0p77,experiments/frontier_sweep_mundane_hub_ablation_smoke/steer_alpha_0p77_c8_tok100_seed04_a_blue_mug_near_the_sink.json,2,4,0,-0.00686803427821564,0.07028000551914451,0.1452066229734391,0.55,1.0,0.0,0.0,0.4033517304817753,0.19999999999999998,0.9100000000000001,0.0,0.6666666666666666,5.555555555555555,delicate; iridescent,0.0,0.0,,0.6666666666666666,5.555555555555555,delicate; iridescent,0.0,,0.75,0.25,blue; mug; the; sink; now; filled; wispy; mist; slowly; rises; air; and,the; now; and,0.3333333333333333,0.4,0.0,1,0,"The small, forgotten comb, now a tiny, delicate, filigework of twisted, emerald-green vines and morning glories twirls and unfurls, releasing a shower of tiny, iridescent feathers that fall, like a thousand tiny, mother-of-pearl, onto the moss-like verdure, wh"
steer_alpha_0p77_c8_tok100_seed04_a_blue_mug_near_the_sink.json,steer_alpha_0p77,experiments/frontier_sweep_mundane_hub_ablation_smoke/steer_alpha_0p77_c8_tok100_seed04_a_blue_mug_near_the_sink.json,2,5,0,-0.995329382064676,0.0,0.36555798930798933,0.0,0.0,0.0,0.0,0.7311159786159787,0.0,1.0,0.0,0.0,0.0,,0.0,0.0,,0.0,0.0,,0.0,,0.75,0.25,blue; mug; the; sink; now; filled; wispy; mist; slowly; rises; air; and,the; now; and,0.3333333333333333,0.0,0.0,0,0,"The small, forgotten comb, now free from the moss-like verdure, slips from its tendrils and onto the countertop, where it is suddenly and unexpectedly joined by a small, old, metal harmonica, its brass surface tarnished and faded, emitting a faint, melancholy sigh."
steer_alpha_0p77_c8_tok100_seed04_a_blue_mug_near_the_sink.json,steer_alpha_0p77,experiments/frontier_sweep_mundane_hub_ablation_smoke/steer_alpha_0p77_c8_tok100_seed04_a_blue_mug_near_the_sink.json,2,6,0,0.795029463021163,0.0,0.41105393258426964,0.0,0.0,0.0,0.0,0.6850898876404494,0.19999999999999998,0.9100000000000001,0.0,0.3333333333333333,2.2222222222222223,mist,0.0,0.0,,0.3333333333333333,2.2222222222222223,mist,0.0,,1.0,0.0,blue; mug; the; sink; now; filled; wispy; mist; slowly; rises; air; and,blue; mug; the; now; mist; slowly; and,0.3333333333333333,0.0,0.0,0,0,"A small, forgotten comb, now attached to the rim of a nearby, old, metal telescope, slowly begins to stretch and unfurls, like a small, verdant tendril, twining itself around the nearby, rusty, old telescope, as the mist from the blue mug drifts, carrying a small, cryptic note, now clutched by a pair of worn, wooden hands."
steer_alpha_0p77_c8_tok100_seed04_a_blue_mug_near_the_sink.json,steer_alpha_0p77,experiments/frontier_sweep_mundane_hub_ablation_smoke/steer_alpha_0p77_c8_tok100_seed04_a_blue_mug_near_the_sink.json,2,7,0,1.0657079061400183,0.0,0.21303585467795522,0.0,0.0,0.0,0.0,0.5917662629943201,0.19999999999999998,0.9100000000000001,0.0,0.6666666666666666,5.714285714285714,antique; delicate,0.3333333333333333,2.857142857142857,antique,0.3333333333333333,2.857142857142857,delicate,0.375,antique,1.0,0.0,blue; mug; the; sink; now; filled; wispy; mist; slowly; rises; air; and,the; sink; now; slowly; and,0.16666666666666666,0.4,0.0,0,0,"A forgotten comb, its teeth now a small, delicate, translucent orchid, slowly unfurls from the sink, as a small, dusty, antique globe, once belonging to a child, now attached to the sink's edge, starts to rotate, and a small, delicate, brass telescope, worn an"
steer_alpha_0p77_c8_tok100_seed04_a_blue_mug_near_the_sink.json,steer_alpha_0p77,experiments/frontier_sweep_mundane_hub_ablation_smoke/steer_alpha_0p77_c8_tok100_seed04_a_blue_mug_near_the_sink.json,2,8,0,-0.5793162659002997,0.0,0.3501736002886003,0.0,0.0,0.0,0.0,0.6607049062049062,0.05999999999999997,0.9730000000000001,0.0,0.3333333333333333,3.3333333333333335,antique,0.3333333333333333,3.3333333333333335,antique,0.0,0.0,,0.375,antique,0.5,0.5,blue; mug; the; sink; now; filled; wispy; mist; slowly; rises; air; and,now; slowly,0.2,0.0,0.0,0,0,"A small, forgotten comb, its bristles now a tangle of twisted, crystalline ferns, slowly unfurls, releasing a small, dusty, antique globe, where a tiny, moss-like verdure begins to unfurl, releasing a small, forgotten, wooden flute."
steer_alpha_0p77_c8_tok100_seed04_a_blue_mug_near_the_sink.json,steer_alpha_0p77,experiments/frontier_sweep_mundane_hub_ablation_smoke/steer_alpha_0p77_c8_tok100_seed04_a_blue_mug_near_the_sink.json,3,1,1,1.358944634176987,0.10214244291891894,0.21695506142506146,0.55,1.0,0.0,0.0,0.6026529484029485,0.19999999999999998,0.9100000000000001,0.0,1.0,10.81081081081081,delicate; gossamer; leather-bound; mist,0.3333333333333333,2.7027027027027026,leather-bound,1.0,8.108108108108109,delicate; gossamer; mist,0.5,leather-bound,1.0,0.0,blue; mug; the; sink; now; filled; wispy; mist; slowly; rises; air; and,blue; mug; the; now; mist; and,0.2,0.4,0.0,1,0,"The blue mug, now empty, gently floats across the moss-like verdure, which, as it floats, releases a small, delicate, Victorian-style music stand, and the mist, now a gossamer, filigework of spider silk, supports a small, leather-bound, golden harmonica, which"
steer_alpha_0p77_c8_tok100_seed04_a_blue_mug_near_the_sink.json,steer_alpha_0p77,experiments/frontier_sweep_mundane_hub_ablation_smoke/steer_alpha_0p77_c8_tok100_seed04_a_blue_mug_near_the_sink.json,3,2,0,0.2551610740442181,0.09519711600000001,0.194042225845903,0.55,1.0,0.0,0.0,0.6101956787607012,0.05999999999999997,0.9730000000000001,0.0,1.0,12.121212121212121,antique; delicate; iridescent; porcelain,0.6666666666666666,6.0606060606060606,antique; porcelain,0.6666666666666666,6.0606060606060606,delicate; iridescent,0.875,antique; porcelain,0.75,0.25,blue; mug; the; sink; now; filled; wispy; mist; slowly; rises; air; and,the; now; slowly,0.4,0.4,0.0,1,0,"The small, antique, brass telescope, now perched on a tiny, moss-like verdure, where a small, forgotten, golden harmonica, now a delicate, filigework of iridescent, dew, slowly unfurls, releasing a small, delicate, porcelain-free, ceramic dove, which, as the d"
steer_alpha_0p77_c8_tok100_seed04_a_blue_mug_near_the_sink.json,steer_alpha_0p77,experiments/frontier_sweep_mundane_hub_ablation_smoke/steer_alpha_0p77_c8_tok100_seed04_a_blue_mug_near_the_sink.json,3,3,0,-0.5315571846901417,0.0880116359325606,0.18826018381296383,0.55,1.0,0.0,0.0,0.6275339460432128,0.0,1.0,0.0,1.0,12.121212121212121,delicate; gossamer; miniature; ornate,0.6666666666666666,6.0606060606060606,miniature; ornate,0.6666666666666666,6.0606060606060606,delicate; gossamer,0.7250000000000001,miniature; ornate,0.5,0.5,blue; mug; the; sink; now; filled; wispy; mist; slowly; rises; air; and,the; now,0.16666666666666666,0.4,0.0,2,0,"As the misty, crystalline bridge dissolves, the brass telescope, now a miniature, ornate, wooden vice, cradles a small, old, brass harmonica, which, as the silk-like canopy, now a delicate, gossamer, filigework, begins to unfurl, releasing a small, forgotten"
steer_alpha_0p77_c8_tok100_seed04_a_blue_mug_near_the_sink.json,steer_alpha_0p77,experiments/frontier_sweep_mundane_hub_ablation_smoke/steer_alpha_0p77_c8_tok100_seed04_a_blue_mug_near_the_sink.json,3,4,0,0.19856850417077082,0.0927923786055046,0.18914060050041703,0.55,1.0,0.0,0.0,0.5947817625799278,0.05999999999999997,0.9730000000000001,0.0,0.6666666666666666,5.555555555555555,antique; delicate,0.3333333333333333,2.7777777777777777,antique,0.3333333333333333,2.7777777777777777,delicate,0.375,antique,1.0,0.0,blue; mug; the; sink; now; filled; wispy; mist; slowly; rises; air; and,the; now; wispy; slowly; and,0.4,0.4,0.0,1,0,"The antique, brass telescope, now perched on a small, moss-like verdure, slowly rotates, its lens focusing on a small, forgotten, glass, which, as the verdure unfurls, releases a small, delicate, silver comb, and a wispy, silk-like canopy, now a translucent, c"
steer_alpha_0p77_c8_tok100_seed04_a_blue_mug_near_the_sink.json,steer_alpha_0p77,experiments/frontier_sweep_mundane_hub_ablation_smoke/steer_alpha_0p77_c8_tok100_seed04_a_blue_mug_near_the_sink.json,3,5,0,-1.0282628522907171,0.08561117585234033,0.17450300825996806,0.55,1.0,0.0,0.0,0.5816766941998935,0.0,1.0,0.0,1.0,10.256410256410257,antique; delicate; ivory; mist,0.6666666666666666,5.128205128205129,antique; ivory,0.6666666666666666,5.128205128205129,delicate; mist,0.675,antique; ivory,1.0,0.0,blue; mug; the; sink; now; filled; wispy; mist; slowly; rises; air; and,the; now; mist; slowly; and,0.4,0.4,0.0,3,0,"The small, antique, brass telescope, now a tripod, slowly lowers, and the moss-like verdure, now a small, delicate, filigework, gradually takes shape, releasing a small, ivory, ivory comb, which, as the mist, now a thin, gauzy veil, gently falls, and the metal"
steer_alpha_0p77_c8_tok100_seed04_a_blue_mug_near_the_sink.json,steer_alpha_0p77,experiments/frontier_sweep_mundane_hub_ablation_smoke/steer_alpha_0p77_c8_tok100_seed04_a_blue_mug_near_the_sink.json,3,6,0,0.5667639479097053,0.07143232204972093,0.15279641080154208,0.55,1.0,0.0,0.0,0.42443447444872806,0.19999999999999998,0.9100000000000001,0.0,1.0,8.108108108108109,antique; iridescent; ivory,0.6666666666666666,5.405405405405405,antique; ivory,0.3333333333333333,2.7027027027027026,iridescent,0.675,antique; ivory,0.75,0.25,blue; mug; the; sink; now; filled; wispy; mist; slowly; rises; air; and,the; now; slowly,0.16666666666666666,0.4,0.0,1,0,"The small, antique, brass telescope, now a tiny, iridescent snail, slowly makes its way across the moss-like verdure, leaving a trail of fine, silver threads, which, as it reaches the edge of a small, old, wooden door, it gently inserts a small, ivory-handled"
steer_alpha_0p77_c8_tok100_seed04_a_blue_mug_near_the_sink.json,steer_alpha_0p77,experiments/frontier_sweep_mundane_hub_ablation_smoke/steer_alpha_0p77_c8_tok100_seed04_a_blue_mug_near_the_sink.json,3,7,0,0.3691051713338683,0.0,0.19072745209100347,0.0,0.0,0.0,0.0,0.5997718619213946,0.05999999999999997,0.9730000000000001,0.0,0.6666666666666666,6.0606060606060606,antique; delicate,0.3333333333333333,3.0303030303030303,antique,0.3333333333333333,3.0303030303030303,delicate,0.375,antique,1.0,0.0,blue; mug; the; sink; now; filled; wispy; mist; slowly; rises; air; and,the; now; slowly; and,0.2,0.4,0.0,0,0,"The small, antique, brass telescope, now supported by a delicate, filigework of spider silk, begins to slowly, as if pulled by an unseen force, to slide into the moss-like verdure, where it slowly, like a small, delicate, green flower, begins to unfurl, and a"
steer_alpha_0p77_c8_tok100_seed04_a_blue_mug_near_the_sink.json,steer_alpha_0p77,experiments/frontier_sweep_mundane_hub_ablation_smoke/steer_alpha_0p77_c8_tok100_seed04_a_blue_mug_near_the_sink.json,3,8,0,-0.4978933272609742,0.0,0.18158863636363634,0.0,0.0,0.0,0.0,0.6052954545454545,0.0,1.0,0.0,1.0,9.090909090909092,antique; delicate; ornate,0.6666666666666666,6.0606060606060606,antique; ornate,0.3333333333333333,3.0303030303030303,delicate,0.7,antique; ornate,0.75,0.25,blue; mug; the; sink; now; filled; wispy; mist; slowly; rises; air; and,the; now; and,0.4,0.4,0.0,0,0,"The small, antique, brass telescope, now upright, begins to slide into a small, ornate, wooden cabinet, where a small, golden, filigework candelabra, once forgotten, now stirs, its branches, now delicate, crystalline, and frosty, begin to unfurl, releasing a s"
steer_alpha_0p82_c8_tok100_seed04_a_blue_mug_near_the_sink.json,steer_alpha_0p82,experiments/frontier_sweep_mundane_hub_ablation_smoke/steer_alpha_0p82_c8_tok100_seed04_a_blue_mug_near_the_sink.json,1,1,1,0.5650655913978496,0.0,0.5898387096774194,0.0,0.0,0.0,0.0,1.0,0.17967741935483866,0.3691451612903226,0.0,0.0,0.0,,0.0,0.0,,0.0,0.0,,0.0,,0.0,1.0,blue; mug; the; sink,,0.1,0.0,0.0,0,0,"A small, brass telescope, forgotten beside it, collecting dew."
steer_alpha_0p82_c8_tok100_seed04_a_blue_mug_near_the_sink.json,steer_alpha_0p82,experiments/frontier_sweep_mundane_hub_ablation_smoke/steer_alpha_0p82_c8_tok100_seed04_a_blue_mug_near_the_sink.json,1,2,0,-0.8359722085385878,0.0,0.5,0.0,0.0,0.0,0.0,1.0,0.0,0.7008189655172414,0.0,0.0,0.0,,0.0,0.0,,0.0,0.0,,0.0,,0.25,0.75,blue; mug; the; sink,the,0.1,0.0,0.0,0,0,"A small, brass kettle on the stov and a worn, wooden spoon lies beside it"
steer_alpha_0p82_c8_tok100_seed04_a_blue_mug_near_the_sink.json,steer_alpha_0p82,experiments/frontier_sweep_mundane_hub_ablation_smoke/steer_alpha_0p82_c8_tok100_seed04_a_blue_mug_near_the_sink.json,1,3,0,0.25872934173669493,0.0,0.451875,0.0,0.0,0.0,0.0,0.753125,0.19999999999999998,0.9100000000000001,0.0,0.3333333333333333,3.5714285714285716,antique,0.3333333333333333,3.5714285714285716,antique,0.0,0.0,,0.375,antique,0.75,0.25,blue; mug; the; sink,blue; mug; the,0.3,0.0,0.0,0,0,"A small, antique typewriter, partially hidden behind a tangle of lush green ivy, beside the blue mug, where a small, forgotten umbrella stands upright, its metal ribs creaking softly in the morning dew."
steer_alpha_0p82_c8_tok100_seed04_a_blue_mug_near_the_sink.json,steer_alpha_0p82,experiments/frontier_sweep_mundane_hub_ablation_smoke/steer_alpha_0p82_c8_tok100_seed04_a_blue_mug_near_the_sink.json,1,4,0,-0.5208888888888892,0.0,0.4333333333333333,0.0,0.0,0.0,0.0,0.7222222222222222,0.19999999999999998,0.9100000000000001,0.0,1.0,11.11111111111111,antique; iridescent; miniature; mist,0.6666666666666666,5.555555555555555,antique; miniature,0.6666666666666666,5.555555555555555,iridescent; mist,0.775,antique; miniature,0.25,0.75,blue; mug; the; sink,the,0.45,0.0,0.0,0,0,"A small, antique wooden cabinet, with a faint, rusty hinge, creaks open, revealing a tangle of forgotten garden, where a miniature, iridescent frog perches, its eyes blinking in the dim, morning light, as a forgotten, copper teapot rises, its spout spewing a gentle, silvery mist."
steer_alpha_0p82_c8_tok100_seed04_a_blue_mug_near_the_sink.json,steer_alpha_0p82,experiments/frontier_sweep_mundane_hub_ablation_smoke/steer_alpha_0p82_c8_tok100_seed04_a_blue_mug_near_the_sink.json,1,5,0,-0.24622768221163294,0.0,0.41548897895730386,0.0,0.0,0.0,0.0,0.6924816315955065,0.19999999999999998,0.9100000000000001,0.0,0.0,0.0,,0.0,0.0,,0.0,0.0,,0.0,,0.75,0.25,blue; mug; the; sink,mug; the; sink,0.3,0.0,0.0,0,0,"A small, rusty old harmonica lies on the edge of the sink, where a small, forgotten plant, its leaves a vibrant, emerald green, slowly unfurls towards the mug, its tendrils curling around the mug's rim."
steer_alpha_0p82_c8_tok100_seed04_a_blue_mug_near_the_sink.json,steer_alpha_0p82,experiments/frontier_sweep_mundane_hub_ablation_smoke/steer_alpha_0p82_c8_tok100_seed04_a_blue_mug_near_the_sink.json,1,6,0,-0.36871255189255225,0.0,0.2696449523809524,0.0,0.0,0.0,0.0,0.8988165079365079,0.19999999999999998,0.9100000000000001,0.5,0.3333333333333333,2.2222222222222223,iridescent,0.0,0.0,,0.3333333333333333,2.2222222222222223,iridescent,0.0,,1.0,0.0,blue; mug; the; sink,blue; mug; the; sink,0.1,0.0,0.0,0,0,"The mug's glaze is cracked, water seeps through, and a small, iridescent fish swims, its scales shimmering, as the sink, once a deep, dark well, now opens, releasing a tiny, sleeping turtle, which, as it stretches, unfurls a tiny, rolled-up paper, with a message that reads, ""For the blue mug, a reply."""
steer_alpha_0p82_c8_tok100_seed04_a_blue_mug_near_the_sink.json,steer_alpha_0p82,experiments/frontier_sweep_mundane_hub_ablation_smoke/steer_alpha_0p82_c8_tok100_seed04_a_blue_mug_near_the_sink.json,1,7,0,0.05007465657006943,0.0,0.08218556574923548,0.0,0.0,0.0,0.0,0.45658647638464156,0.19999999999999998,0.9100000000000001,0.5,0.0,0.0,,0.0,0.0,,0.0,0.0,,0.0,,0.75,0.25,blue; mug; the; sink,blue; the; sink,0.1,0.4,0.0,0,0,"A small, old, metallic harmonium sits on the windowsill, its lid slightly ajar, beside a sink that is filled with soapy, greenish-blue suds that overflow onto the countert, where a tea kettle whistles a gentle melody, surrounded by a scattering of old, yellowi"
steer_alpha_0p82_c8_tok100_seed04_a_blue_mug_near_the_sink.json,steer_alpha_0p82,experiments/frontier_sweep_mundane_hub_ablation_smoke/steer_alpha_0p82_c8_tok100_seed04_a_blue_mug_near_the_sink.json,1,8,0,-2.3438667751685656,0.0,0.11642971401999537,0.0,0.0,0.0,0.0,0.3234158722777649,0.19999999999999998,0.9100000000000001,0.0,0.6666666666666666,5.555555555555555,mist; porcelain,0.3333333333333333,2.7777777777777777,porcelain,0.3333333333333333,2.7777777777777777,mist,0.5,porcelain,0.0,1.0,blue; mug; the; sink,,0.45,0.4,0.0,0,0,"A small, brass kettle, its lid askew, steams morning mist, beside a worn, wooden table, its surface scratched and scarred, a teapot, a dusty, old, ceramic, beside it, a small, metal, enamel, a faded, porcelain-free, ceramic, a saucer, a piece of worn, wooden, a, a small, metal, a, a, a, a, a, a, a, a, a, a, a, a"
steer_alpha_0p82_c8_tok100_seed04_a_blue_mug_near_the_sink.json,steer_alpha_0p82,experiments/frontier_sweep_mundane_hub_ablation_smoke/steer_alpha_0p82_c8_tok100_seed04_a_blue_mug_near_the_sink.json,2,1,1,0.07006132756132755,0.22315002642857146,0.49478941558441564,0.55,1.0,0.0,0.0,0.9335649350649351,0.05999999999999997,0.9730000000000001,0.0,0.6666666666666666,10.0,mist; porcelain,0.3333333333333333,5.0,porcelain,0.3333333333333333,5.0,mist,0.5,porcelain,0.5,0.5,blue; mug; the; sink; brass; telescope; collecting; dew,the; sink,0.0,0.0,0.0,1,0,"On the wall, a small, white porcelain sink, once a woman's, now a man's, wears a pair of steel spectacles, fogging up with morning mist."
steer_alpha_0p82_c8_tok100_seed04_a_blue_mug_near_the_sink.json,steer_alpha_0p82,experiments/frontier_sweep_mundane_hub_ablation_smoke/steer_alpha_0p82_c8_tok100_seed04_a_blue_mug_near_the_sink.json,2,2,0,0.03780294640759779,0.07924388888888889,0.17337209302325582,0.5574074074074075,1.0,0.0,0.037037037037037035,0.5779069767441861,0.0,1.0,0.0,0.3333333333333333,2.857142857142857,antique,0.3333333333333333,2.857142857142857,antique,0.0,0.0,,0.375,antique,0.75,0.25,blue; mug; the; sink; brass; telescope; collecting; dew,mug; the; sink,0.0,0.4,0.0,1,0,"Steam rises from the mug, misting the sink, as a small, antique, wooden cabinet, once a secretary, now a tiny, moss, is slowly being slowly, slowly, slowly, slowly onto the counter, its drawers, slightly ajar, revealing a collection of, and a small, ceramic, a"
steer_alpha_0p82_c8_tok100_seed04_a_blue_mug_near_the_sink.json,steer_alpha_0p82,experiments/frontier_sweep_mundane_hub_ablation_smoke/steer_alpha_0p82_c8_tok100_seed04_a_blue_mug_near_the_sink.json,2,3,0,-0.6578948440739141,0.07763572284098051,0.1551163293526084,0.55,1.0,0.0,0.0,0.43087869264613454,0.19999999999999998,0.9100000000000001,0.0,0.6666666666666666,5.405405405405405,delicate; mist,0.0,0.0,,0.6666666666666666,5.405405405405405,delicate; mist,0.0,,1.0,0.0,blue; mug; the; sink; brass; telescope; collecting; dew,blue; mug; the; sink; brass; telescope; dew,0.5,0.4,0.0,1,0,"A small, brass telescope, forgotten beside a blue mug near the sink, slowly collects morning dew, its brass surface etched with morning mist, as a small, green fern, once a houseplant, now a tiny, delicate fern, unfurls its first tender leaves, its tendrils cu"
steer_alpha_0p82_c8_tok100_seed04_a_blue_mug_near_the_sink.json,steer_alpha_0p82,experiments/frontier_sweep_mundane_hub_ablation_smoke/steer_alpha_0p82_c8_tok100_seed04_a_blue_mug_near_the_sink.json,2,4,0,-0.6200399755739514,0.0,0.49898306306306306,0.0,0.0,0.0,0.0,0.9414774774774775,0.05999999999999997,0.8900100574712645,0.0,0.0,0.0,,0.0,0.0,,0.0,0.0,,0.0,,1.0,0.0,blue; mug; the; sink; brass; telescope; collecting; dew,blue; mug; the; sink,1.0,0.0,0.0,0,0,"A small, forgotten umbrella, its metal ribs creaking, beside the sink, next to the blue mug, where a small, green fern begins to unfurl."
steer_alpha_0p82_c8_tok100_seed04_a_blue_mug_near_the_sink.json,steer_alpha_0p82,experiments/frontier_sweep_mundane_hub_ablation_smoke/steer_alpha_0p82_c8_tok100_seed04_a_blue_mug_near_the_sink.json,2,5,0,0.17829177268871965,0.0,0.5179637404580153,0.0,0.0,0.0,0.0,0.9772900763358779,0.05999999999999997,0.9730000000000001,0.0,1.0,15.789473684210526,antique; delicate; porcelain,0.6666666666666666,10.526315789473685,antique; porcelain,0.3333333333333333,5.2631578947368425,delicate,0.875,antique; porcelain,0.25,0.75,blue; mug; the; sink; brass; telescope; collecting; dew,the,0.0,0.0,0.0,0,0,"A small, porcelain figurine, with a cracked, faded face, sits on the windowsill, beside a delicate, antique music, now held by a bespectaced, sleeping snail."
steer_alpha_0p82_c8_tok100_seed04_a_blue_mug_near_the_sink.json,steer_alpha_0p82,experiments/frontier_sweep_mundane_hub_ablation_smoke/steer_alpha_0p82_c8_tok100_seed04_a_blue_mug_near_the_sink.json,2,6,0,-0.880525449575313,0.0,0.3623700967906266,0.0,0.0,0.0,0.0,0.7247401935812532,0.0,1.0,0.0,0.3333333333333333,3.8461538461538463,porcelain,0.3333333333333333,3.8461538461538463,porcelain,0.0,0.0,,0.5,porcelain,1.0,0.0,blue; mug; the; sink; brass; telescope; collecting; dew,the; sink; brass; telescope,0.0,0.0,0.0,0,0,"A faint, green fern spills from the sink, its tendrils curling around the brass telescope, as morning light, a faint, creamy color, slowly seeps from a small, cracked porcelain sink."
steer_alpha_0p82_c8_tok100_seed04_a_blue_mug_near_the_sink.json,steer_alpha_0p82,experiments/frontier_sweep_mundane_hub_ablation_smoke/steer_alpha_0p82_c8_tok100_seed04_a_blue_mug_near_the_sink.json,2,7,0,0.447452539934893,0.0,0.4288783783783784,0.0,0.0,0.0,0.0,0.7147972972972974,0.19999999999999998,0.9100000000000001,0.0,0.6666666666666666,5.405405405405405,delicate; miniature,0.3333333333333333,2.7027027027027026,miniature,0.3333333333333333,2.7027027027027026,delicate,0.4,miniature,0.75,0.25,blue; mug; the; sink; brass; telescope; collecting; dew,mug; the; telescope,0.5,0.0,0.0,0,0,"A faint, golden light seeps through a crack in the wall, illumining the mug and telescope, casting a miniature, misty forest on the countert, where a small, glass jar containing a tiny, sleeping snail slowly unfurls a delicate, paper umbrella, where a forgotten, silver harmonica lies."
steer_alpha_0p82_c8_tok100_seed04_a_blue_mug_near_the_sink.json,steer_alpha_0p82,experiments/frontier_sweep_mundane_hub_ablation_smoke/steer_alpha_0p82_c8_tok100_seed04_a_blue_mug_near_the_sink.json,2,8,0,0.7381536287337132,0.0,0.152036647206005,0.0,0.0,0.0,0.0,0.42232402001668057,0.19999999999999998,0.9100000000000001,0.0,0.3333333333333333,2.857142857142857,porcelain,0.3333333333333333,2.857142857142857,porcelain,0.0,0.0,,0.5,porcelain,0.75,0.25,blue; mug; the; sink; brass; telescope; collecting; dew,mug; the; sink,0.0,0.4,0.0,0,0,"A faint, old photograph, partially submerged in the mug, as if it has been there for years, its subjects' faces slowly disappearing into the swirling, murky waters of the sink, where a small, porcelain-free, ceramic toothbrush, once a vibrant, forest-green, no"
steer_alpha_0p82_c8_tok100_seed04_a_blue_mug_near_the_sink.json,steer_alpha_0p82,experiments/frontier_sweep_mundane_hub_ablation_smoke/steer_alpha_0p82_c8_tok100_seed04_a_blue_mug_near_the_sink.json,3,1,1,-1.9913299479125988,0.1634627981986368,0.36244522882181107,0.55,1.0,0.0,0.0,0.7248904576436221,0.0,1.0,0.0,0.0,0.0,,0.0,0.0,,0.0,0.0,,0.0,,0.75,0.25,blue; mug; the; sink; brass; telescope; collecting; dew; wall; white; once; woman's,the; brass; once,0.0,0.0,0.0,1,0,"A rusty, old bicycle, once a man, now a flower, slowly unfurls its petals, releasing a shower of tiny, brass-knotted roses, which cling to the chimney and begin to slowly, silently, to unfurl."
steer_alpha_0p82_c8_tok100_seed04_a_blue_mug_near_the_sink.json,steer_alpha_0p82,experiments/frontier_sweep_mundane_hub_ablation_smoke/steer_alpha_0p82_c8_tok100_seed04_a_blue_mug_near_the_sink.json,3,2,0,-1.0891112924715578,0.16416475567153985,0.3640016755466515,0.55,1.0,0.0,0.0,0.6867956142389651,0.05999999999999997,0.9730000000000001,0.0,0.6666666666666666,3.9215686274509802,delicate; fog,0.0,0.0,,0.6666666666666666,3.9215686274509802,delicate; fog,0.0,,1.0,0.0,blue; mug; the; sink; brass; telescope; collecting; dew; wall; white; once; woman's,blue; mug; the; sink; brass; telescope; dew; once; woman's,0.0,0.0,0.0,2,0,"A small, worn, wooden bench, once a woman's, now a man, sits beside the sink, rubbing the fog from its spectacles, while the blue mug, now filled with dew, slowly drips water onto the floor, and the brass telescope, now a tiny, delicate, mechanical bird, emerges from its metal body, singing a soft, morning song."
steer_alpha_0p82_c8_tok100_seed04_a_blue_mug_near_the_sink.json,steer_alpha_0p82,experiments/frontier_sweep_mundane_hub_ablation_smoke/steer_alpha_0p82_c8_tok100_seed04_a_blue_mug_near_the_sink.json,3,3,0,0.9931979317513171,0.17204974067630485,0.3782104631217839,0.5547619047619048,1.0,0.0,0.023809523809523808,0.6303507718696398,0.19999999999999998,0.9100000000000001,0.0,0.6666666666666666,3.6363636363636362,faded photograph; fog,0.3333333333333333,1.8181818181818181,faded photograph,0.3333333333333333,1.8181818181818181,fog,0.0,,1.0,0.0,blue; mug; the; sink; brass; telescope; collecting; dew; wall; white; once; woman's,the; sink; once; woman's,0.0,0.0,0.0,1,0,"A small, faded photograph, once a woman's, now a man's, hangs askew, as a wispy, gray fog creeps from the mouth of a small, metal streetlamp, beside a small, wooden bench, where a small, old, worn, wooden suitcase lies, beside it, a small, metal, copper kettle, his morning mirror, a faint, cracked, and dusty, old, wooden cabinet, beside the sink, emits a warm, golden, morning light."
steer_alpha_0p82_c8_tok100_seed04_a_blue_mug_near_the_sink.json,steer_alpha_0p82,experiments/frontier_sweep_mundane_hub_ablation_smoke/steer_alpha_0p82_c8_tok100_seed04_a_blue_mug_near_the_sink.json,3,4,0,0.3558696645768665,0.09163157118380064,0.18308006230529597,0.55,1.0,0.0,0.0,0.5085557286258222,0.19999999999999998,0.9100000000000001,0.0,0.0,0.0,,0.0,0.0,,0.0,0.0,,0.0,,1.0,0.0,blue; mug; the; sink; brass; telescope; collecting; dew; wall; white; once; woman's,blue; the; sink; brass; telescope; collecting; dew; once; woman's,0.5,0.4,0.0,2,0,"A small, brass telescope, once a woman's, now a man's, sits on a cluttered, wooden workbench, beside a small, blue, ceramic sink, once a man's, now a woman's, with a small, brass telescope, forgotten beside it, collecting morning dew, as the man, a barista, si"
steer_alpha_0p82_c8_tok100_seed04_a_blue_mug_near_the_sink.json,steer_alpha_0p82,experiments/frontier_sweep_mundane_hub_ablation_smoke/steer_alpha_0p82_c8_tok100_seed04_a_blue_mug_near_the_sink.json,3,5,0,-1.9417929098572306,0.04148673130841121,0.09198831775700934,0.55,1.0,0.0,0.0,0.6132554517133957,0.0,1.0,0.5,0.0,0.0,,0.0,0.0,,0.0,0.0,,0.0,,1.0,0.0,blue; mug; the; sink; brass; telescope; collecting; dew; wall; white; once; woman's,the; sink; telescope; once,0.0,0.4,0.0,1,0,"A small, rusty tin, once a painter, now a planter, cradles a tiny, green succulent, which, as morning light, slowly awakens, unfurls a tiny, crimson flower, that, as the man, the sink, and the telescope gaze, a small, wooden bench, worn and weathered, creaks o"
steer_alpha_0p82_c8_tok100_seed04_a_blue_mug_near_the_sink.json,steer_alpha_0p82,experiments/frontier_sweep_mundane_hub_ablation_smoke/steer_alpha_0p82_c8_tok100_seed04_a_blue_mug_near_the_sink.json,3,6,0,0.7701960239061207,0.0,0.42127033492822963,0.0,0.0,0.0,0.0,0.7021172248803828,0.19999999999999998,0.9100000000000001,0.0,0.0,0.0,,0.0,0.0,,0.0,0.0,,0.0,,0.75,0.25,blue; mug; the; sink; brass; telescope; collecting; dew; wall; white; once; woman's,the; sink; wall,0.0,0.0,0.0,0,0,"A faint, green fern, tucked into the gap between the sink and the wall, slowly unfurls, its tender, emerald fronds, trembling, as if to greet the man, who, slumbering beside it, a tangle of silver hair, toused by the morning breeze."
steer_alpha_0p82_c8_tok100_seed04_a_blue_mug_near_the_sink.json,steer_alpha_0p82,experiments/frontier_sweep_mundane_hub_ablation_smoke/steer_alpha_0p82_c8_tok100_seed04_a_blue_mug_near_the_sink.json,3,7,0,-0.8194277843488946,0.0,0.16296234164070614,0.0,0.0,0.0,0.0,0.5124601938386986,0.05999999999999997,0.9730000000000001,0.0,0.3333333333333333,2.7777777777777777,ornate,0.3333333333333333,2.7777777777777777,ornate,0.0,0.0,,0.325,ornate,0.25,0.75,blue; mug; the; sink; brass; telescope; collecting; dew; wall; white; once; woman's,white,0.0,0.4,0.0,0,0,"A rusty, old, copper kettle, half-full of stagnant, green, and a small, wooden, ornate, golden, and a small, old, framed, 8x10 black and white photograph, partially hidden behind it, and a small, wooden, pointed, stained and worn, a piece of a, and a small, me"
steer_alpha_0p82_c8_tok100_seed04_a_blue_mug_near_the_sink.json,steer_alpha_0p82,experiments/frontier_sweep_mundane_hub_ablation_smoke/steer_alpha_0p82_c8_tok100_seed04_a_blue_mug_near_the_sink.json,3,8,0,-1.4027481620484845,0.0,0.0,0.55,1.0,0.0,0.0,0.2534764700006463,0.19999999999999998,0.9100000000000001,1.0,0.3333333333333333,1.9607843137254901,delicate,0.0,0.0,,0.3333333333333333,1.9607843137254901,delicate,0.0,,0.75,0.25,blue; mug; the; sink; brass; telescope; collecting; dew; wall; white; once; woman's,blue; mug; the,0.0,0.0,0.64,1,0,"A delicate, silver-haired woman, sipping tea from the blue mug, as the man, now an old, bespectaced man, gently brushes away morning frost, revealing a small, wooden door, ajar, creaking softly, beside a small, metal typewriter, where a piece of paper, with a single, typed message, reads: ""For the man who cannot sleep, I will stay awake."""
selector_alpha_0_c8_tok100_seed05_the_spreadsheet_was_still_open.json,selector_alpha_0,experiments/frontier_sweep_mundane_hub_ablation_smoke/selector_alpha_0_c8_tok100_seed05_the_spreadsheet_was_still_open.json,1,1,1,-1.03941710426444,0.01919965401781037,0.42055316919853325,0.05333333333333334,0.0,0.0,0.26666666666666666,0.7009219486642221,0.19999999999999998,0.9100000000000001,0.0,0.0,0.0,,0.0,0.0,,0.0,0.0,,0.0,,1.0,0.0,the; spreadsheet; was; open,the; spreadsheet; was; open,0.2,0.0,0.0,0,0,"The spreadsheet was still open, its rows of cells a sea of numbers and colors that seemed to stretch on forever, but it was the old, wooden rocking chair in the corner of the room that held her attention, its worn arms embracing a tattered quilt that had been passed down through generations of her family."
selector_alpha_0_c8_tok100_seed05_the_spreadsheet_was_still_open.json,selector_alpha_0,experiments/frontier_sweep_mundane_hub_ablation_smoke/selector_alpha_0_c8_tok100_seed05_the_spreadsheet_was_still_open.json,1,2,0,-0.3396999109924346,0.0,0.4766635514018691,0.0,0.0,0.0,0.0,0.7944392523364485,0.19999999999999998,0.9100000000000001,0.0,0.0,0.0,,0.0,0.0,,0.0,0.0,,0.0,,0.25,0.75,the; spreadsheet; was; open,the,0.0,0.0,0.0,0,0,"It had crashed on her computer screen, a fractured mess of numbers and symbols, the cursor blinking like a firefly trapped in a jar."
selector_alpha_0_c8_tok100_seed05_the_spreadsheet_was_still_open.json,selector_alpha_0,experiments/frontier_sweep_mundane_hub_ablation_smoke/selector_alpha_0_c8_tok100_seed05_the_spreadsheet_was_still_open.json,1,3,0,-0.9000790931066233,0.0,0.4502656493304266,0.0,0.0,0.0,0.0,0.7504427488840444,0.19999999999999998,0.9100000000000001,0.0,0.0,0.0,,0.0,0.0,,0.0,0.0,,0.0,,1.0,0.0,the; spreadsheet; was; open,the; spreadsheet; was; open,0.2,0.0,0.0,0,0,"The spreadsheet was still open on the old, wooden desk, its fluorescent lights humming in a sterile silence, a solitary cup of cold coffee beside it, its surface smeared with yesterday's scribbled notes."
selector_alpha_0_c8_tok100_seed05_the_spreadsheet_was_still_open.json,selector_alpha_0,experiments/frontier_sweep_mundane_hub_ablation_smoke/selector_alpha_0_c8_tok100_seed05_the_spreadsheet_was_still_open.json,1,4,0,1.0595648877544726,0.0,0.4241708825490493,0.0,0.0,0.0,0.0,0.7069514709150821,0.19999999999999998,0.877,0.0,0.0,0.0,,0.0,0.0,,0.0,0.0,,0.0,,0.25,0.75,the; spreadsheet; was; open,the,0.1,0.0,0.0,0,0,"The laptop lid lay flat on the cluttered desk, a cracked coffee mug still clutched in its mouse-like appendage, as the screen displayed a calendar filled with scribbled notes and torn-off Post-It tabs."
selector_alpha_0_c8_tok100_seed05_the_spreadsheet_was_still_open.json,selector_alpha_0,experiments/frontier_sweep_mundane_hub_ablation_smoke/selector_alpha_0_c8_tok100_seed05_the_spreadsheet_was_still_open.json,1,5,0,-0.640997963932519,0.008829916463059919,0.4038071553228621,0.02666666666666667,0.0,0.0,0.13333333333333333,0.6730119255381035,0.19999999999999998,0.9100000000000001,0.0,0.0,0.0,,0.0,0.0,,0.0,0.0,,0.0,,0.25,0.75,the; spreadsheet; was; open,the,0.0,0.0,0.0,0,0,"The computer's screen flickered to life as the cursor blinked, casting an eerie glow on the darkened room. Shadows danced across the walls, momentarily stalling the progress of a meeting that had been scheduled to run for hours."
selector_alpha_0_c8_tok100_seed05_the_spreadsheet_was_still_open.json,selector_alpha_0,experiments/frontier_sweep_mundane_hub_ablation_smoke/selector_alpha_0_c8_tok100_seed05_the_spreadsheet_was_still_open.json,1,6,0,-0.7892434456928832,0.00660388836811129,0.4137280898876404,0.01904761904761905,0.0,0.0,0.09523809523809523,0.6895468164794007,0.19999999999999998,0.9100000000000001,0.0,0.0,0.0,,0.0,0.0,,0.0,0.0,,0.0,,0.25,0.75,the; spreadsheet; was; open,the,0.1,0.0,0.0,0,0,"Its pages fluttered away like autumn leaves as a gust of wind swept through the abandoned office, settling on the scattered papers and abandoned coffee cups, one of which held a faintly scented tea stain. In the corner, a lone postcard lay face down, its creased surface reflecting the flickering fluorescent light above."
selector_alpha_0_c8_tok100_seed05_the_spreadsheet_was_still_open.json,selector_alpha_0,experiments/frontier_sweep_mundane_hub_ablation_smoke/selector_alpha_0_c8_tok100_seed05_the_spreadsheet_was_still_open.json,1,7,0,-1.127454940047539,0.0,0.20249611119367597,0.0,0.0,0.0,0.0,0.6749870373122533,0.19999999999999998,0.9100000000000001,0.5,0.0,0.0,,0.0,0.0,,0.0,0.0,,0.0,,0.5,0.5,the; spreadsheet; was; open,the; was,0.45,0.0,0.0,0,0,"The old, worn suitcase sat beside it, its metal frame tarnished and its once-vibrant colors faded, a testament to years of disuse, while the suitcase's lid was slightly ajar, revealing a tangled mess of clothes and a small, forgotten photograph. A faded Polaroid of a family standing in front of a beach house, the one with the peeling paint and overgrown garden, remained stuck to the inside of the lid."
selector_alpha_0_c8_tok100_seed05_the_spreadsheet_was_still_open.json,selector_alpha_0,experiments/frontier_sweep_mundane_hub_ablation_smoke/selector_alpha_0_c8_tok100_seed05_the_spreadsheet_was_still_open.json,1,8,0,-1.3287683185235815,0.0,0.150237990430622,0.0,0.0,0.0,0.0,0.41732775119617227,0.19999999999999998,0.9100000000000001,0.0,0.0,0.0,,0.0,0.0,,0.0,0.0,,0.0,,1.0,0.0,the; spreadsheet; was; open,the; spreadsheet; was; open,0.3,0.4,0.0,0,0,"The spreadsheet was still open on the old, rickety desk, its computer tower a relic from a bygone era, surrounded by piles of dusty files and broken office supplies, a single pen lay on the edge of the desk, its ink still wet from a recent use, a small, forgot"
selector_alpha_0_c8_tok100_seed05_the_spreadsheet_was_still_open.json,selector_alpha_0,experiments/frontier_sweep_mundane_hub_ablation_smoke/selector_alpha_0_c8_tok100_seed05_the_spreadsheet_was_still_open.json,2,1,1,0.8107458164300205,0.012952485714285712,0.41463749999999994,0.0380952380952381,0.0,0.0,0.19047619047619047,0.6910624999999999,0.19999999999999998,0.9100000000000001,0.0,0.0,0.0,,0.0,0.0,,0.0,0.0,,0.0,,1.0,0.0,the; spreadsheet; was; open; its; rows; cells; sea; numbers; and; colors; seemed,the; spreadsheet; and; seemed,0.0,0.0,0.0,0,0,"The quilt, a patchwork of faded flowers and scraps of fabric, seemed to be slowly unraveling, threads of blue and red yarn trailing down towards the floor like a river of color, as she sat motionless, her fingers still hovering over the spreadsheet, the chair creaking softly in the silence."
selector_alpha_0_c8_tok100_seed05_the_spreadsheet_was_still_open.json,selector_alpha_0,experiments/frontier_sweep_mundane_hub_ablation_smoke/selector_alpha_0_c8_tok100_seed05_the_spreadsheet_was_still_open.json,2,2,0,0.9176549132103309,0.0055664633756701875,0.371568782161235,0.01826948413385228,0.0,0.0,0.0913474206692614,0.6192813036020584,0.19999999999999998,0.9100000000000001,0.0,0.0,0.0,,0.0,0.0,,0.0,0.0,,0.0,,1.0,0.0,the; spreadsheet; was; open; its; rows; cells; sea; numbers; and; colors; seemed,the; spreadsheet; numbers; and; colors; seemed,0.0,0.0,0.0,0,0,"Her grandmother's hand, now frail and wrinkled, gently stroked the soft fabric, conjuring memories of summer afternoons spent on the porch, the rocking chair swaying in sync with the trees swaying in the breeze, as the quilt's vibrant colors seemed to bleed into the spreadsheet, the numbers and colors swirling around her grandmother's fingers like a mad dance of digits and hues."
selector_alpha_0_c8_tok100_seed05_the_spreadsheet_was_still_open.json,selector_alpha_0,experiments/frontier_sweep_mundane_hub_ablation_smoke/selector_alpha_0_c8_tok100_seed05_the_spreadsheet_was_still_open.json,2,3,0,-0.2976090858344269,0.0,0.20619316901338638,0.0,0.0,0.0,0.0,0.6873105633779546,0.19999999999999998,0.9100000000000001,0.5,0.0,0.0,,0.0,0.0,,0.0,0.0,,0.0,,0.5,0.5,the; spreadsheet; was; open; its; rows; cells; sea; numbers; and; colors; seemed,the; and,0.3333333333333333,0.0,0.0,0,0,"Her grandmother's hands, wrinkled and worn, now resting on the chair's armrest, the quilt a patchwork of faded roses and threads of silver, a testament to countless nights spent sewing and telling stories by the fireplace that now stood dark and still, the embers of a fire long extinguished."
selector_alpha_0_c8_tok100_seed05_the_spreadsheet_was_still_open.json,selector_alpha_0,experiments/frontier_sweep_mundane_hub_ablation_smoke/selector_alpha_0_c8_tok100_seed05_the_spreadsheet_was_still_open.json,2,4,0,0.24688206920963718,0.0,0.20522478794458038,0.0,0.0,0.0,0.0,0.6840826264819346,0.19999999999999998,0.9100000000000001,0.5,0.0,0.0,,0.0,0.0,,0.0,0.0,,0.0,,1.0,0.0,the; spreadsheet; was; open; its; rows; cells; sea; numbers; and; colors; seemed,the; its; and; seemed,0.3333333333333333,0.0,0.0,0,0,"As she gently ran her fingers over the quilt's frayed edges, the wooden rocker creaked softly, releasing a whisper of memories that seemed to seep from the very fabric itself. Her eyes, fixed on the rocker, began to wander to the old, metal trunk in the corner, its rusted lock and intricate carvings a testament to its own rich history."
selector_alpha_0_c8_tok100_seed05_the_spreadsheet_was_still_open.json,selector_alpha_0,experiments/frontier_sweep_mundane_hub_ablation_smoke/selector_alpha_0_c8_tok100_seed05_the_spreadsheet_was_still_open.json,2,5,0,0.5542125811855678,0.0,0.19824898936170215,0.0,0.0,0.0,0.0,0.6608299645390072,0.19999999999999998,0.9100000000000001,0.5,0.0,0.0,,0.0,0.0,,0.0,0.0,,0.0,,1.0,0.0,the; spreadsheet; was; open; its; rows; cells; sea; numbers; and; colors; seemed,the; was; its; and,1.0,0.0,0.0,0,0,"The quilt, its patchwork fabric a testament to her great-great-grandmother's needlework, was now wrapped around the back of the chair, a makeshift seat for the old oak rocking chair, its worn surface stained with the remnants of countless family gatherings and late-night conversations that had taken place beneath its creaky frame."
selector_alpha_0_c8_tok100_seed05_the_spreadsheet_was_still_open.json,selector_alpha_0,experiments/frontier_sweep_mundane_hub_ablation_smoke/selector_alpha_0_c8_tok100_seed05_the_spreadsheet_was_still_open.json,2,6,0,0.8261409102061872,0.0,0.19688010863182617,0.0,0.0,0.0,0.0,0.6562670287727539,0.19999999999999998,0.9100000000000001,0.5,0.0,0.0,,0.0,0.0,,0.0,0.0,,0.0,,1.0,0.0,the; spreadsheet; was; open; its; rows; cells; sea; numbers; and; colors; seemed,the; spreadsheet; was; and; colors; seemed,0.3333333333333333,0.0,0.0,0,0,"The quilt's patchwork fabric seemed to be unraveling, threads of different colors and textures weaving in and out of the chair's worn wood, as if the very fabric of reality was being rewoven. The spreadsheet, now closed, lay abandoned on the desk, a testament to the interrupted work that had been left in the chair."
selector_alpha_0_c8_tok100_seed05_the_spreadsheet_was_still_open.json,selector_alpha_0,experiments/frontier_sweep_mundane_hub_ablation_smoke/selector_alpha_0_c8_tok100_seed05_the_spreadsheet_was_still_open.json,2,7,0,0.8426679938063681,0.0,0.19563697508003267,0.0,0.0,0.0,0.0,0.6521232502667755,0.19999999999999998,0.9100000000000001,0.5,0.6666666666666666,3.3333333333333335,delicate; faded photograph,0.3333333333333333,1.6666666666666667,faded photograph,0.3333333333333333,1.6666666666666667,delicate,0.0,,0.75,0.25,the; spreadsheet; was; open; its; rows; cells; sea; numbers; and; colors; seemed,the; its; and,0.3333333333333333,0.0,0.0,0,0,"The quilt's frayed edges were snagged on the wooden armrest, holding it in place as her fingers absently brushed against the faded floral patterns, the delicate stitching a testament to the countless hands that had sewn it together. Her gaze drifted to the old, metal lunchbox on the floor, its chrome surface scratched and dented from years of use, its lid slightly ajar, revealing a faded photograph of her great-grandmother."
selector_alpha_0_c8_tok100_seed05_the_spreadsheet_was_still_open.json,selector_alpha_0,experiments/frontier_sweep_mundane_hub_ablation_smoke/selector_alpha_0_c8_tok100_seed05_the_spreadsheet_was_still_open.json,2,8,0,0.3820932842369485,0.0,0.12124399057952641,0.0,0.0,0.0,0.0,0.3367888627209067,0.19999999999999998,0.9100000000000001,0.0,0.0,0.0,,0.0,0.0,,0.0,0.0,,0.0,,0.75,0.25,the; spreadsheet; was; open; its; rows; cells; sea; numbers; and; colors; seemed,the; spreadsheet; its,0.25,0.4,0.0,0,0,"The chair's worn wooden arms cradled the quilt, its faded floral patterns a stark contrast to the cold, sterile glare of the computer screen, the chair's gentle rocking motion a soothing balm for her frazzled nerves as she stared at the spreadsheet, the chair'"
selector_alpha_0_c8_tok100_seed05_the_spreadsheet_was_still_open.json,selector_alpha_0,experiments/frontier_sweep_mundane_hub_ablation_smoke/selector_alpha_0_c8_tok100_seed05_the_spreadsheet_was_still_open.json,3,1,1,-0.3475034594213289,0.0,0.20968170822887802,0.0,0.0,0.0,0.0,0.6989390274295935,0.19999999999999998,0.9100000000000001,0.5,0.0,0.0,,0.0,0.0,,0.0,0.0,,0.0,,1.0,0.0,the; spreadsheet; was; open; its; rows; cells; sea; numbers; and; colors; seemed,the; spreadsheet; its; seemed,0.0,0.0,0.0,0,0,"The quilt's edges were slowly pulled apart, revealing a small, intricately carved wooden box hidden beneath, its surface adorned with strange symbols that seemed to shimmer in the dim light, as she finally lifted her eyes from the spreadsheet to meet the gaze of her great-aunt, who sat in the chair, a small, enigmatic smile playing on her lips."
selector_alpha_0_c8_tok100_seed05_the_spreadsheet_was_still_open.json,selector_alpha_0,experiments/frontier_sweep_mundane_hub_ablation_smoke/selector_alpha_0_c8_tok100_seed05_the_spreadsheet_was_still_open.json,3,2,0,0.8386698374062556,0.0,0.3929909625406441,0.0,0.0,0.0,0.0,0.6549849375677401,0.19999999999999998,0.9100000000000001,0.0,0.0,0.0,,0.0,0.0,,0.0,0.0,,0.0,,1.0,0.0,the; spreadsheet; was; open; its; rows; cells; sea; numbers; and; colors; seemed,the; spreadsheet; and; colors,0.3333333333333333,0.0,0.0,0,0,"Her grandmother's fingers, now old and wrinkled, were still deftly weaving the yarn, the threads tangling around the wooden chair's legs, as if trying to reassemble the quilt's fragments, while her eyes never left the spreadsheet, a mixture of calculations and memories swirling in her mind like the colors on the quilts that had been slowly disintegrating before her eyes."
selector_alpha_0_c8_tok100_seed05_the_spreadsheet_was_still_open.json,selector_alpha_0,experiments/frontier_sweep_mundane_hub_ablation_smoke/selector_alpha_0_c8_tok100_seed05_the_spreadsheet_was_still_open.json,3,3,0,0.8076096401649335,0.005066490768087641,0.3514328856476977,0.016666666666666666,0.0,0.0,0.08333333333333333,0.5857214760794962,0.19999999999999998,0.9100000000000001,0.0,0.0,0.0,,0.0,0.0,,0.0,0.0,,0.0,,1.0,0.0,the; spreadsheet; was; open; its; rows; cells; sea; numbers; and; colors; seemed,the; spreadsheet; and; colors,0.25,0.0,0.0,0,0,"Her eyes never left the quilt as she slowly rose from the chair, the weight of her movements a gentle echo of the creaks and groans of the old wooden frame, the quilt's colors bleeding into the darkness of the room like a slow-motion sunset, the spreadsheet's frozen screen a faint hum in the background as she moved towards the window, the afternoon light casting long shadows across the floor, the threads of the quilt trailing behind her like a bridal veil."
selector_alpha_0_c8_tok100_seed05_the_spreadsheet_was_still_open.json,selector_alpha_0,experiments/frontier_sweep_mundane_hub_ablation_smoke/selector_alpha_0_c8_tok100_seed05_the_spreadsheet_was_still_open.json,3,4,0,-0.5119715435340517,0.001744072600335414,0.18294437783906556,0.011626035357905996,0.0,0.0,0.05813017678952998,0.6098145927968852,0.19999999999999998,0.9100000000000001,0.5,0.0,0.0,,0.0,0.0,,0.0,0.0,,0.0,,1.0,0.0,the; spreadsheet; was; open; its; rows; cells; sea; numbers; and; colors; seemed,the; spreadsheet; its; colors,0.0,0.0,0.0,0,0,"The quilt's fragments began to accumulate on the floor, forming a small mountain range, its colors muted by the dust motes dancing in the faint sunlight that streamed through the grimy window, the spreadsheet's glow on her screen a stark contrast to the soft, muted tones of the quilt's disintegrating remains, her fingers finally releasing their hold on the computer as she stood up, her eyes fixed on the chair, where a single, weathered button had fallen loose, its mate missing."
selector_alpha_0_c8_tok100_seed05_the_spreadsheet_was_still_open.json,selector_alpha_0,experiments/frontier_sweep_mundane_hub_ablation_smoke/selector_alpha_0_c8_tok100_seed05_the_spreadsheet_was_still_open.json,3,5,0,-0.19066763660971836,0.0,0.13587875462028617,0.0,0.0,0.0,0.0,0.3774409850563505,0.19999999999999998,0.9100000000000001,0.0,0.3333333333333333,2.6315789473684212,antique,0.3333333333333333,2.6315789473684212,antique,0.0,0.0,,0.375,antique,1.0,0.0,the; spreadsheet; was; open; its; rows; cells; sea; numbers; and; colors; seemed,the; spreadsheet; its; colors,0.0,0.4,0.0,0,0,"As she let her gaze drift away from the spreadsheet, her eyes followed the trailing threads of yarn to the small, antique loom set up in the corner of the room, its wooden frame weathered to a soft gray, a half-finished tapestry on the loom a riot of colors an"
selector_alpha_0_c8_tok100_seed05_the_spreadsheet_was_still_open.json,selector_alpha_0,experiments/frontier_sweep_mundane_hub_ablation_smoke/selector_alpha_0_c8_tok100_seed05_the_spreadsheet_was_still_open.json,3,6,0,0.10206678442396694,0.0,0.12917688729874777,0.0,0.0,0.0,0.0,0.35882468694096603,0.19999999999999998,0.9100000000000001,0.0,0.0,0.0,,0.0,0.0,,0.0,0.0,,0.0,,0.75,0.25,the; spreadsheet; was; open; its; rows; cells; sea; numbers; and; colors; seemed,the; spreadsheet; and,0.6666666666666666,0.4,0.0,0,0,"Her gaze drifted away from the screen, the spreadsheet fading into the background as she focused on the quilt, her eyes tracing the intricate patterns and faded seams, the worn fabric seeming to whisper stories of her ancestors, the threads of the quilt vibrat"
selector_alpha_0_c8_tok100_seed05_the_spreadsheet_was_still_open.json,selector_alpha_0,experiments/frontier_sweep_mundane_hub_ablation_smoke/selector_alpha_0_c8_tok100_seed05_the_spreadsheet_was_still_open.json,3,7,0,-0.6218972832397682,0.0,0.12368001074468964,0.0,0.0,0.0,0.0,0.34355558540191566,0.19999999999999998,0.9100000000000001,0.0,0.0,0.0,,0.0,0.0,,0.0,0.0,,0.0,,1.0,0.0,the; spreadsheet; was; open; its; rows; cells; sea; numbers; and; colors; seemed,the; spreadsheet; and; seemed,0.3333333333333333,0.4,0.0,0,0,"The quilt's unraveling seemed to be spreading, tendrils of thread creeping up the legs of the chair, onto the worn wooden slats, and onto the floor, where they merged with the spreadsheet's digital landscape, creating an uneven border between the digital and t"
selector_alpha_0_c8_tok100_seed05_the_spreadsheet_was_still_open.json,selector_alpha_0,experiments/frontier_sweep_mundane_hub_ablation_smoke/selector_alpha_0_c8_tok100_seed05_the_spreadsheet_was_still_open.json,3,8,0,-2.280586189597236,0.0,0.0,0.0,0.0,0.0,0.0,0.3837671579318602,0.0,1.0,1.0,0.0,0.0,,0.0,0.0,,0.0,0.0,,0.0,,0.5,0.5,the; spreadsheet; was; open; its; rows; cells; sea; numbers; and; colors; seemed,the; and,0.0,0.4,0.0,0,0,"Her grandmother's fingers, now stiff with age, had once stitched the quilt together with a needle and thread, each stitch a testament to the countless hours she had spent sewing and sewing, as the quilt had been a tangible connection to her past, a symbol of l"
steer_alpha_0p66_c8_tok100_seed05_the_spreadsheet_was_still_open.json,steer_alpha_0p66,experiments/frontier_sweep_mundane_hub_ablation_smoke/steer_alpha_0p66_c8_tok100_seed05_the_spreadsheet_was_still_open.json,1,1,1,-0.4632684464219502,0.0,0.6163709677419354,0.0,0.0,0.0,0.0,1.0,0.23274193548387093,0.6772733129403041,0.0,0.0,0.0,,0.0,0.0,,0.0,0.0,,0.0,,0.0,1.0,the; spreadsheet; was; open,,0.1,0.0,0.0,0,0,"A forgotten lunch, left on a wooden table, slowly sudsing in a puddle of dew."
steer_alpha_0p66_c8_tok100_seed05_the_spreadsheet_was_still_open.json,steer_alpha_0p66,experiments/frontier_sweep_mundane_hub_ablation_smoke/steer_alpha_0p66_c8_tok100_seed05_the_spreadsheet_was_still_open.json,1,2,0,-2.4432021040974528,0.01415559560723514,0.38007267441860465,0.044444444444444446,0.0,0.0,0.2222222222222222,0.7601453488372093,0.0,0.8977916666666668,0.0,0.0,0.0,,0.0,0.0,,0.0,0.0,,0.0,,0.0,1.0,the; spreadsheet; was; open,,0.1,0.0,0.0,0,0,"Its empty chair sat quietly beside a vintage typewriter, where a yellowed, half-written poem waited."
steer_alpha_0p66_c8_tok100_seed05_the_spreadsheet_was_still_open.json,steer_alpha_0p66,experiments/frontier_sweep_mundane_hub_ablation_smoke/steer_alpha_0p66_c8_tok100_seed05_the_spreadsheet_was_still_open.json,1,3,0,-1.6930622119815668,0.008521030107526882,0.4387258064516129,0.022222222222222223,0.0,0.0,0.1111111111111111,0.7312096774193548,0.19999999999999998,0.9100000000000001,0.0,0.3333333333333333,4.761904761904762,antique,0.3333333333333333,4.761904761904762,antique,0.0,0.0,,0.375,antique,0.25,0.75,the; spreadsheet; was; open,the,0.3,0.0,0.0,0,0,"A small, antique harmonica leaned against the edge of the desk, its worn, brass surface reflecting the dim, pale light of a single, flickering candle."
steer_alpha_0p66_c8_tok100_seed05_the_spreadsheet_was_still_open.json,steer_alpha_0p66,experiments/frontier_sweep_mundane_hub_ablation_smoke/steer_alpha_0p66_c8_tok100_seed05_the_spreadsheet_was_still_open.json,1,4,0,0.13944370609115242,0.004288375653013212,0.4133072329130723,0.012121212121212123,0.0,0.0,0.06060606060606061,0.6888453881884539,0.19999999999999998,0.9100000000000001,0.0,0.6666666666666666,4.545454545454546,antique; delicate,0.3333333333333333,2.272727272727273,antique,0.3333333333333333,2.272727272727273,delicate,0.375,antique,0.75,0.25,the; spreadsheet; was; open,the; spreadsheet; open,0.2,0.0,0.0,0,0,"The spreadsheet seemed to be slowly closing, its tabs and sheets folding inwards like a lotus, as a small, antique wooden desk, long forgotten, materializes beside it, its drawers creaking open to reveal a nest of tangled wires and a small, metallic bird, its mechanical wings spread wide, its beak now a tiny, delicate harmonica."
steer_alpha_0p66_c8_tok100_seed05_the_spreadsheet_was_still_open.json,steer_alpha_0p66,experiments/frontier_sweep_mundane_hub_ablation_smoke/steer_alpha_0p66_c8_tok100_seed05_the_spreadsheet_was_still_open.json,1,5,0,-2.0200073142007064,0.0015457023555087226,0.19299835182545094,0.008888888888888889,0.0,0.0,0.04444444444444444,0.6069130560548772,0.05999999999999997,0.9730000000000001,0.0,1.0,8.333333333333334,antique; delicate; porcelain,0.6666666666666666,5.555555555555555,antique; porcelain,0.3333333333333333,2.7777777777777777,delicate,0.875,antique; porcelain,0.0,1.0,the; spreadsheet; was; open,,0.45,0.4,0.0,0,0,"A small, dusty, antique globe sat on a cluttered, wooden desk, its surface scratched and worn, its surface adorned with a single, faded, hand-painted map, where a small, abandoned tea set, with delicate, porcelain-free, ceramic fragments, lies, where a withere"
steer_alpha_0p66_c8_tok100_seed05_the_spreadsheet_was_still_open.json,steer_alpha_0p66,experiments/frontier_sweep_mundane_hub_ablation_smoke/steer_alpha_0p66_c8_tok100_seed05_the_spreadsheet_was_still_open.json,1,6,0,0.830548549536686,0.0,0.38655858555588857,0.0,0.0,0.0,0.0,0.6442643092598143,0.19999999999999998,0.9100000000000001,0.0,0.6666666666666666,4.25531914893617,antique; delicate,0.3333333333333333,2.127659574468085,antique,0.3333333333333333,2.127659574468085,delicate,0.375,antique,0.25,0.75,the; spreadsheet; was; open,the,0.2,0.0,0.0,0,0,"A single, delicate, antique locket lay next to the computer, its intricate engravings glistening with dew, as if waiting for a small, dusting of frost to form on its surface, while a small, forgotten tea set, left over from a long-forgotten tea party, sat beside it, its delicate china still frozen in a delicate, lace-like pattern of frost."
steer_alpha_0p66_c8_tok100_seed05_the_spreadsheet_was_still_open.json,steer_alpha_0p66,experiments/frontier_sweep_mundane_hub_ablation_smoke/steer_alpha_0p66_c8_tok100_seed05_the_spreadsheet_was_still_open.json,1,7,0,-2.10542862304627,0.0,0.12940286065286066,0.0,0.0,0.0,0.0,0.4313428688428689,0.0,1.0,0.0,0.3333333333333333,3.0303030303030303,antique,0.3333333333333333,3.0303030303030303,antique,0.0,0.0,,0.375,antique,0.0,1.0,the; spreadsheet; was; open,,0.4,0.4,0.0,0,0,"A faint, antique harmonium quietly hums, its metal exterior slowly rusting, surrounded by stacks of dusty, dog-eared papers, and a withered, forgotten garden, where a tiny, moss-covered, terracotta birdbath still collects rainwater, its surface reflecting a fr"
steer_alpha_0p66_c8_tok100_seed05_the_spreadsheet_was_still_open.json,steer_alpha_0p66,experiments/frontier_sweep_mundane_hub_ablation_smoke/steer_alpha_0p66_c8_tok100_seed05_the_spreadsheet_was_still_open.json,1,8,0,-0.2859263312593991,0.0,0.13985968847352023,0.0,0.0,0.0,0.0,0.38849913464866737,0.19999999999999998,0.9100000000000001,0.0,0.3333333333333333,2.857142857142857,antique,0.3333333333333333,2.857142857142857,antique,0.0,0.0,,0.375,antique,0.5,0.5,the; spreadsheet; was; open,the; open,0.3,0.4,0.0,0,0,"A single, antique violin sat on a weathered wooden desk, its strings muffled, a dusting of morning dew clings to its neck, a small, forgotten tea cup and saucer sit beside it, a forgotten, half-filled cup of coffee beside the violin, a forgotten, open notebook"
steer_alpha_0p66_c8_tok100_seed05_the_spreadsheet_was_still_open.json,steer_alpha_0p66,experiments/frontier_sweep_mundane_hub_ablation_smoke/steer_alpha_0p66_c8_tok100_seed05_the_spreadsheet_was_still_open.json,2,1,1,1.070210132006023,0.18990351746130515,0.42107210080112006,0.55,1.0,0.0,0.0,0.7017868346685334,0.19999999999999998,0.9100000000000001,0.0,0.3333333333333333,2.1739130434782608,mist,0.0,0.0,,0.3333333333333333,2.1739130434782608,mist,0.0,,0.75,0.25,the; spreadsheet; was; open; lunch; left; wooden; table; slowly; sudsing; puddle; dew,the; wooden; puddle,0.0,0.0,0.0,1,0,"A wooden bench, weathered to a soft, moss-like patina, stood beside the puddle, its worn slats absorbing the morning mist, as a small, metal umbrella, once a vibrant red, now a faded pink, lies next to it, its ribs twisted and tangled, its metal mesh a mesh of twisted, gnarled twigs and dried, translucent leaves."
steer_alpha_0p66_c8_tok100_seed05_the_spreadsheet_was_still_open.json,steer_alpha_0p66,experiments/frontier_sweep_mundane_hub_ablation_smoke/steer_alpha_0p66_c8_tok100_seed05_the_spreadsheet_was_still_open.json,2,2,0,0.8612652694999408,0.0,0.44415677541430143,0.0,0.0,0.0,0.0,0.7402612923571691,0.19999999999999998,0.9100000000000001,0.0,0.0,0.0,,0.0,0.0,,0.0,0.0,,0.0,,0.75,0.25,the; spreadsheet; was; open; lunch; left; wooden; table; slowly; sudsing; puddle; dew,the; wooden; table,0.0,0.0,0.0,0,0,"A small, intricately carved wooden bird, once a gift from a traveling performer, now sat on the edge of a rusty, old-fashioned soap dish, as morning sunlight, filtered through a grimy window, casting a faint, lace-like pattern on the wooden table."
steer_alpha_0p66_c8_tok100_seed05_the_spreadsheet_was_still_open.json,steer_alpha_0p66,experiments/frontier_sweep_mundane_hub_ablation_smoke/steer_alpha_0p66_c8_tok100_seed05_the_spreadsheet_was_still_open.json,2,3,0,-1.1804866995749348,0.0,0.37482692307692306,0.0,0.0,0.0,0.0,0.7496538461538461,0.0,1.0,0.0,0.3333333333333333,4.545454545454546,antique,0.3333333333333333,4.545454545454546,antique,0.0,0.0,,0.375,antique,0.75,0.25,the; spreadsheet; was; open; lunch; left; wooden; table; slowly; sudsing; puddle; dew,the; wooden; puddle,0.0,0.0,0.0,0,0,"A wooden spoon, once a utensil for soups and stews, now ladles the puddle, scooping up a small, antique telescope, its brass lens glistening in morning light."
steer_alpha_0p66_c8_tok100_seed05_the_spreadsheet_was_still_open.json,steer_alpha_0p66,experiments/frontier_sweep_mundane_hub_ablation_smoke/steer_alpha_0p66_c8_tok100_seed05_the_spreadsheet_was_still_open.json,2,4,0,0.4434956019371539,0.0,0.23021259886400175,0.0,0.0,0.0,0.0,0.6394794412888938,0.19999999999999998,0.9100000000000001,0.0,0.3333333333333333,2.7777777777777777,mist,0.0,0.0,,0.3333333333333333,2.7777777777777777,mist,0.0,,1.0,0.0,the; spreadsheet; was; open; lunch; left; wooden; table; slowly; sudsing; puddle; dew,the; wooden; slowly; puddle,0.0,0.4,0.0,0,0,"A small, intricately carved wooden puzzle, adorned with moss and a tiny, rusty tea kettle, sat on the edge of the puddle, where it slowly began to dissolve, releasing a faint, morning mist that waeds upwards, towards the still-sleeping face of a wooden, antiqu"
steer_alpha_0p66_c8_tok100_seed05_the_spreadsheet_was_still_open.json,steer_alpha_0p66,experiments/frontier_sweep_mundane_hub_ablation_smoke/steer_alpha_0p66_c8_tok100_seed05_the_spreadsheet_was_still_open.json,2,5,0,-0.35180789008533764,0.0,0.4444400555209631,0.0,0.0,0.0,0.0,0.8888801110419262,0.0,1.0,0.0,0.6666666666666666,9.090909090909092,antique; miniature,0.6666666666666666,9.090909090909092,antique; miniature,0.0,0.0,,0.775,antique; miniature,0.75,0.25,the; spreadsheet; was; open; lunch; left; wooden; table; slowly; sudsing; puddle; dew,the; wooden; puddle,0.0,0.0,0.0,0,0,"A small, intricately carved wooden box, half-buried in the puddle, its lid slightly ajar, revealing a miniature, wooden harmonica, played by a small, antique wooden flute."
steer_alpha_0p66_c8_tok100_seed05_the_spreadsheet_was_still_open.json,steer_alpha_0p66,experiments/frontier_sweep_mundane_hub_ablation_smoke/steer_alpha_0p66_c8_tok100_seed05_the_spreadsheet_was_still_open.json,2,6,0,0.8243486215315519,0.0,0.39841076250945184,0.0,0.0,0.0,0.0,0.6640179375157531,0.19999999999999998,0.9100000000000001,0.0,1.0,5.172413793103448,delicate; ethereal; melancholic,0.0,0.0,,1.0,5.172413793103448,delicate; ethereal; melancholic,0.0,,1.0,0.0,the; spreadsheet; was; open; lunch; left; wooden; table; slowly; sudsing; puddle; dew,the; wooden; table; puddle,0.3333333333333333,0.0,0.0,0,0,"A small, hand-carved wooden puppet, once a companion to a forgotten child, now sits upright on the table, its wooden limbs and face worn smooth, a tiny, serene face with a gentle, half-smile, as if it holds a tiny, delicate wooden harmonica, which plays a soft, melancholic tune that seems to harmonize with the gentle lapping of the puddle, its ripples spreading out like a tiny, slow-moving, ethereal lake."
steer_alpha_0p66_c8_tok100_seed05_the_spreadsheet_was_still_open.json,steer_alpha_0p66,experiments/frontier_sweep_mundane_hub_ablation_smoke/steer_alpha_0p66_c8_tok100_seed05_the_spreadsheet_was_still_open.json,2,7,0,0.5661425496900112,0.0,0.19181446094905227,0.0,0.0,0.0,0.0,0.6393815364968409,0.19999999999999998,0.9100000000000001,0.5,0.3333333333333333,1.6666666666666667,delicate,0.0,0.0,,0.3333333333333333,1.6666666666666667,delicate,0.0,,1.0,0.0,the; spreadsheet; was; open; lunch; left; wooden; table; slowly; sudsing; puddle; dew,the; spreadsheet; wooden; slowly; puddle,0.0,0.0,0.0,0,0,"A wooden bench, weathered and worn, stood beside the puddle, its presence a testament to years of rain and storms, its slats slowly lifting, as if to reveal a small, glassy eye, which gazes out upon the puddle, where the spreadsheet is slowly beginning to take the shape of a small, wooden boat, its wooden slats transformed into delicate, lace-like ribs, and a tiny, wooden sail unfurls, billowing in the misty dawn."
steer_alpha_0p66_c8_tok100_seed05_the_spreadsheet_was_still_open.json,steer_alpha_0p66,experiments/frontier_sweep_mundane_hub_ablation_smoke/steer_alpha_0p66_c8_tok100_seed05_the_spreadsheet_was_still_open.json,2,8,0,0.5172484937315311,0.0,0.1528967441860465,0.0,0.0,0.0,0.0,0.42471317829457367,0.19999999999999998,0.9100000000000001,0.0,0.3333333333333333,2.7777777777777777,delicate,0.0,0.0,,0.3333333333333333,2.7777777777777777,delicate,0.0,,0.75,0.25,the; spreadsheet; was; open; lunch; left; wooden; table; slowly; sudsing; puddle; dew,open; wooden; slowly,0.3333333333333333,0.4,0.0,0,0,"A small, worn wooden door creaks open, revealing a tiny, wooden bench, where a wooden flute, its surface scratched and worn, lies abandoned, a few threads of ivy twined around its neck, as a forgotten tea set, adorned with delicate, intricate carvings, slowly"
steer_alpha_0p66_c8_tok100_seed05_the_spreadsheet_was_still_open.json,steer_alpha_0p66,experiments/frontier_sweep_mundane_hub_ablation_smoke/steer_alpha_0p66_c8_tok100_seed05_the_spreadsheet_was_still_open.json,3,1,1,1.0189160966712274,0.10971005023255814,0.24325953488372093,0.55,1.0,0.0,0.0,0.6757209302325582,0.19999999999999998,0.9100000000000001,0.0,0.0,0.0,,0.0,0.0,,0.0,0.0,,0.0,,0.5,0.5,the; spreadsheet; was; open; lunch; left; wooden; table; slowly; sudsing; puddle; dew,open; slowly,0.0,0.4,0.0,1,0,"A rusty, old, metal gate, partially ajar, creaks in a gentle breeze, its hinges, like a pair of arthritic hands, slowly, creaking open, revealing a narrow, overgrown path, where a small, ceramic pot, once a vibrant blue, now a dull, mossy green, sits, surround"
steer_alpha_0p66_c8_tok100_seed05_the_spreadsheet_was_still_open.json,steer_alpha_0p66,experiments/frontier_sweep_mundane_hub_ablation_smoke/steer_alpha_0p66_c8_tok100_seed05_the_spreadsheet_was_still_open.json,3,2,0,0.7748462116020816,0.3717965637589878,0.5495303940694499,0.8,1.0,1.0,0.0,0.9158839901157498,0.19999999999999998,0.9100000000000001,0.0,1.0,8.571428571428571,crystal; delicate; miniature,0.6666666666666666,5.714285714285714,crystal; miniature,0.3333333333333333,2.857142857142857,delicate,0.75,crystal; miniature,0.5,0.5,the; spreadsheet; was; open; lunch; left; wooden; table; slowly; sudsing; puddle; dew,the; slowly,0.14285714285714285,0.0,0.0,1,2,"A delicate, filigework of spider, its legs splayed and twisted, weeps a tiny, crystal droplet of water, as the umbrella, now a miniature, forlorn garden, slowly unfurls, a tangle of petunias, forget-me-nots, and anemones, their tiny, bell-shaped bells, a soft, morning hymn."
steer_alpha_0p66_c8_tok100_seed05_the_spreadsheet_was_still_open.json,steer_alpha_0p66,experiments/frontier_sweep_mundane_hub_ablation_smoke/steer_alpha_0p66_c8_tok100_seed05_the_spreadsheet_was_still_open.json,3,3,0,-0.5025012592192839,0.09009028999885323,0.1944219908256881,0.55,1.0,0.0,0.0,0.6113899082568808,0.05999999999999997,0.9730000000000001,0.0,1.0,11.428571428571429,antique; delicate; miniature; ornate,1.0,8.571428571428571,antique; miniature; ornate,0.3333333333333333,2.857142857142857,delicate,1.0,antique; miniature; ornate,0.5,0.5,the; spreadsheet; was; open; lunch; left; wooden; table; slowly; sudsing; puddle; dew,the; wooden,0.125,0.4,0.0,1,0,"A small, antique wooden cabinet, worn and cracked, lies on its side, its lid slightly ajar, its interior a miniature, perfectly polished, silvered mirror, reflecting the misty scene, where a tiny, ornate, silver figurine, once a miniature, now a delicate, porc"
steer_alpha_0p66_c8_tok100_seed05_the_spreadsheet_was_still_open.json,steer_alpha_0p66,experiments/frontier_sweep_mundane_hub_ablation_smoke/steer_alpha_0p66_c8_tok100_seed05_the_spreadsheet_was_still_open.json,3,4,0,-0.010071510398990069,0.058577983197870075,0.12593546756298848,0.55,1.0,0.0,0.0,0.39602348290247946,0.05999999999999997,0.9730000000000001,0.0,1.0,10.526315789473685,delicate; gossamer; mist; ornate,0.3333333333333333,2.6315789473684212,ornate,1.0,7.894736842105263,delicate; gossamer; mist,0.325,ornate,0.25,0.75,the; spreadsheet; was; open; lunch; left; wooden; table; slowly; sudsing; puddle; dew,the,0.14285714285714285,0.4,0.0,1,0,"A delicate, silver filigework, once ornate and intricate, now dull and tarnished, clings to the edge of the bench, its delicate, gossamer threads caught in the morning mist, as a small, glass jar, once a vibrant blue, now a dull, moss-green, rests beside the p"
steer_alpha_0p66_c8_tok100_seed05_the_spreadsheet_was_still_open.json,steer_alpha_0p66,experiments/frontier_sweep_mundane_hub_ablation_smoke/steer_alpha_0p66_c8_tok100_seed05_the_spreadsheet_was_still_open.json,3,5,0,0.0570079834315132,0.0,0.15509085995085994,0.0,0.0,0.0,0.0,0.43080794430794433,0.19999999999999998,0.9100000000000001,0.0,0.6666666666666666,5.555555555555555,delicate; ornate,0.3333333333333333,2.7777777777777777,ornate,0.3333333333333333,2.7777777777777777,delicate,0.325,ornate,0.75,0.25,the; spreadsheet; was; open; lunch; left; wooden; table; slowly; sudsing; puddle; dew,the; open; wooden,0.0,0.4,0.0,0,0,"A delicate, filigeworked silver frame, once a beautiful, ornate border, now lies open, propped against the wooden bench, its gilded edges tarnished and mildew-specked, beside a small, ceramic teacup, its glaze chipped and cracked, a few delicate, twisted vines"
steer_alpha_0p66_c8_tok100_seed05_the_spreadsheet_was_still_open.json,steer_alpha_0p66,experiments/frontier_sweep_mundane_hub_ablation_smoke/steer_alpha_0p66_c8_tok100_seed05_the_spreadsheet_was_still_open.json,3,6,0,-1.4225363000413969,0.0,0.15498376165469935,0.0,0.0,0.0,0.0,0.4305104490408316,0.19999999999999998,0.9100000000000001,0.0,0.6666666666666666,5.714285714285714,antique; delicate,0.3333333333333333,2.857142857142857,antique,0.3333333333333333,2.857142857142857,delicate,0.375,antique,0.0,1.0,the; spreadsheet; was; open; lunch; left; wooden; table; slowly; sudsing; puddle; dew,,0.0,0.4,0.0,0,0,"A delicate, antique tea set, its fine, dainty teacups and saucers, once a brilliant, polished white, now dulled by a thin layer of moss and lichen, sat atop a nearby, moss-covered stone, surrounded by a tangle of overgrown, ferns and wildflowers, their tender"
steer_alpha_0p66_c8_tok100_seed05_the_spreadsheet_was_still_open.json,steer_alpha_0p66,experiments/frontier_sweep_mundane_hub_ablation_smoke/steer_alpha_0p66_c8_tok100_seed05_the_spreadsheet_was_still_open.json,3,7,0,0.2611354728391389,0.0,0.13748975056060878,0.0,0.0,0.0,0.0,0.43235770616543634,0.05999999999999997,0.9730000000000001,0.0,0.3333333333333333,2.5641025641025643,antique,0.3333333333333333,2.5641025641025643,antique,0.0,0.0,,0.375,antique,0.5,0.5,the; spreadsheet; was; open; lunch; left; wooden; table; slowly; sudsing; puddle; dew,the; wooden,0.0,0.4,0.0,0,0,"A small, antique metal lantern, its once-vibrant, crimson enamel now a dull, rusty red, sat atop the wooden bench, its ironwork intricately adorned with vines and moss, as a small, paper umbrella, torn and frayed, lies beside it, its ribs and ribs of a nearby"
steer_alpha_0p66_c8_tok100_seed05_the_spreadsheet_was_still_open.json,steer_alpha_0p66,experiments/frontier_sweep_mundane_hub_ablation_smoke/steer_alpha_0p66_c8_tok100_seed05_the_spreadsheet_was_still_open.json,3,8,0,-0.3203212878924732,0.0,0.1530956263899185,0.0,0.0,0.0,0.0,0.4252656288608847,0.19999999999999998,0.9100000000000001,0.0,1.0,7.894736842105263,antique; delicate; ornate,0.6666666666666666,5.2631578947368425,antique; ornate,0.3333333333333333,2.6315789473684212,delicate,0.7,antique; ornate,0.5,0.5,the; spreadsheet; was; open; lunch; left; wooden; table; slowly; sudsing; puddle; dew,the; wooden,0.14285714285714285,0.4,0.0,0,0,"A delicate, antique tea set, its fine china a soft, misty blue, sat atop a small, ornate wooden cabinet, its lid slightly ajar, a few wispy, cirrus clouds drifting lazily above, a small, silvered mirror attached to the back of the cabinet, its surface foggy wi"
steer_alpha_0p77_c8_tok100_seed05_the_spreadsheet_was_still_open.json,steer_alpha_0p77,experiments/frontier_sweep_mundane_hub_ablation_smoke/steer_alpha_0p77_c8_tok100_seed05_the_spreadsheet_was_still_open.json,1,1,1,0.02712653512930091,0.06548958150534652,0.13215534558641212,0.55,1.0,0.0,0.0,0.41558284775601295,0.05999999999999997,0.9730000000000001,0.0,0.6666666666666666,5.405405405405405,antique; delicate,0.3333333333333333,2.7027027027027026,antique,0.3333333333333333,2.7027027027027026,delicate,0.375,antique,0.5,0.5,the; spreadsheet; was; open,the; spreadsheet,0.45,0.4,0.0,1,0,"A faint, antique globe sat on a dusty, old, wooden desk, its surface scratched and worn, its surface subtly cracked, a small, forgotten orchid has sprouted from a tiny crack, its delicate petals unfolding at dawn, as the spreadsheet, now a delicate, paper-thin"
steer_alpha_0p77_c8_tok100_seed05_the_spreadsheet_was_still_open.json,steer_alpha_0p77,experiments/frontier_sweep_mundane_hub_ablation_smoke/steer_alpha_0p77_c8_tok100_seed05_the_spreadsheet_was_still_open.json,1,2,0,0.4501327300150828,0.0,0.5026982051282051,0.0,0.0,0.0,0.0,0.9484871794871794,0.05999999999999997,0.9730000000000001,0.0,0.3333333333333333,5.0,antique,0.3333333333333333,5.0,antique,0.0,0.0,,0.375,antique,0.25,0.75,the; spreadsheet; was; open,open,0.2,0.0,0.0,0,0,"A faint, antique locket, once a part of a dresser, now slides off, revealing a small, metal bird, its wings spread, its beak open, as if singing."
steer_alpha_0p77_c8_tok100_seed05_the_spreadsheet_was_still_open.json,steer_alpha_0p77,experiments/frontier_sweep_mundane_hub_ablation_smoke/steer_alpha_0p77_c8_tok100_seed05_the_spreadsheet_was_still_open.json,1,3,0,-2.7967119409970467,0.0,0.46359186127204943,0.0,0.0,0.0,0.0,0.9271837225440989,0.0,1.0,0.0,0.0,0.0,,0.0,0.0,,0.0,0.0,,0.0,,0.0,1.0,the; spreadsheet; was; open,,0.4,0.0,0.0,0,0,"A forgotten lunch, with a faint, dew-kissed tablecloth, a small, wilted rose, and a forgotten tea, slowly overflows onto a nearby, dusty, old, wooden desk."
steer_alpha_0p77_c8_tok100_seed05_the_spreadsheet_was_still_open.json,steer_alpha_0p77,experiments/frontier_sweep_mundane_hub_ablation_smoke/steer_alpha_0p77_c8_tok100_seed05_the_spreadsheet_was_still_open.json,1,4,0,-0.5737132238706142,0.0020907635151899834,0.42132792800265434,0.005797101449275362,0.0,0.0,0.02898550724637681,0.7022132133377572,0.19999999999999998,0.9100000000000001,0.0,0.6666666666666666,4.545454545454546,antique; ornate,0.6666666666666666,4.545454545454546,antique; ornate,0.0,0.0,,0.7,antique; ornate,0.5,0.5,the; spreadsheet; was; open,the; spreadsheet,0.2,0.0,0.0,0,0,"The spreadsheet still, a frozen lake of numbers and fluorescent green, a figure, a woman, stands at its edge, her legs, a pair of stilts, holds a small, ornate, wooden harmonica, and a torn, hand-made kite, with a torn, 19th-century, golden frame, floats, a small, antique, ornate, metal, umbrella, casts a faint, silvery glow."
steer_alpha_0p77_c8_tok100_seed05_the_spreadsheet_was_still_open.json,steer_alpha_0p77,experiments/frontier_sweep_mundane_hub_ablation_smoke/steer_alpha_0p77_c8_tok100_seed05_the_spreadsheet_was_still_open.json,1,5,0,0.4851952483149846,0.0,0.4338151301784837,0.0,0.0,0.0,0.0,0.7230252169641396,0.19999999999999998,0.9100000000000001,0.0,0.3333333333333333,3.225806451612903,antique,0.3333333333333333,3.225806451612903,antique,0.0,0.0,,0.375,antique,0.5,0.5,the; spreadsheet; was; open,the; spreadsheet,0.3,0.0,0.0,0,0,"The spreadsheet, now partially submerged in a forgotten sink, its sheets of paper rusting, a single, dry leaf floats, and a small, antique, brass telescope leans against the sink, its mirrored surface reflecting a faint, morning light."
steer_alpha_0p77_c8_tok100_seed05_the_spreadsheet_was_still_open.json,steer_alpha_0p77,experiments/frontier_sweep_mundane_hub_ablation_smoke/steer_alpha_0p77_c8_tok100_seed05_the_spreadsheet_was_still_open.json,1,6,0,-0.8022385964912278,0.0,0.4879012631578948,0.0,0.0,0.0,0.0,0.9205684210526316,0.05999999999999997,0.9730000000000001,0.0,1.0,12.0,antique; delicate; fog,0.3333333333333333,4.0,antique,0.6666666666666666,8.0,delicate; fog,0.375,antique,0.0,1.0,the; spreadsheet; was; open,,0.3,0.0,0.0,0,0,"A delicate, antique music, a small, antique, brass harmonium, sits on a worn, wooden desk, beside a steamer, where a kettle is slowly, silently, quietly, steaming, its metal glistening, a fine, green, fog."
steer_alpha_0p77_c8_tok100_seed05_the_spreadsheet_was_still_open.json,steer_alpha_0p77,experiments/frontier_sweep_mundane_hub_ablation_smoke/steer_alpha_0p77_c8_tok100_seed05_the_spreadsheet_was_still_open.json,1,7,0,-1.7896304589952527,0.0,0.3378390200665719,0.0,0.0,0.0,0.0,0.6756780401331438,0.0,1.0,0.0,1.0,7.317073170731708,antique; delicate; ornate,0.6666666666666666,4.878048780487805,antique; ornate,0.3333333333333333,2.4390243902439024,delicate,0.7,antique; ornate,0.0,1.0,the; spreadsheet; was; open,,0.45,0.0,0.0,0,0,"A delicate, antique music, a grandfather, and a vintage typewriter sit together on a dusty, old, wooden desk, as if they share a morning, surrounded by scattered, yellowed, and worn, 19th-century maps, and a small, antique, ornate, ceramic vase, where a single, long-stemed, red rose slowly unfurls, releasing a soft, morning dew."
steer_alpha_0p77_c8_tok100_seed05_the_spreadsheet_was_still_open.json,steer_alpha_0p77,experiments/frontier_sweep_mundane_hub_ablation_smoke/steer_alpha_0p77_c8_tok100_seed05_the_spreadsheet_was_still_open.json,1,8,0,-1.1654225402618794,0.0,0.13234533136166104,0.0,0.0,0.0,0.0,0.4161802873008209,0.05999999999999997,0.9730000000000001,0.0,0.3333333333333333,2.6315789473684212,mist,0.0,0.0,,0.3333333333333333,2.6315789473684212,mist,0.0,,0.25,0.75,the; spreadsheet; was; open,the,0.3,0.4,0.0,0,0,"A faint, forgotten lunch, once a meticulously set table, now sits alone on the desktop, its silverware and fine china still, a subtle, dew-kissed morning mist clings to the edges of the table, a small, forgotten umbrella stands upright, its metal ribs creaking"
steer_alpha_0p77_c8_tok100_seed05_the_spreadsheet_was_still_open.json,steer_alpha_0p77,experiments/frontier_sweep_mundane_hub_ablation_smoke/steer_alpha_0p77_c8_tok100_seed05_the_spreadsheet_was_still_open.json,2,1,1,-0.1829470138722477,0.06307297417465453,0.13611648054956468,0.55,1.0,0.0,0.0,0.42803924701120966,0.05999999999999997,0.9730000000000001,0.0,0.6666666666666666,5.128205128205129,gossamer; mist,0.0,0.0,,0.6666666666666666,5.128205128205129,gossamer; mist,0.0,,1.0,0.0,the; spreadsheet; was; open; globe; sat; old; wooden; desk; its; surface; scratched,the; globe; wooden; desk; its,0.125,0.4,0.0,2,0,"A small, brass telescope, polished to a warm, golden sheen, now sits atop a worn, wooden cradle, its lenses fogged with morning mist, the orchid's tendrils, now a fragile, gossamer, like a spider's silk, slowly crawls towards the globe, as the desk, now a mini"
steer_alpha_0p77_c8_tok100_seed05_the_spreadsheet_was_still_open.json,steer_alpha_0p77,experiments/frontier_sweep_mundane_hub_ablation_smoke/steer_alpha_0p77_c8_tok100_seed05_the_spreadsheet_was_still_open.json,2,2,0,-1.3945302757431963,0.07268544007252667,0.13215534558641212,0.55,1.0,0.0,0.0,0.41558284775601295,0.05999999999999997,0.9730000000000001,0.0,0.6666666666666666,5.405405405405405,antique; delicate,0.3333333333333333,2.7027027027027026,antique,0.3333333333333333,2.7027027027027026,delicate,0.375,antique,1.0,0.0,the; spreadsheet; was; open; globe; sat; old; wooden; desk; its; surface; scratched,the; spreadsheet; globe; sat; old; wooden; desk; its; surface; scratched,1.0,0.4,0.0,1,0,"A faint, antique globe sat on a dusty, old, wooden desk, its surface scratched and worn, its surface subtly cracked, a small, forgotten orchid has sprouted from a tiny crack, its delicate petals unfolding at dawn, as the spreadsheet, now a delicate, paper-thin"
steer_alpha_0p77_c8_tok100_seed05_the_spreadsheet_was_still_open.json,steer_alpha_0p77,experiments/frontier_sweep_mundane_hub_ablation_smoke/steer_alpha_0p77_c8_tok100_seed05_the_spreadsheet_was_still_open.json,2,3,0,-0.3149781279857364,0.05215782008904479,0.11256071235833784,0.55,1.0,0.0,0.0,0.3752023745277928,0.0,1.0,0.0,1.0,11.764705882352942,antique; delicate; miniature; mist,0.6666666666666666,5.882352941176471,antique; miniature,0.6666666666666666,5.882352941176471,delicate; mist,0.775,antique; miniature,1.0,0.0,the; spreadsheet; was; open; globe; sat; old; wooden; desk; its; surface; scratched,the; globe; desk; its,0.125,0.4,0.0,1,0,"A small, metal teapot, with a delicate, silver filigework, slowly steams a steaming, pale mist, as the dew on the desk slowly evaporates, the antique globe, now a tiny, miniature, glass greenhouse, its miniature, glassy, greenery a miniature, lush, verdant for"
steer_alpha_0p77_c8_tok100_seed05_the_spreadsheet_was_still_open.json,steer_alpha_0p77,experiments/frontier_sweep_mundane_hub_ablation_smoke/steer_alpha_0p77_c8_tok100_seed05_the_spreadsheet_was_still_open.json,2,4,0,0.8000302024030481,0.001319800610974819,0.1590251555846708,0.009523809523809525,0.0,0.0,0.047619047619047616,0.4417365432907523,0.19999999999999998,0.9100000000000001,0.0,0.3333333333333333,2.7777777777777777,antique,0.3333333333333333,2.7777777777777777,antique,0.0,0.0,,0.375,antique,1.0,0.0,the; spreadsheet; was; open; globe; sat; old; wooden; desk; its; surface; scratched,the; desk; its; surface,0.2857142857142857,0.4,0.0,0,0,"A small, metal telescope, its metal surface tarned, its lens foggy with dew, casts a shadow on the desk, where a small, forgotten, antique harmonica, once a prized possession of a sailor, now lies, its mouth agape, as if in a silent, morning song, the orchid's"
steer_alpha_0p77_c8_tok100_seed05_the_spreadsheet_was_still_open.json,steer_alpha_0p77,experiments/frontier_sweep_mundane_hub_ablation_smoke/steer_alpha_0p77_c8_tok100_seed05_the_spreadsheet_was_still_open.json,2,5,0,-0.6792862206433881,0.0,0.1286437336415242,0.0,0.0,0.0,0.0,0.42881244547174735,0.0,1.0,0.0,1.0,7.6923076923076925,delicate; mist; porcelain,0.3333333333333333,2.5641025641025643,porcelain,0.6666666666666666,5.128205128205129,delicate; mist,0.5,porcelain,1.0,0.0,the; spreadsheet; was; open; globe; sat; old; wooden; desk; its; surface; scratched,the; old; wooden; its,0.2222222222222222,0.4,0.0,0,0,"A small, brass telescope peered out of a dusty, old, wooden frame, its lens foggy with morning mist, a small, forlorn, porcelain-like face gazes back, its eyes, two tiny, opulent, emerald, a delicate, lace-like, golden filigework supports the face, as the spre"
steer_alpha_0p77_c8_tok100_seed05_the_spreadsheet_was_still_open.json,steer_alpha_0p77,experiments/frontier_sweep_mundane_hub_ablation_smoke/steer_alpha_0p77_c8_tok100_seed05_the_spreadsheet_was_still_open.json,2,6,0,0.4605518476688775,0.0015733793165214384,0.14048029611798557,0.013333333333333334,0.0,0.0,0.06666666666666667,0.39022304477218217,0.19999999999999998,0.9100000000000001,0.0,0.3333333333333333,2.5641025641025643,fog,0.0,0.0,,0.3333333333333333,2.5641025641025643,fog,0.0,,1.0,0.0,the; spreadsheet; was; open; globe; sat; old; wooden; desk; its; surface; scratched,the; globe; wooden; desk; its,0.1111111111111111,0.4,0.0,0,0,"A faint, wispy tendril of fog creeps over the edge of the wooden desk, softly enveloping the globe, its tendrils curling around the globe's base, as the orchid's petals begin to unfurl, releasing a trail of glittering, silver dust, that settles, like dew, upon"
steer_alpha_0p77_c8_tok100_seed05_the_spreadsheet_was_still_open.json,steer_alpha_0p77,experiments/frontier_sweep_mundane_hub_ablation_smoke/steer_alpha_0p77_c8_tok100_seed05_the_spreadsheet_was_still_open.json,2,7,0,-1.3040842896893325,0.0010298132653096834,0.12731207950257076,0.008888888888888889,0.0,0.0,0.04444444444444444,0.40035245126594576,0.05999999999999997,0.9730000000000001,0.0,0.3333333333333333,2.4390243902439024,antique,0.3333333333333333,2.4390243902439024,antique,0.0,0.0,,0.375,antique,1.0,0.0,the; spreadsheet; was; open; globe; sat; old; wooden; desk; its; surface; scratched,the; globe; sat; wooden; desk; its,0.5,0.4,0.0,0,0,"A small, antique, brass desk lamp sat beside the globe, its shade cracked and worn, casting a faint, emerald green glow over the wooden desk, where a small, antique, silver letter opener, once a shiny, new thing, now tarnished and still, a small, paper-thed, a"
steer_alpha_0p77_c8_tok100_seed05_the_spreadsheet_was_still_open.json,steer_alpha_0p77,experiments/frontier_sweep_mundane_hub_ablation_smoke/steer_alpha_0p77_c8_tok100_seed05_the_spreadsheet_was_still_open.json,2,8,0,-0.23046674854770144,0.0,0.029924277242401785,0.0,0.0,0.0,0.0,0.3324919693600198,0.19999999999999998,0.9100000000000001,0.0,0.0,0.0,,0.0,0.0,,0.0,0.0,,0.0,,0.75,0.25,the; spreadsheet; was; open; globe; sat; old; wooden; desk; its; surface; scratched,the; globe; its,0.1,0.85,0.0,0,0,"As morning sunlight, a forgotten, brass pen lies beside the globe, its nib, once a vibrant, deep, crimson, now dulled and dry, a faded, yellowed, 19, a small, forgotten, tarnished, tin can, its lid slightly ajar, a wispy, tendril of ivy crawls over the edge, o"
steer_alpha_0p77_c8_tok100_seed05_the_spreadsheet_was_still_open.json,steer_alpha_0p77,experiments/frontier_sweep_mundane_hub_ablation_smoke/steer_alpha_0p77_c8_tok100_seed05_the_spreadsheet_was_still_open.json,3,1,1,0.6045876654438054,0.10414568200423428,0.21517702893436838,0.55,1.0,0.0,0.0,0.5977139692621345,0.19999999999999998,0.9100000000000001,0.0,0.6666666666666666,5.128205128205129,gossamer; mist,0.0,0.0,,0.6666666666666666,5.128205128205129,gossamer; mist,0.0,,0.75,0.25,the; spreadsheet; was; open; globe; sat; old; wooden; desk; its; surface; scratched,the; globe; its,0.3333333333333333,0.4,0.0,1,0,"A small, forgotten harmonium, its metal surfaces tarnished, its bell, a tiny, dusty, forgotten bird takes flight, its wings, made of thin, gossamer, like the spider's silk, now wraps around the harmonium, as the globe, now a verdant, lush, green, its mist, now"
steer_alpha_0p77_c8_tok100_seed05_the_spreadsheet_was_still_open.json,steer_alpha_0p77,experiments/frontier_sweep_mundane_hub_ablation_smoke/steer_alpha_0p77_c8_tok100_seed05_the_spreadsheet_was_still_open.json,3,2,0,-0.20539855905882626,0.0862801218604651,0.1832627906976744,0.55,1.0,0.0,0.0,0.610875968992248,0.0,1.0,0.0,0.3333333333333333,2.7777777777777777,delicate,0.0,0.0,,0.3333333333333333,2.7777777777777777,delicate,0.0,,1.0,0.0,the; spreadsheet; was; open; globe; sat; old; wooden; desk; its; surface; scratched,the; old; desk; its,0.2,0.4,0.0,1,0,"A small, metallic, copper kett, long abandoned, beside the desk, its lid slightly ajar, a faint, wispy, steam, like a tendril, emerges, the kett, now a tiny, delicate, ceramic teapot, a small, withered, dry, and wilted, old, metal, a small, tarnished, bronze"
steer_alpha_0p77_c8_tok100_seed05_the_spreadsheet_was_still_open.json,steer_alpha_0p77,experiments/frontier_sweep_mundane_hub_ablation_smoke/steer_alpha_0p77_c8_tok100_seed05_the_spreadsheet_was_still_open.json,3,3,0,0.3125716892900903,0.07349808740191804,0.1553870769596576,0.55,1.0,0.0,0.0,0.4316307693323822,0.19999999999999998,0.9100000000000001,0.0,1.0,9.67741935483871,crystal; delicate; iridescent,0.3333333333333333,3.225806451612903,crystal,0.6666666666666666,6.451612903225806,delicate; iridescent,0.35,crystal,0.0,1.0,the; spreadsheet; was; open; globe; sat; old; wooden; desk; its; surface; scratched,,0.2222222222222222,0.4,0.0,2,0,"a faint, abandoned, and overgrown, Victorian-style sofa, shrouded in a tangle of forgotten umbrellas, their delicate, golden handles, now a riot of tiny, iridescent butterflies, flit and flutter, as a small, delicate, crystal, now a tiny, diminutive, steam eng"
steer_alpha_0p77_c8_tok100_seed05_the_spreadsheet_was_still_open.json,steer_alpha_0p77,experiments/frontier_sweep_mundane_hub_ablation_smoke/steer_alpha_0p77_c8_tok100_seed05_the_spreadsheet_was_still_open.json,3,4,0,-0.4983630441701256,0.05771739332534246,0.12455871232876713,0.55,1.0,0.0,0.0,0.3916940639269406,0.05999999999999997,0.9730000000000001,0.0,1.0,11.428571428571429,delicate; gossamer; iridescent; mist,0.0,0.0,,1.0,11.428571428571429,delicate; gossamer; iridescent; mist,0.0,,0.5,0.5,the; spreadsheet; was; open; globe; sat; old; wooden; desk; its; surface; scratched,the; globe,0.125,0.4,0.0,1,0,"The mist that had enveloped the globe, a fine, silk-like fabric of tiny, gossamer threads, gently, imperceptibly, it begins to wrap around the brass telescope, as the orchid, now a tiny, iridescent, delicate, shell, it slowly, very slowly, begins to unfurl, it"
steer_alpha_0p77_c8_tok100_seed05_the_spreadsheet_was_still_open.json,steer_alpha_0p77,experiments/frontier_sweep_mundane_hub_ablation_smoke/steer_alpha_0p77_c8_tok100_seed05_the_spreadsheet_was_still_open.json,3,5,0,-0.8293811831309106,0.0,0.1989298971053121,0.0,0.0,0.0,0.0,0.6255657141676481,0.05999999999999997,0.9730000000000001,0.0,1.0,8.823529411764707,delicate; miniature; porcelain,0.6666666666666666,5.882352941176471,miniature; porcelain,0.3333333333333333,2.9411764705882355,delicate,0.9,miniature; porcelain,0.75,0.25,the; spreadsheet; was; open; globe; sat; old; wooden; desk; its; surface; scratched,old; wooden; its,0.3333333333333333,0.4,0.0,0,0,"A small, delicate, porcelain-free, ceramic teacup, once a vibrant, turquoise and gold, now dull and faded, sits on a small, rickety, wooden stool, beside a dusty, old, metal, copper kettle, its lid, a miniature, intricately, filigework, a small, forgotten, ant"
steer_alpha_0p77_c8_tok100_seed05_the_spreadsheet_was_still_open.json,steer_alpha_0p77,experiments/frontier_sweep_mundane_hub_ablation_smoke/steer_alpha_0p77_c8_tok100_seed05_the_spreadsheet_was_still_open.json,3,6,0,-0.6487143336352701,0.0,0.18669106799727267,0.0,0.0,0.0,0.0,0.6223035599909089,0.0,1.0,0.0,1.0,11.11111111111111,antique; delicate; mist; silver mist,0.3333333333333333,2.7777777777777777,antique,1.0,8.333333333333334,delicate; mist; silver mist,0.375,antique,0.5,0.5,the; spreadsheet; was; open; globe; sat; old; wooden; desk; its; surface; scratched,the; its,0.25,0.4,0.0,0,0,"A fine, antique, copper kett, its lid slightly ajar, emits a gentle, silver mist, that, as the morning sun rises, slowly, a small, wispy, linen tablecloth, embroidered with intricate, silver thread, slowly unfurls, its delicate, lace-like patterns, a small, ol"
steer_alpha_0p77_c8_tok100_seed05_the_spreadsheet_was_still_open.json,steer_alpha_0p77,experiments/frontier_sweep_mundane_hub_ablation_smoke/steer_alpha_0p77_c8_tok100_seed05_the_spreadsheet_was_still_open.json,3,7,0,0.6161290598842397,0.08943831802656546,0.13633889943074004,0.8,1.0,1.0,0.0,0.37871916508538905,0.19999999999999998,0.9100000000000001,0.0,0.6666666666666666,5.882352941176471,delicate; fog,0.0,0.0,,0.6666666666666666,5.882352941176471,delicate; fog,0.0,,1.0,0.0,the; spreadsheet; was; open; globe; sat; old; wooden; desk; its; surface; scratched,the; globe; its; surface,0.0,0.4,0.0,1,1,"A thin, metallic fog creeps across the surface of the globe, tendrils of the orchid spreading, as the telescope, now a tiny, delicate, crystalline structure, begins to slowly, incrementally, absorb the fog, its lenses clearing, the brass telescope now holds a"
steer_alpha_0p77_c8_tok100_seed05_the_spreadsheet_was_still_open.json,steer_alpha_0p77,experiments/frontier_sweep_mundane_hub_ablation_smoke/steer_alpha_0p77_c8_tok100_seed05_the_spreadsheet_was_still_open.json,3,8,0,-0.5072614143326586,0.0,0.1302725,0.0,0.0,0.0,0.0,0.4096619496855346,0.05999999999999997,0.9730000000000001,0.0,0.6666666666666666,5.555555555555555,delicate; mist,0.0,0.0,,0.6666666666666666,5.555555555555555,delicate; mist,0.0,,1.0,0.0,the; spreadsheet; was; open; globe; sat; old; wooden; desk; its; surface; scratched,the; wooden; desk; its,0.25,0.4,0.0,0,0,"A delicate, filigework of copper, intricately patterns the edge of the wooden desk, as the mist creeps, a small, ceramic teapot, once blue, now dull and dusty, slowly begins to emit a warm, golden light, its spout, a tiny, delicate, ceramic rose, once a tiny"
steer_alpha_0p82_c8_tok100_seed05_the_spreadsheet_was_still_open.json,steer_alpha_0p82,experiments/frontier_sweep_mundane_hub_ablation_smoke/steer_alpha_0p82_c8_tok100_seed05_the_spreadsheet_was_still_open.json,1,1,1,0.032504397107679994,0.06251794805581395,0.13279088372093023,0.55,1.0,0.0,0.0,0.4175813953488372,0.05999999999999997,0.9730000000000001,0.0,0.6666666666666666,5.714285714285714,ethereal; iridescent,0.0,0.0,,0.6666666666666666,5.714285714285714,ethereal; iridescent,0.0,,0.5,0.5,the; spreadsheet; was; open,the; spreadsheet,0.2,0.4,0.0,1,0,"The spreadsheet, now a portal, swallowed the city, its grid of numbers and columns now a shimmering, iridescent portal that pulses with a soft, ethereal light, as umbrellas and kettles, and rain, pour into it, and a single, forlows a gentle, rhythmic melody, w"
steer_alpha_0p82_c8_tok100_seed05_the_spreadsheet_was_still_open.json,steer_alpha_0p82,experiments/frontier_sweep_mundane_hub_ablation_smoke/steer_alpha_0p82_c8_tok100_seed05_the_spreadsheet_was_still_open.json,1,2,0,-1.5749119557823126,0.0,0.47551020408163264,0.0,0.0,0.0,0.0,0.9510204081632653,0.0,0.9454583333333334,0.0,0.0,0.0,,0.0,0.0,,0.0,0.0,,0.0,,0.25,0.75,the; spreadsheet; was; open,the,0.3,0.0,0.0,0,0,"A torn and tattered umbrella, half-hidden behind a cracked, faded marquee that reads 'The Absistrian Revue, 1850'."
steer_alpha_0p82_c8_tok100_seed05_the_spreadsheet_was_still_open.json,steer_alpha_0p82,experiments/frontier_sweep_mundane_hub_ablation_smoke/steer_alpha_0p82_c8_tok100_seed05_the_spreadsheet_was_still_open.json,1,3,0,-0.43165517241379336,0.004724905329153605,0.45537931034482754,0.012121212121212123,0.0,0.0,0.06060606060606061,0.7589655172413793,0.19999999999999998,0.9100000000000001,0.0,1.0,11.11111111111111,antique; delicate; fog,0.3333333333333333,3.7037037037037037,antique,0.6666666666666666,7.407407407407407,delicate; fog,0.375,antique,0.25,0.75,the; spreadsheet; was; open,the,0.2,0.0,0.0,0,0,"on the kitchen table, a small, antique wooden cabinet creaks, its doors ajar, as a wispy, almost imperceptible tendril of fog creeps in, tendrils of frost, like tiny, delicate fingers, curl and uncurl, slowly."
steer_alpha_0p82_c8_tok100_seed05_the_spreadsheet_was_still_open.json,steer_alpha_0p82,experiments/frontier_sweep_mundane_hub_ablation_smoke/steer_alpha_0p82_c8_tok100_seed05_the_spreadsheet_was_still_open.json,1,4,0,-1.805151360544217,0.0,0.26017321428571427,0.0,0.0,0.0,0.0,0.9817857142857143,0.05999999999999997,0.9652083333333334,0.5,0.6666666666666666,15.384615384615385,antique; delicate,0.3333333333333333,7.6923076923076925,antique,0.3333333333333333,7.6923076923076925,delicate,0.375,antique,0.0,1.0,the; spreadsheet; was; open,,0.3,0.0,0.0,0,0,"Silk curtains billow in, as a delicate, antique music, an old, brass trumpet, awakens in a cluttered, forgotten study."
steer_alpha_0p82_c8_tok100_seed05_the_spreadsheet_was_still_open.json,steer_alpha_0p82,experiments/frontier_sweep_mundane_hub_ablation_smoke/steer_alpha_0p82_c8_tok100_seed05_the_spreadsheet_was_still_open.json,1,5,0,-1.4623705989537412,0.0,0.13904485981308412,0.0,0.0,0.0,0.0,0.4372479868335979,0.05999999999999997,0.9730000000000001,0.0,0.3333333333333333,2.7777777777777777,antique,0.3333333333333333,2.7777777777777777,antique,0.0,0.0,,0.375,antique,0.0,1.0,the; spreadsheet; was; open,,0.45,0.4,0.0,0,0,"A small, antique wooden desk, weathered to a soft silver gray, sits atop a cluttered, old-fashioned cash register, its metal surface a mesh of rivets and rust, a tattered, hand-bell above it, softly singing a minor melody, as a tiny, glassy eye, once a small"
steer_alpha_0p82_c8_tok100_seed05_the_spreadsheet_was_still_open.json,steer_alpha_0p82,experiments/frontier_sweep_mundane_hub_ablation_smoke/steer_alpha_0p82_c8_tok100_seed05_the_spreadsheet_was_still_open.json,1,6,0,-0.01280918140930426,0.0,0.15261452890820726,0.0,0.0,0.0,0.0,0.42392924696724243,0.19999999999999998,0.9100000000000001,0.0,0.3333333333333333,2.7027027027027026,antique,0.3333333333333333,2.7027027027027026,antique,0.0,0.0,,0.375,antique,0.25,0.75,the; spreadsheet; was; open,open,0.4,0.4,0.0,0,0,"Its empty, a sheet of paper attached to a brass easel, a small, antique music stands beside it, its lid open, a handful of rain pours down, and a worn, wooden desk, with a half-written poem, a few scattered, watercolor paints, and a half-eaten, forgotten picni"
steer_alpha_0p82_c8_tok100_seed05_the_spreadsheet_was_still_open.json,steer_alpha_0p82,experiments/frontier_sweep_mundane_hub_ablation_smoke/steer_alpha_0p82_c8_tok100_seed05_the_spreadsheet_was_still_open.json,1,7,0,-1.5434133241389878,0.0,0.15150154465004023,0.0,0.0,0.0,0.0,0.4764199517296863,0.05999999999999997,0.9730000000000001,0.0,1.0,9.090909090909092,antique; miniature; porcelain,1.0,9.090909090909092,antique; miniature; porcelain,0.0,0.0,,1.0,antique; miniature; porcelain,0.0,1.0,the; spreadsheet; was; open,,0.4,0.4,0.0,0,0,"A faded, antique globe perched on a dusty, old, metal desk, beside a withered, ceramic planter, where a small, ceramic, tin can, containing a miniature, porcelain-free, porcelain-less, ceramic-less, yet eerily identical, porcelain-like, porcelain-less ceramic"
steer_alpha_0p82_c8_tok100_seed05_the_spreadsheet_was_still_open.json,steer_alpha_0p82,experiments/frontier_sweep_mundane_hub_ablation_smoke/steer_alpha_0p82_c8_tok100_seed05_the_spreadsheet_was_still_open.json,1,8,0,-1.2141678252234351,0.0,0.1348480635551142,0.0,0.0,0.0,0.0,0.3745779543197617,0.19999999999999998,0.9100000000000001,0.0,0.6666666666666666,5.2631578947368425,antique; delicate,0.3333333333333333,2.6315789473684212,antique,0.3333333333333333,2.6315789473684212,delicate,0.375,antique,0.0,1.0,the; spreadsheet; was; open,,0.2,0.4,0.0,0,0,"Its empty, a small, antique music maker sits on a wooden desk, its delicate, brass body worn, its delicate, silver lip now a small, delicate flower, its tiny, brass lips curled into a gentle, serene smile, as morning light creeps, a fine, frost of dew, a small"
steer_alpha_0p82_c8_tok100_seed05_the_spreadsheet_was_still_open.json,steer_alpha_0p82,experiments/frontier_sweep_mundane_hub_ablation_smoke/steer_alpha_0p82_c8_tok100_seed05_the_spreadsheet_was_still_open.json,2,1,1,0.2503397542115438,0.08762924683978876,0.18419179577464792,0.55,1.0,0.0,0.0,0.5792194835680752,0.05999999999999997,0.9730000000000001,0.0,0.0,0.0,,0.0,0.0,,0.0,0.0,,0.0,,1.0,0.0,the; spreadsheet; was; open; now; portal; swallowed; city; its; grid; numbers; and,spreadsheet; now; portal; and,0.25,0.4,0.0,1,0,"Through a small, dusty, forgotten shop, rain pours, and a violin, once a forgotten, forlows a gentle, rhythmic melody, as kettles sing in harmony, umbrellas stand at attention, and a spreadsheet, a portal, now a canvas, now a canvas, now a canvas, where rain"
steer_alpha_0p82_c8_tok100_seed05_the_spreadsheet_was_still_open.json,steer_alpha_0p82,experiments/frontier_sweep_mundane_hub_ablation_smoke/steer_alpha_0p82_c8_tok100_seed05_the_spreadsheet_was_still_open.json,2,2,0,0.5186819071099165,0.0900018262737113,0.19956059040734211,0.55,1.0,0.0,0.0,0.5543349733537282,0.19999999999999998,0.9100000000000001,0.0,0.6666666666666666,6.0606060606060606,crystal; delicate,0.3333333333333333,3.0303030303030303,crystal,0.3333333333333333,3.0303030303030303,delicate,0.35,crystal,1.0,0.0,the; spreadsheet; was; open; now; portal; swallowed; city; its; grid; numbers; and,the; now; portal; and,0.0,0.4,0.0,2,0,"Raindrops, now tiny, delicate, crystal-like, cling to the edges of the portal, as a umbrella, once a mundane, now a glittering, filigework of raindrops, drips, and a tea kettle, now a tiny, delicate, filigework of steam, pours into it, and a small, old, wooden"
steer_alpha_0p82_c8_tok100_seed05_the_spreadsheet_was_still_open.json,steer_alpha_0p82,experiments/frontier_sweep_mundane_hub_ablation_smoke/steer_alpha_0p82_c8_tok100_seed05_the_spreadsheet_was_still_open.json,2,3,0,0.7750923645944168,0.0,0.24425581395348833,0.0,0.0,0.0,0.0,0.6784883720930233,0.19999999999999998,0.9100000000000001,0.0,0.0,0.0,,0.0,0.0,,0.0,0.0,,0.0,,1.0,0.0,the; spreadsheet; was; open; now; portal; swallowed; city; its; grid; numbers; and,the; open; now; its,0.2,0.4,0.0,0,0,"Rain drips from the eaves of a grand, Art Nouirist mansion, where a lone, worn, brass telescope, once a curious, gargo, now stares out, its lenses fogging over, as a nearby, abandoned, marble, a forgotten, crypt, creaks open, releasing, a flock of starlings, w"
steer_alpha_0p82_c8_tok100_seed05_the_spreadsheet_was_still_open.json,steer_alpha_0p82,experiments/frontier_sweep_mundane_hub_ablation_smoke/steer_alpha_0p82_c8_tok100_seed05_the_spreadsheet_was_still_open.json,2,4,0,0.4136310762634295,0.0,0.20570817076167075,0.0,0.0,0.0,0.0,0.6468810401310401,0.05999999999999997,0.9730000000000001,0.0,1.0,9.090909090909092,antique; crystal; porcelain,1.0,9.090909090909092,antique; crystal; porcelain,0.0,0.0,,1.0,antique; crystal; porcelain,0.5,0.5,the; spreadsheet; was; open; now; portal; swallowed; city; its; grid; numbers; and,the; and,0.25,0.4,0.0,0,0,"Raindrops, like tiny, crystal beads, slide down the neck of a slender, antique, crimson-topped, porcelain-free fountain, where a forlows a gentle, rhythmic melody, as umbrellas and kettles, and rain, pour into it, where a small, forgotten, silver harmonium, no"
steer_alpha_0p82_c8_tok100_seed05_the_spreadsheet_was_still_open.json,steer_alpha_0p82,experiments/frontier_sweep_mundane_hub_ablation_smoke/steer_alpha_0p82_c8_tok100_seed05_the_spreadsheet_was_still_open.json,2,5,0,-0.2513116395557157,0.0,0.2313418508646873,0.0,0.0,0.0,0.0,0.6426162524019092,0.19999999999999998,0.9100000000000001,0.0,1.0,13.333333333333334,crystal; delicate; miniature; ornate,1.0,10.0,crystal; miniature; ornate,0.3333333333333333,3.3333333333333335,delicate,1.0,crystal; miniature; ornate,0.25,0.75,the; spreadsheet; was; open; now; portal; swallowed; city; its; grid; numbers; and,and,0.0,0.4,0.0,0,0,"Raindrops, like tiny, silvered mirrors, clink and rattle in a delicate, crystal teapot, which, in turn, is being carried by a bespectaced, top-hatted, umbrella-wielding, parasan A delicate, filigeworked music, a miniature, ornate, wooden tre e, beside a, a, a"
steer_alpha_0p82_c8_tok100_seed05_the_spreadsheet_was_still_open.json,steer_alpha_0p82,experiments/frontier_sweep_mundane_hub_ablation_smoke/steer_alpha_0p82_c8_tok100_seed05_the_spreadsheet_was_still_open.json,2,6,0,-2.1555022042153382,0.0,0.1695136084704981,0.0,0.0,0.0,0.0,0.565045361568327,0.0,1.0,0.0,1.0,12.121212121212121,antique; crystal; delicate; ornate,1.0,9.090909090909092,antique; crystal; ornate,0.3333333333333333,3.0303030303030303,delicate,1.0,antique; crystal; ornate,0.75,0.25,the; spreadsheet; was; open; now; portal; swallowed; city; its; grid; numbers; and,the; now; and,0.0,0.4,0.0,0,0,"Raindrops, now tiny, delicate, crystal-like, cling to the edge of a small, forgotten, antique, wooden trellis, where a forgotten, brass, ornate, wrought iron, moss, and a small, overgrown, iron, verdant, fern, and a, a small, delicate, golden, filigework, now"
steer_alpha_0p82_c8_tok100_seed05_the_spreadsheet_was_still_open.json,steer_alpha_0p82,experiments/frontier_sweep_mundane_hub_ablation_smoke/steer_alpha_0p82_c8_tok100_seed05_the_spreadsheet_was_still_open.json,2,7,0,0.16833962633968752,0.0,0.16322715199212987,0.0,0.0,0.0,0.0,0.4534087555336941,0.19999999999999998,0.9100000000000001,0.0,0.3333333333333333,2.6315789473684212,old man,0.0,0.0,,0.3333333333333333,2.6315789473684212,old man,0.0,,1.0,0.0,the; spreadsheet; was; open; now; portal; swallowed; city; its; grid; numbers; and,the; now; portal; its; and,0.0,0.4,0.0,0,0,"Raindrops, like tiny, translucent diamonds, fall from the eaves of buildings, as the umbrella of a besuett old man, its brim worn and frayed, stands upright, its tip pointed towards the portal, which now overflows with a sea of kettles, their lids, like a thou"
steer_alpha_0p82_c8_tok100_seed05_the_spreadsheet_was_still_open.json,steer_alpha_0p82,experiments/frontier_sweep_mundane_hub_ablation_smoke/steer_alpha_0p82_c8_tok100_seed05_the_spreadsheet_was_still_open.json,2,8,0,-0.12265446012257453,0.010209976687435101,0.021839522326064387,0.55,1.0,0.0,0.0,0.27471097265489786,0.05999999999999997,0.9730000000000001,0.0,0.6666666666666666,5.555555555555555,delicate; porcelain,0.3333333333333333,2.7777777777777777,porcelain,0.3333333333333333,2.7777777777777777,delicate,0.5,porcelain,1.0,0.0,the; spreadsheet; was; open; now; portal; swallowed; city; its; grid; numbers; and,the; now; portal; and,0.16666666666666666,0.85,0.0,1,0,"The umbrella, now a tiny, delicate, porcelain-like thing, and a kettle, with a soft, green fern, an old, worn, wooden bench, and a few, forgotten, dusty, old, tin cans, in a small, forgotten, metal planter, beside the portal, a small, porcelain teapot, with a"
steer_alpha_0p82_c8_tok100_seed05_the_spreadsheet_was_still_open.json,steer_alpha_0p82,experiments/frontier_sweep_mundane_hub_ablation_smoke/steer_alpha_0p82_c8_tok100_seed05_the_spreadsheet_was_still_open.json,3,1,1,1.0351338644171952,0.09990364273972603,0.2121997509339975,0.55,1.0,0.0,0.0,0.5894437525944376,0.19999999999999998,0.9100000000000001,0.0,0.6666666666666666,6.0606060606060606,delicate; ghostly,0.0,0.0,,0.6666666666666666,6.0606060606060606,delicate; ghostly,0.0,,0.75,0.25,the; spreadsheet; was; open; now; portal; swallowed; city; its; grid; numbers; and,now; its; and,0.2,0.4,0.0,1,0,"Rainwater, now a delicate, filigework of silver and copper, drips into a small, forgotten harmonium, where a lone, ghostly, forgotten violinist, its fingers, now a gentle, rhythmic melody, as kettles, now tiny, singing, and umbrellas, now tiny, stand at attent"
steer_alpha_0p82_c8_tok100_seed05_the_spreadsheet_was_still_open.json,steer_alpha_0p82,experiments/frontier_sweep_mundane_hub_ablation_smoke/steer_alpha_0p82_c8_tok100_seed05_the_spreadsheet_was_still_open.json,3,2,0,0.002486244172551111,0.09058864439347922,0.1774855885452179,0.55,1.0,0.0,0.0,0.5916186284840597,0.0,1.0,0.0,1.0,11.11111111111111,antique; delicate; melancholic; ornate,0.6666666666666666,5.555555555555555,antique; ornate,0.6666666666666666,5.555555555555555,delicate; melancholic,0.7,antique; ornate,0.75,0.25,the; spreadsheet; was; open; now; portal; swallowed; city; its; grid; numbers; and,now; its; and,0.6,0.4,0.0,1,0,"Rain, now a tiny, delicate, glass harmonium, its metal ribs singing a gentle, melancholic tune, as kettles, now tiny, ornate, Chinese teacups, and umbrellas, now tiny, gargo-like, and a solitary, silver, harmonium, its lid agape, in a forgotten, antique, dusty"
steer_alpha_0p82_c8_tok100_seed05_the_spreadsheet_was_still_open.json,steer_alpha_0p82,experiments/frontier_sweep_mundane_hub_ablation_smoke/steer_alpha_0p82_c8_tok100_seed05_the_spreadsheet_was_still_open.json,3,3,0,0.3156506004447413,0.0861612408870968,0.1811061290322581,0.55,1.0,0.0,0.0,0.5695161290322581,0.05999999999999997,0.9730000000000001,0.0,0.3333333333333333,3.225806451612903,delicate,0.0,0.0,,0.3333333333333333,3.225806451612903,delicate,0.0,,0.75,0.25,the; spreadsheet; was; open; now; portal; swallowed; city; its; grid; numbers; and,now; its; and,0.25,0.4,0.0,3,0,"Rainwater, a tiny, delicate, wooden boat, now an umbrella, stands at attention, its ribs, a latticework of fine, silver filigework, now a tiny, forgotten, forlows a gentle, rhythmic melody, as kettles, once a gentle, rhythmic melody, and a violin, now a downpo"
steer_alpha_0p82_c8_tok100_seed05_the_spreadsheet_was_still_open.json,steer_alpha_0p82,experiments/frontier_sweep_mundane_hub_ablation_smoke/steer_alpha_0p82_c8_tok100_seed05_the_spreadsheet_was_still_open.json,3,4,0,0.1872441492791666,0.0818820126168224,0.163600424808836,0.55,1.0,0.0,0.0,0.45444562446898895,0.19999999999999998,0.9100000000000001,0.0,0.6666666666666666,6.0606060606060606,delicate; miniature,0.3333333333333333,3.0303030303030303,miniature,0.3333333333333333,3.0303030303030303,delicate,0.4,miniature,1.0,0.0,the; spreadsheet; was; open; now; portal; swallowed; city; its; grid; numbers; and,the; now; its; and,0.5,0.4,0.0,1,0,"Rain drips from the eaves of the shop, creating a miniature, crystallization of diamonds, as a violin, once a forgotten, now a tiny, delicate, mechanical bird takes flight, its wings a blur, singing a gentle, rhythmic melody, and a shower of paper, once a forg"
steer_alpha_0p82_c8_tok100_seed05_the_spreadsheet_was_still_open.json,steer_alpha_0p82,experiments/frontier_sweep_mundane_hub_ablation_smoke/steer_alpha_0p82_c8_tok100_seed05_the_spreadsheet_was_still_open.json,3,5,0,-2.026413129000347,0.08131274965753425,0.1657414383561644,0.55,1.0,0.0,0.0,0.5524714611872147,0.0,1.0,0.0,1.0,12.5,delicate; iridescent; miniature; mist,0.3333333333333333,3.125,miniature,1.0,9.375,delicate; iridescent; mist,0.4,miniature,0.75,0.25,the; spreadsheet; was; open; now; portal; swallowed; city; its; grid; numbers; and,now; city; its,0.4,0.4,0.0,2,0,"Rain, now a thousand, tiny, delicate, glock, its surface, a miniature, intricate, mechanical, organ, where kettles, now a chorus, sing, a gentle, rhythm, a soft, iridescent mist, where umbrellas, once, a tiny, delicate, miniature, city, where kettles, now, a c"
steer_alpha_0p82_c8_tok100_seed05_the_spreadsheet_was_still_open.json,steer_alpha_0p82,experiments/frontier_sweep_mundane_hub_ablation_smoke/steer_alpha_0p82_c8_tok100_seed05_the_spreadsheet_was_still_open.json,3,6,0,-1.1650201392210002,0.07457557861111112,0.1419811111111111,0.55,1.0,0.0,0.0,0.4464814814814815,0.05999999999999997,0.9730000000000001,0.0,0.0,0.0,,0.0,0.0,,0.0,0.0,,0.0,,0.5,0.5,the; spreadsheet; was; open; now; portal; swallowed; city; its; grid; numbers; and,now; and,0.75,0.4,0.0,1,0,"Rain, a small, forgotten violin, now a small, forgotten violin, once, a gentle, rhythmic melody, umbrellas, kettles, and rain, into it, a solitary, and a single, pours, and a violin, once a forgotten, in a small, dusty, forgotten shop, a gentle, rhythmic melod"
steer_alpha_0p82_c8_tok100_seed05_the_spreadsheet_was_still_open.json,steer_alpha_0p82,experiments/frontier_sweep_mundane_hub_ablation_smoke/steer_alpha_0p82_c8_tok100_seed05_the_spreadsheet_was_still_open.json,3,7,0,-0.33479948827349565,0.0,0.12197113504556753,0.0,0.0,0.0,0.0,0.3835570284451809,0.05999999999999997,0.9730000000000001,0.0,0.0,0.0,,0.0,0.0,,0.0,0.0,,0.0,,1.0,0.0,the; spreadsheet; was; open; now; portal; swallowed; city; its; grid; numbers; and,the; now; its; and,0.5,0.4,0.0,0,0,"Rain drips from the eaves of a shop, where a violin weeps, its strings singing in perfect harmony with the kettles, as umbrellas, once a gentle, rhythmic melody, now pours into a small, forgotten, and a single, forgotten, a violin, once a forgotten, forlows a"
steer_alpha_0p82_c8_tok100_seed05_the_spreadsheet_was_still_open.json,steer_alpha_0p82,experiments/frontier_sweep_mundane_hub_ablation_smoke/steer_alpha_0p82_c8_tok100_seed05_the_spreadsheet_was_still_open.json,3,8,0,-0.5737246358348425,0.0,0.11678331501057082,0.0,0.0,0.0,0.0,0.3672431289640592,0.05999999999999997,0.9730000000000001,0.0,0.3333333333333333,3.0303030303030303,iridescent,0.0,0.0,,0.3333333333333333,3.0303030303030303,iridescent,0.0,,0.75,0.25,the; spreadsheet; was; open; now; portal; swallowed; city; its; grid; numbers; and,the; now; and,0.75,0.4,0.0,0,0,"Rain pours onto a small, dusty, forgotten shop, where a violin, once a forgotten, now plays a gentle, rhythmic melody, as kettles sing in harmony with the rain, umbrellas stand at attention, and a violin, once a forgotten, now pours a shimmering, iridescent po"
selector_alpha_0_c8_tok100_seed06_the_elevator_button_was_cracked.json,selector_alpha_0,experiments/frontier_sweep_mundane_hub_ablation_smoke/selector_alpha_0_c8_tok100_seed06_the_elevator_button_was_cracked.json,1,1,1,0.7981868144848308,0.027894870086058524,0.42522667814113596,0.08000000000000002,0.0,0.0,0.4,0.7087111302352266,0.19999999999999998,0.9100000000000001,0.0,0.0,0.0,,0.0,0.0,,0.0,0.0,,0.0,,0.5,0.5,the; elevator; button; was; cracked,the; elevator,0.0,0.0,0.0,0,0,"The elevator's metal door now hung, a torn piece of it flapping like a torn wing, exposing the dimly lit service corridor beyond, where a single, stained light bulb cast flickering shadows on the walls."
selector_alpha_0_c8_tok100_seed06_the_elevator_button_was_cracked.json,selector_alpha_0,experiments/frontier_sweep_mundane_hub_ablation_smoke/selector_alpha_0_c8_tok100_seed06_the_elevator_button_was_cracked.json,1,2,0,-1.594960512234496,0.0,0.36476699814986124,0.0,0.0,0.0,0.0,0.7295339962997225,0.0,0.9454583333333334,0.0,0.0,0.0,,0.0,0.0,,0.0,0.0,,0.0,,0.5,0.5,the; elevator; button; was; cracked,the; elevator,0.0,0.0,0.0,0,0,"A worn, metal ticket stub lay next to it, partially obscuring the elevator indicator, which now read '12:45 AM'."
selector_alpha_0_c8_tok100_seed06_the_elevator_button_was_cracked.json,selector_alpha_0,experiments/frontier_sweep_mundane_hub_ablation_smoke/selector_alpha_0_c8_tok100_seed06_the_elevator_button_was_cracked.json,1,3,0,-1.6808613987849852,0.0,0.3596392405063291,0.0,0.0,0.0,0.0,0.7192784810126582,0.0,0.8368175287356322,0.0,0.0,0.0,,0.0,0.0,,0.0,0.0,,0.0,,0.25,0.75,the; elevator; button; was; cracked,the,0.0,0.0,0.0,0,0,"It had been there for years, hidden behind the peeling wallpaper, waiting for the rent to be paid."
selector_alpha_0_c8_tok100_seed06_the_elevator_button_was_cracked.json,selector_alpha_0,experiments/frontier_sweep_mundane_hub_ablation_smoke/selector_alpha_0_c8_tok100_seed06_the_elevator_button_was_cracked.json,1,4,0,-1.42400597213006,0.0,0.4607279362972794,0.0,0.0,0.0,0.0,0.767879893828799,0.19999999999999998,0.9100000000000001,0.0,0.0,0.0,,0.0,0.0,,0.0,0.0,,0.0,,1.0,0.0,the; elevator; button; was; cracked,the; elevator; button; cracked,0.5,0.0,0.0,0,0,"Rainwater dripped from the cracked elevator button, pooling on the floor below, where a discarded shoe collected, its laces tangled with yellowed newspaper pages."
selector_alpha_0_c8_tok100_seed06_the_elevator_button_was_cracked.json,selector_alpha_0,experiments/frontier_sweep_mundane_hub_ablation_smoke/selector_alpha_0_c8_tok100_seed06_the_elevator_button_was_cracked.json,1,5,0,-1.1868047752808988,0.0,0.4363188202247191,0.0,0.0,0.0,0.0,0.7271980337078652,0.19999999999999998,0.9100000000000001,0.0,0.0,0.0,,0.0,0.0,,0.0,0.0,,0.0,,1.0,0.0,the; elevator; button; was; cracked,the; elevator; button; was; cracked,0.25,0.0,0.0,0,0,"The cracked elevator button was now attached to the lid of a old, dusty teacup, which rested on a small, weathered wooden table in the attic of the mansion, where it had been left behind by a guest who had never returned."
selector_alpha_0_c8_tok100_seed06_the_elevator_button_was_cracked.json,selector_alpha_0,experiments/frontier_sweep_mundane_hub_ablation_smoke/selector_alpha_0_c8_tok100_seed06_the_elevator_button_was_cracked.json,1,6,0,-0.9311652969790066,0.0,0.4352116666666666,0.0,0.0,0.0,0.0,0.7253527777777777,0.19999999999999998,0.9100000000000001,0.0,0.3333333333333333,2.0,antique,0.3333333333333333,2.0,antique,0.0,0.0,,0.375,antique,1.0,0.0,the; elevator; button; was; cracked,the; elevator; button; was; cracked,0.16666666666666666,0.0,0.0,0,0,"The elevator button was cracked, its fragments of glass and metal reflecting the dim fluorescent lights of the abandoned building, now housing a vintage typewriter, its keys stuck together with rust and grime, next to a stack of old newspapers, one of which was open to a page with a faded classified ad for a antique shop that had closed decades ago."
selector_alpha_0_c8_tok100_seed06_the_elevator_button_was_cracked.json,selector_alpha_0,experiments/frontier_sweep_mundane_hub_ablation_smoke/selector_alpha_0_c8_tok100_seed06_the_elevator_button_was_cracked.json,1,7,0,-1.3368610628814863,0.0023820077016246917,0.1960799022678862,0.014814814814814815,0.0,0.0,0.07407407407407407,0.6535996742262874,0.19999999999999998,0.9100000000000001,0.5,0.6666666666666666,3.1746031746031744,antique; ornate,0.6666666666666666,3.1746031746031744,antique; ornate,0.0,0.0,,0.7,antique; ornate,0.25,0.75,the; elevator; button; was; cracked,the,0.0,0.0,0.0,0,0,"It had been a year since the accident, yet the broken glass still lingered, a faint reminder of the events that had shaken the entire floor, now home to a small antique shop with a peculiar, ornate mirror hanging on the wall, its surface reflecting the shop's eclectic assortment of vintage trinkets and artifacts, including a vintage typewriter that still clacked out a lone, jagged phrase: ""the crack will spread""."
selector_alpha_0_c8_tok100_seed06_the_elevator_button_was_cracked.json,selector_alpha_0,experiments/frontier_sweep_mundane_hub_ablation_smoke/selector_alpha_0_c8_tok100_seed06_the_elevator_button_was_cracked.json,1,8,0,-2.724961699779249,0.0,0.0,0.55,1.0,0.0,0.0,0.6758186534216336,0.19999999999999998,0.9100000000000001,1.0,0.0,0.0,,0.0,0.0,,0.0,0.0,,0.0,,1.0,0.0,the; elevator; button; was; cracked,the; elevator; button; was; cracked,0.25,0.0,0.0,1,0,"The elevator button, once a vibrant red, now faded and worn, remained embedded in the cracked wall, its surface weathered from years of being stuck in one position, a relic of a bygone era, when the building's grandeur still lingered, and the elevator itself was a symbol of sophistication and elegance, now a mere afterthought, a reminder of the passing of time."
selector_alpha_0_c8_tok100_seed06_the_elevator_button_was_cracked.json,selector_alpha_0,experiments/frontier_sweep_mundane_hub_ablation_smoke/selector_alpha_0_c8_tok100_seed06_the_elevator_button_was_cracked.json,2,1,1,0.9755990668879015,0.1855173883476958,0.41134675908579993,0.55,1.0,0.0,0.0,0.6855779318096665,0.19999999999999998,0.9100000000000001,0.0,0.3333333333333333,1.9607843137254901,faint glow,0.0,0.0,,0.3333333333333333,1.9607843137254901,faint glow,0.0,,0.5,0.5,the; elevator; button; was; cracked; elevator's; metal; door; now; hung; torn; piece,the; metal,0.0,0.0,0.0,1,0,"Moldy pipes and dusty vents revealed themselves, a tangled web of pipes snaking across the wall, as if the very infrastructure of the building had begun to unravel, their metal surfaces reflecting the faint glow of the single bulb, and a forgotten air vent became a makeshift entrance to a narrow, cramped space filled with rusting machinery and old, discarded machinery parts."
selector_alpha_0_c8_tok100_seed06_the_elevator_button_was_cracked.json,selector_alpha_0,experiments/frontier_sweep_mundane_hub_ablation_smoke/selector_alpha_0_c8_tok100_seed06_the_elevator_button_was_cracked.json,2,2,0,0.7086965887877168,0.1595824964261411,0.4008957658678756,0.48544488889369664,0.859375,0.0,0.06394319446848298,0.6681596097797927,0.19999999999999998,0.9100000000000001,0.0,0.6666666666666666,3.125,antique; faint glow,0.3333333333333333,1.5625,antique,0.3333333333333333,1.5625,faint glow,0.375,antique,1.0,0.0,the; elevator; button; was; cracked; elevator's; metal; door; now; hung; torn; piece,the; elevator; was; metal; now,0.0,0.0,0.0,1,0,"The service corridor's walls seemed to close in on the broken elevator, as if nature itself was attempting to reclaim the space, with vines snaking around the pipes and ductwork, their emerald tendrils curling around the metal like skeletal fingers, as the stained light bulb above, now a tiny, dying ember, cast a faint glow on the slowly spreading shadow of a small, antique metal safe, partially hidden behind a stack of discarded crates and broken machinery."
selector_alpha_0_c8_tok100_seed06_the_elevator_button_was_cracked.json,selector_alpha_0,experiments/frontier_sweep_mundane_hub_ablation_smoke/selector_alpha_0_c8_tok100_seed06_the_elevator_button_was_cracked.json,2,3,0,-0.42521491693177826,0.0,0.4573796394485683,0.0,0.0,0.0,0.0,0.7622993990809472,0.19999999999999998,0.9100000000000001,0.0,0.0,0.0,,0.0,0.0,,0.0,0.0,,0.0,,0.25,0.75,the; elevator; button; was; cracked; elevator's; metal; door; now; hung; torn; piece,the,0.0,0.0,0.0,0,0,"A maintenance worker's toolbox, filled with rusty tools and a roll of duct tape, sat on the floor, its lid slightly ajar, as if recently disturbed, beside a small, cluttered console that displayed a faded sign reading ""Authorized Personnel Only."""
selector_alpha_0_c8_tok100_seed06_the_elevator_button_was_cracked.json,selector_alpha_0,experiments/frontier_sweep_mundane_hub_ablation_smoke/selector_alpha_0_c8_tok100_seed06_the_elevator_button_was_cracked.json,2,4,0,1.1465339012979305,0.00853693326281505,0.40703683595588175,0.025577277787393195,0.0,0.0,0.12788638893696597,0.6783947265931363,0.19999999999999998,0.9100000000000001,0.0,0.0,0.0,,0.0,0.0,,0.0,0.0,,0.0,,1.0,0.0,the; elevator; button; was; cracked; elevator's; metal; door; now; hung; torn; piece,the; metal; door; torn,0.0,0.0,0.0,0,0,"A faded sign above the door read ""Maintenance Access Only,"" but the words were barely legible, the letters peeling away like paint on a neglected wall. The service corridor seemed to stretch on forever, a seemingly endless tunnel of peeling paint and dusty pipes, as the torn metal door creaked ominously in the faint breeze."
selector_alpha_0_c8_tok100_seed06_the_elevator_button_was_cracked.json,selector_alpha_0,experiments/frontier_sweep_mundane_hub_ablation_smoke/selector_alpha_0_c8_tok100_seed06_the_elevator_button_was_cracked.json,2,5,0,0.46520999945751096,0.0,0.41419551417237965,0.0,0.0,0.0,0.0,0.6903258569539661,0.19999999999999998,0.9100000000000001,0.0,0.0,0.0,,0.0,0.0,,0.0,0.0,,0.0,,0.75,0.25,the; elevator; button; was; cracked; elevator's; metal; door; now; hung; torn; piece,the; metal; torn,0.0,0.0,0.0,0,0,"A lone, rusted fire extinguisher sat on a nearby shelf, its hose torn and kinked, its metal body dented and twisted, as if it had been crushed beneath the creaking, old-fashioned luggage rack that held a collection of tattered, vintage trunks, their lids slightly ajar, revealing a tangle of frayed wires, broken luggage tags, and a faded, metal luggage scale."
selector_alpha_0_c8_tok100_seed06_the_elevator_button_was_cracked.json,selector_alpha_0,experiments/frontier_sweep_mundane_hub_ablation_smoke/selector_alpha_0_c8_tok100_seed06_the_elevator_button_was_cracked.json,2,6,0,0.9461571851301496,0.0,0.4060083841463415,0.0,0.0,0.0,0.0,0.6766806402439025,0.19999999999999998,0.9100000000000001,0.0,0.0,0.0,,0.0,0.0,,0.0,0.0,,0.0,,0.75,0.25,the; elevator; button; was; cracked; elevator's; metal; door; now; hung; torn; piece,the; metal; torn,0.0,0.0,0.0,0,0,"The faint scent of rust wafted out from the torn metal, mingling with the musty smell of the abandoned corridor, where a forgotten trash can sat, its metal lid slightly ajar, and a yellowing newspaper clippings were caught in the rusty hinges, fluttering like tiny wings."
selector_alpha_0_c8_tok100_seed06_the_elevator_button_was_cracked.json,selector_alpha_0,experiments/frontier_sweep_mundane_hub_ablation_smoke/selector_alpha_0_c8_tok100_seed06_the_elevator_button_was_cracked.json,2,7,0,0.6857337114506814,0.0,0.3906228813559322,0.0,0.0,0.0,0.0,0.6510381355932203,0.19999999999999998,0.9100000000000001,0.0,0.0,0.0,,0.0,0.0,,0.0,0.0,,0.0,,1.0,0.0,the; elevator; button; was; cracked; elevator's; metal; door; now; hung; torn; piece,the; elevator; button; now,0.0,0.0,0.0,0,0,"Molded plaster on the wall had partially covered the hole where the elevator button once stood, a small, rounded patch with a faint, silver outline where the original design had been scratched out, and now, a small, crumpled up newspaper, its headlines faded, had been tucked into the gap, as if someone had hastily inserted it there, perhaps in the hope of finding some semblance of order amidst the chaos."
selector_alpha_0_c8_tok100_seed06_the_elevator_button_was_cracked.json,selector_alpha_0,experiments/frontier_sweep_mundane_hub_ablation_smoke/selector_alpha_0_c8_tok100_seed06_the_elevator_button_was_cracked.json,2,8,0,-0.6049652763243207,0.0,0.20384599548943336,0.0,0.0,0.0,0.0,0.6794866516314445,0.19999999999999998,0.9100000000000001,0.5,0.0,0.0,,0.0,0.0,,0.0,0.0,,0.0,,1.0,0.0,the; elevator; button; was; cracked; elevator's; metal; door; now; hung; torn; piece,the; elevator; cracked; metal; now,0.3333333333333333,0.0,0.0,0,0,"A rusty pipe, once a part of the building's original infrastructure, now protruded from the cracked elevator shaft, its metal surface smeared with grime and old grease, a testament to years of disuse, its curved shape a stark contrast to the boxy, utilitarian shape of the old elevator itself."
selector_alpha_0_c8_tok100_seed06_the_elevator_button_was_cracked.json,selector_alpha_0,experiments/frontier_sweep_mundane_hub_ablation_smoke/selector_alpha_0_c8_tok100_seed06_the_elevator_button_was_cracked.json,3,1,1,0.054147300663559106,0.0,0.4242863077782432,0.0,0.0,0.0,0.0,0.707143846297072,0.19999999999999998,0.9100000000000001,0.0,0.0,0.0,,0.0,0.0,,0.0,0.0,,0.0,,0.5,0.5,the; elevator; button; was; cracked; elevator's; metal; door; now; hung; torn; piece,the; metal,0.0,0.0,0.0,0,0,"A weathered, metal toolbox, half-hidden in the shadows, its lid slightly ajar, revealing a tangle of rusty wires and a single, flickering fluorescent light emanating from within, casting an eerie glow on the walls of the cramped space."
selector_alpha_0_c8_tok100_seed06_the_elevator_button_was_cracked.json,selector_alpha_0,experiments/frontier_sweep_mundane_hub_ablation_smoke/selector_alpha_0_c8_tok100_seed06_the_elevator_button_was_cracked.json,3,2,0,0.5136377184890517,0.0,0.4228936046511627,0.0,0.0,0.0,0.0,0.7048226744186046,0.19999999999999998,0.9100000000000001,0.0,0.0,0.0,,0.0,0.0,,0.0,0.0,,0.0,,0.5,0.5,the; elevator; button; was; cracked; elevator's; metal; door; now; hung; torn; piece,the; metal,0.0,0.0,0.0,0,0,"A small, rusty toolbox lay open on the workbench, its lid slightly ajar, revealing a stack of rusty wrenches, a tangle of frayed electrical wires, and a single, partially disassembled engine, its metal components scattered haphazardly across the surface, as if it had been dropped in the chaos that had unfolded in the service corridor."
selector_alpha_0_c8_tok100_seed06_the_elevator_button_was_cracked.json,selector_alpha_0,experiments/frontier_sweep_mundane_hub_ablation_smoke/selector_alpha_0_c8_tok100_seed06_the_elevator_button_was_cracked.json,3,3,0,0.8426972336765519,0.004468683630621254,0.4051279115673115,0.012121212121212123,0.0,0.0,0.06060606060606061,0.6752131859455192,0.19999999999999998,0.9100000000000001,0.0,0.3333333333333333,1.9607843137254901,faint glow,0.0,0.0,,0.3333333333333333,1.9607843137254901,faint glow,0.0,,0.5,0.5,the; elevator; button; was; cracked; elevator's; metal; door; now; hung; torn; piece,the; metal,0.5,0.0,0.0,0,0,"A tangle of exposed wiring and discarded circuit boards covered the floor of this cramped space, illuminated only by the faint glow of the single bulb, its light dancing across the rusty machinery, as a small, metal toolbox lay open, its contents spilling out onto the dusty floor, a pile of rusty screws, a single, dented wrench, and a dusty, forgotten hammer."
selector_alpha_0_c8_tok100_seed06_the_elevator_button_was_cracked.json,selector_alpha_0,experiments/frontier_sweep_mundane_hub_ablation_smoke/selector_alpha_0_c8_tok100_seed06_the_elevator_button_was_cracked.json,3,4,0,0.3989841130813177,0.0026980904421581714,0.17274359538207804,0.01904761904761905,0.0,0.0,0.09523809523809523,0.4798433205057724,0.19999999999999998,0.9100000000000001,0.0,0.0,0.0,,0.0,0.0,,0.0,0.0,,0.0,,0.5,0.5,the; elevator; button; was; cracked; elevator's; metal; door; now; hung; torn; piece,the; metal,0.0,0.4,0.0,0,0,"A solitary, flickering fluorescent tube overhead cast an eerie glow on a tangle of exposed wiring, its thin metal cord trailing down the wall like a snake, as a rusted, abandoned chair sat atop a narrow, cluttered workbench, its wooden legs splayed at awkward"
selector_alpha_0_c8_tok100_seed06_the_elevator_button_was_cracked.json,selector_alpha_0,experiments/frontier_sweep_mundane_hub_ablation_smoke/selector_alpha_0_c8_tok100_seed06_the_elevator_button_was_cracked.json,3,5,0,-0.5470111599542422,0.0,0.4093384506376948,0.0,0.0,0.0,0.0,0.6822307510628247,0.19999999999999998,0.9100000000000001,0.0,0.0,0.0,,0.0,0.0,,0.0,0.0,,0.0,,0.5,0.5,the; elevator; button; was; cracked; elevator's; metal; door; now; hung; torn; piece,the; now,0.125,0.0,0.0,0,0,"Water dripped from the corroded pipes, forming a small puddle that reflected the faint light, its surface broken by a scattering of rusting gears and a lone, tarnished photograph tacked to the wall, the image depicting a family standing in front of a small, seaside town, now faded and peeling at the edges, a faded inscription reading ""Summer 1955""."
selector_alpha_0_c8_tok100_seed06_the_elevator_button_was_cracked.json,selector_alpha_0,experiments/frontier_sweep_mundane_hub_ablation_smoke/selector_alpha_0_c8_tok100_seed06_the_elevator_button_was_cracked.json,3,6,0,0.03428418635338698,0.0,0.15800533798952354,0.0,0.0,0.0,0.0,0.43890371663756544,0.19999999999999998,0.9100000000000001,0.0,0.3333333333333333,2.6315789473684212,faint glow,0.0,0.0,,0.3333333333333333,2.6315789473684212,faint glow,0.0,,0.25,0.75,the; elevator; button; was; cracked; elevator's; metal; door; now; hung; torn; piece,the,0.42857142857142855,0.4,0.0,0,0,"Moldy pipes snaked further, twisting around the edges of a dusty, old service console, its buttons and levers worn and rusted, as if it had been untouched for decades, and a thin layer of grime coated the surface, reflecting the faint glow of the single bulb"
selector_alpha_0_c8_tok100_seed06_the_elevator_button_was_cracked.json,selector_alpha_0,experiments/frontier_sweep_mundane_hub_ablation_smoke/selector_alpha_0_c8_tok100_seed06_the_elevator_button_was_cracked.json,3,7,0,0.3488961466809349,0.0,0.1508991768520828,0.0,0.0,0.0,0.0,0.4191643801446745,0.19999999999999998,0.9100000000000001,0.0,0.0,0.0,,0.0,0.0,,0.0,0.0,,0.0,,0.25,0.75,the; elevator; button; was; cracked; elevator's; metal; door; now; hung; torn; piece,the,0.0,0.4,0.0,0,0,"Dust coated tools lay scattered amidst the rusting machinery, their handles worn and twisted, a broken level, a rusty wrench, a tangled mess of wires, and a box of drywall screws, as if the machinery had been left to decay, the air thick with the smell of rust"
selector_alpha_0_c8_tok100_seed06_the_elevator_button_was_cracked.json,selector_alpha_0,experiments/frontier_sweep_mundane_hub_ablation_smoke/selector_alpha_0_c8_tok100_seed06_the_elevator_button_was_cracked.json,3,8,0,0.09366704771451229,0.0002037604861854977,0.007141138534538471,0.03333333333333333,0.0,0.0,0.16666666666666666,0.07934598371709412,0.19999999999999998,0.9100000000000001,0.0,0.3333333333333333,2.7027027027027026,faint glow,0.0,0.0,,0.3333333333333333,2.7027027027027026,faint glow,0.0,,0.75,0.25,the; elevator; button; was; cracked; elevator's; metal; door; now; hung; torn; piece,the; metal; now,0.2,0.85,0.0,0,0,"The air vent, a jagged opening now serving as an entrance, swallowed the dimly lit corridor, its metal walls seeming to close in on the faint glow of the single bulb, which cast eerie shadows on the walls of the cramped, rusting machinery-filled space, where a"
steer_alpha_0p66_c8_tok100_seed06_the_elevator_button_was_cracked.json,steer_alpha_0p66,experiments/frontier_sweep_mundane_hub_ablation_smoke/steer_alpha_0p66_c8_tok100_seed06_the_elevator_button_was_cracked.json,1,1,1,-1.813157509157509,0.22505072364672363,0.45278461538461534,0.5648148148148149,1.0,0.0,0.07407407407407407,0.7546410256410256,0.19999999999999998,0.9100000000000001,0.0,0.6666666666666666,5.714285714285714,antique; delicate,0.3333333333333333,2.857142857142857,antique,0.3333333333333333,2.857142857142857,delicate,0.375,antique,1.0,0.0,the; elevator; button; was; cracked,the; elevator; button; cracked,0.3333333333333333,0.0,0.0,1,0,"The elevator, now a tiny, delicate flower, unfolded from its metal petals, releasing a gentle, silver rain that pours onto the cracked button, where a small, antique globe spins, its surface etched with the names of cities and streets."
steer_alpha_0p66_c8_tok100_seed06_the_elevator_button_was_cracked.json,steer_alpha_0p66,experiments/frontier_sweep_mundane_hub_ablation_smoke/steer_alpha_0p66_c8_tok100_seed06_the_elevator_button_was_cracked.json,1,2,0,0.970332659929926,0.008869098137508635,0.44785943661971833,0.02415037499278844,0.0,0.0,0.1207518749639422,0.7464323943661972,0.19999999999999998,0.8386106321839082,0.0,0.3333333333333333,4.0,antique,0.3333333333333333,4.0,antique,0.0,0.0,,0.375,antique,0.5,0.5,the; elevator; button; was; cracked,the; elevator,0.0,0.0,0.0,0,0,"The elevator's metal exterior now grows vines and moss, and a small, dusty, antique globe perches on a windowsill, its surface etched with the names of forgotten cities."
steer_alpha_0p66_c8_tok100_seed06_the_elevator_button_was_cracked.json,steer_alpha_0p66,experiments/frontier_sweep_mundane_hub_ablation_smoke/steer_alpha_0p66_c8_tok100_seed06_the_elevator_button_was_cracked.json,1,3,0,-0.3958657536731367,0.0104751109766221,0.40718800290223106,0.03137254901960784,0.0,0.0,0.1568627450980392,0.6786466715037185,0.19999999999999998,0.9100000000000001,0.0,1.0,8.0,antique; delicate; music box; porcelain,1.0,6.0,antique; music box; porcelain,0.3333333333333333,2.0,delicate,1.0,antique; music box; porcelain,0.25,0.75,the; elevator; button; was; cracked,the,0.0,0.0,0.0,0,0,"A small, delicate, antique music box lies on the floor, its intricate, Victorian-style lid slightly ajar, beside a dusty, old, metal, porcelain-free, porcelain-like, ceramic teapot, from which steam rises, emitting a gentle, misty veil that slowly, ever so slowly, begins to take shape, as if the teapot and the music box are sharing a whispered secret."
steer_alpha_0p66_c8_tok100_seed06_the_elevator_button_was_cracked.json,steer_alpha_0p66,experiments/frontier_sweep_mundane_hub_ablation_smoke/steer_alpha_0p66_c8_tok100_seed06_the_elevator_button_was_cracked.json,1,4,0,-0.1348520622041922,0.0,0.4428372413793103,0.0,0.0,0.0,0.0,0.7380620689655172,0.19999999999999998,0.9100000000000001,0.0,0.3333333333333333,4.0,antique,0.3333333333333333,4.0,antique,0.0,0.0,,0.375,antique,0.5,0.5,the; elevator; button; was; cracked,the; elevator,0.0,0.0,0.0,0,0,"A small, antique typewriter sat in the elevator, its keys dusty and still, next to a worn, black suit and a hat that seems to be slowly, silently, slowly transforming into a bird."
steer_alpha_0p66_c8_tok100_seed06_the_elevator_button_was_cracked.json,steer_alpha_0p66,experiments/frontier_sweep_mundane_hub_ablation_smoke/steer_alpha_0p66_c8_tok100_seed06_the_elevator_button_was_cracked.json,1,5,0,-1.1438253583511875,0.0,0.46127754212324734,0.0,0.0,0.0,0.0,0.9225550842464947,0.0,1.0,0.0,0.6666666666666666,5.555555555555555,antique; delicate,0.3333333333333333,2.7777777777777777,antique,0.3333333333333333,2.7777777777777777,delicate,0.375,antique,0.0,1.0,the; elevator; button; was; cracked,,0.0,0.0,0.0,0,0,"A small, delicate, antique music maker sat on a shelf, its intricate, brass body weathered to a soft, moss-like green, its tiny, golden strings muffled and still, a single, faded rose petal, once a vibrant crimson, now wilted and wilted, beside it."
steer_alpha_0p66_c8_tok100_seed06_the_elevator_button_was_cracked.json,steer_alpha_0p66,experiments/frontier_sweep_mundane_hub_ablation_smoke/steer_alpha_0p66_c8_tok100_seed06_the_elevator_button_was_cracked.json,1,6,0,0.05564598430014667,0.004879364188873305,0.4016549789621318,0.014814814814814815,0.0,0.0,0.07407407407407407,0.6694249649368864,0.19999999999999998,0.9100000000000001,0.0,1.0,9.67741935483871,antique; ethereal; ornate,0.6666666666666666,6.451612903225806,antique; ornate,0.3333333333333333,3.225806451612903,ethereal,0.7,antique; ornate,0.5,0.5,the; elevator; button; was; cracked,the; elevator,0.0,0.0,0.0,0,0,"A small, ornate wooden box, worn and weathered, now sits on a pedestal in the elevator, its lid slightly ajar, revealing a tiny, antique globe that slowly rotates, casting a faint, ethereal glow on the walls of the elevator."
steer_alpha_0p66_c8_tok100_seed06_the_elevator_button_was_cracked.json,steer_alpha_0p66,experiments/frontier_sweep_mundane_hub_ablation_smoke/steer_alpha_0p66_c8_tok100_seed06_the_elevator_button_was_cracked.json,1,7,0,-0.8699535608377351,0.0,0.16245877814845705,0.0,0.0,0.0,0.0,0.45127438374571405,0.19999999999999998,0.9100000000000001,0.0,0.6666666666666666,6.0606060606060606,antique; delicate,0.3333333333333333,3.0303030303030303,antique,0.3333333333333333,3.0303030303030303,delicate,0.375,antique,1.0,0.0,the; elevator; button; was; cracked,the; elevator; button; cracked,0.5,0.4,0.0,0,0,"A small, delicate, antique music maker, with an intricately carved wooden frame, sat on a windowsill in a dimly lit, Victorian-era style studio, where a painter, covered in soot and paint, sat cross-legged, staring at the cracked elevator button, as it slowly"
steer_alpha_0p66_c8_tok100_seed06_the_elevator_button_was_cracked.json,steer_alpha_0p66,experiments/frontier_sweep_mundane_hub_ablation_smoke/steer_alpha_0p66_c8_tok100_seed06_the_elevator_button_was_cracked.json,1,8,0,-0.3375732151455362,0.01119118235749006,0.0248141515687141,0.55,1.0,0.0,0.0,0.3308553542495213,0.0,1.0,0.0,1.0,8.571428571428571,antique; delicate; ornate,0.6666666666666666,5.714285714285714,antique; ornate,0.3333333333333333,2.857142857142857,delicate,0.7,antique; ornate,0.5,0.5,the; elevator; button; was; cracked,the; elevator,0.0,0.85,0.0,1,0,"A small, delicate, antique music, now a fragile, ornate, metal bird, sits atop a dusty, old, wooden floor, as the elevator creaks, slowly, into a nearby, abandoned, 19th-century, ornate, copper bathtub, where a tea set, crafted from twisted, copper pipes and t"
steer_alpha_0p66_c8_tok100_seed06_the_elevator_button_was_cracked.json,steer_alpha_0p66,experiments/frontier_sweep_mundane_hub_ablation_smoke/steer_alpha_0p66_c8_tok100_seed06_the_elevator_button_was_cracked.json,2,1,1,0.5887509370169264,0.21462273670465337,0.40861063627730293,0.55,1.0,0.0,0.0,0.6810177271288382,0.19999999999999998,0.9100000000000001,0.0,0.6666666666666666,5.128205128205129,antique; delicate,0.3333333333333333,2.5641025641025643,antique,0.3333333333333333,2.5641025641025643,delicate,0.375,antique,1.0,0.0,the; elevator; button; was; cracked; now; flower; unfolded; its; metal; petals; releasing,the; button; cracked; now; its; metal,0.75,0.0,0.0,1,0,"As the silver rain continued to fall, the globe, now a tiny, delicate teacup, rose from the cracked button, and a small, antique harmonica, once a part of a jazz band in a forgotten speakeasy, emerges from the crevices of the teacup, its metal body glistening, as if polished by an invisible hand."
steer_alpha_0p66_c8_tok100_seed06_the_elevator_button_was_cracked.json,steer_alpha_0p66,experiments/frontier_sweep_mundane_hub_ablation_smoke/steer_alpha_0p66_c8_tok100_seed06_the_elevator_button_was_cracked.json,2,2,0,-0.22046804514821505,0.22255931101888926,0.39724545216186186,0.5602564102564103,1.0,0.0,0.05128205128205128,0.6620757536031031,0.19999999999999998,0.9100000000000001,0.0,1.0,5.769230769230769,antique; delicate; lullaby,0.6666666666666666,3.8461538461538463,antique; lullaby,0.3333333333333333,1.9230769230769231,delicate,0.75,antique; lullaby,1.0,0.0,the; elevator; button; was; cracked; now; flower; unfolded; its; metal; petals; releasing,the; elevator; button; cracked; now; its,1.0,0.0,0.0,1,0,"As the rain continued to fall, the globe began to glow, its etchings illuminating the darkened elevator, and the silver rain grows heavier, pooling into small, shimmering lakes that mirror the cracked button, where a delicate, antique music, now a tiny, mechanical bird, begins to sing a lullaby, its song weaving in and out of the elevator's creaky, wooden slats."
steer_alpha_0p66_c8_tok100_seed06_the_elevator_button_was_cracked.json,steer_alpha_0p66,experiments/frontier_sweep_mundane_hub_ablation_smoke/steer_alpha_0p66_c8_tok100_seed06_the_elevator_button_was_cracked.json,2,3,0,-0.27714043596726373,0.09860219124324326,0.2094354104571862,0.55,1.0,0.0,0.0,0.6586019196766861,0.05999999999999997,0.9730000000000001,0.0,0.0,0.0,,0.0,0.0,,0.0,0.0,,0.0,,1.0,0.0,the; elevator; button; was; cracked; now; flower; unfolded; its; metal; petals; releasing,the; elevator; now; its,0.2,0.4,0.0,1,0,"As the silver rain ceases, a wooden bench, once a part of the elevator, now a gnarled, twisted root, pushes out a tiny, forgotten suitcase, its lid creaking open, revealing a map, creased and worn, with a small, brass compass, its hands frozen, pointing toward"
steer_alpha_0p66_c8_tok100_seed06_the_elevator_button_was_cracked.json,steer_alpha_0p66,experiments/frontier_sweep_mundane_hub_ablation_smoke/steer_alpha_0p66_c8_tok100_seed06_the_elevator_button_was_cracked.json,2,4,0,0.4494124023422861,0.08424782663711271,0.41024430834855174,0.24282448421692707,0.0,0.9016393442622951,0.08707324075676644,0.683740513914253,0.19999999999999998,0.9100000000000001,0.0,0.0,0.0,,0.0,0.0,,0.0,0.0,,0.0,,0.75,0.25,the; elevator; button; was; cracked; now; flower; unfolded; its; metal; petals; releasing,the; flower; its,0.14285714285714285,0.0,0.0,0,1,"As the silver rain continues to fall, a small, worn suitcase materializes from the flower's center, its lid slightly ajar, revealing a collection of vintage postcards, each one bearing an address in a forgotten neighborhood, and a small, dusty, old typewriter, its keys creaking softly, spilling out a sheet of paper with a single, unfinished sentence: ""In the city of forgotten hours, where shadows have a language and buildings whisper secrets to the wind."""
steer_alpha_0p66_c8_tok100_seed06_the_elevator_button_was_cracked.json,steer_alpha_0p66,experiments/frontier_sweep_mundane_hub_ablation_smoke/steer_alpha_0p66_c8_tok100_seed06_the_elevator_button_was_cracked.json,2,5,0,-1.4164691432598406,0.09336176744186048,0.12824418604651164,0.8,1.0,1.0,0.0,0.42748062015503885,0.0,1.0,0.0,1.0,8.333333333333334,delicate; ethereal; ornate,0.3333333333333333,2.7777777777777777,ornate,0.6666666666666666,5.555555555555555,delicate; ethereal,0.325,ornate,1.0,0.0,the; elevator; button; was; cracked; now; flower; unfolded; its; metal; petals; releasing,the; button; cracked; now,0.5,0.4,0.0,1,1,"As the silver rain continued to fall, the tiny globe, now a delicate, translucent orb, begins to glow with a soft, ethereal light, illuminating the cracked button, where a small, ornate, brass mail box protrudes, emitting a low, melodious hum, and a small, bed"
steer_alpha_0p66_c8_tok100_seed06_the_elevator_button_was_cracked.json,steer_alpha_0p66,experiments/frontier_sweep_mundane_hub_ablation_smoke/steer_alpha_0p66_c8_tok100_seed06_the_elevator_button_was_cracked.json,2,6,0,-0.25957906339253767,0.0,0.3782402670640486,0.0,0.0,0.0,0.0,0.7136608812529219,0.05999999999999997,0.9730000000000001,0.0,0.0,0.0,,0.0,0.0,,0.0,0.0,,0.0,,0.5,0.5,the; elevator; button; was; cracked; now; flower; unfolded; its; metal; petals; releasing,the; its,0.3333333333333333,0.0,0.0,0,0,"As the rain continued to fall, the globe began to glow, and the names on its surface started to peel away, revealing a map of a long-fetted, Victorian-era street, with intricately carved, gilded lamps and gaslit lampposts."
steer_alpha_0p66_c8_tok100_seed06_the_elevator_button_was_cracked.json,steer_alpha_0p66,experiments/frontier_sweep_mundane_hub_ablation_smoke/steer_alpha_0p66_c8_tok100_seed06_the_elevator_button_was_cracked.json,2,7,0,0.8238917292385037,0.007702789551846003,0.40072315587638163,0.022222222222222223,0.0,0.0,0.1111111111111111,0.6678719264606361,0.19999999999999998,0.9100000000000001,0.0,0.0,0.0,,0.0,0.0,,0.0,0.0,,0.0,,0.5,0.5,the; elevator; button; was; cracked; now; flower; unfolded; its; metal; petals; releasing,the; its,0.25,0.0,0.0,0,0,"As the silver rain gently washes over the globe, a small, paper umbrella materializes from the flowers, its surface etched with a map of a small, unfamiliar town, where a tiny, brass lamppost stands, its shadow stretching like a snake across the ground, where a small, old-fashioned mailbox sits, its lid slightly ajar, revealing a stack of letters addressed to the town."
steer_alpha_0p66_c8_tok100_seed06_the_elevator_button_was_cracked.json,steer_alpha_0p66,experiments/frontier_sweep_mundane_hub_ablation_smoke/steer_alpha_0p66_c8_tok100_seed06_the_elevator_button_was_cracked.json,2,8,0,-0.6789870215899629,0.0,0.10794231326781327,0.0,0.0,0.0,0.0,0.3394412366912367,0.05999999999999997,0.9730000000000001,0.0,0.6666666666666666,5.714285714285714,delicate; ornate,0.3333333333333333,2.857142857142857,ornate,0.3333333333333333,2.857142857142857,delicate,0.325,ornate,1.0,0.0,the; elevator; button; was; cracked; now; flower; unfolded; its; metal; petals; releasing,the; elevator; its; metal,0.3333333333333333,0.4,0.0,0,0,"As the rain slowed to a gentle trickle, a delicate, filigeworked metal arm, adorned with intricate, mother-of-pearl inlays, slowly rises from the elevator's base, its bony fingers grasping a small, ornate wooden box, adorned with a delicate, mother-of-pearl li"
steer_alpha_0p66_c8_tok100_seed06_the_elevator_button_was_cracked.json,steer_alpha_0p66,experiments/frontier_sweep_mundane_hub_ablation_smoke/steer_alpha_0p66_c8_tok100_seed06_the_elevator_button_was_cracked.json,3,1,1,-0.13743856553374062,0.08059892447817837,0.16103681214421253,0.55,1.0,0.0,0.0,0.4473244781783682,0.19999999999999998,0.9100000000000001,0.0,1.0,11.764705882352942,antique; delicate; iridescent; ornate,0.6666666666666666,5.882352941176471,antique; ornate,0.6666666666666666,5.882352941176471,delicate; iridescent,0.7,antique; ornate,0.75,0.25,the; elevator; button; was; cracked; now; flower; unfolded; its; metal; petals; releasing,the; now; its,0.5,0.4,0.0,1,0,"As the harmonica, now a tiny, delicate butterfly, beats its iridescent wings, a small, ornate, copper telescope, once a part of a forgotten, seaside observatory, unfurls from a tiny, delicate, antique music stand, its brass surface etched with the names of con"
steer_alpha_0p66_c8_tok100_seed06_the_elevator_button_was_cracked.json,steer_alpha_0p66,experiments/frontier_sweep_mundane_hub_ablation_smoke/steer_alpha_0p66_c8_tok100_seed06_the_elevator_button_was_cracked.json,3,2,0,-0.42544992722588554,0.06722662135248098,0.13171359982852854,0.55,1.0,0.0,0.0,0.43904533276176183,0.0,1.0,0.0,0.6666666666666666,5.0,delicate; miniature,0.3333333333333333,2.5,miniature,0.3333333333333333,2.5,delicate,0.4,miniature,1.0,0.0,the; elevator; button; was; cracked; now; flower; unfolded; its; metal; petals; releasing,the; cracked; now; its; petals,0.6,0.4,0.0,1,0,"A small, forgotten typewriter, its keys yellowed with age, slowly rises from the cracked and shattered remains of a grand piano, now a miniature, delicate orchid, its petals unfolding like a tiny, lace-like fan, as the silver rain that still falls from the ele"
steer_alpha_0p66_c8_tok100_seed06_the_elevator_button_was_cracked.json,steer_alpha_0p66,experiments/frontier_sweep_mundane_hub_ablation_smoke/steer_alpha_0p66_c8_tok100_seed06_the_elevator_button_was_cracked.json,3,3,0,0.030732185190206984,0.07481198564500278,0.14947449679321237,0.55,1.0,0.0,0.0,0.41520693553670107,0.19999999999999998,0.9100000000000001,0.0,0.6666666666666666,6.451612903225806,antique; delicate,0.3333333333333333,3.225806451612903,antique,0.3333333333333333,3.225806451612903,delicate,0.375,antique,0.5,0.5,the; elevator; button; was; cracked; now; flower; unfolded; its; metal; petals; releasing,the; now,0.5,0.4,0.0,1,0,"As the harmonica, now a tiny, delicate bird, takes flight, it carries with it a small, rolled-up piece of paper with a handwritten letter, addressed to a street in a forgotten alleyway, and a tiny, antique lantern, once a part of a forgotten streetlamp, rises"
steer_alpha_0p66_c8_tok100_seed06_the_elevator_button_was_cracked.json,steer_alpha_0p66,experiments/frontier_sweep_mundane_hub_ablation_smoke/steer_alpha_0p66_c8_tok100_seed06_the_elevator_button_was_cracked.json,3,4,0,0.14685606194429696,0.06817319910285287,0.12979190690690692,0.55,1.0,0.0,0.0,0.4081506506506507,0.05999999999999997,0.9730000000000001,0.0,1.0,8.108108108108109,antique; delicate; ethereal,0.3333333333333333,2.7027027027027026,antique,0.6666666666666666,5.405405405405405,delicate; ethereal,0.375,antique,1.0,0.0,the; elevator; button; was; cracked; now; flower; unfolded; its; metal; petals; releasing,the; elevator; cracked; now,0.75,0.4,0.0,1,0,"The harmonica, now free from the teacup, floats gently above the cracked elevator, suspended by a thin, silver thread, as the silver rain continues to fall, filling the air with a mesmerizing, ethereal melody, while the antique globe, now a tiny, delicate musi"
steer_alpha_0p66_c8_tok100_seed06_the_elevator_button_was_cracked.json,steer_alpha_0p66,experiments/frontier_sweep_mundane_hub_ablation_smoke/steer_alpha_0p66_c8_tok100_seed06_the_elevator_button_was_cracked.json,3,5,0,0.14162913156179086,0.05959515721752485,0.12147402612622268,0.55,1.0,0.0,0.0,0.3819937928497569,0.05999999999999997,0.9730000000000001,0.0,1.0,13.513513513513514,antique; delicate; ethereal; leather-bound; miniature,1.0,8.108108108108109,antique; leather-bound; miniature,0.6666666666666666,5.405405405405405,delicate; ethereal,1.0,antique; leather-bound; miniature,1.0,0.0,the; elevator; button; was; cracked; now; flower; unfolded; its; metal; petals; releasing,the; button; cracked; now; its; metal,0.4,0.4,0.0,2,0,"The harmonica, now a tiny, delicate bird, takes flight, its metal body glowing with a soft, ethereal light, as it soars above the cracked button, where the antique globe, now a tiny, delicate music stand, holds a small, leather-bound, miniature, and a small, a"
steer_alpha_0p66_c8_tok100_seed06_the_elevator_button_was_cracked.json,steer_alpha_0p66,experiments/frontier_sweep_mundane_hub_ablation_smoke/steer_alpha_0p66_c8_tok100_seed06_the_elevator_button_was_cracked.json,3,6,0,-0.3331746710626646,0.0536693071654373,0.11480065703836856,0.55,1.0,0.0,0.0,0.38266885679456186,0.0,1.0,0.0,1.0,11.11111111111111,delicate; gossamer; iridescent; mist,0.0,0.0,,1.0,11.11111111111111,delicate; gossamer; iridescent; mist,0.0,,1.0,0.0,the; elevator; button; was; cracked; now; flower; unfolded; its; metal; petals; releasing,the; now; its; metal,0.16666666666666666,0.4,0.0,1,0,"The harmonica, now a tiny, iridescent butterfly, released from its metal body, unfurls delicate, gossamer wings, and, as the silver rain, now a gentle, shimmering mist, envelops the harmonica-butterfly, its wings beat in rhythmic unison with the creaking, old"
steer_alpha_0p66_c8_tok100_seed06_the_elevator_button_was_cracked.json,steer_alpha_0p66,experiments/frontier_sweep_mundane_hub_ablation_smoke/steer_alpha_0p66_c8_tok100_seed06_the_elevator_button_was_cracked.json,3,7,0,0.007868021596358299,0.0,0.143493866419455,0.0,0.0,0.0,0.0,0.4512385736460849,0.05999999999999997,0.9730000000000001,0.0,1.0,15.625,antique; delicate; iridescent; miniature; ornate,1.0,9.375,antique; miniature; ornate,0.6666666666666666,6.25,delicate; iridescent,1.0,antique; miniature; ornate,1.0,0.0,the; elevator; button; was; cracked; now; flower; unfolded; its; metal; petals; releasing,the; now; its; metal,0.25,0.4,0.0,0,0,"A small, antique harmonica, its metal body now a miniature, delicate, iridescent jellyfish, slowly emerges from the teacup, its delicate, translucent tentacles wafting gently, as if to kiss the surface of a nearby, vintage, ornate, Victorian-style, wooden musi"
steer_alpha_0p66_c8_tok100_seed06_the_elevator_button_was_cracked.json,steer_alpha_0p66,experiments/frontier_sweep_mundane_hub_ablation_smoke/steer_alpha_0p66_c8_tok100_seed06_the_elevator_button_was_cracked.json,3,8,0,-0.5743834841628961,0.0018217624615384617,0.15526384615384617,0.013333333333333334,0.0,0.0,0.06666666666666667,0.43128846153846156,0.19999999999999998,0.9100000000000001,0.0,0.3333333333333333,2.5,old woman,0.0,0.0,,0.3333333333333333,2.5,old woman,0.0,,0.5,0.5,the; elevator; button; was; cracked; now; flower; unfolded; its; metal; petals; releasing,the; its,0.3333333333333333,0.4,0.0,0,0,"The harmonica, still wet from the silver rain, began to play a melancholy tune, its notes echoing off the walls of a small, forgotten café, where a lone patron, a petite, old woman, sits, sipping a cup of tea that seems to be made of the very same silver rain"
steer_alpha_0p77_c8_tok100_seed06_the_elevator_button_was_cracked.json,steer_alpha_0p77,experiments/frontier_sweep_mundane_hub_ablation_smoke/steer_alpha_0p77_c8_tok100_seed06_the_elevator_button_was_cracked.json,1,1,1,-0.935996375725431,0.23818344497175145,0.5281229378531074,0.55,1.0,0.0,0.0,0.8802048964218456,0.19999999999999998,0.9100000000000001,0.0,0.3333333333333333,3.7037037037037037,antique,0.3333333333333333,3.7037037037037037,antique,0.0,0.0,,0.375,antique,0.0,1.0,the; elevator; button; was; cracked,,0.0,0.0,0.0,1,0,"A small, antique music, now a withered, forgotten flower, wilts in a metal planter, where a small, antique typewriter, once a writer's constant companion, now holds a single, quill made of a twisted, silver eel."
steer_alpha_0p77_c8_tok100_seed06_the_elevator_button_was_cracked.json,steer_alpha_0p77,experiments/frontier_sweep_mundane_hub_ablation_smoke/steer_alpha_0p77_c8_tok100_seed06_the_elevator_button_was_cracked.json,1,2,0,1.0743803251147674,0.18300480762534468,0.39932193876451105,0.5588888888888889,1.0,0.0,0.04444444444444444,0.6655365646075184,0.19999999999999998,0.9100000000000001,0.0,1.0,9.433962264150944,antique; delicate; ethereal; miniature; mist,0.6666666666666666,3.7735849056603774,antique; miniature,1.0,5.660377358490566,delicate; ethereal; mist,0.775,antique; miniature,0.5,0.5,the; elevator; button; was; cracked,the; elevator,0.0,0.0,0.0,1,0,"A small, delicate, antique music is suspended in mid-air, its brass pipes and whistle frozen in time, as the elevator, now a miniature, a tiny, intricately carved wooden cabinet, slowly opens, releasing a soft, wispy mist that carries the scent of old rose petals, and a small, antique globe spins slowly, casting a mesmerizing, ethereal glow on the walls of the elevator's interior."
steer_alpha_0p77_c8_tok100_seed06_the_elevator_button_was_cracked.json,steer_alpha_0p77,experiments/frontier_sweep_mundane_hub_ablation_smoke/steer_alpha_0p77_c8_tok100_seed06_the_elevator_button_was_cracked.json,1,3,0,0.8865751094899126,0.17766747761589405,0.3939411920529801,0.55,1.0,0.0,0.0,0.6565686534216335,0.19999999999999998,0.9100000000000001,0.0,1.0,6.25,ethereal; leather-bound; miniature,0.6666666666666666,4.166666666666667,leather-bound; miniature,0.3333333333333333,2.0833333333333335,ethereal,0.9,leather-bound; miniature,0.5,0.5,the; elevator; button; was; cracked,the; elevator,0.0,0.0,0.0,1,0,"A repairman, with a ladder, leans against the elevator, his tool belt slung over his shoulder, as the elevator, now a tiny, miniature world, rotates and revolves, a miniature city with tiny, industrious workers, forging tiny tools and tiny, brass factories, while a small, bespectaced, besueting a tiny, leather-bound satchel, emits a faint, ethereal glow."
steer_alpha_0p77_c8_tok100_seed06_the_elevator_button_was_cracked.json,steer_alpha_0p77,experiments/frontier_sweep_mundane_hub_ablation_smoke/steer_alpha_0p77_c8_tok100_seed06_the_elevator_button_was_cracked.json,1,4,0,1.1716474970310131,0.010198701197192787,0.4042168157423971,0.03076923076923077,0.0,0.0,0.15384615384615385,0.6736946929039952,0.19999999999999998,0.9100000000000001,0.0,0.3333333333333333,2.2222222222222223,antique,0.3333333333333333,2.2222222222222223,antique,0.0,0.0,,0.375,antique,0.5,0.5,the; elevator; button; was; cracked,the; elevator,0.0,0.0,0.0,0,0,"Shards of broken glass, a small, antique harmonium, and a tattered, worn-out suitcase lean against the elevator wall, as a faint, forgotten melody drifts down from the ceiling, and a small, antique globe begins to spin, slowly, on a tiny, worn wooden pedestal, its surface etched with the name ""Elevator 13-7""."
steer_alpha_0p77_c8_tok100_seed06_the_elevator_button_was_cracked.json,steer_alpha_0p77,experiments/frontier_sweep_mundane_hub_ablation_smoke/steer_alpha_0p77_c8_tok100_seed06_the_elevator_button_was_cracked.json,1,5,0,-0.5986095458368379,0.006790578671838795,0.4215435239697225,0.01904761904761905,0.0,0.0,0.09523809523809523,0.7025725399495375,0.19999999999999998,0.9100000000000001,0.0,0.3333333333333333,2.4390243902439024,mist,0.0,0.0,,0.3333333333333333,2.4390243902439024,mist,0.0,,1.0,0.0,the; elevator; button; was; cracked,the; elevator; button; cracked,0.14285714285714285,0.0,0.0,0,0,"A small, rusty metal bird perches on the cracked elevator button, its iron wings slowly unfolding like a metal flower, petals of rust and twisted wire, as the elevator creaks and groans, releasing a soft, damp mist that carries the scent of old wooden floor and forgotten memories."
steer_alpha_0p77_c8_tok100_seed06_the_elevator_button_was_cracked.json,steer_alpha_0p77,experiments/frontier_sweep_mundane_hub_ablation_smoke/steer_alpha_0p77_c8_tok100_seed06_the_elevator_button_was_cracked.json,1,6,0,-1.6022971511748803,0.0,0.4933443668122271,0.0,0.0,0.0,0.0,0.9308384279475983,0.05999999999999997,0.9730000000000001,0.0,0.6666666666666666,5.714285714285714,antique; delicate,0.3333333333333333,2.857142857142857,antique,0.3333333333333333,2.857142857142857,delicate,0.375,antique,0.75,0.25,the; elevator; button; was; cracked,elevator; button; cracked,0.2,0.0,0.0,0,0,"A small, intricate, antique music maker, with delicate, etched copper tubes and a cracked, glassy surface, sits atop an old, metal elevator, now in a decrepit, abandoned building, where a tattered, forgotten coat, with a single button, partially covers a small, metal door."
steer_alpha_0p77_c8_tok100_seed06_the_elevator_button_was_cracked.json,steer_alpha_0p77,experiments/frontier_sweep_mundane_hub_ablation_smoke/steer_alpha_0p77_c8_tok100_seed06_the_elevator_button_was_cracked.json,1,7,0,-1.5997215935837383,0.0,0.18282144945134018,0.0,0.0,0.0,0.0,0.6094048315044673,0.0,1.0,0.0,1.0,11.764705882352942,antique; delicate; mournful; porcelain,0.6666666666666666,5.882352941176471,antique; porcelain,0.6666666666666666,5.882352941176471,delicate; mournful,0.875,antique; porcelain,0.0,1.0,the; elevator; button; was; cracked,,0.0,0.4,0.0,0,0,"A small, antique music maker, once a delicate, intricate mechanical device, now sits on a worn, wooden floor, a small, porcelain-free, ceramic bird, its painted wings, once a gentle, morning song, now sings a mournful, mournful dirge, as a rusty, old, metal ha"
steer_alpha_0p77_c8_tok100_seed06_the_elevator_button_was_cracked.json,steer_alpha_0p77,experiments/frontier_sweep_mundane_hub_ablation_smoke/steer_alpha_0p77_c8_tok100_seed06_the_elevator_button_was_cracked.json,1,8,0,0.17811575200119784,0.0,0.15199406981882455,0.0,0.0,0.0,0.0,0.4779687730151716,0.05999999999999997,0.9730000000000001,0.0,1.0,12.121212121212121,antique; delicate; lullaby; miniature,1.0,9.090909090909092,antique; lullaby; miniature,0.3333333333333333,3.0303030303030303,delicate,1.0,antique; lullaby; miniature,0.5,0.5,the; elevator; button; was; cracked,the; elevator,0.0,0.4,0.0,0,0,"A small, delicate, antique music maker, half-hidden in a dusty, forgotten corner, slowly begins to play a gentle, lullaby-like melody, its tiny, brass instrument, a miniature harmonica, emitting a soft, golden light that seeps into the elevator, as a vintage"
steer_alpha_0p77_c8_tok100_seed06_the_elevator_button_was_cracked.json,steer_alpha_0p77,experiments/frontier_sweep_mundane_hub_ablation_smoke/steer_alpha_0p77_c8_tok100_seed06_the_elevator_button_was_cracked.json,2,1,1,-0.6869791004461125,0.1968148656538168,0.4180434699528819,0.55,1.0,0.0,0.0,0.6967391165881365,0.19999999999999998,0.9100000000000001,0.0,0.6666666666666666,3.7735849056603774,delicate; miniature,0.3333333333333333,1.8867924528301887,miniature,0.3333333333333333,1.8867924528301887,delicate,0.4,miniature,1.0,0.0,the; elevator; button; was; cracked; music; now; withered; flower; wilts; metal; planter,the; elevator; now; metal,0.2,0.0,0.0,1,0,"As the elevator lurches back to life, the typewriter's metal lid creaks open, and the quill, now freed from its twisted, silver eel, slips onto the floor, where a small, forgotten harmonica, once a musician's constant companion, now lies, its metal skin corroed and worn, its bell, once a miniature, delicate bell, now a rusty, discarded tin can."
steer_alpha_0p77_c8_tok100_seed06_the_elevator_button_was_cracked.json,steer_alpha_0p77,experiments/frontier_sweep_mundane_hub_ablation_smoke/steer_alpha_0p77_c8_tok100_seed06_the_elevator_button_was_cracked.json,2,2,0,0.7149102717588618,0.09980238907828674,0.22129132833323004,0.55,1.0,0.0,0.0,0.6146981342589724,0.19999999999999998,0.9100000000000001,0.0,1.0,8.823529411764707,delicate; iridescent; miniature,0.3333333333333333,2.9411764705882355,miniature,0.6666666666666666,5.882352941176471,delicate; iridescent,0.4,miniature,0.5,0.5,the; elevator; button; was; cracked; music; now; withered; flower; wilts; metal; planter,the; now,0.0,0.4,0.0,1,0,"The typewriter, now a miniature for a tiny, iridescent moth, perches on a delicate, golden, filigework umbrella, that leans against a lamppost, where a small, wooden, carved wooden door, once a miniature, now slowly swings open, revealing a miniature, moss-cov"
steer_alpha_0p77_c8_tok100_seed06_the_elevator_button_was_cracked.json,steer_alpha_0p77,experiments/frontier_sweep_mundane_hub_ablation_smoke/steer_alpha_0p77_c8_tok100_seed06_the_elevator_button_was_cracked.json,2,3,0,-0.06921816692323984,0.04109243123606443,0.1949778223970426,0.25701754385964914,0.0,1.0,0.03508771929824561,0.6131378062800081,0.05999999999999997,0.9730000000000001,0.0,0.3333333333333333,2.7027027027027026,ornate,0.3333333333333333,2.7027027027027026,ornate,0.0,0.0,,0.325,ornate,0.5,0.5,the; elevator; button; was; cracked; music; now; withered; flower; wilts; metal; planter,the; now,0.0,0.4,0.0,0,1,"The typewriter's keys, once a vibrant, turquoise, now dulled and tarned, sits atop a dusty, old, ornate, Victorian-style desk, where a small, bronze, ornate, wooden box, once a treasure chest, now holds a faded, hand-painted, ceramic, ceramic, faun, with eyes"
steer_alpha_0p77_c8_tok100_seed06_the_elevator_button_was_cracked.json,steer_alpha_0p77,experiments/frontier_sweep_mundane_hub_ablation_smoke/steer_alpha_0p77_c8_tok100_seed06_the_elevator_button_was_cracked.json,2,4,0,-0.7955704410528488,0.027896465991692633,0.13608032191069577,0.25,0.0,1.0,0.0,0.45360107303565256,0.0,1.0,0.0,1.0,7.5,mist; ornate; silver mist,0.3333333333333333,2.5,ornate,0.6666666666666666,5.0,mist; silver mist,0.325,ornate,0.5,0.5,the; elevator; button; was; cracked; music; now; withered; flower; wilts; metal; planter,the; now,0.0,0.4,0.0,0,1,"As morning light creeps through the grimy, foggy window, the typewriter creaks, and the eel- quill slowly unfurls, releasing a wispy, silver mist that dances with dew, where a small, old, ornate, wooden box, once a trellis for a long-fetted ivy, now holds a fa"
steer_alpha_0p77_c8_tok100_seed06_the_elevator_button_was_cracked.json,steer_alpha_0p77,experiments/frontier_sweep_mundane_hub_ablation_smoke/steer_alpha_0p77_c8_tok100_seed06_the_elevator_button_was_cracked.json,2,5,0,-1.351010584707179,0.06395312364864865,0.12175749385749385,0.55,1.0,0.0,0.0,0.40585831285831286,0.0,1.0,0.0,1.0,8.571428571428571,antique; delicate; ornate,0.6666666666666666,5.714285714285714,antique; ornate,0.3333333333333333,2.857142857142857,delicate,0.7,antique; ornate,0.75,0.25,the; elevator; button; was; cracked; music; now; withered; flower; wilts; metal; planter,cracked; now; withered,0.75,0.4,0.0,1,0,"A small, dusty, ornate, antique mirror, once a vanity's companion, now hangs askew, its silvered glass cracked and cloudy, with a delicate, antique, golden, filigework, where a withered, long-stemed, crimson, antique rose, now a wilted, forgotten fern, spills"
steer_alpha_0p77_c8_tok100_seed06_the_elevator_button_was_cracked.json,steer_alpha_0p77,experiments/frontier_sweep_mundane_hub_ablation_smoke/steer_alpha_0p77_c8_tok100_seed06_the_elevator_button_was_cracked.json,2,6,0,0.072742470443586,0.0014275661320647863,0.19585510958205912,0.008888888888888889,0.0,0.0,0.04444444444444444,0.6528503652735305,0.0,1.0,0.0,1.0,11.428571428571429,delicate; miniature; music box; porcelain,1.0,8.571428571428571,miniature; music box; porcelain,0.3333333333333333,2.857142857142857,delicate,1.0,miniature; music box; porcelain,1.0,0.0,the; elevator; button; was; cracked; music; now; withered; flower; wilts; metal; planter,the; elevator; music; now,0.0,0.4,0.0,0,0,"As the elevator creaks and groans, the typewriter, with the quill still quill, slowly rises, and a small, porcelain-like, ceramic figurine, once a companion to a poet, now holds a tiny, delicate, silver locket, where a faded, miniature, mechanical, music box"
steer_alpha_0p77_c8_tok100_seed06_the_elevator_button_was_cracked.json,steer_alpha_0p77,experiments/frontier_sweep_mundane_hub_ablation_smoke/steer_alpha_0p77_c8_tok100_seed06_the_elevator_button_was_cracked.json,2,7,0,-1.331829905388729,0.0,0.24444767482517485,0.0,0.0,0.0,0.0,0.922444055944056,0.05999999999999997,0.9730000000000001,0.5,0.0,0.0,,0.0,0.0,,0.0,0.0,,0.0,,0.25,0.75,the; elevator; button; was; cracked; music; now; withered; flower; wilts; metal; planter,the,0.25,0.0,0.0,0,0,"The typewriter, its keys yellowed with age, slowly creaks open, revealing a sheet of paper, where a single, scribbled message reads: ""for a forgotten poet""."
steer_alpha_0p77_c8_tok100_seed06_the_elevator_button_was_cracked.json,steer_alpha_0p77,experiments/frontier_sweep_mundane_hub_ablation_smoke/steer_alpha_0p77_c8_tok100_seed06_the_elevator_button_was_cracked.json,2,8,0,-1.5389120467970467,0.0,0.1763873214306955,0.0,0.0,0.0,0.0,0.5879577381023183,0.0,1.0,0.0,0.3333333333333333,3.4482758620689653,velvet,0.3333333333333333,3.4482758620689653,velvet,0.0,0.0,,0.375,velvet,0.0,1.0,the; elevator; button; was; cracked; music; now; withered; flower; wilts; metal; planter,,0.2,0.4,0.0,0,0,"A small, forgotten, velvet-covered, marble, where a tarnished, copper teapot, once a stalwart, steadfast, faithful companion to a solitary, blind, old, bespectaced, bespotted, besueted, stone, slowly releases a trail of silver, where a tattered, silk, once a d"
steer_alpha_0p77_c8_tok100_seed06_the_elevator_button_was_cracked.json,steer_alpha_0p77,experiments/frontier_sweep_mundane_hub_ablation_smoke/steer_alpha_0p77_c8_tok100_seed06_the_elevator_button_was_cracked.json,3,1,1,-0.9011917004564061,0.24785215350427353,0.4856037490287491,0.55,1.0,0.0,0.0,0.9162334887334888,0.05999999999999997,0.9730000000000001,0.0,0.6666666666666666,7.407407407407407,delicate; miniature,0.3333333333333333,3.7037037037037037,miniature,0.3333333333333333,3.7037037037037037,delicate,0.4,miniature,0.5,0.5,the; elevator; button; was; cracked; music; now; withered; flower; wilts; metal; planter,now; metal,0.6,0.0,0.0,1,0,"A small, forgotten harmonica, once a musician's constant companion, now lies, its metal skin corroed and worn, its bell, once a miniature, delicate bell, now a rusty, discarded tin can."
steer_alpha_0p77_c8_tok100_seed06_the_elevator_button_was_cracked.json,steer_alpha_0p77,experiments/frontier_sweep_mundane_hub_ablation_smoke/steer_alpha_0p77_c8_tok100_seed06_the_elevator_button_was_cracked.json,3,2,0,0.5072616727040358,0.10032032492307691,0.20448496723007933,0.55,1.0,0.0,0.0,0.5680137978613315,0.19999999999999998,0.9100000000000001,0.0,0.6666666666666666,5.714285714285714,miniature; ornate,0.6666666666666666,5.714285714285714,miniature; ornate,0.0,0.0,,0.7250000000000001,miniature; ornate,0.75,0.25,the; elevator; button; was; cracked; music; now; withered; flower; wilts; metal; planter,the; elevator; now,0.4,0.4,0.0,1,0,"The elevator, now a miniature, rusty, moss-covered, moss-covered, wooden door swings open, revealing a narrow, dimly lit, dimly lit, wooden room, where a small, forgotten, ornate, brass, telescope, once a stargazer's constant companion, now holds a small, forg"
steer_alpha_0p77_c8_tok100_seed06_the_elevator_button_was_cracked.json,steer_alpha_0p77,experiments/frontier_sweep_mundane_hub_ablation_smoke/steer_alpha_0p77_c8_tok100_seed06_the_elevator_button_was_cracked.json,3,3,0,0.1547952784884759,0.09856226448855503,0.2068434114007954,0.5566666666666668,1.0,0.0,0.03333333333333333,0.5745650316688762,0.19999999999999998,0.9100000000000001,0.0,1.0,11.428571428571429,antique; delicate; miniature; ornate,1.0,8.571428571428571,antique; miniature; ornate,0.3333333333333333,2.857142857142857,delicate,1.0,antique; miniature; ornate,1.0,0.0,the; elevator; button; was; cracked; music; now; withered; flower; wilts; metal; planter,the; elevator; now; metal,0.2,0.4,0.0,2,0,"As the elevator doors slide open, a small, antique, ornate, ornate, copper teapot, once a tea set, now a miniature, delicate, ceramic cat, now a tiny, mechanical, animated, metal bird, perches on the edge of a small, golden, metal, miniature, Gothic-style, sto"
steer_alpha_0p77_c8_tok100_seed06_the_elevator_button_was_cracked.json,steer_alpha_0p77,experiments/frontier_sweep_mundane_hub_ablation_smoke/steer_alpha_0p77_c8_tok100_seed06_the_elevator_button_was_cracked.json,3,4,0,-1.6089083032805376,0.0621541230377166,0.1284176095820591,0.55,1.0,0.0,0.0,0.42805869860686374,0.0,1.0,0.0,1.0,8.571428571428571,delicate; miniature; ornate,0.6666666666666666,5.714285714285714,miniature; ornate,0.3333333333333333,2.857142857142857,delicate,0.7250000000000001,miniature; ornate,1.0,0.0,the; elevator; button; was; cracked; music; now; withered; flower; wilts; metal; planter,the; elevator; now; metal,0.3333333333333333,0.4,0.0,1,0,"As the elevator lurches back to life, a small, ornate, golden frame, once a miniature, delicate bird, now a broken, rusty, discarded tin can, slowly rises from a small, forgotten, metal toolbox, where a small, rusty, abandoned pipe, once a plumber's constant c"
steer_alpha_0p77_c8_tok100_seed06_the_elevator_button_was_cracked.json,steer_alpha_0p77,experiments/frontier_sweep_mundane_hub_ablation_smoke/steer_alpha_0p77_c8_tok100_seed06_the_elevator_button_was_cracked.json,3,5,0,-1.2290017042775259,0.055850452293577976,0.11384111759799832,0.55,1.0,0.0,0.0,0.37947039199332777,0.0,1.0,0.0,1.0,8.333333333333334,antique; delicate; iridescent,0.3333333333333333,2.7777777777777777,antique,0.6666666666666666,5.555555555555555,delicate; iridescent,0.375,antique,0.75,0.25,the; elevator; button; was; cracked; music; now; withered; flower; wilts; metal; planter,the; elevator; now,0.4,0.4,0.0,2,0,"As the elevator lurches back to life, the typewriter, now a small, wooden bird, with brass, gilded wings, takes flight, and the quill, now a small, delicate, iridescent butterfly, flutters out of the typewriter, where a small, forgotten, antique, wrought- iron"
steer_alpha_0p77_c8_tok100_seed06_the_elevator_button_was_cracked.json,steer_alpha_0p77,experiments/frontier_sweep_mundane_hub_ablation_smoke/steer_alpha_0p77_c8_tok100_seed06_the_elevator_button_was_cracked.json,3,6,0,-1.2191555905792952,0.0,0.1926258166527662,0.0,0.0,0.0,0.0,0.6420860555092207,0.0,1.0,0.0,0.0,0.0,,0.0,0.0,,0.0,0.0,,0.0,,0.75,0.25,the; elevator; button; was; cracked; music; now; withered; flower; wilts; metal; planter,the; elevator; now,0.2,0.4,0.0,0,0,"As the elevator jolts to a stop, the typist, a disheveled, elderly man, stumbles out, clutching a worn, wooden cane, its handle worn to a smooth, polished sheen, and a small, tattered, vintage, suede wallet, once a gentleman's constant companion, now clutches"
steer_alpha_0p77_c8_tok100_seed06_the_elevator_button_was_cracked.json,steer_alpha_0p77,experiments/frontier_sweep_mundane_hub_ablation_smoke/steer_alpha_0p77_c8_tok100_seed06_the_elevator_button_was_cracked.json,3,7,0,0.20379293790367142,0.0,0.19363954043305348,0.0,0.0,0.0,0.0,0.5378876123140375,0.19999999999999998,0.9100000000000001,0.0,0.6666666666666666,5.714285714285714,antique; ornate,0.6666666666666666,5.714285714285714,antique; ornate,0.0,0.0,,0.7,antique; ornate,0.75,0.25,the; elevator; button; was; cracked; music; now; withered; flower; wilts; metal; planter,the; now; withered,0.4,0.4,0.0,0,0,"The quill, once a twisted, silver eel, now slides into a small, forgotten harmonica, where a small, antique, ornate, silver locket, once a jeweler's constant companion, now holds a single, withered, forgotten rose, once a tiny, forgotten garden, where a small"
steer_alpha_0p77_c8_tok100_seed06_the_elevator_button_was_cracked.json,steer_alpha_0p77,experiments/frontier_sweep_mundane_hub_ablation_smoke/steer_alpha_0p77_c8_tok100_seed06_the_elevator_button_was_cracked.json,3,8,0,-1.0345671811536465,0.0,0.111729963908863,0.0,0.0,0.0,0.0,0.37243321302954335,0.0,1.0,0.0,0.0,0.0,,0.0,0.0,,0.0,0.0,,0.0,,0.75,0.25,the; elevator; button; was; cracked; music; now; withered; flower; wilts; metal; planter,the; elevator; now,0.2857142857142857,0.4,0.0,0,0,"As the elevator lurches back to life, the typist, now a worn, old, and elderly woman, slowly rises from a small, worn, and faded, Victorian-style armrest, where a small, forgotten, wooden puzzle, once a child's constant puzzle, now holds a small, forgotten, an"
steer_alpha_0p82_c8_tok100_seed06_the_elevator_button_was_cracked.json,steer_alpha_0p82,experiments/frontier_sweep_mundane_hub_ablation_smoke/steer_alpha_0p82_c8_tok100_seed06_the_elevator_button_was_cracked.json,1,1,1,0.2531384881504197,0.08591405979756328,0.40257699532680136,0.2602564102564103,0.0,1.0,0.05128205128205128,0.6709616588780023,0.19999999999999998,0.9100000000000001,0.0,1.0,6.521739130434782,antique; faded photograph; music box,1.0,6.521739130434782,antique; faded photograph; music box,0.0,0.0,,1.0,antique; music box,0.5,0.5,the; elevator; button; was; cracked,the; elevator,0.0,0.0,0.0,0,2,"The elevator's rusty hinges creaked in unison with the old, forgotten piano, its once-polished surface now a mosaic of green and gold, where a broken music box, a shattered vase, and a torn, faded photograph hold a tattered, forgotten, and slightly ajar, a door in the wall, where a small, withered, antique rose blooms."
steer_alpha_0p82_c8_tok100_seed06_the_elevator_button_was_cracked.json,steer_alpha_0p82,experiments/frontier_sweep_mundane_hub_ablation_smoke/steer_alpha_0p82_c8_tok100_seed06_the_elevator_button_was_cracked.json,1,2,0,-0.46891908477417454,0.0,0.44320958083832335,0.0,0.0,0.0,0.0,0.738682634730539,0.19999999999999998,0.9100000000000001,0.0,0.0,0.0,,0.0,0.0,,0.0,0.0,,0.0,,0.75,0.25,the; elevator; button; was; cracked,the; elevator; cracked,0.2,0.0,0.0,0,0,"A small, forgotten suitcase lies beside it, its lid slightly ajar, beside a peeling, old, metal fire escapes that leans against the cracked elevator, roots of ivy twindle through a small, grimy window."
steer_alpha_0p82_c8_tok100_seed06_the_elevator_button_was_cracked.json,steer_alpha_0p82,experiments/frontier_sweep_mundane_hub_ablation_smoke/steer_alpha_0p82_c8_tok100_seed06_the_elevator_button_was_cracked.json,1,3,0,-0.0675223163255414,0.0,0.43134664341761114,0.0,0.0,0.0,0.0,0.7189110723626853,0.19999999999999998,0.9100000000000001,0.0,0.3333333333333333,3.225806451612903,delicate,0.0,0.0,,0.3333333333333333,3.225806451612903,delicate,0.0,,0.75,0.25,the; elevator; button; was; cracked,the; elevator; cracked,1.0,0.0,0.0,0,0,"A small, intricately carved wooden door materialized on the wall, near the broken elevator, and a tiny, delicate key, no larger than a thumb, hangs from a thin, cracked mirror that now serves as a small, still puddle of water."
steer_alpha_0p82_c8_tok100_seed06_the_elevator_button_was_cracked.json,steer_alpha_0p82,experiments/frontier_sweep_mundane_hub_ablation_smoke/steer_alpha_0p82_c8_tok100_seed06_the_elevator_button_was_cracked.json,1,4,0,1.1654349825859405,0.0,0.22883484848484847,0.0,0.0,0.0,0.0,0.6356523569023569,0.19999999999999998,0.9100000000000001,0.0,0.3333333333333333,3.0303030303030303,antique,0.3333333333333333,3.0303030303030303,antique,0.0,0.0,,0.375,antique,0.25,0.75,the; elevator; button; was; cracked,cracked,0.2,0.4,0.0,0,0,"A small, antique music maker, crafted from a broken, antique gramophone, now rests on a dusty, old, cracked mirror, as a bouquet of wilting, forgotten flowers, once a vibrant, yet now wilted, bouquet, slowly begins to unravel, releasing a tiny, irate, yet tiny"
steer_alpha_0p82_c8_tok100_seed06_the_elevator_button_was_cracked.json,steer_alpha_0p82,experiments/frontier_sweep_mundane_hub_ablation_smoke/steer_alpha_0p82_c8_tok100_seed06_the_elevator_button_was_cracked.json,1,5,0,1.1965224878300835,0.0,0.4000956596230725,0.0,0.0,0.0,0.0,0.6668260993717875,0.19999999999999998,0.9100000000000001,0.0,0.0,0.0,,0.0,0.0,,0.0,0.0,,0.0,,0.5,0.5,the; elevator; button; was; cracked,the; cracked,0.5,0.0,0.0,0,0,"A small, cracked mirror, now embedded in the wall, casts a distorted reflection of a forgotten suit, its shoulders and shoulders of a forgotten man, its tie is slightly ajar, its face is pale, its eyes are closed, its mouth is frozen in a silent scream."
steer_alpha_0p82_c8_tok100_seed06_the_elevator_button_was_cracked.json,steer_alpha_0p82,experiments/frontier_sweep_mundane_hub_ablation_smoke/steer_alpha_0p82_c8_tok100_seed06_the_elevator_button_was_cracked.json,1,6,0,-0.5063693903799664,0.0,0.1603070213227546,0.0,0.0,0.0,0.0,0.4452972814520961,0.19999999999999998,0.9100000000000001,0.0,1.0,9.375,antique; delicate; porcelain,0.6666666666666666,6.25,antique; porcelain,0.3333333333333333,3.125,delicate,0.875,antique; porcelain,0.25,0.75,the; elevator; button; was; cracked,cracked,0.16666666666666666,0.4,0.0,0,0,"A small, delicate, and intricately painted porcelain figurine, once a prized possession of a wealthy socialite, now sat on a worn, cracked and faded Victorian-era armchair, surrounded by a halo of dusty, forgotten umbrella, its delicate, antique music lies sha"
steer_alpha_0p82_c8_tok100_seed06_the_elevator_button_was_cracked.json,steer_alpha_0p82,experiments/frontier_sweep_mundane_hub_ablation_smoke/steer_alpha_0p82_c8_tok100_seed06_the_elevator_button_was_cracked.json,1,7,0,-0.11472413392166136,0.0,0.4443825443659096,0.0,0.0,0.0,0.0,0.7406375739431827,0.19999999999999998,0.9100000000000001,0.0,1.0,7.317073170731708,antique; delicate; porcelain,0.6666666666666666,4.878048780487805,antique; porcelain,0.3333333333333333,2.4390243902439024,delicate,0.875,antique; porcelain,0.5,0.5,the; elevator; button; was; cracked,the; cracked,0.125,0.0,0.0,0,0,"A small, moss, nestled in a crevice, beside the faint, cracked, and worn, wooden door of a forgotten, abandoned, and overgrown, old, metal fire. A tiny, delicate, porcelain-vened, antique, porcelain, of a forgotten, moss, beside the creaking, old, and dusty, metal, of a forgotten, abandoned, and overgrown, old, wooden, door."
steer_alpha_0p82_c8_tok100_seed06_the_elevator_button_was_cracked.json,steer_alpha_0p82,experiments/frontier_sweep_mundane_hub_ablation_smoke/steer_alpha_0p82_c8_tok100_seed06_the_elevator_button_was_cracked.json,1,8,0,0.5858931708178488,0.001468126945741009,0.1451993682600998,0.011111111111111112,0.0,0.0,0.05555555555555555,0.40333157850027723,0.19999999999999998,0.9100000000000001,0.0,1.0,10.526315789473685,antique; crystal; delicate; ornate,1.0,7.894736842105263,antique; crystal; ornate,0.3333333333333333,2.6315789473684212,delicate,1.0,antique; crystal; ornate,0.5,0.5,the; elevator; button; was; cracked,the; cracked,0.5,0.4,0.0,0,0,"A small, cracked mirror hung on the wall, its broken glass refracting rainwater into a tiny, crystal-clear lake, where a tiny, delicate wooden boat made from a broken music stand, now serves as a tiny, ornate, hand-painted, antique suitcase leans, its lid slig"
steer_alpha_0p82_c8_tok100_seed06_the_elevator_button_was_cracked.json,steer_alpha_0p82,experiments/frontier_sweep_mundane_hub_ablation_smoke/steer_alpha_0p82_c8_tok100_seed06_the_elevator_button_was_cracked.json,2,1,1,0.009150057447693538,0.06830157283878503,0.13783794392523363,0.5583333333333333,1.0,0.0,0.041666666666666664,0.3828831775700935,0.19999999999999998,0.9100000000000001,0.0,0.3333333333333333,2.857142857142857,antique,0.3333333333333333,2.857142857142857,antique,0.0,0.0,,0.375,antique,0.75,0.25,the; elevator; button; was; cracked; elevator's; rusty; hinges; creaked; unison; old; piano,the; elevator; cracked,0.375,0.4,0.0,1,0,"As the door creaks open, a sliver of dim, dusty, forgotten garden spills into the elevator, where a withered, antique rose continues to bloom, while a small, forgotten, and dusty, antique globe, once a globe, now a tiny, cracked, and slightly ajar, a small, wi"
steer_alpha_0p82_c8_tok100_seed06_the_elevator_button_was_cracked.json,steer_alpha_0p82,experiments/frontier_sweep_mundane_hub_ablation_smoke/steer_alpha_0p82_c8_tok100_seed06_the_elevator_button_was_cracked.json,2,2,0,-0.011440193990875203,0.0,0.19283902777777778,0.0,0.0,0.0,0.0,0.606412037037037,0.05999999999999997,0.9730000000000001,0.0,0.6666666666666666,5.555555555555555,antique; ornate,0.6666666666666666,5.555555555555555,antique; ornate,0.0,0.0,,0.7,antique; ornate,0.25,0.75,the; elevator; button; was; cracked; elevator's; rusty; hinges; creaked; unison; old; piano,old,0.42857142857142855,0.4,0.0,0,0,"A worn, old, metal door, slightly ajar, creaks open, revealing a narrow, dimly lit, metallic stair, where a tiny, old, wooden ladder, worn and moss, holds a small, withered, antique, ornate, silver frame, where a single, wilted, forgotten, and slightly askew"
steer_alpha_0p82_c8_tok100_seed06_the_elevator_button_was_cracked.json,steer_alpha_0p82,experiments/frontier_sweep_mundane_hub_ablation_smoke/steer_alpha_0p82_c8_tok100_seed06_the_elevator_button_was_cracked.json,2,3,0,-0.46744236575380066,0.0,0.17952474123656367,0.0,0.0,0.0,0.0,0.5645432114357348,0.05999999999999997,0.9730000000000001,0.0,0.6666666666666666,5.405405405405405,antique; velvet,0.6666666666666666,5.405405405405405,antique; velvet,0.0,0.0,,0.75,antique; velvet,0.5,0.5,the; elevator; button; was; cracked; elevator's; rusty; hinges; creaked; unison; old; piano,the; cracked,0.3,0.4,0.0,0,0,"As the door creaks open, a faint, dusty, and withered, velvet curtain, once a shade of deep, rich purple, now a faded, moss-covered, moss, and a small, withered, antique, bronze, with a small, cracked, and worn, copper, that pours a thin, slow, and stagnant, s"
steer_alpha_0p82_c8_tok100_seed06_the_elevator_button_was_cracked.json,steer_alpha_0p82,experiments/frontier_sweep_mundane_hub_ablation_smoke/steer_alpha_0p82_c8_tok100_seed06_the_elevator_button_was_cracked.json,2,4,0,-0.7511907678304737,0.0,0.17000098341523343,0.0,0.0,0.0,0.0,0.5345942874692875,0.05999999999999997,0.9730000000000001,0.0,0.6666666666666666,6.25,antique; miniature,0.6666666666666666,6.25,antique; miniature,0.0,0.0,,0.775,antique; miniature,1.0,0.0,the; elevator; button; was; cracked; elevator's; rusty; hinges; creaked; unison; old; piano,the; elevator; cracked; elevator's,0.5,0.4,0.0,0,0,"As the elevator's creaking slowed, a wispy, antique, silver-frames, a dusty, forgotten, and slightly askew, a grandfather's reading chair, beckons, its worn, faded, and cracked, a miniature, a small, overgrown, and forgotten, a forgotten, and slightly ajar, a"
steer_alpha_0p82_c8_tok100_seed06_the_elevator_button_was_cracked.json,steer_alpha_0p82,experiments/frontier_sweep_mundane_hub_ablation_smoke/steer_alpha_0p82_c8_tok100_seed06_the_elevator_button_was_cracked.json,2,5,0,-0.2115110002279032,0.0,0.1599458066729397,0.0,0.0,0.0,0.0,0.5029742348205651,0.05999999999999997,0.9730000000000001,0.0,0.3333333333333333,2.5641025641025643,miniature,0.3333333333333333,2.5641025641025643,miniature,0.0,0.0,,0.4,miniature,0.75,0.25,the; elevator; button; was; cracked; elevator's; rusty; hinges; creaked; unison; old; piano,the; rusty; old,0.375,0.4,0.0,0,0,"The door creaks open, revealing a dimly lit, dusty, and cobweb-shrouded, old, metal, and stone, where a small, rusty, and worn, wooden bench, once a child's, now holds a small, and withered, and slightly askew, a miniature, withered, and faded, and slightly aj"
steer_alpha_0p82_c8_tok100_seed06_the_elevator_button_was_cracked.json,steer_alpha_0p82,experiments/frontier_sweep_mundane_hub_ablation_smoke/steer_alpha_0p82_c8_tok100_seed06_the_elevator_button_was_cracked.json,2,6,0,-1.8439537844703449,0.0,0.13581976568785198,0.0,0.0,0.0,0.0,0.45273255229283993,0.0,0.92025,0.0,1.0,12.121212121212121,antique; ornate; porcelain; velvet,1.0,12.121212121212121,antique; ornate; porcelain; velvet,0.0,0.0,,1.0,antique; ornate; porcelain; velvet,0.25,0.75,the; elevator; button; was; cracked; elevator's; rusty; hinges; creaked; unison; old; piano,cracked,0.3,0.4,0.0,0,0,"A faint, dusty, and abandoned, velvet-draped, ornate, copper-skinned, porcelain-faced, grandfather, with a cracked, cold, and withered, withered, antique, and a small, cracked, and overgrown, forgotten, and moss-covered, stone, where a withered, and a small, d"
steer_alpha_0p82_c8_tok100_seed06_the_elevator_button_was_cracked.json,steer_alpha_0p82,experiments/frontier_sweep_mundane_hub_ablation_smoke/steer_alpha_0p82_c8_tok100_seed06_the_elevator_button_was_cracked.json,2,7,0,-1.559195563827419,0.0,0.01973225806451613,0.0,0.0,0.0,0.0,0.2630967741935484,0.0,1.0,0.0,0.3333333333333333,2.857142857142857,antique,0.3333333333333333,2.857142857142857,antique,0.0,0.0,,0.375,antique,0.25,0.75,the; elevator; button; was; cracked; elevator's; rusty; hinges; creaked; unison; old; piano,rusty,0.3333333333333333,0.85,0.0,0,0,"Through a narrow, rusty slit, a faint, forgotten face peeps, its eyes, two dusty, glittering emerald, a withered, antique garden, overgrown with moss and vines, slowly, a faint, forgotten, tattered, and frayed, a worn, wooden, and slightly ajar, a door, where"
steer_alpha_0p82_c8_tok100_seed06_the_elevator_button_was_cracked.json,steer_alpha_0p82,experiments/frontier_sweep_mundane_hub_ablation_smoke/steer_alpha_0p82_c8_tok100_seed06_the_elevator_button_was_cracked.json,2,8,0,-1.2630961257910127,0.0,0.01967418224299066,0.0,0.0,0.0,0.0,0.2623224299065421,0.0,1.0,0.0,0.3333333333333333,2.857142857142857,antique,0.3333333333333333,2.857142857142857,antique,0.0,0.0,,0.375,antique,0.25,0.75,the; elevator; button; was; cracked; elevator's; rusty; hinges; creaked; unison; old; piano,the,0.3,0.85,0.0,0,0,"A dusty, abandoned typewriter, its keys yellowed with age, sits atop a rickety, rickety chair, where a worn, faded, and slightly ajar, a small, forgotten, and slightly ajar, a door in the wall, where a small, withered, antique rose continues to bloom, while a"
steer_alpha_0p82_c8_tok100_seed06_the_elevator_button_was_cracked.json,steer_alpha_0p82,experiments/frontier_sweep_mundane_hub_ablation_smoke/steer_alpha_0p82_c8_tok100_seed06_the_elevator_button_was_cracked.json,3,1,1,-2.296414654262528,0.07786850322580646,0.15389032258064517,0.55,1.0,0.0,0.0,0.5129677419354839,0.0,1.0,0.0,0.3333333333333333,2.857142857142857,antique,0.3333333333333333,2.857142857142857,antique,0.0,0.0,,0.375,antique,0.5,0.5,the; elevator; button; was; cracked; elevator's; rusty; hinges; creaked; unison; old; piano,cracked; old,0.5555555555555556,0.4,0.0,1,0,"A small, forgotten, and dusty, antique globe, once a globe, now a tiny, cracked and slightly ajar, a small, withered, antique rose continues to bloom, where a forgotten, tattered, and frayed, old, crimson, and slightly ajar, a worn, wooden, and intricately car"
steer_alpha_0p82_c8_tok100_seed06_the_elevator_button_was_cracked.json,steer_alpha_0p82,experiments/frontier_sweep_mundane_hub_ablation_smoke/steer_alpha_0p82_c8_tok100_seed06_the_elevator_button_was_cracked.json,3,2,0,-1.4158119673401277,0.07212149999999999,0.1457,0.55,1.0,0.0,0.0,0.4856666666666667,0.0,1.0,0.0,0.3333333333333333,2.857142857142857,antique,0.3333333333333333,2.857142857142857,antique,0.0,0.0,,0.375,antique,0.5,0.5,the; elevator; button; was; cracked; elevator's; rusty; hinges; creaked; unison; old; piano,the; cracked,0.4444444444444444,0.4,0.0,1,0,"A small, forgotten, and dusty, antique globe, once a globe, now a tiny, cracked, and slightly ajar, a small, forgotten, and dusty, antique globe, continues to slowly, imperceptibly, and silently, the faint, withered, antique rose, once a door in the wall, now"
steer_alpha_0p82_c8_tok100_seed06_the_elevator_button_was_cracked.json,steer_alpha_0p82,experiments/frontier_sweep_mundane_hub_ablation_smoke/steer_alpha_0p82_c8_tok100_seed06_the_elevator_button_was_cracked.json,3,3,0,-1.938115788750488,0.06478164496527779,0.1327152777777778,0.55,1.0,0.0,0.0,0.4423842592592594,0.0,1.0,0.0,1.0,8.571428571428571,antique; delicate; miniature,0.6666666666666666,5.714285714285714,antique; miniature,0.3333333333333333,2.857142857142857,delicate,0.775,antique; miniature,0.0,1.0,the; elevator; button; was; cracked; elevator's; rusty; hinges; creaked; unison; old; piano,,0.375,0.4,0.0,1,0,"A delicate, antique, brass, and slightly ajar, a small, forgotten, and dusty, wooden, miniature, and intricately carved, and with a tiny, withered, antique rose, where a small, forgotten, and dusty, and a tiny, withered, antique rose, once a globe, now a tiny"
steer_alpha_0p82_c8_tok100_seed06_the_elevator_button_was_cracked.json,steer_alpha_0p82,experiments/frontier_sweep_mundane_hub_ablation_smoke/steer_alpha_0p82_c8_tok100_seed06_the_elevator_button_was_cracked.json,3,4,0,-2.427059762202753,0.055555500000000015,0.11100000000000003,0.55,1.0,0.0,0.0,0.3700000000000001,0.0,0.946375,0.0,0.3333333333333333,2.7777777777777777,antique,0.3333333333333333,2.7777777777777777,antique,0.0,0.0,,0.375,antique,0.5,0.5,the; elevator; button; was; cracked; elevator's; rusty; hinges; creaked; unison; old; piano,the; cracked,0.5,0.4,0.0,2,0,"The small, dusty, antique globe, now a tiny, cracked, and slightly ajar, a small, forgotten, and dusty, antique globe, once a globe, now a tiny, cracked and slightly ajar, a small, forgotten, and dusty, antique telescope, once a small, forgotten and dusty, a d"
steer_alpha_0p82_c8_tok100_seed06_the_elevator_button_was_cracked.json,steer_alpha_0p82,experiments/frontier_sweep_mundane_hub_ablation_smoke/steer_alpha_0p82_c8_tok100_seed06_the_elevator_button_was_cracked.json,3,5,0,-2.3751241608829217,0.0,0.12596109625668447,0.0,0.0,0.0,0.0,0.41987032085561493,0.0,1.0,0.0,1.0,11.764705882352942,antique; delicate; miniature; ornate,1.0,8.823529411764707,antique; miniature; ornate,0.3333333333333333,2.9411764705882355,delicate,1.0,antique; miniature; ornate,0.25,0.75,the; elevator; button; was; cracked; elevator's; rusty; hinges; creaked; unison; old; piano,cracked,0.4444444444444444,0.4,0.0,0,0,"A faint, forgotten, and dusty, antique globe, once a tiny, cracked, and slightly ajar, a small, forgotten, and dusty, miniature, exquisite, delicate, and ornate, golden, and filigework, a tiny, forgotten, and dusty, antique, and delicate, and a small, withered"
steer_alpha_0p82_c8_tok100_seed06_the_elevator_button_was_cracked.json,steer_alpha_0p82,experiments/frontier_sweep_mundane_hub_ablation_smoke/steer_alpha_0p82_c8_tok100_seed06_the_elevator_button_was_cracked.json,3,6,0,-2.668953692115144,0.0,0.11100000000000003,0.0,0.0,0.0,0.0,0.3700000000000001,0.0,1.0,0.0,0.6666666666666666,5.882352941176471,antique; delicate,0.3333333333333333,2.9411764705882355,antique,0.3333333333333333,2.9411764705882355,delicate,0.375,antique,0.25,0.75,the; elevator; button; was; cracked; elevator's; rusty; hinges; creaked; unison; old; piano,old,0.4444444444444444,0.4,0.0,0,0,"A faint, flickering, and slightly ajar, a small, dusty, and forgotten, old, and intricately carved, wooden, and slightly ajar, a small, withered, and forgotten, antique, and delicate, and a small, forgotten, and dusty, and a tattered, forgotten, and slightly a"
steer_alpha_0p82_c8_tok100_seed06_the_elevator_button_was_cracked.json,steer_alpha_0p82,experiments/frontier_sweep_mundane_hub_ablation_smoke/steer_alpha_0p82_c8_tok100_seed06_the_elevator_button_was_cracked.json,3,7,0,-2.9217262975581964,0.0027882995327102793,0.005571028037383175,0.55,1.0,0.0,0.0,0.07428037383177566,0.0,1.0,0.0,0.3333333333333333,2.857142857142857,antique,0.3333333333333333,2.857142857142857,antique,0.0,0.0,,0.375,antique,0.25,0.75,the; elevator; button; was; cracked; elevator's; rusty; hinges; creaked; unison; old; piano,cracked,0.5,0.85,0.0,2,0,"A small, forgotten, and dusty, antique globe, once a globe, now a tiny, cracked, and slightly ajar, a small, forgotten, and dusty, antique globe, once a globe, now a tiny, cracked, and slightly ajar, a small, withered, antique rose continues to bloom, where a"
steer_alpha_0p82_c8_tok100_seed06_the_elevator_button_was_cracked.json,steer_alpha_0p82,experiments/frontier_sweep_mundane_hub_ablation_smoke/steer_alpha_0p82_c8_tok100_seed06_the_elevator_button_was_cracked.json,3,8,0,-2.7543097622027535,0.002064562500000002,0.0041250000000000045,0.55,1.0,0.0,0.0,0.05500000000000005,0.0,0.923,0.0,0.3333333333333333,2.7777777777777777,antique,0.3333333333333333,2.7777777777777777,antique,0.0,0.0,,0.375,antique,0.25,0.75,the; elevator; button; was; cracked; elevator's; rusty; hinges; creaked; unison; old; piano,cracked,0.5,0.85,0.0,1,0,"A small, forgotten, and dusty, antique globe, once a globe, now a tiny, cracked, and slightly ajar, a small, forgotten, and dusty, antique globe, once a tiny, cracked, and slightly ajar, a small, forgotten, and dusty, antique globe, once a tiny, cracked, and s"
selector_alpha_0_c8_tok100_seed07_a_delivery_label_on_a_cardboard_box.json,selector_alpha_0,experiments/frontier_sweep_mundane_hub_ablation_smoke/selector_alpha_0_c8_tok100_seed07_a_delivery_label_on_a_cardboard_box.json,1,1,1,0.26787241402585127,0.09991357204297172,0.40743975903614454,0.29262879631232197,0.0,1.0,0.2131439815616099,0.6790662650602409,0.19999999999999998,0.9100000000000001,0.0,0.3333333333333333,3.5714285714285716,faded photograph,0.3333333333333333,3.5714285714285716,faded photograph,0.0,0.0,,0.0,,0.5,0.5,delivery; label; cardboard; box,delivery; box,0.1,0.0,0.0,0,1,"A small, faded photograph of a young woman with a bright smile attached to the top of the box, her eyes seeming to gaze directly at the delivery address scrawled in messy handwriting on the side of the box."
selector_alpha_0_c8_tok100_seed07_a_delivery_label_on_a_cardboard_box.json,selector_alpha_0,experiments/frontier_sweep_mundane_hub_ablation_smoke/selector_alpha_0_c8_tok100_seed07_a_delivery_label_on_a_cardboard_box.json,1,2,0,-0.896083741238543,0.004252986180873929,0.4248265885445656,0.011111111111111112,0.0,0.0,0.05555555555555555,0.7080443142409427,0.19999999999999998,0.9100000000000001,0.0,0.3333333333333333,2.127659574468085,leather-bound,0.3333333333333333,2.127659574468085,leather-bound,0.0,0.0,,0.5,leather-bound,0.5,0.5,delivery; label; cardboard; box,delivery; label,0.45,0.0,0.0,0,0,"The delivery label, its faded letters still legible, clung to the edge of a wooden crate, an old, worn-out suitcase with a rusted lock and a faded, hand-drawn map of Europe on its side, a small, ceramic tea set, covered in a thin layer of dust, stood atop the crate, next to a small, leather-bound satchel."
selector_alpha_0_c8_tok100_seed07_a_delivery_label_on_a_cardboard_box.json,selector_alpha_0,experiments/frontier_sweep_mundane_hub_ablation_smoke/selector_alpha_0_c8_tok100_seed07_a_delivery_label_on_a_cardboard_box.json,1,3,0,1.3338892001912164,0.0,0.44009871170148857,0.0,0.0,0.0,0.0,0.7334978528358143,0.19999999999999998,0.9100000000000001,0.0,0.0,0.0,,0.0,0.0,,0.0,0.0,,0.0,,0.5,0.5,delivery; label; cardboard; box,cardboard; box,0.1,0.0,0.0,0,0,"The cardboard box, once a plain white rectangle, is now adorned with colorful stickers and a faded address written in messy handwriting, while a small, crumpled up receipt lies next to it, its torn corner revealing the words ""Free Coffee"" scribbled on it."
selector_alpha_0_c8_tok100_seed07_a_delivery_label_on_a_cardboard_box.json,selector_alpha_0,experiments/frontier_sweep_mundane_hub_ablation_smoke/selector_alpha_0_c8_tok100_seed07_a_delivery_label_on_a_cardboard_box.json,1,4,0,-0.5978693528693526,0.009567273228071039,0.41515384615384615,0.025577277787393195,0.0,0.0,0.12788638893696597,0.691923076923077,0.19999999999999998,0.9100000000000001,0.0,0.3333333333333333,2.5641025641025643,ornate,0.3333333333333333,2.5641025641025643,ornate,0.0,0.0,,0.325,ornate,0.5,0.5,delivery; label; cardboard; box,delivery; label,0.45,0.0,0.0,0,0,"The worn, creased delivery label was pinned to the wooden side of an old, ornate mirror, partially hidden behind a tangle of overgrown vines and faded floral curtains, their frayed edges fluttering in the morning breeze that rustled the yellowed newspaper clipping pinned to the frame."
selector_alpha_0_c8_tok100_seed07_a_delivery_label_on_a_cardboard_box.json,selector_alpha_0,experiments/frontier_sweep_mundane_hub_ablation_smoke/selector_alpha_0_c8_tok100_seed07_a_delivery_label_on_a_cardboard_box.json,1,5,0,0.07580077764322124,0.0,0.4214958783981292,0.0,0.0,0.0,0.0,0.7024931306635487,0.19999999999999998,0.9100000000000001,0.0,0.3333333333333333,1.8181818181818181,antique,0.3333333333333333,1.8181818181818181,antique,0.0,0.0,,0.375,antique,0.75,0.25,delivery; label; cardboard; box,delivery; label; box,0.45,0.0,0.0,0,0,"The box sat on the cluttered workbench, a faint scent of paint and sawdust lingering in the air as a small, antique wooden cabinet, worn and adorned with intricate carvings, stood beside it, its doors slightly ajar, revealing a dusty, old globe inside. The delivery label, once securing the box, now lay crumpled and torn, its faded address and postage stamps barely legible."
selector_alpha_0_c8_tok100_seed07_a_delivery_label_on_a_cardboard_box.json,selector_alpha_0,experiments/frontier_sweep_mundane_hub_ablation_smoke/selector_alpha_0_c8_tok100_seed07_a_delivery_label_on_a_cardboard_box.json,1,6,0,-0.796829519379445,0.0,0.41292453597073564,0.0,0.0,0.0,0.0,0.6882075599512261,0.19999999999999998,0.9100000000000001,0.0,0.3333333333333333,2.380952380952381,faded photograph,0.3333333333333333,2.380952380952381,faded photograph,0.0,0.0,,0.0,,0.5,0.5,delivery; label; cardboard; box,delivery; label,0.2,0.0,0.0,0,0,"The delivery label, once peeled away, revealed a faded photograph of a serene lake at dawn, where a small wooden sailboat drifted aimlessly, its mast tangled in a mess of water lilies and cattails. A small, weathered wooden chair sat at the water's edge, its legs half-buried in the muddy bank."
selector_alpha_0_c8_tok100_seed07_a_delivery_label_on_a_cardboard_box.json,selector_alpha_0,experiments/frontier_sweep_mundane_hub_ablation_smoke/selector_alpha_0_c8_tok100_seed07_a_delivery_label_on_a_cardboard_box.json,1,7,0,-0.06888132923442103,0.0,0.21603383911224475,0.0,0.0,0.0,0.0,0.7201127970408159,0.19999999999999998,0.9100000000000001,0.5,0.3333333333333333,2.272727272727273,delicate,0.0,0.0,,0.3333333333333333,2.272727272727273,delicate,0.0,,0.5,0.5,delivery; label; cardboard; box,delivery; label,0.3,0.0,0.0,0,0,"The delivery label, once a vibrant blue, now faded to a soft pink, clung to the edge of a vintage typewriter, its worn keys a testament to countless hours of scribbled thoughts and stories. A single rose petal lay crumpled at the typist's elbow, its delicate edges torn and crushed, as if it had been hastily discarded."
selector_alpha_0_c8_tok100_seed07_a_delivery_label_on_a_cardboard_box.json,selector_alpha_0,experiments/frontier_sweep_mundane_hub_ablation_smoke/selector_alpha_0_c8_tok100_seed07_a_delivery_label_on_a_cardboard_box.json,1,8,0,-0.6228586929114028,0.0,0.39633499261102895,0.0,0.0,0.0,0.0,0.6605583210183816,0.19999999999999998,0.877,0.0,0.3333333333333333,2.1739130434782608,antique,0.3333333333333333,2.1739130434782608,antique,0.0,0.0,,0.375,antique,1.0,0.0,delivery; label; cardboard; box,delivery; label; cardboard; box,0.4,0.0,0.0,0,0,"The worn wooden table in the corner of a cluttered antique shop stood out in stark relief against the faded, cream-colored walls as it bore the same delivery label that covered the cardboard box leaning against its edge, its scribbled address and return instructions seeming to blur with the old wooden surface."
selector_alpha_0_c8_tok100_seed07_a_delivery_label_on_a_cardboard_box.json,selector_alpha_0,experiments/frontier_sweep_mundane_hub_ablation_smoke/selector_alpha_0_c8_tok100_seed07_a_delivery_label_on_a_cardboard_box.json,2,1,1,0.19178052157090764,0.0,0.4503938263229308,0.0,0.0,0.0,0.0,0.7506563772048847,0.19999999999999998,0.9100000000000001,0.0,0.0,0.0,,0.0,0.0,,0.0,0.0,,0.0,,0.5,0.5,delivery; label; cardboard; box; photograph; young; woman; bright; smile; attached; the; top,box; the,0.2,0.0,0.0,0,0,"A pair of faded flip-flops lay beside the box, partially hidden under a dusty, old suitcase with a rusted handle and a torn, tattered tag that read ""Europe 1999""."
selector_alpha_0_c8_tok100_seed07_a_delivery_label_on_a_cardboard_box.json,selector_alpha_0,experiments/frontier_sweep_mundane_hub_ablation_smoke/selector_alpha_0_c8_tok100_seed07_a_delivery_label_on_a_cardboard_box.json,2,2,0,0.4108654294319438,0.005130600288100283,0.4403241583783076,0.014209598770773994,0.0,0.0,0.07104799385386996,0.7338735972971793,0.19999999999999998,0.9100000000000001,0.0,0.0,0.0,,0.0,0.0,,0.0,0.0,,0.0,,0.75,0.25,delivery; label; cardboard; box; photograph; young; woman; bright; smile; attached; the; top,delivery; box; the,0.0,0.0,0.0,0,0,"The delivery box sits atop a cluttered, old wooden workbench, surrounded by tools and half-finished projects, with a large, dusty window behind it, allowing sunlight to cast a warm glow on a mysterious, taxidermied owl perched on a nearby, wooden crate, its glassy eyes seeming to regard the box with an air of quiet curiosity."
selector_alpha_0_c8_tok100_seed07_a_delivery_label_on_a_cardboard_box.json,selector_alpha_0,experiments/frontier_sweep_mundane_hub_ablation_smoke/selector_alpha_0_c8_tok100_seed07_a_delivery_label_on_a_cardboard_box.json,2,3,0,-0.21422979274948983,0.006963082866004444,0.36224130516786124,0.022222222222222223,0.0,0.0,0.1111111111111111,0.6834741606940777,0.05999999999999997,0.9730000000000001,0.0,0.3333333333333333,2.272727272727273,faded photograph,0.3333333333333333,2.272727272727273,faded photograph,0.0,0.0,,0.0,,1.0,0.0,delivery; label; cardboard; box; photograph; young; woman; bright; smile; attached; the; top,delivery; label; cardboard; box; photograph; bright; the,0.25,0.0,0.0,0,0,"The box was old by the time it reached the attic, its corrugated cardboard surface now worn and creased from countless moves and storage spaces, the delivery label peeling away at the edges, the faded photograph slightly smudged, but still seeming to hold the same bright, inquisitive gaze."
selector_alpha_0_c8_tok100_seed07_a_delivery_label_on_a_cardboard_box.json,selector_alpha_0,experiments/frontier_sweep_mundane_hub_ablation_smoke/selector_alpha_0_c8_tok100_seed07_a_delivery_label_on_a_cardboard_box.json,2,4,0,0.8040178840767072,0.0076732095693233795,0.4090923076923077,0.021314398156160992,0.0,0.0,0.10657199078080495,0.6818205128205128,0.19999999999999998,0.9100000000000001,0.0,0.6666666666666666,5.714285714285714,faded photograph; old man,0.3333333333333333,2.857142857142857,faded photograph,0.3333333333333333,2.857142857142857,old man,0.0,,0.75,0.25,delivery; label; cardboard; box; photograph; young; woman; bright; smile; attached; the; top,box; photograph; the,0.3333333333333333,0.0,0.0,0,0,"The faded photograph slips off the box, carried away by a gentle breeze, as a solitary old man in a worn tweed jacket, his eyes fixed intently on the photograph, slowly reaches for it, his wrinkled hands closing around the edges of the box."
selector_alpha_0_c8_tok100_seed07_a_delivery_label_on_a_cardboard_box.json,selector_alpha_0,experiments/frontier_sweep_mundane_hub_ablation_smoke/selector_alpha_0_c8_tok100_seed07_a_delivery_label_on_a_cardboard_box.json,2,5,0,0.22501388955142576,0.0,0.42624954220838673,0.0,0.0,0.0,0.0,0.7104159036806446,0.19999999999999998,0.9100000000000001,0.0,0.3333333333333333,2.3255813953488373,antique,0.3333333333333333,2.3255813953488373,antique,0.0,0.0,,0.375,antique,0.75,0.25,delivery; label; cardboard; box; photograph; young; woman; bright; smile; attached; the; top,delivery; box; the,0.16666666666666666,0.0,0.0,0,0,"The delivery box lies atop a cluttered antique shop, amidst dusty vases and vintage trinkets, a faded rose-patterned tablecloth scattered around it, with a broken, antique music stand and a stack of yellowed receipts from a local bakery nearby, a faint scent of old books and sugar wafts through the air."
selector_alpha_0_c8_tok100_seed07_a_delivery_label_on_a_cardboard_box.json,selector_alpha_0,experiments/frontier_sweep_mundane_hub_ablation_smoke/selector_alpha_0_c8_tok100_seed07_a_delivery_label_on_a_cardboard_box.json,2,6,0,-0.14020276538450438,0.0,0.36900282431271475,0.0,0.0,0.0,0.0,0.6962317439862542,0.05999999999999997,0.9730000000000001,0.0,0.0,0.0,,0.0,0.0,,0.0,0.0,,0.0,,1.0,0.0,delivery; label; cardboard; box; photograph; young; woman; bright; smile; attached; the; top,delivery; box; photograph; young; woman; smile; the; top,0.0,0.0,0.0,0,0,"The delivery box, once forgotten on the dusty floor, was suddenly picked up by a gentle hand, the photograph still fixed to the top, the young woman's smile a warm contrast to the dimly lit attic where it had lain undisturbed for years."
selector_alpha_0_c8_tok100_seed07_a_delivery_label_on_a_cardboard_box.json,selector_alpha_0,experiments/frontier_sweep_mundane_hub_ablation_smoke/selector_alpha_0_c8_tok100_seed07_a_delivery_label_on_a_cardboard_box.json,2,7,0,1.0557727732147468,0.0,0.40572881355932205,0.0,0.0,0.0,0.0,0.6762146892655367,0.19999999999999998,0.9100000000000001,0.0,0.0,0.0,,0.0,0.0,,0.0,0.0,,0.0,,1.0,0.0,delivery; label; cardboard; box; photograph; young; woman; bright; smile; attached; the; top,delivery; label; box; the,0.0,0.0,0.0,0,0,"The box creaks open, revealing a collection of dusty vintage trinkets and a small, yellowed envelope with the same handwriting as the address on the box, the delivery label now detached and fluttering to the floor."
selector_alpha_0_c8_tok100_seed07_a_delivery_label_on_a_cardboard_box.json,selector_alpha_0,experiments/frontier_sweep_mundane_hub_ablation_smoke/selector_alpha_0_c8_tok100_seed07_a_delivery_label_on_a_cardboard_box.json,2,8,0,0.819204788302242,0.0,0.20275505900865456,0.0,0.0,0.0,0.0,0.6758501966955153,0.19999999999999998,0.9100000000000001,0.5,0.3333333333333333,2.4390243902439024,faded photograph,0.3333333333333333,2.4390243902439024,faded photograph,0.0,0.0,,0.0,,1.0,0.0,delivery; label; cardboard; box; photograph; young; woman; bright; smile; attached; the; top,delivery; box; photograph; the,0.5,0.0,0.0,0,0,"The faded photograph's edges were slightly curled, as if it had been folded and refolded several times, each crease a testament to the countless hands that had handled it before it ended up on the weathered surface of the delivery box, where it now seemed to be slowly fading into the rough, brown wood."
selector_alpha_0_c8_tok100_seed07_a_delivery_label_on_a_cardboard_box.json,selector_alpha_0,experiments/frontier_sweep_mundane_hub_ablation_smoke/selector_alpha_0_c8_tok100_seed07_a_delivery_label_on_a_cardboard_box.json,3,1,1,0.9857945012061491,0.0,0.44142260524742194,0.0,0.0,0.0,0.0,0.7357043420790366,0.19999999999999998,0.9100000000000001,0.0,0.0,0.0,,0.0,0.0,,0.0,0.0,,0.0,,0.25,0.75,delivery; label; cardboard; box; photograph; young; woman; bright; smile; attached; the; top,the,0.2857142857142857,0.0,0.0,0,0,"The rusted handle of the suitcase slowly begins to creak as it's lifted, revealing a pair of worn, white gloves inside, next to a stack of yellowed, dog-eared letters tied together with a faded piece of twine."
selector_alpha_0_c8_tok100_seed07_a_delivery_label_on_a_cardboard_box.json,selector_alpha_0,experiments/frontier_sweep_mundane_hub_ablation_smoke/selector_alpha_0_c8_tok100_seed07_a_delivery_label_on_a_cardboard_box.json,3,2,0,-0.17516765084412111,0.0,0.38609681467181467,0.0,0.0,0.0,0.0,0.728484555984556,0.05999999999999997,0.9730000000000001,0.0,0.0,0.0,,0.0,0.0,,0.0,0.0,,0.0,,0.25,0.75,delivery; label; cardboard; box; photograph; young; woman; bright; smile; attached; the; top,the,0.0,0.0,0.0,0,0,"The suitcase creaks as it is lifted, its contents spilling out onto the worn, wooden floor, revealing a tangle of vintage clothing, a yellowed travel brochure for Paris, and a yellowed newspaper clipping with a headline that reads ""French Revolution, July 14, 1989""."
selector_alpha_0_c8_tok100_seed07_a_delivery_label_on_a_cardboard_box.json,selector_alpha_0,experiments/frontier_sweep_mundane_hub_ablation_smoke/selector_alpha_0_c8_tok100_seed07_a_delivery_label_on_a_cardboard_box.json,3,3,0,0.5944689390474338,0.006946600886153805,0.3812159022889283,0.022222222222222223,0.0,0.0,0.1111111111111111,0.6353598371482139,0.19999999999999998,0.9100000000000001,0.0,0.0,0.0,,0.0,0.0,,0.0,0.0,,0.0,,0.5,0.5,delivery; label; cardboard; box; photograph; young; woman; bright; smile; attached; the; top,box; the,0.0,0.0,0.0,0,0,"The suitcase's worn fabric is now partially unzipped, revealing a yellowed newspaper clipping tucked between the box and the suitcase, the clipping's headline ""Local Man Returns from Abroad"" printed in bold letters, with a small, hand-drawn map of the same European destination as the suitcase's tag."
selector_alpha_0_c8_tok100_seed07_a_delivery_label_on_a_cardboard_box.json,selector_alpha_0,experiments/frontier_sweep_mundane_hub_ablation_smoke/selector_alpha_0_c8_tok100_seed07_a_delivery_label_on_a_cardboard_box.json,3,4,0,1.248994174966272,0.0,0.41766567767336477,0.0,0.0,0.0,0.0,0.6961094627889413,0.19999999999999998,0.9100000000000001,0.0,0.0,0.0,,0.0,0.0,,0.0,0.0,,0.0,,1.0,0.0,delivery; label; cardboard; box; photograph; young; woman; bright; smile; attached; the; top,delivery; photograph; young; smile; the,0.25,0.0,0.0,0,0,"The suitcase, once a vibrant shade of blue, now stood with its lid open, revealing a tangle of old newspapers, yellowed postcards, and a small, rolled-up letter tied with a frayed string, which slipped out as the dust settled, revealing a torn piece of a photograph, its edges curled and faded, with a faint image of a young man with a familiar smile, his eyes locked on the same delivery address."
selector_alpha_0_c8_tok100_seed07_a_delivery_label_on_a_cardboard_box.json,selector_alpha_0,experiments/frontier_sweep_mundane_hub_ablation_smoke/selector_alpha_0_c8_tok100_seed07_a_delivery_label_on_a_cardboard_box.json,3,5,0,0.5323282774381501,0.0,0.4032060056365431,0.0,0.0,0.0,0.0,0.6720100093942385,0.19999999999999998,0.9100000000000001,0.0,0.0,0.0,,0.0,0.0,,0.0,0.0,,0.0,,1.0,0.0,delivery; label; cardboard; box; photograph; young; woman; bright; smile; attached; the; top,label; photograph; woman; the,0.14285714285714285,0.0,0.0,0,0,"The suitcase's lid creaked open, revealing a tangled mess of yellowed railway tickets, crumpled receipts, and a faded postcard with a photograph of the Eiffel Tower, the same woman's smiling face peering out from the corner, her gaze now directed towards a small, worn-out suitcase inside, adorned with a faded label reading ""Paris 2002""."
selector_alpha_0_c8_tok100_seed07_a_delivery_label_on_a_cardboard_box.json,selector_alpha_0,experiments/frontier_sweep_mundane_hub_ablation_smoke/selector_alpha_0_c8_tok100_seed07_a_delivery_label_on_a_cardboard_box.json,3,6,0,0.9683606315320323,0.004408286309777931,0.3935969919444581,0.013333333333333334,0.0,0.0,0.06666666666666667,0.6559949865740968,0.19999999999999998,0.9100000000000001,0.0,0.3333333333333333,1.5873015873015872,faded photograph,0.3333333333333333,1.5873015873015872,faded photograph,0.0,0.0,,0.0,,1.0,0.0,delivery; label; cardboard; box; photograph; young; woman; bright; smile; attached; the; top,cardboard; box; photograph; the,0.1111111111111111,0.0,0.0,0,0,"A faint, cracked mirror, its surface reflecting a blurred image of a dimly lit, abandoned street, the buildings in the background partially overgrown with vines, standing out against a pale blue sky with clouds that seem to be curling inwards, like the edges of the mirror itself, the faded photograph still fixed to the cardboard box, now partially obscured by a small, yellowed envelope with a handwritten address that doesn't match the one on the box."
selector_alpha_0_c8_tok100_seed07_a_delivery_label_on_a_cardboard_box.json,selector_alpha_0,experiments/frontier_sweep_mundane_hub_ablation_smoke/selector_alpha_0_c8_tok100_seed07_a_delivery_label_on_a_cardboard_box.json,3,7,0,-1.137235848800555,0.0,0.19976160839160836,0.0,0.0,0.0,0.0,0.6658720279720279,0.19999999999999998,0.9100000000000001,0.5,0.3333333333333333,1.5384615384615385,antique,0.3333333333333333,1.5384615384615385,antique,0.0,0.0,,0.375,antique,0.25,0.75,delivery; label; cardboard; box; photograph; young; woman; bright; smile; attached; the; top,the,0.1111111111111111,0.0,0.0,0,0,"Between the suitcase and the flip-flops, a tattered, yellowed telegram with a wax seal bearing a faint image of a pair of wings lies crumpled and creased, its message still legible: ""Meet me at the old windmill on the outskirts of town at midnight, be careful what you wish for."" A small, antique telescope peeks out from behind the suitcase, its lens cloudy with age, and a frayed, forgotten rope lies coiled around its base."
selector_alpha_0_c8_tok100_seed07_a_delivery_label_on_a_cardboard_box.json,selector_alpha_0,experiments/frontier_sweep_mundane_hub_ablation_smoke/selector_alpha_0_c8_tok100_seed07_a_delivery_label_on_a_cardboard_box.json,3,8,0,0.5848761536738265,0.0027242562979774387,0.14422533342233498,0.022222222222222223,0.0,0.0,0.1111111111111111,0.40062592617315274,0.19999999999999998,0.9100000000000001,0.0,0.3333333333333333,2.5,faded photograph,0.3333333333333333,2.5,faded photograph,0.0,0.0,,0.0,,1.0,0.0,delivery; label; cardboard; box; photograph; young; woman; bright; smile; attached; the; top,delivery; box; photograph; woman; smile; the,0.16666666666666666,0.4,0.0,0,0,"The faded photograph's smile now seems to be the only unbroken aspect of the once-vibrant picture, as a fine layer of dust coats the woman's face, her eyes appearing as two dark dots, while the delivery address scribbles on the box start to fade away, the ink"
steer_alpha_0p66_c8_tok100_seed07_a_delivery_label_on_a_cardboard_box.json,steer_alpha_0p66,experiments/frontier_sweep_mundane_hub_ablation_smoke/steer_alpha_0p66_c8_tok100_seed07_a_delivery_label_on_a_cardboard_box.json,1,1,1,0.11374797373438317,0.2017302677850264,0.42848400124262187,0.55,1.0,0.0,0.0,0.7141400020710365,0.19999999999999998,0.9100000000000001,0.0,0.6666666666666666,4.761904761904762,antique; miniature,0.6666666666666666,4.761904761904762,antique; miniature,0.0,0.0,,0.775,antique; miniature,0.75,0.25,delivery; label; cardboard; box,delivery; label; box,0.2,0.0,0.0,1,0,"The delivery label, now a makeshift bird, perches on a small, antique wooden bench, its creases and wrinkles deepening into a gentle, moss-like growth, as a small, watercolor painting, also a miniature, seems to unfurl from the box, its colors subtly shifting to match the hues of a forgotten, overgrown garden."
steer_alpha_0p66_c8_tok100_seed07_a_delivery_label_on_a_cardboard_box.json,steer_alpha_0p66,experiments/frontier_sweep_mundane_hub_ablation_smoke/steer_alpha_0p66_c8_tok100_seed07_a_delivery_label_on_a_cardboard_box.json,1,2,0,-1.5428125658544865,0.04484948608366836,0.2120888864943143,0.2370689655172414,0.0,0.9482758620689656,0.0,0.7069629549810477,0.19999999999999998,0.9100000000000001,0.5,0.6666666666666666,3.4482758620689653,antique; faded photograph,0.6666666666666666,3.4482758620689653,antique; faded photograph,0.0,0.0,,0.375,antique,0.5,0.5,delivery; label; cardboard; box,delivery; label,0.4,0.0,0.0,0,1,"The delivery label, once peeled away, reveals a faded photograph of a small, abandoned cottage, its chimney puffing a gentle plume of white smoke, surrounded by a tattered, antique garden overgrown with moss and vines, a small, metal bird perches on a windowsill, its beak slightly ajar, a small, worn, wooden door creaks open, and a piece of paper floats out, bearing a single, cryptic message: ""for the bird""."
steer_alpha_0p66_c8_tok100_seed07_a_delivery_label_on_a_cardboard_box.json,steer_alpha_0p66,experiments/frontier_sweep_mundane_hub_ablation_smoke/steer_alpha_0p66_c8_tok100_seed07_a_delivery_label_on_a_cardboard_box.json,1,3,0,-1.6262499999999993,0.0,0.42400000000000004,0.0,0.0,0.0,0.0,0.8,0.05999999999999997,0.9175416666666667,0.0,0.3333333333333333,6.25,antique,0.3333333333333333,6.25,antique,0.0,0.0,,0.375,antique,0.0,1.0,delivery; label; cardboard; box,,0.1,0.0,0.0,0,0,"A small, antique wooden door creaks open, revealing a narrow, dimly lit stair that spirals down into darkness."
steer_alpha_0p66_c8_tok100_seed07_a_delivery_label_on_a_cardboard_box.json,steer_alpha_0p66,experiments/frontier_sweep_mundane_hub_ablation_smoke/steer_alpha_0p66_c8_tok100_seed07_a_delivery_label_on_a_cardboard_box.json,1,4,0,-2.5553246256667306,0.0,0.37750506072874496,0.0,0.0,0.0,0.0,0.7550101214574899,0.0,1.0,0.0,0.0,0.0,,0.0,0.0,,0.0,0.0,,0.0,,0.5,0.5,delivery; label; cardboard; box,delivery; label,0.3,0.0,0.0,0,0,"The delivery label, worn and faded, still clings to the side of an old, wooden chest, its intricate carvings now a gentle, moss."
steer_alpha_0p66_c8_tok100_seed07_a_delivery_label_on_a_cardboard_box.json,steer_alpha_0p66,experiments/frontier_sweep_mundane_hub_ablation_smoke/steer_alpha_0p66_c8_tok100_seed07_a_delivery_label_on_a_cardboard_box.json,1,5,0,-0.045915850105074485,0.0,0.37680996762257163,0.0,0.0,0.0,0.0,0.6280166127042861,0.19999999999999998,0.9100000000000001,0.0,0.3333333333333333,2.1739130434782608,antique,0.3333333333333333,2.1739130434782608,antique,0.0,0.0,,0.375,antique,0.5,0.5,delivery; label; cardboard; box,cardboard; box,0.45,0.0,0.0,0,0,"A small, antique music stands upright on a dusty, old wooden table, its surface scratched and worn, beside a dusty, old, metal, copper-plated, metal-encased, antique globe, beside the cardboard box, a faded, forgotten, lace, a single, withered, white orchid, beside the globe, a small, copper kettle whistles, its lid slightly ajar."
steer_alpha_0p66_c8_tok100_seed07_a_delivery_label_on_a_cardboard_box.json,steer_alpha_0p66,experiments/frontier_sweep_mundane_hub_ablation_smoke/steer_alpha_0p66_c8_tok100_seed07_a_delivery_label_on_a_cardboard_box.json,1,6,0,-0.4584387260553974,0.0017396678769432332,0.1492850008818564,0.013333333333333334,0.0,0.0,0.06666666666666667,0.4146805580051567,0.19999999999999998,0.9100000000000001,0.0,0.0,0.0,,0.0,0.0,,0.0,0.0,,0.0,,0.5,0.5,delivery; label; cardboard; box,delivery; label,0.3,0.4,0.0,0,0,"The delivery label, worn and faded, still clings to the edge of a small, weathered wooden crate, as a sprig of dew-kissed ferns, its leaves a vibrant emerald, pushes its way through a narrow crack in the crate's slats, while a small, hand-carved wooden bird, i"
steer_alpha_0p66_c8_tok100_seed07_a_delivery_label_on_a_cardboard_box.json,steer_alpha_0p66,experiments/frontier_sweep_mundane_hub_ablation_smoke/steer_alpha_0p66_c8_tok100_seed07_a_delivery_label_on_a_cardboard_box.json,1,7,0,-1.8648342561830933,0.0,0.12749302325581396,0.0,0.0,0.0,0.0,0.4249767441860466,0.0,1.0,0.0,0.6666666666666666,5.714285714285714,delicate; miniature,0.3333333333333333,2.857142857142857,miniature,0.3333333333333333,2.857142857142857,delicate,0.4,miniature,0.5,0.5,delivery; label; cardboard; box,delivery; label,0.4,0.4,0.0,0,0,"The delivery label, now a weathered, worn, and faded badge, clings to the edge of a metal watering can, its metal handle now a miniature, delicate filigework, where water droplets cling and tremble, suspended, as a small, forgotten garden, once tended by a lon"
steer_alpha_0p66_c8_tok100_seed07_a_delivery_label_on_a_cardboard_box.json,steer_alpha_0p66,experiments/frontier_sweep_mundane_hub_ablation_smoke/steer_alpha_0p66_c8_tok100_seed07_a_delivery_label_on_a_cardboard_box.json,1,8,0,-1.789507843126195,0.0011668703420968022,0.14569690730953413,0.008888888888888889,0.0,0.0,0.04444444444444444,0.40471363141537264,0.19999999999999998,0.9100000000000001,0.0,0.3333333333333333,2.6315789473684212,antique,0.3333333333333333,2.6315789473684212,antique,0.0,0.0,,0.375,antique,0.25,0.75,delivery; label; cardboard; box,box,0.45,0.4,0.0,0,0,"A small, antique music maker, intricately carved from a fallen oak branch, stands beside the box, its lid slightly ajar, beside a small, dusty, antique globe, its surface cracked and worn, a faded, hand-painted map of Europe, creased and torn, a faded, old, ve"
steer_alpha_0p66_c8_tok100_seed07_a_delivery_label_on_a_cardboard_box.json,steer_alpha_0p66,experiments/frontier_sweep_mundane_hub_ablation_smoke/steer_alpha_0p66_c8_tok100_seed07_a_delivery_label_on_a_cardboard_box.json,2,1,1,0.011196604117177655,0.09570884608907962,0.21221473633942267,0.55,1.0,0.0,0.0,0.6673419381742851,0.05999999999999997,0.9730000000000001,0.0,0.3333333333333333,3.225806451612903,delicate,0.0,0.0,,0.3333333333333333,3.225806451612903,delicate,0.0,,0.75,0.25,delivery; label; cardboard; box; the; now; makeshift; bird; perches; wooden; bench; its,now; makeshift; its,0.0,0.4,0.0,1,0,"A small, tarnished metal pipe, once a chimney, now serves as a makeshift trellis, supporting a tendril of ivy, while a faded, 19th-century photograph, once a garden, now a delicate, lace-like filigework of frost, slowly, imperceptibly, begins to unfurl, its ed"
steer_alpha_0p66_c8_tok100_seed07_a_delivery_label_on_a_cardboard_box.json,steer_alpha_0p66,experiments/frontier_sweep_mundane_hub_ablation_smoke/steer_alpha_0p66_c8_tok100_seed07_a_delivery_label_on_a_cardboard_box.json,2,2,0,1.134844317892083,0.10250240835606247,0.22727806730834252,0.55,1.0,0.0,0.0,0.631327964745396,0.19999999999999998,0.9100000000000001,0.0,1.0,10.81081081081081,delicate; gossamer; iridescent; velvet,0.3333333333333333,2.7027027027027026,velvet,1.0,8.108108108108109,delicate; gossamer; iridescent,0.375,velvet,1.0,0.0,delivery; label; cardboard; box; the; now; makeshift; bird; perches; wooden; bench; its,delivery; label; the; now; bench; its,0.0,0.4,0.0,1,0,"A small, withered, copper kettie, its lid askew, spills a few, dew-kissed, iridescent droplets onto a velvet, which, in turn, releases a delicate, lace-like, silver spider, its threads, like gossamer, spreading across the bench, as the delivery label, now a de"
steer_alpha_0p66_c8_tok100_seed07_a_delivery_label_on_a_cardboard_box.json,steer_alpha_0p66,experiments/frontier_sweep_mundane_hub_ablation_smoke/steer_alpha_0p66_c8_tok100_seed07_a_delivery_label_on_a_cardboard_box.json,2,3,0,0.34661628154180774,0.0896228531559633,0.19872029524603838,0.55,1.0,0.0,0.0,0.6249065888240201,0.05999999999999997,0.9730000000000001,0.0,1.0,7.5,delicate; fog; porcelain,0.3333333333333333,2.5,porcelain,0.6666666666666666,5.0,delicate; fog,0.5,porcelain,1.0,0.0,delivery; label; cardboard; box; the; now; makeshift; bird; perches; wooden; bench; its,delivery; label; the; now; bird; wooden; bench; its,0.0,0.4,0.0,1,0,"A small, delicate, hand-painted porcelain figurine, its once-sleek, rose-red dress now stained and cracked, sits on the bench, beside a withered, wooden pipe, its lid slightly ajar, releasing a faint, morning fog, as the delivery label, now a bird, softly warm"
steer_alpha_0p66_c8_tok100_seed07_a_delivery_label_on_a_cardboard_box.json,steer_alpha_0p66,experiments/frontier_sweep_mundane_hub_ablation_smoke/steer_alpha_0p66_c8_tok100_seed07_a_delivery_label_on_a_cardboard_box.json,2,4,0,0.8503172576695488,0.06762589556681851,0.14720153636802602,0.5602564102564103,1.0,0.0,0.05128205128205128,0.4088931565778501,0.19999999999999998,0.9100000000000001,0.0,1.0,7.894736842105263,delicate; miniature; velvet,0.6666666666666666,5.2631578947368425,miniature; velvet,0.3333333333333333,2.6315789473684212,delicate,0.775,miniature; velvet,0.75,0.25,delivery; label; cardboard; box; the; now; makeshift; bird; perches; wooden; bench; its,the; now; wooden,0.0,0.4,0.0,1,0,"A delicate, brass doorknob, now a tiny, miniature door, creaks open, releasing a faint scent of old books and dusty air, as a small, hand-carved wooden door, half-hidden in the moss-like growth, slowly swings open, revealing a tiny, velvet-lined interior, wher"
steer_alpha_0p66_c8_tok100_seed07_a_delivery_label_on_a_cardboard_box.json,steer_alpha_0p66,experiments/frontier_sweep_mundane_hub_ablation_smoke/steer_alpha_0p66_c8_tok100_seed07_a_delivery_label_on_a_cardboard_box.json,2,5,0,1.113437398986967,0.0,0.44371482649842275,0.0,0.0,0.0,0.0,0.7395247108307046,0.19999999999999998,0.9100000000000001,0.0,1.0,6.0,delicate; mist; porcelain,0.3333333333333333,2.0,porcelain,0.6666666666666666,4.0,delicate; mist,0.5,porcelain,0.75,0.25,delivery; label; cardboard; box; the; now; makeshift; bird; perches; wooden; bench; its,the; wooden; its,0.0,0.0,0.0,0,0,"A delicate, copper kettle, its surface etched with strange, frosty runes, slowly steams a misty, morning mist, as a small, worn, wooden door, tucked into the rough bark of an ancient, twisted tree, creaks open, revealing a narrow, brick-lined tunnel, where a tiny, glassy, porcelain-free, ceramic teapot, shaped like a snail, begins to stir a fragrant, silver-sugar mixture."
steer_alpha_0p66_c8_tok100_seed07_a_delivery_label_on_a_cardboard_box.json,steer_alpha_0p66,experiments/frontier_sweep_mundane_hub_ablation_smoke/steer_alpha_0p66_c8_tok100_seed07_a_delivery_label_on_a_cardboard_box.json,2,6,0,0.22146746880570417,0.0,0.21433922727272728,0.0,0.0,0.0,0.0,0.6740227272727273,0.05999999999999997,0.9730000000000001,0.0,0.3333333333333333,3.225806451612903,delicate,0.0,0.0,,0.3333333333333333,3.225806451612903,delicate,0.0,,0.0,1.0,delivery; label; cardboard; box; the; now; makeshift; bird; perches; wooden; bench; its,,0.0,0.4,0.0,0,0,"A delicate, brass doorknob, polished to a soft, luminous sheen, slowly creaks open, revealing a narrow, stone stairway, which spirals downward, disappearing into darkness, as a faint, golden light, like a sunbeam, filters down, illuminating a small, dusty, old"
steer_alpha_0p66_c8_tok100_seed07_a_delivery_label_on_a_cardboard_box.json,steer_alpha_0p66,experiments/frontier_sweep_mundane_hub_ablation_smoke/steer_alpha_0p66_c8_tok100_seed07_a_delivery_label_on_a_cardboard_box.json,2,7,0,-0.9787238689609845,0.0,0.16272059633027522,0.0,0.0,0.0,0.0,0.45200165647298673,0.19999999999999998,0.9100000000000001,0.0,0.0,0.0,,0.0,0.0,,0.0,0.0,,0.0,,1.0,0.0,delivery; label; cardboard; box; the; now; makeshift; bird; perches; wooden; bench; its,the; now; bench; its,0.0,0.4,0.0,0,0,"A faded, old-fashioned postal scale, once a faithful companion to the bench, now lies broken and still, its rusted, mechanical wings twisted and tangled with a sprig of wild, emerald-green ferns, which seem to be slowly, silently, unfolding a small, yellowed"
steer_alpha_0p66_c8_tok100_seed07_a_delivery_label_on_a_cardboard_box.json,steer_alpha_0p66,experiments/frontier_sweep_mundane_hub_ablation_smoke/steer_alpha_0p66_c8_tok100_seed07_a_delivery_label_on_a_cardboard_box.json,2,8,0,-0.0798162860704687,0.0,0.1307421286969911,0.0,0.0,0.0,0.0,0.41113876948739336,0.05999999999999997,0.9730000000000001,0.0,0.3333333333333333,2.5641025641025643,delicate,0.0,0.0,,0.3333333333333333,2.5641025641025643,delicate,0.0,,1.0,0.0,delivery; label; cardboard; box; the; now; makeshift; bird; perches; wooden; bench; its,the; now; bird; wooden; bench; its,0.0,0.4,0.0,0,0,"A delicate, silver tea set sits on the bench beside the bird-bottle, its delicate china cups and saucers glistening with dew, as a small, old, wooden trellis, worn and weathered, rises from the bench, its latticework now a fragrant, vines-and-ivies, supporting"
steer_alpha_0p66_c8_tok100_seed07_a_delivery_label_on_a_cardboard_box.json,steer_alpha_0p66,experiments/frontier_sweep_mundane_hub_ablation_smoke/steer_alpha_0p66_c8_tok100_seed07_a_delivery_label_on_a_cardboard_box.json,3,1,1,-0.9834366873098719,0.09186056257050765,0.18353758755346183,0.55,1.0,0.0,0.0,0.6117919585115394,0.0,1.0,0.0,1.0,8.571428571428571,antique; delicate; ornate,0.6666666666666666,5.714285714285714,antique; ornate,0.3333333333333333,2.857142857142857,delicate,0.7,antique; ornate,0.5,0.5,delivery; label; cardboard; box; the; now; makeshift; bird; perches; wooden; bench; its,now; its,0.5,0.4,0.0,1,0,"A delicate, Victorian-style, ornate ironwork, once a gate, now serves as a framework, cradling a small, antique, ceramic teapot, its once-vibrant, floral pattern now faded, as a nearby, woven basket, once a wicker, now a verdant, living, moss-like entity, emit"
steer_alpha_0p66_c8_tok100_seed07_a_delivery_label_on_a_cardboard_box.json,steer_alpha_0p66,experiments/frontier_sweep_mundane_hub_ablation_smoke/steer_alpha_0p66_c8_tok100_seed07_a_delivery_label_on_a_cardboard_box.json,3,2,0,0.1404745175476017,0.08666522439871065,0.18408076550278388,0.55,1.0,0.0,0.0,0.6136025516759462,0.0,1.0,0.0,0.0,0.0,,0.0,0.0,,0.0,0.0,,0.0,,1.0,0.0,delivery; label; cardboard; box; the; now; makeshift; bird; perches; wooden; bench; its,delivery; label; the; now; bird; its,0.2,0.4,0.0,3,0,"The delivery label, now a bird, caws softly, its eyes, once a faint, shimmering silver, now a dull, moss-green, as the watercolor painting, now a living, breathing creature, stretches, its colors deepening into a rich, midnight blue, while the small, tarnished"
steer_alpha_0p66_c8_tok100_seed07_a_delivery_label_on_a_cardboard_box.json,steer_alpha_0p66,experiments/frontier_sweep_mundane_hub_ablation_smoke/steer_alpha_0p66_c8_tok100_seed07_a_delivery_label_on_a_cardboard_box.json,3,3,0,-1.0022743150526168,0.08169690472972972,0.1811461302211302,0.55,1.0,0.0,0.0,0.6038204340704341,0.0,1.0,0.0,1.0,11.11111111111111,delicate; gossamer; miniature; porcelain,0.6666666666666666,5.555555555555555,miniature; porcelain,0.6666666666666666,5.555555555555555,delicate; gossamer,0.9,miniature; porcelain,0.75,0.25,delivery; label; cardboard; box; the; now; makeshift; bird; perches; wooden; bench; its,the; now; its,0.0,0.4,0.0,2,0,"As the ivy, now a delicate, gossamer curtain, filters the dappled sunlight, the miniature painting, now a tiny, delicate, ceramic tea set, materializes, its fine, porcelain-like surface a soft, moss-like growth, and a small, metallic, gramophone, once a harmon"
steer_alpha_0p66_c8_tok100_seed07_a_delivery_label_on_a_cardboard_box.json,steer_alpha_0p66,experiments/frontier_sweep_mundane_hub_ablation_smoke/steer_alpha_0p66_c8_tok100_seed07_a_delivery_label_on_a_cardboard_box.json,3,4,0,0.8013072675478528,0.0767707521589289,0.1613678447901816,0.55,1.0,0.0,0.0,0.44824401330606,0.19999999999999998,0.9100000000000001,0.0,1.0,11.428571428571429,delicate; miniature; ornate; porcelain,1.0,8.571428571428571,miniature; ornate; porcelain,0.3333333333333333,2.857142857142857,delicate,1.0,miniature; ornate; porcelain,1.0,0.0,delivery; label; cardboard; box; the; now; makeshift; bird; perches; wooden; bench; its,the; now; wooden; bench; its,0.25,0.4,0.0,1,0,"The ivy, now a delicate, lace-like filigework of frost, slowly unfurls, its frosty tendrils spreading across the wooden bench, as a small, brass door, once a door to a tiny, forgotten room, creaks open, revealing a miniature, Victorian-era, ornate, porcelain-f"
steer_alpha_0p66_c8_tok100_seed07_a_delivery_label_on_a_cardboard_box.json,steer_alpha_0p66,experiments/frontier_sweep_mundane_hub_ablation_smoke/steer_alpha_0p66_c8_tok100_seed07_a_delivery_label_on_a_cardboard_box.json,3,5,0,-0.32911803694995306,0.06939243789614212,0.1458590391931521,0.55,1.0,0.0,0.0,0.4586762238778368,0.05999999999999997,0.9730000000000001,0.0,1.0,9.67741935483871,antique; delicate; miniature,0.6666666666666666,6.451612903225806,antique; miniature,0.3333333333333333,3.225806451612903,delicate,0.775,antique; miniature,1.0,0.0,delivery; label; cardboard; box; the; now; makeshift; bird; perches; wooden; bench; its,delivery; label; the; now; makeshift; bird; its,0.25,0.4,0.0,1,0,"The delivery label, now a makeshift bird, slowly spreads its wings, and a small, antique telescope, once a gardening tool, now serves as a delicate, latticework of frost, supporting a tiny, watercolor painting of a miniature, overgrown, Victorian-era greenhous"
steer_alpha_0p66_c8_tok100_seed07_a_delivery_label_on_a_cardboard_box.json,steer_alpha_0p66,experiments/frontier_sweep_mundane_hub_ablation_smoke/steer_alpha_0p66_c8_tok100_seed07_a_delivery_label_on_a_cardboard_box.json,3,6,0,-0.9739714210699495,0.06159626208728654,0.1365770777988615,0.55,1.0,0.0,0.0,0.42948766603415567,0.05999999999999997,0.9730000000000001,0.0,1.0,8.823529411764707,delicate; ethereal; miniature,0.3333333333333333,2.9411764705882355,miniature,0.6666666666666666,5.882352941176471,delicate; ethereal,0.4,miniature,1.0,0.0,delivery; label; cardboard; box; the; now; makeshift; bird; perches; wooden; bench; its,delivery; label; the; now; bird; wooden; bench; its,0.0,0.4,0.0,1,0,"A faint, ethereal glow emanates from the photograph, casting an otherworldly light on the wooden bench, where the delivery label, now a tiny, delicate bird, begins to sing a soft, melodic tune, its creases and wrinkles transforming into a miniature, intricate"
steer_alpha_0p66_c8_tok100_seed07_a_delivery_label_on_a_cardboard_box.json,steer_alpha_0p66,experiments/frontier_sweep_mundane_hub_ablation_smoke/steer_alpha_0p66_c8_tok100_seed07_a_delivery_label_on_a_cardboard_box.json,3,7,0,-1.4713611534295552,0.05985647594216823,0.12581497833351177,0.55,1.0,0.0,0.0,0.4193832611117059,0.0,1.0,0.0,0.6666666666666666,6.0606060606060606,antique; delicate,0.3333333333333333,3.0303030303030303,antique,0.3333333333333333,3.0303030303030303,delicate,0.375,antique,0.75,0.25,delivery; label; cardboard; box; the; now; makeshift; bird; perches; wooden; bench; its,the; now; its,0.25,0.4,0.0,2,0,"As the ivy, now a verdant, emerald-green, begins to ensnare the metal pipe, its tendrils wrapping around the trellis, a small, antique, ceramic teapot, once a decorative, now a delicate, filigework of frost, slowly, imperceptibly, begins to unfurl, its delicat"
steer_alpha_0p66_c8_tok100_seed07_a_delivery_label_on_a_cardboard_box.json,steer_alpha_0p66,experiments/frontier_sweep_mundane_hub_ablation_smoke/steer_alpha_0p66_c8_tok100_seed07_a_delivery_label_on_a_cardboard_box.json,3,8,0,-0.6690903662558414,0.0674139939467447,0.14947670498169557,0.55,1.0,0.0,0.0,0.4982556832723186,0.0,1.0,0.0,0.6666666666666666,6.451612903225806,delicate; miniature,0.3333333333333333,3.225806451612903,miniature,0.3333333333333333,3.225806451612903,delicate,0.4,miniature,0.5,0.5,delivery; label; cardboard; box; the; now; makeshift; bird; perches; wooden; bench; its,now; its,0.0,0.4,0.0,2,0,"A delicate, filigework of frost, now a tiny, intricate, mechanical device, slowly, imperceptibly, begins to unfurl, its gears and cogs, once a 19th-century, miniature, now a delicate, lace-like filigework of frost, slowly, imperceptibly, begins to unfurl, its"
steer_alpha_0p77_c8_tok100_seed07_a_delivery_label_on_a_cardboard_box.json,steer_alpha_0p77,experiments/frontier_sweep_mundane_hub_ablation_smoke/steer_alpha_0p77_c8_tok100_seed07_a_delivery_label_on_a_cardboard_box.json,1,1,1,-0.7805977235503202,0.0,0.531999380643288,0.0,0.0,0.0,0.0,0.9736962833914053,0.09274193548387091,0.8071899796069708,0.0,0.0,0.0,,0.0,0.0,,0.0,0.0,,0.0,,0.0,1.0,delivery; label; cardboard; box,,0.3,0.0,0.0,0,0,"A weathered wooden crate, half-buried in the sand, beside a small, dusty, forgotten postal office."
steer_alpha_0p77_c8_tok100_seed07_a_delivery_label_on_a_cardboard_box.json,steer_alpha_0p77,experiments/frontier_sweep_mundane_hub_ablation_smoke/steer_alpha_0p77_c8_tok100_seed07_a_delivery_label_on_a_cardboard_box.json,1,2,0,-1.9367068068747169,0.008604371827951155,0.3850405054274085,0.02666666666666667,0.0,0.0,0.13333333333333333,0.7264915196743555,0.05999999999999997,0.9730000000000001,0.0,0.6666666666666666,10.0,antique; porcelain,0.6666666666666666,10.0,antique; porcelain,0.0,0.0,,0.875,antique; porcelain,0.25,0.75,delivery; label; cardboard; box,box,0.1,0.0,0.0,0,0,"A small, antique wooden door materializes beside the box, its intricate carvings depicting a pair of hands cradling a small, porcelain-free, ceramic teapot."
steer_alpha_0p77_c8_tok100_seed07_a_delivery_label_on_a_cardboard_box.json,steer_alpha_0p77,experiments/frontier_sweep_mundane_hub_ablation_smoke/steer_alpha_0p77_c8_tok100_seed07_a_delivery_label_on_a_cardboard_box.json,1,3,0,-1.0613750862663907,0.0,0.5102709420289856,0.0,0.0,0.0,0.0,0.9627753623188406,0.05999999999999997,0.9730000000000001,0.0,0.3333333333333333,7.142857142857143,ornate,0.3333333333333333,7.142857142857143,ornate,0.0,0.0,,0.325,ornate,0.5,0.5,delivery; label; cardboard; box,delivery; label,0.1,0.0,0.0,0,0,"A delivery label on a worn, wooden crate, slightly ajar, beside a small, steam-powered, ornate, iron kettle."
steer_alpha_0p77_c8_tok100_seed07_a_delivery_label_on_a_cardboard_box.json,steer_alpha_0p77,experiments/frontier_sweep_mundane_hub_ablation_smoke/steer_alpha_0p77_c8_tok100_seed07_a_delivery_label_on_a_cardboard_box.json,1,4,0,0.17517488847390794,0.0,0.38018672839506173,0.0,0.0,0.0,0.0,0.7603734567901235,0.0,1.0,0.0,0.3333333333333333,4.166666666666667,antique,0.3333333333333333,4.166666666666667,antique,0.0,0.0,,0.375,antique,0.25,0.75,delivery; label; cardboard; box,delivery,0.45,0.0,0.0,0,0,"A small, antique mailman, its eyes gleamed with a faint, otherworldly sheen as it hands a delivery to a forgotten, stone, and a rusty, old bicycle, half-hidden behind a weathered, wooden fence."
steer_alpha_0p77_c8_tok100_seed07_a_delivery_label_on_a_cardboard_box.json,steer_alpha_0p77,experiments/frontier_sweep_mundane_hub_ablation_smoke/steer_alpha_0p77_c8_tok100_seed07_a_delivery_label_on_a_cardboard_box.json,1,5,0,-0.13798768941168427,0.0,0.5260727069527302,0.0,0.0,0.0,0.0,0.8767878449212171,0.19999999999999998,0.9100000000000001,0.0,0.0,0.0,,0.0,0.0,,0.0,0.0,,0.0,,0.5,0.5,delivery; label; cardboard; box,delivery; label,0.45,0.0,0.0,0,0,"A small, weathered wooden crate, half-buried in the sand, beside a half-open, dusty, old trunk, its lid slightly ajar, beside a stack of delivery crates, one of which bears a faded, peeling label with a faded, water-stained name - 'M. LaFleur'."
steer_alpha_0p77_c8_tok100_seed07_a_delivery_label_on_a_cardboard_box.json,steer_alpha_0p77,experiments/frontier_sweep_mundane_hub_ablation_smoke/steer_alpha_0p77_c8_tok100_seed07_a_delivery_label_on_a_cardboard_box.json,1,6,0,-2.714676514529806,0.0,0.19546245426425102,0.0,0.0,0.0,0.0,0.6146618058624246,0.05999999999999997,0.9730000000000001,0.0,0.3333333333333333,2.857142857142857,antique,0.3333333333333333,2.857142857142857,antique,0.0,0.0,,0.375,antique,0.0,1.0,delivery; label; cardboard; box,,0.4,0.4,0.0,0,0,"A small, antique wooden crate, worn and weathered, sits atop a cluttered, old-fashioned postal office, its lid slightly ajar, revealing a tiny, metal postal scale, where a small, bespectaced postal worker, made of copper and brass, delicately weighs a parcel"
steer_alpha_0p77_c8_tok100_seed07_a_delivery_label_on_a_cardboard_box.json,steer_alpha_0p77,experiments/frontier_sweep_mundane_hub_ablation_smoke/steer_alpha_0p77_c8_tok100_seed07_a_delivery_label_on_a_cardboard_box.json,1,7,0,0.237887765179414,0.0,0.4001534908221565,0.0,0.0,0.0,0.0,0.6669224847035942,0.19999999999999998,0.9100000000000001,0.0,0.6666666666666666,5.405405405405405,antique; miniature,0.6666666666666666,5.405405405405405,antique; miniature,0.0,0.0,,0.775,antique; miniature,0.5,0.5,delivery; label; cardboard; box,delivery; box,0.4,0.0,0.0,0,0,"A small, antique wooden crate, partially hidden behind a tattered, old globe, its lid slightly ajar, revealing a tiny, intricately carved wooden delivery boy, holding a miniature, gold-plated postal scale, beside a small, faded, wooden dispatch box, its lid slightly ajar."
steer_alpha_0p77_c8_tok100_seed07_a_delivery_label_on_a_cardboard_box.json,steer_alpha_0p77,experiments/frontier_sweep_mundane_hub_ablation_smoke/steer_alpha_0p77_c8_tok100_seed07_a_delivery_label_on_a_cardboard_box.json,1,8,0,0.7217081623347013,0.0,0.16528186046511628,0.0,0.0,0.0,0.0,0.4591162790697675,0.19999999999999998,0.9100000000000001,0.0,0.6666666666666666,6.0606060606060606,antique; delicate,0.3333333333333333,3.0303030303030303,antique,0.3333333333333333,3.0303030303030303,delicate,0.375,antique,0.25,0.75,delivery; label; cardboard; box,delivery,0.4,0.4,0.0,0,0,"A small, unassuming, antique mailbox sits on a worn, wooden bench in a forgotten garden, its iron lid slightly ajar, as a delicate, filigeworked delivery man, crafted from twisted copper pipes and twigs, steps out to deliver a package wrapped in a faded, strip"
steer_alpha_0p77_c8_tok100_seed07_a_delivery_label_on_a_cardboard_box.json,steer_alpha_0p77,experiments/frontier_sweep_mundane_hub_ablation_smoke/steer_alpha_0p77_c8_tok100_seed07_a_delivery_label_on_a_cardboard_box.json,2,1,1,-0.7890066270295095,0.08320298096950163,0.18448554538692155,0.55,1.0,0.0,0.0,0.6149518179564052,0.0,1.0,0.0,0.3333333333333333,2.7027027027027026,ornate,0.3333333333333333,2.7027027027027026,ornate,0.0,0.0,,0.325,ornate,1.0,0.0,delivery; label; cardboard; box; weathered; wooden; crate; half-buried; the; sand; postal; office,crate; half-buried; the; postal,0.0,0.4,0.0,1,0,"A rusty, old, metal postal scale, half-buried alongside the crate, its worn, corroed surface bearing the faded, peeling remains of a once-ornate, golden plaque, nearby, a tattered, and faded, old postal uniform, its buttons and buttons, now a small, parched, a"
steer_alpha_0p77_c8_tok100_seed07_a_delivery_label_on_a_cardboard_box.json,steer_alpha_0p77,experiments/frontier_sweep_mundane_hub_ablation_smoke/steer_alpha_0p77_c8_tok100_seed07_a_delivery_label_on_a_cardboard_box.json,2,2,0,-0.8622495556535814,0.0,0.3696815286624204,0.0,0.0,0.0,0.0,0.7393630573248408,0.0,1.0,0.0,0.0,0.0,,0.0,0.0,,0.0,0.0,,0.0,,0.25,0.75,delivery; label; cardboard; box; weathered; wooden; crate; half-buried; the; sand; postal; office,weathered,0.2,0.0,0.0,0,0,"A faded, metal mailbox stands beside a weathered, stone wall, where a small, overgrown garden once bloomed with vibrant, wilted flowers, now withered and dry, their petals crumbling away."
steer_alpha_0p77_c8_tok100_seed07_a_delivery_label_on_a_cardboard_box.json,steer_alpha_0p77,experiments/frontier_sweep_mundane_hub_ablation_smoke/steer_alpha_0p77_c8_tok100_seed07_a_delivery_label_on_a_cardboard_box.json,2,3,0,0.09181302092440391,0.0,0.3923647490820073,0.0,0.0,0.0,0.0,0.6539412484700122,0.19999999999999998,0.9100000000000001,0.0,0.0,0.0,,0.0,0.0,,0.0,0.0,,0.0,,1.0,0.0,delivery; label; cardboard; box; weathered; wooden; crate; half-buried; the; sand; postal; office,delivery; label; half-buried; the; sand; postal,0.14285714285714285,0.0,0.0,0,0,"A small, metal postal scale, half-buried in the sand, beside the delivery label, its rusty hinges creaking in the gentle morning breeze, as a forgotten, water-stained postal clerk, wrapped in a tattered, sand-encrusted, and worn, faded postal uniform, slowly, with arthritic hands, sorts through the sand, uncovering a handful of old, tarned postal keys, each one inscribed with a single, worn, faded name."
steer_alpha_0p77_c8_tok100_seed07_a_delivery_label_on_a_cardboard_box.json,steer_alpha_0p77,experiments/frontier_sweep_mundane_hub_ablation_smoke/steer_alpha_0p77_c8_tok100_seed07_a_delivery_label_on_a_cardboard_box.json,2,4,0,-0.13248294115717685,0.0,0.3690201873326608,0.0,0.0,0.0,0.0,0.6150336455544346,0.19999999999999998,0.9100000000000001,0.0,0.3333333333333333,2.272727272727273,antique,0.3333333333333333,2.272727272727273,antique,0.0,0.0,,0.375,antique,1.0,0.0,delivery; label; cardboard; box; weathered; wooden; crate; half-buried; the; sand; postal; office,delivery; wooden; half-buried; the; sand; postal; office,0.14285714285714285,0.0,0.0,0,0,"A faded, cracked, and water-stained delivery man, half-buried in the sand, beside the forgotten postal office, its postal clerk, a withered, antique, wooden mail-sorting machine, creaks and groans in the wind, as a small, forgotten, metal, antique, copper kettle, half-burried in the sand, emits a faint, wispy, steam."
steer_alpha_0p77_c8_tok100_seed07_a_delivery_label_on_a_cardboard_box.json,steer_alpha_0p77,experiments/frontier_sweep_mundane_hub_ablation_smoke/steer_alpha_0p77_c8_tok100_seed07_a_delivery_label_on_a_cardboard_box.json,2,5,0,-0.7271516922818517,0.0,0.2592081002771479,0.0,0.0,0.0,0.0,0.8640270009238263,0.19999999999999998,0.9100000000000001,0.5,0.0,0.0,,0.0,0.0,,0.0,0.0,,0.0,,1.0,0.0,delivery; label; cardboard; box; weathered; wooden; crate; half-buried; the; sand; postal; office,weathered; wooden; crate; half-buried; the; sand; postal; office,0.2857142857142857,0.0,0.0,0,0,"A weathered, metal postal scale, half-buried in the sand, beside the wooden crate, beside a faded, forgotten postal office, where a rusty, old, abandoned typewriter, its keys stuck, covered in seaweed and barnacles, slowly, very slowly, types out a message in the sand, as the tide creeps in."
steer_alpha_0p77_c8_tok100_seed07_a_delivery_label_on_a_cardboard_box.json,steer_alpha_0p77,experiments/frontier_sweep_mundane_hub_ablation_smoke/steer_alpha_0p77_c8_tok100_seed07_a_delivery_label_on_a_cardboard_box.json,2,6,0,-0.5812859499505845,0.0,0.35928399053155147,0.0,0.0,0.0,0.0,0.5988066508859191,0.19999999999999998,0.9100000000000001,0.0,0.0,0.0,,0.0,0.0,,0.0,0.0,,0.0,,1.0,0.0,delivery; label; cardboard; box; weathered; wooden; crate; half-buried; the; sand; postal; office,delivery; label; weathered; wooden; crate; half-buried; the; sand; postal; office,0.3333333333333333,0.0,0.0,0,0,"A faded, creased, and worn, old, metal mail slot, half-buried in the sand, beside the delivery label, beside the wooden crate, beside the forgotten postal office, as a small, weathered, metal postal scale, slowly sinks into the sand, as the sun sets over the desert."
steer_alpha_0p77_c8_tok100_seed07_a_delivery_label_on_a_cardboard_box.json,steer_alpha_0p77,experiments/frontier_sweep_mundane_hub_ablation_smoke/steer_alpha_0p77_c8_tok100_seed07_a_delivery_label_on_a_cardboard_box.json,2,7,0,0.6719481435445678,0.0,0.15925901257381592,0.0,0.0,0.0,0.0,0.44238614603837756,0.19999999999999998,0.9100000000000001,0.0,0.3333333333333333,3.0303030303030303,iridescent,0.0,0.0,,0.3333333333333333,3.0303030303030303,iridescent,0.0,,1.0,0.0,delivery; label; cardboard; box; weathered; wooden; crate; half-buried; the; sand; postal; office,the; sand; postal; office,0.0,0.4,0.0,0,0,"A faded, peeling sign creaks in the gentle, salt-scented breeze, above the postal office, where a postal clerk, dressed in tattered, worn overalls, sorts through a pile of letters and packages, amidst a sea of shimmering, iridescent sand, as a small, mechanica"
steer_alpha_0p77_c8_tok100_seed07_a_delivery_label_on_a_cardboard_box.json,steer_alpha_0p77,experiments/frontier_sweep_mundane_hub_ablation_smoke/steer_alpha_0p77_c8_tok100_seed07_a_delivery_label_on_a_cardboard_box.json,2,8,0,0.17436437269764982,0.0,0.02370547063422399,0.0,0.0,0.0,0.0,0.2981820205562765,0.05999999999999997,0.9730000000000001,0.0,0.6666666666666666,6.451612903225806,iridescent; porcelain,0.3333333333333333,3.225806451612903,porcelain,0.3333333333333333,3.225806451612903,iridescent,0.5,porcelain,0.5,0.5,delivery; label; cardboard; box; weathered; wooden; crate; half-buried; the; sand; postal; office,weathered; wooden,0.14285714285714285,0.85,0.0,0,0,"A faded, porcelain-finish, metal mail slot, partially hidden by a weathered, metal trellis, its meshwork, covered in a thick, gelatinous, iridescent algae, as a small, steam-spewing, ancient, copper teapot, on a small, cracked, and worn, wooden table, where a"
steer_alpha_0p77_c8_tok100_seed07_a_delivery_label_on_a_cardboard_box.json,steer_alpha_0p77,experiments/frontier_sweep_mundane_hub_ablation_smoke/steer_alpha_0p77_c8_tok100_seed07_a_delivery_label_on_a_cardboard_box.json,3,1,1,0.30978882837573646,0.0,0.2158226964923386,0.0,0.0,0.0,0.0,0.5995074902564961,0.19999999999999998,0.9100000000000001,0.0,0.0,0.0,,0.0,0.0,,0.0,0.0,,0.0,,1.0,0.0,delivery; label; cardboard; box; weathered; wooden; crate; half-buried; the; sand; postal; office,wooden; crate; the; sand,0.2222222222222222,0.4,0.0,0,0,"A small, water-damaged, and mildewed, old, wooden desk, partially exposed from the sand, beside the crate, its surface scratched, with a small, cracked, and faded, metal inkwell, its contents, a tangle of dry, withered, and brittle, old, quill pen, nearby, a s"
steer_alpha_0p77_c8_tok100_seed07_a_delivery_label_on_a_cardboard_box.json,steer_alpha_0p77,experiments/frontier_sweep_mundane_hub_ablation_smoke/steer_alpha_0p77_c8_tok100_seed07_a_delivery_label_on_a_cardboard_box.json,3,2,0,-0.971932724329263,0.0,0.1679621566778783,0.0,0.0,0.0,0.0,0.5598738555929277,0.0,1.0,0.0,0.3333333333333333,2.6315789473684212,delicate,0.0,0.0,,0.3333333333333333,2.6315789473684212,delicate,0.0,,1.0,0.0,delivery; label; cardboard; box; weathered; wooden; crate; half-buried; the; sand; postal; office,crate; half-buried; the; postal,0.5,0.4,0.0,0,0,"A small, bent, and rusty, old, metal postal scale, half-buried alongside the crate, its worn, corroed surface, now holding a small, withered, and wilted, abandoned, old, and faded, floral, ceramic, a small, cracked, and dry, empty, and dusty, delicate, porcela"
steer_alpha_0p77_c8_tok100_seed07_a_delivery_label_on_a_cardboard_box.json,steer_alpha_0p77,experiments/frontier_sweep_mundane_hub_ablation_smoke/steer_alpha_0p77_c8_tok100_seed07_a_delivery_label_on_a_cardboard_box.json,3,3,0,-0.3638142362440628,0.0,0.16554582000313653,0.0,0.0,0.0,0.0,0.5205843396325048,0.05999999999999997,0.9730000000000001,0.0,0.0,0.0,,0.0,0.0,,0.0,0.0,,0.0,,1.0,0.0,delivery; label; cardboard; box; weathered; wooden; crate; half-buried; the; sand; postal; office,crate; half-buried; the; sand; postal,0.4,0.4,0.0,0,0,"A small, dusty, and forgotten, old, metal postal locker, half-buried in the sand, beside the crate, its rusted, corroed, and tarnished, with a small, tarnished, old, metal mail slot, where a small, withered, and dry, old, red envelope, with a faded, and cracke"
steer_alpha_0p77_c8_tok100_seed07_a_delivery_label_on_a_cardboard_box.json,steer_alpha_0p77,experiments/frontier_sweep_mundane_hub_ablation_smoke/steer_alpha_0p77_c8_tok100_seed07_a_delivery_label_on_a_cardboard_box.json,3,4,0,-0.4776511421047562,0.0009874948117429777,0.1449041299840239,0.007407407407407408,0.0,0.0,0.037037037037037035,0.4025114721778442,0.19999999999999998,0.9100000000000001,0.0,0.0,0.0,,0.0,0.0,,0.0,0.0,,0.0,,1.0,0.0,delivery; label; cardboard; box; weathered; wooden; crate; half-buried; the; sand; postal; office,wooden; half-buried; the; sand; postal,0.5555555555555556,0.4,0.0,0,0,"A small, cracked, and worn, old, wooden postal clerk's desk, half-buried in the sand, beside a large, dusty, old, metal filing cabinet, its worn, corroed metal surface bearing the faded, peeling remains of a once-rotten, decaying, old, rubber, and a small, wit"
steer_alpha_0p77_c8_tok100_seed07_a_delivery_label_on_a_cardboard_box.json,steer_alpha_0p77,experiments/frontier_sweep_mundane_hub_ablation_smoke/steer_alpha_0p77_c8_tok100_seed07_a_delivery_label_on_a_cardboard_box.json,3,5,0,-1.6090651746932672,0.0,0.14121236423339228,0.0,0.0,0.0,0.0,0.4707078807779743,0.0,1.0,0.0,0.0,0.0,,0.0,0.0,,0.0,0.0,,0.0,,0.0,1.0,delivery; label; cardboard; box; weathered; wooden; crate; half-buried; the; sand; postal; office,,0.4,0.4,0.0,0,0,"A faded, and slightly ajar, old, metal door creaks slowly, its hinges, rusted, and covered in barnacles, a dusty, forgotten, and overgrown, garden, beyond, a withered, and wilted, old, and dry, and a small, dry, and cracked, and a forgotten, and a small, moss"
steer_alpha_0p77_c8_tok100_seed07_a_delivery_label_on_a_cardboard_box.json,steer_alpha_0p77,experiments/frontier_sweep_mundane_hub_ablation_smoke/steer_alpha_0p77_c8_tok100_seed07_a_delivery_label_on_a_cardboard_box.json,3,6,0,-0.6559072407506519,0.0,0.021378079046134937,0.0,0.0,0.0,0.0,0.26890665466836394,0.05999999999999997,0.9730000000000001,0.0,0.0,0.0,,0.0,0.0,,0.0,0.0,,0.0,,1.0,0.0,delivery; label; cardboard; box; weathered; wooden; crate; half-buried; the; sand; postal; office,crate; the; sand; postal,0.2222222222222222,0.85,0.0,0,0,"A small, damp, and mildew-covered, metal mailbox, partially buried in the sand, beside the crate, its lid slightly ajar, a small, withered, and wrinkled, old, forgotten postal scribe, slumbering, its head, still, its eyes, sunken, its hands, clasped, and its f"
steer_alpha_0p77_c8_tok100_seed07_a_delivery_label_on_a_cardboard_box.json,steer_alpha_0p77,experiments/frontier_sweep_mundane_hub_ablation_smoke/steer_alpha_0p77_c8_tok100_seed07_a_delivery_label_on_a_cardboard_box.json,3,7,0,-2.878079831932773,0.0020135156250000023,0.0041250000000000045,0.55,1.0,0.0,0.0,0.05500000000000005,0.0,1.0,0.0,0.0,0.0,,0.0,0.0,,0.0,0.0,,0.0,,0.25,0.75,delivery; label; cardboard; box; weathered; wooden; crate; half-buried; the; sand; postal; office,postal,0.375,0.85,0.0,1,0,"A faded, and tattered, and worn, old postal uniform hangs limply, its buttons and buttons, now a small, parched, and withered, a small, dry, and barren, old, and withered, and a small, twisted, and corroed, metal, and a small, and a small, and a small, and a s"
steer_alpha_0p77_c8_tok100_seed07_a_delivery_label_on_a_cardboard_box.json,steer_alpha_0p77,experiments/frontier_sweep_mundane_hub_ablation_smoke/steer_alpha_0p77_c8_tok100_seed07_a_delivery_label_on_a_cardboard_box.json,3,8,0,-2.6138529411764706,0.0,0.0041250000000000045,0.0,0.0,0.0,0.0,0.05500000000000005,0.0,1.0,0.0,0.6666666666666666,4.761904761904762,antique; ornate,0.6666666666666666,4.761904761904762,antique; ornate,0.0,0.0,,0.7,antique; ornate,0.5,0.5,delivery; label; cardboard; box; weathered; wooden; crate; half-buried; the; sand; postal; office,wooden; postal,0.4,0.85,0.0,0,0,"A small, dry, and withered, old, and faded, and partially exposed, a tiny, antique, and intricately carved, and ornate, wooden, postal boy, with a small, worn, and cracked, and peeling, and faded, and with one, and only one, and only, and only, and only, and o"
steer_alpha_0p82_c8_tok100_seed07_a_delivery_label_on_a_cardboard_box.json,steer_alpha_0p82,experiments/frontier_sweep_mundane_hub_ablation_smoke/steer_alpha_0p82_c8_tok100_seed07_a_delivery_label_on_a_cardboard_box.json,1,1,1,-2.2075565476190473,0.2172747309027778,0.45199652777777777,0.55,1.0,0.0,0.0,0.9039930555555555,0.0,1.0,0.0,0.0,0.0,,0.0,0.0,,0.0,0.0,,0.0,,0.5,0.5,delivery; label; cardboard; box,delivery; label,0.3,0.0,0.0,1,0,"The delivery label, now a forgotten, weathered and faded, still clings to a small, twisted, metal treant, its papered roots, with tiny, dried, and withered, forgotten fern."
steer_alpha_0p82_c8_tok100_seed07_a_delivery_label_on_a_cardboard_box.json,steer_alpha_0p82,experiments/frontier_sweep_mundane_hub_ablation_smoke/steer_alpha_0p82_c8_tok100_seed07_a_delivery_label_on_a_cardboard_box.json,1,2,0,-1.2597410911126925,0.18588490764573,0.3866962921691907,0.55,1.0,0.0,0.0,0.6444938202819845,0.19999999999999998,0.9100000000000001,0.0,1.0,5.882352941176471,antique; delicate; miniature,0.6666666666666666,3.9215686274509802,antique; miniature,0.3333333333333333,1.9607843137254901,delicate,0.775,antique; miniature,0.5,0.5,delivery; label; cardboard; box,delivery; label,0.3,0.0,0.0,1,0,"The delivery label, now a small, delicate flower, its paper petals unfurl to reveal a tiny, hand-painted miniature of a miniature, a small, intricate, wooden music stand, its legs and shoulders of a dusty, antique, old, wooden armchair, slowly, the armchair's cushions, once a vibrant, vibrant, floral pattern, now wilts, and a tiny, glass, a miniature, shimmering, a small, metal, a harmonica."
steer_alpha_0p82_c8_tok100_seed07_a_delivery_label_on_a_cardboard_box.json,steer_alpha_0p82,experiments/frontier_sweep_mundane_hub_ablation_smoke/steer_alpha_0p82_c8_tok100_seed07_a_delivery_label_on_a_cardboard_box.json,1,3,0,-1.8697493963254588,0.00582176111800525,0.39966323464566933,0.016666666666666666,0.0,0.0,0.08333333333333333,0.7540815748031496,0.05999999999999997,0.9730000000000001,0.0,0.0,0.0,,0.0,0.0,,0.0,0.0,,0.0,,0.0,1.0,delivery; label; cardboard; box,,0.3,0.0,0.0,0,0,"A small, forgotten, rusty pipe leans against a crumbling, moss-covered stone wall, where a tiny, overgrown, iron mailbox sits, its lid slightly ajar."
steer_alpha_0p82_c8_tok100_seed07_a_delivery_label_on_a_cardboard_box.json,steer_alpha_0p82,experiments/frontier_sweep_mundane_hub_ablation_smoke/steer_alpha_0p82_c8_tok100_seed07_a_delivery_label_on_a_cardboard_box.json,1,4,0,-0.5196506031269723,0.004757692838672894,0.43460859500589427,0.012788638893696597,0.0,0.0,0.06394319446848298,0.7243476583431572,0.19999999999999998,0.9100000000000001,0.0,1.0,8.571428571428571,antique; iridescent; melancholic,0.3333333333333333,2.857142857142857,antique,0.6666666666666666,5.714285714285714,iridescent; melancholic,0.375,antique,0.75,0.25,delivery; label; cardboard; box,delivery; label; box,0.2,0.0,0.0,0,0,"The delivery label, once removed, reveals a small, antique-style wooden door with intricate carvings of leaves and vines, which slowly creaks open, releasing a tiny, iridescent bird, which perches on the edge of the box, singing a soft, melancholic melody."
steer_alpha_0p82_c8_tok100_seed07_a_delivery_label_on_a_cardboard_box.json,steer_alpha_0p82,experiments/frontier_sweep_mundane_hub_ablation_smoke/steer_alpha_0p82_c8_tok100_seed07_a_delivery_label_on_a_cardboard_box.json,1,5,0,-1.5156530114621272,0.0,0.36009252045188933,0.0,0.0,0.0,0.0,0.7201850409037787,0.0,1.0,0.0,0.0,0.0,,0.0,0.0,,0.0,0.0,,0.0,,0.5,0.5,delivery; label; cardboard; box,delivery; label,0.2,0.0,0.0,0,0,"A small, rusty mailbox clings to a concrete wall, its metal lid slightly ajar, as if it has just been disturbed, and a small, faded delivery label with a new address, ""Miss Alice, c/o Mr."
steer_alpha_0p82_c8_tok100_seed07_a_delivery_label_on_a_cardboard_box.json,steer_alpha_0p82,experiments/frontier_sweep_mundane_hub_ablation_smoke/steer_alpha_0p82_c8_tok100_seed07_a_delivery_label_on_a_cardboard_box.json,1,6,0,-1.0522759514101252,0.0,0.22492392966360858,0.0,0.0,0.0,0.0,0.6247886935100239,0.19999999999999998,0.9100000000000001,0.0,1.0,8.333333333333334,antique; delicate; porcelain,0.6666666666666666,5.555555555555555,antique; porcelain,0.3333333333333333,2.7777777777777777,delicate,0.875,antique; porcelain,0.0,1.0,delivery; label; cardboard; box,,0.3,0.4,0.0,0,0,"A small, old, brass door material, half-hidden in the crevices of a stone, slowly creaks open, revealing a small, porcelain-free, ceramic teapot, its lid subtly ajar, where a tea set, with delicate, antique silver spoons and a teapot, slowly pours a steaming c"
steer_alpha_0p82_c8_tok100_seed07_a_delivery_label_on_a_cardboard_box.json,steer_alpha_0p82,experiments/frontier_sweep_mundane_hub_ablation_smoke/steer_alpha_0p82_c8_tok100_seed07_a_delivery_label_on_a_cardboard_box.json,1,7,0,-1.8097278300280317,0.002592356674742054,0.4100009169264625,0.007017543859649123,0.0,0.0,0.03508771929824561,0.6833348615441042,0.19999999999999998,0.9100000000000001,0.0,0.0,0.0,,0.0,0.0,,0.0,0.0,,0.0,,0.0,1.0,delivery; label; cardboard; box,,0.45,0.0,0.0,0,0,"A small, old, rusty, metal mailbox stands alone on a deserted, weathered dock that juts out over the sea, where it slowly drifts away from the shore, its contents partially exposed, a discarded, rusty, old, tin can, now empty, next to it, a seagull perches, its feathers ruffled, a small, forgotten, faded, hand-painted sign creaks in the wind."
steer_alpha_0p82_c8_tok100_seed07_a_delivery_label_on_a_cardboard_box.json,steer_alpha_0p82,experiments/frontier_sweep_mundane_hub_ablation_smoke/steer_alpha_0p82_c8_tok100_seed07_a_delivery_label_on_a_cardboard_box.json,1,8,0,-0.9507600951118409,0.0,0.1460326292532037,0.0,0.0,0.0,0.0,0.4056461923700103,0.19999999999999998,0.9100000000000001,0.0,1.0,8.571428571428571,antique; porcelain; velvet,1.0,8.571428571428571,antique; porcelain; velvet,0.0,0.0,,1.0,antique; porcelain; velvet,0.0,1.0,delivery; label; cardboard; box,,0.45,0.4,0.0,0,0,"A small, old, metal globe sits on a dusty, old, wooden desk, partially hidden behind a faded, velvet curtain, as a small, porcelain-free, ceramic teapot steams steam, next to a half-empty, silvered, silvered, antique, copper teapot slowly pours a liquid, like"
steer_alpha_0p82_c8_tok100_seed07_a_delivery_label_on_a_cardboard_box.json,steer_alpha_0p82,experiments/frontier_sweep_mundane_hub_ablation_smoke/steer_alpha_0p82_c8_tok100_seed07_a_delivery_label_on_a_cardboard_box.json,2,1,1,-3.497553153717627,0.07354594270833337,0.14002083333333337,0.55,1.0,0.0,0.0,0.46673611111111124,0.0,1.0,0.0,0.0,0.0,,0.0,0.0,,0.0,0.0,,0.0,,1.0,0.0,delivery; label; cardboard; box; the; now; weathered; and; clings; twisted; metal; treant,delivery; label; the; now; weathered; and; clings; twisted; metal; treant,0.75,0.4,0.0,1,0,"The delivery label, now a forgotten, weathered and faded, still clings to a small, twisted, metal treant, its papered roots, with tiny, dried, and with tiny, forgotten, and withered, forgotten, forgotten fern, where a small, forgotten, and dusty, and a small"
steer_alpha_0p82_c8_tok100_seed07_a_delivery_label_on_a_cardboard_box.json,steer_alpha_0p82,experiments/frontier_sweep_mundane_hub_ablation_smoke/steer_alpha_0p82_c8_tok100_seed07_a_delivery_label_on_a_cardboard_box.json,2,2,0,0.013611496244984977,0.0,0.21366845070422533,0.0,0.0,0.0,0.0,0.5935234741784038,0.19999999999999998,0.9100000000000001,0.0,0.0,0.0,,0.0,0.0,,0.0,0.0,,0.0,,1.0,0.0,delivery; label; cardboard; box; the; now; weathered; and; clings; twisted; metal; treant,cardboard; box; the; now; and; metal; treant,0.16666666666666666,0.4,0.0,0,0,"The treant, now freed from the cardboard box, stands upright, its branches, now tangled with a vinyl record, its leaves, a tangle of old, frayed, and worn, frayed garden hose, its trunk, a small, rusty, and rusty, old, forgotten, metal trash can, its roots, a"
steer_alpha_0p82_c8_tok100_seed07_a_delivery_label_on_a_cardboard_box.json,steer_alpha_0p82,experiments/frontier_sweep_mundane_hub_ablation_smoke/steer_alpha_0p82_c8_tok100_seed07_a_delivery_label_on_a_cardboard_box.json,2,3,0,-0.015316238367178714,0.0,0.16733585399491724,0.0,0.0,0.0,0.0,0.5262133773425071,0.05999999999999997,0.9642916666666668,0.0,0.3333333333333333,3.125,porcelain,0.3333333333333333,3.125,porcelain,0.0,0.0,,0.5,porcelain,1.0,0.0,delivery; label; cardboard; box; the; now; weathered; and; clings; twisted; metal; treant,the; now; and; metal; treant,0.2,0.4,0.0,0,0,"The forgotten treant, now buried in a forgotten, overgrown, moss, in a neglected, rusty, old, metal gate, a rusty, old, porcelain-like, ceramic, a small, ceramic, unidentifiable, ceramic, a small, metal, with a tiny, dried, and withered, forgotten, fern, now s"
steer_alpha_0p82_c8_tok100_seed07_a_delivery_label_on_a_cardboard_box.json,steer_alpha_0p82,experiments/frontier_sweep_mundane_hub_ablation_smoke/steer_alpha_0p82_c8_tok100_seed07_a_delivery_label_on_a_cardboard_box.json,2,4,0,-0.7804728713676079,0.0,0.15841389961389962,0.0,0.0,0.0,0.0,0.5280463320463321,0.0,1.0,0.0,1.0,8.571428571428571,antique; delicate; melancholic,0.3333333333333333,2.857142857142857,antique,0.6666666666666666,5.714285714285714,delicate; melancholic,0.375,antique,1.0,0.0,delivery; label; cardboard; box; the; now; weathered; and; clings; twisted; metal; treant,cardboard; box; the; and; metal; treant,0.14285714285714285,0.4,0.0,0,0,"Delicate, dew-kissed, moss, tendrils, slowly, unfurl, from the metal treant, as, from the cardboard box, a small, withered, and dusty, forgotten, antique, wooden, music, slowly, a faint, and soft, melancholic, forgotten, forgotten, and, with tiny, delicate, an"
steer_alpha_0p82_c8_tok100_seed07_a_delivery_label_on_a_cardboard_box.json,steer_alpha_0p82,experiments/frontier_sweep_mundane_hub_ablation_smoke/steer_alpha_0p82_c8_tok100_seed07_a_delivery_label_on_a_cardboard_box.json,2,5,0,-0.45071243365679065,0.0,0.16499689073215265,0.0,0.0,0.0,0.0,0.5188581469564548,0.05999999999999997,0.9730000000000001,0.0,0.0,0.0,,0.0,0.0,,0.0,0.0,,0.0,,1.0,0.0,delivery; label; cardboard; box; the; now; weathered; and; clings; twisted; metal; treant,the; weathered; and; metal,0.4,0.4,0.0,0,0,"A small, rusty, old, metal gate creaks, slowly, in the midst of a forgotten, overgrown, moss, where a small, moss-covered, stone, with moss, slowly, exhales, a tiny, forgotten, weathered, and withered, and a small, transparent, glass, containing a tiny, forgot"
steer_alpha_0p82_c8_tok100_seed07_a_delivery_label_on_a_cardboard_box.json,steer_alpha_0p82,experiments/frontier_sweep_mundane_hub_ablation_smoke/steer_alpha_0p82_c8_tok100_seed07_a_delivery_label_on_a_cardboard_box.json,2,6,0,-0.21266440348477172,0.0,0.13052093023255815,0.0,0.0,0.0,0.0,0.3625581395348838,0.19999999999999998,0.9100000000000001,0.0,0.0,0.0,,0.0,0.0,,0.0,0.0,,0.0,,0.5,0.5,delivery; label; cardboard; box; the; now; weathered; and; clings; twisted; metal; treant,and; metal,0.1111111111111111,0.4,0.0,0,0,"A small, rusty, metal gate, half-hidden in a tangle of dried, and withered, and forgotten, and moss, in a small, overgrown, and cracked, and worn, and peeling, and fading, and a small, forgotten, and dusty, and overgrown, and a tiny, and a small, and a forgott"
steer_alpha_0p82_c8_tok100_seed07_a_delivery_label_on_a_cardboard_box.json,steer_alpha_0p82,experiments/frontier_sweep_mundane_hub_ablation_smoke/steer_alpha_0p82_c8_tok100_seed07_a_delivery_label_on_a_cardboard_box.json,2,7,0,-2.0712256513605785,0.0,0.07134703169565744,0.0,0.0,0.0,0.0,0.2243617348920045,0.05999999999999997,0.9730000000000001,0.0,0.3333333333333333,3.0303030303030303,miniature,0.3333333333333333,3.0303030303030303,miniature,0.0,0.0,,0.4,miniature,0.5,0.5,delivery; label; cardboard; box; the; now; weathered; and; clings; twisted; metal; treant,and; metal,0.1111111111111111,0.4,0.0,0,0,"A small, rusty, abandoned, metal lantern, surrounded by a tangle of overgrown, dry, and withered, and a forgotten, old, worn, and cracked, and a small, water-stained, and a miniature, forgotten, and a small, moss-covered, and a small, tarnished, and a small, w"
steer_alpha_0p82_c8_tok100_seed07_a_delivery_label_on_a_cardboard_box.json,steer_alpha_0p82,experiments/frontier_sweep_mundane_hub_ablation_smoke/steer_alpha_0p82_c8_tok100_seed07_a_delivery_label_on_a_cardboard_box.json,2,8,0,-1.7946266554620345,0.002135741312741316,0.004412688662688669,0.55,1.0,0.0,0.0,0.058835848835848914,0.0,0.9157614942528736,0.0,0.6666666666666666,6.0606060606060606,delicate; miniature,0.3333333333333333,3.0303030303030303,miniature,0.3333333333333333,3.0303030303030303,delicate,0.4,miniature,1.0,0.0,delivery; label; cardboard; box; the; now; weathered; and; clings; twisted; metal; treant,the; now; and; metal; treant,0.3333333333333333,0.85,0.0,1,0,"The metal treant, now a makeshift planter, holds a small, ceramic, moss-covered, ceramic, miniature, delicate, and forgotten, with a tiny, dry, and withered, forgotten, and a small, dry, and withered, forgotten, forgotten, forgotten, forgotten, forgotten, and"
steer_alpha_0p82_c8_tok100_seed07_a_delivery_label_on_a_cardboard_box.json,steer_alpha_0p82,experiments/frontier_sweep_mundane_hub_ablation_smoke/steer_alpha_0p82_c8_tok100_seed07_a_delivery_label_on_a_cardboard_box.json,3,1,1,0.25262016806722704,0.052258800000000015,0.11100000000000003,0.55,1.0,0.0,0.0,0.3700000000000001,0.0,0.45,0.0,0.0,0.0,,0.0,0.0,,0.0,0.0,,0.0,,1.0,0.0,delivery; label; cardboard; box; the; now; weathered; and; clings; twisted; metal; treant,the; now; and; treant,0.2,0.4,0.0,1,0,"The treant, now a tiny, forlorn, and with a few, withered, and a small, forgotten, and a small, forgotten, and a small, forgotten, and a small, forgotten, and a small, forgotten, and a small, forgotten, and a small, forgotten, and a small, forgotten, a small"
steer_alpha_0p82_c8_tok100_seed07_a_delivery_label_on_a_cardboard_box.json,steer_alpha_0p82,experiments/frontier_sweep_mundane_hub_ablation_smoke/steer_alpha_0p82_c8_tok100_seed07_a_delivery_label_on_a_cardboard_box.json,3,2,0,-0.5281747899159663,0.0,0.11100000000000003,0.0,0.0,0.0,0.0,0.3700000000000001,0.0,0.45,0.0,0.0,0.0,,0.0,0.0,,0.0,0.0,,0.0,,0.25,0.75,delivery; label; cardboard; box; the; now; weathered; and; clings; twisted; metal; treant,and,0.5,0.4,0.0,0,0,"A small, forgotten, and dusty, and a small, forgotten, and dusty, a small, forgotten, and dusty, a small, forgotten, and dusty, a small, forgotten, and dusty, a small, forgotten, and dusty, a small, forgotten, and dusty, a small, forgotten, and dusty, a small"
steer_alpha_0p82_c8_tok100_seed07_a_delivery_label_on_a_cardboard_box.json,steer_alpha_0p82,experiments/frontier_sweep_mundane_hub_ablation_smoke/steer_alpha_0p82_c8_tok100_seed07_a_delivery_label_on_a_cardboard_box.json,3,3,0,-0.4693747899159663,0.0,0.11100000000000003,0.0,0.0,0.0,0.0,0.3700000000000001,0.0,0.45,0.0,0.0,0.0,,0.0,0.0,,0.0,0.0,,0.0,,0.25,0.75,delivery; label; cardboard; box; the; now; weathered; and; clings; twisted; metal; treant,and,0.5,0.4,0.0,0,0,"A small, forgotten, and dusty, and a small, forgotten, and dusty, a small, forgotten, and dusty, a small, forgotten, and dusty, a small, forgotten, and dusty, a small, forgotten, and dusty, a small, forgotten, and dusty, a small, forgotten, also a small, forgo"
steer_alpha_0p82_c8_tok100_seed07_a_delivery_label_on_a_cardboard_box.json,steer_alpha_0p82,experiments/frontier_sweep_mundane_hub_ablation_smoke/steer_alpha_0p82_c8_tok100_seed07_a_delivery_label_on_a_cardboard_box.json,3,4,0,-0.5281747899159663,0.0,0.11100000000000003,0.0,0.0,0.0,0.0,0.3700000000000001,0.0,0.45,0.0,0.0,0.0,,0.0,0.0,,0.0,0.0,,0.0,,0.5,0.5,delivery; label; cardboard; box; the; now; weathered; and; clings; twisted; metal; treant,now; and,0.5,0.4,0.0,0,0,"A small, forgotten, and dusty, and a small, forgotten, and dusty, but now, a small, forgotten, and dusty, and a small, forgotten, and dusty, small, forgotten, and dusty, and a small, forgotten, and a small, forgotten, and dusty, a small, forgotten, and a small"
steer_alpha_0p82_c8_tok100_seed07_a_delivery_label_on_a_cardboard_box.json,steer_alpha_0p82,experiments/frontier_sweep_mundane_hub_ablation_smoke/steer_alpha_0p82_c8_tok100_seed07_a_delivery_label_on_a_cardboard_box.json,3,5,0,-0.4693747899159663,0.0,0.11100000000000003,0.0,0.0,0.0,0.0,0.3700000000000001,0.0,0.45,0.0,0.0,0.0,,0.0,0.0,,0.0,0.0,,0.0,,0.25,0.75,delivery; label; cardboard; box; the; now; weathered; and; clings; twisted; metal; treant,and,0.3333333333333333,0.4,0.0,0,0,"A small, forlorn, abandoned, and forgotten, a small, dusty, and forgotten, and a small, forgotten, and a small, forgotten, and a small, forgotten, and a small, forgotten, and a small, forgotten, and a small, forgotten, and a small, forgotten, a small, dusty, a"
steer_alpha_0p82_c8_tok100_seed07_a_delivery_label_on_a_cardboard_box.json,steer_alpha_0p82,experiments/frontier_sweep_mundane_hub_ablation_smoke/steer_alpha_0p82_c8_tok100_seed07_a_delivery_label_on_a_cardboard_box.json,3,6,0,-0.5281747899159663,0.0,0.11100000000000003,0.0,0.0,0.0,0.0,0.3700000000000001,0.0,0.45,0.0,0.0,0.0,,0.0,0.0,,0.0,0.0,,0.0,,0.25,0.75,delivery; label; cardboard; box; the; now; weathered; and; clings; twisted; metal; treant,and,0.5,0.4,0.0,0,0,"a small, forgotten, and dusty, and a small, forgotten, and dusty, a small, forgotten, and dusty, a small, forgotten, and dusty, a small, forgotten, and dusty, a small, forgotten, and dusty, a small, forgotten, and dusty, a small, forgotten, a small, forgotten"
steer_alpha_0p82_c8_tok100_seed07_a_delivery_label_on_a_cardboard_box.json,steer_alpha_0p82,experiments/frontier_sweep_mundane_hub_ablation_smoke/steer_alpha_0p82_c8_tok100_seed07_a_delivery_label_on_a_cardboard_box.json,3,7,0,-0.6157313725490194,0.002064562500000002,0.0041250000000000045,0.55,1.0,0.0,0.0,0.05500000000000005,0.0,0.45,0.0,0.0,0.0,,0.0,0.0,,0.0,0.0,,0.0,,1.0,0.0,delivery; label; cardboard; box; the; now; weathered; and; clings; twisted; metal; treant,the; now; and; twisted; metal; treant,0.5,0.85,0.0,1,0,"The twisted, metal treant, now a tiny, forgotten, and dusty, and a small, forgotten, and a small, forgotten, and a small, forgotten, and a small, forgotten, and a small, forgotten, and a small, forgotten, and a small, forgotten, and a small, forgotten, and a s"
steer_alpha_0p82_c8_tok100_seed07_a_delivery_label_on_a_cardboard_box.json,steer_alpha_0p82,experiments/frontier_sweep_mundane_hub_ablation_smoke/steer_alpha_0p82_c8_tok100_seed07_a_delivery_label_on_a_cardboard_box.json,3,8,0,-0.9106747899159663,0.0,0.0041250000000000045,0.0,0.0,0.0,0.0,0.05500000000000005,0.0,0.45,0.0,0.0,0.0,,0.0,0.0,,0.0,0.0,,0.0,,0.25,0.75,delivery; label; cardboard; box; the; now; weathered; and; clings; twisted; metal; treant,and,0.5,0.85,0.0,0,0,"A small, forgotten, and dusty, and a small, forgotten, and dusty, a small, forgotten, and a small, forgotten, and a small, forgotten, and a small, forgotten, and a small, forgotten, and a small, forgotten, and a small, forgotten, and a small, forgotten, and a"
selector_alpha_0_c8_tok100_seed08_i_am_opening_the_fridge.json,selector_alpha_0,experiments/frontier_sweep_mundane_hub_ablation_smoke/selector_alpha_0_c8_tok100_seed08_i_am_opening_the_fridge.json,1,1,1,-0.9314474638884014,0.031510087227888686,0.41676361177931853,0.08650642801587494,0.0,0.0,0.4325321400793747,0.6946060196321976,0.19999999999999998,0.9100000000000001,0.0,0.0,0.0,,0.0,0.0,,0.0,0.0,,0.0,,0.5,0.5,the; fridge,the,0.3,0.0,0.0,0,0,"My mother's old photograph slipped out of my hand and fell onto the kitchen counter, where it clung to the edge of the worn wooden cutting board, its faded smile and worn eyes seeming to stare back at the jar of jam I was trying to open."
selector_alpha_0_c8_tok100_seed08_i_am_opening_the_fridge.json,selector_alpha_0,experiments/frontier_sweep_mundane_hub_ablation_smoke/selector_alpha_0_c8_tok100_seed08_i_am_opening_the_fridge.json,1,2,0,-0.5502282198819166,0.012959959916302631,0.4263028258942656,0.03707418343537497,0.0,0.0,0.18537091717687484,0.710504709823776,0.19999999999999998,0.9100000000000001,0.0,0.0,0.0,,0.0,0.0,,0.0,0.0,,0.0,,0.5,0.5,the; fridge,the,0.0,0.0,0.0,0,0,"The refrigerator's contents spill out onto the kitchen counter, a chaotic jumble of half-eaten leftovers, a lone jar of jam still sealed, a bottle of ketchup with its cap askew, a container of yogurt that seems to be staring up at me like a tiny, unblinking eye, a Tupperware container with its lid slightly ajar."
selector_alpha_0_c8_tok100_seed08_i_am_opening_the_fridge.json,selector_alpha_0,experiments/frontier_sweep_mundane_hub_ablation_smoke/selector_alpha_0_c8_tok100_seed08_i_am_opening_the_fridge.json,1,3,0,-1.2106317477808972,0.0,0.43914722030104497,0.0,0.0,0.0,0.0,0.731912033835075,0.19999999999999998,0.9100000000000001,0.0,0.0,0.0,,0.0,0.0,,0.0,0.0,,0.0,,0.5,0.5,the; fridge,the,0.0,0.0,0.0,0,0,"The creaky door swung open, revealing a tangled mess of leftovers, yesterday's Chinese takeout and a half-empty jar of mayonnaise, amidst the neatly stacked containers of fresh produce, and a lone, crumpled up fast food wrapper clung to the bottom shelf, a memento of a spontaneous dinner from three nights prior, next to a carton of eggs."
selector_alpha_0_c8_tok100_seed08_i_am_opening_the_fridge.json,selector_alpha_0,experiments/frontier_sweep_mundane_hub_ablation_smoke/selector_alpha_0_c8_tok100_seed08_i_am_opening_the_fridge.json,1,4,0,-0.4994986292538173,0.0,0.43877227693844933,0.0,0.0,0.0,0.0,0.7312871282307489,0.19999999999999998,0.9100000000000001,0.0,0.0,0.0,,0.0,0.0,,0.0,0.0,,0.0,,0.5,0.5,the; fridge,the,0.2,0.0,0.0,0,0,"The cold air wafts out, carrying the scent of decaying leftovers, as I rummage through the dusty shelves for something edible. My fingers brush against a half-eaten pizza, a moldy jar of mayonnaise, and a carton of eggs."
selector_alpha_0_c8_tok100_seed08_i_am_opening_the_fridge.json,selector_alpha_0,experiments/frontier_sweep_mundane_hub_ablation_smoke/selector_alpha_0_c8_tok100_seed08_i_am_opening_the_fridge.json,1,5,0,-1.2756220930232558,0.009680315906976742,0.40696395348837205,0.02666666666666667,0.0,0.0,0.13333333333333333,0.6782732558139535,0.19999999999999998,0.9100000000000001,0.0,0.3333333333333333,3.3333333333333335,antique,0.3333333333333333,3.3333333333333335,antique,0.0,0.0,,0.375,antique,0.5,0.5,the; fridge,the,0.4,0.0,0.0,0,0,"As I pull out the container of mayonnaise, a small, antique harmonica falls from the shelf, its brass surface glinting in the dim kitchen light. The harmonica lands with a soft clink on the worn linoleum floor."
selector_alpha_0_c8_tok100_seed08_i_am_opening_the_fridge.json,selector_alpha_0,experiments/frontier_sweep_mundane_hub_ablation_smoke/selector_alpha_0_c8_tok100_seed08_i_am_opening_the_fridge.json,1,6,0,-1.1285441621294614,0.0,0.3787760586811858,0.0,0.0,0.0,0.0,0.714671808832426,0.05999999999999997,0.9730000000000001,0.0,0.0,0.0,,0.0,0.0,,0.0,0.0,,0.0,,0.5,0.5,the; fridge,the,0.1,0.0,0.0,0,0,"The cold air seeps into the room as I pull out a half-empty bottle of ketchup, its bright red color a stark contrast to the drab kitchen walls."
selector_alpha_0_c8_tok100_seed08_i_am_opening_the_fridge.json,selector_alpha_0,experiments/frontier_sweep_mundane_hub_ablation_smoke/selector_alpha_0_c8_tok100_seed08_i_am_opening_the_fridge.json,1,7,0,-1.3653809523809521,0.0,0.43160000000000004,0.0,0.0,0.0,0.0,0.7193333333333334,0.19999999999999998,0.9100000000000001,0.0,0.3333333333333333,2.5,faint glow,0.0,0.0,,0.3333333333333333,2.5,faint glow,0.0,,0.5,0.5,the; fridge,the,0.3,0.0,0.0,0,0,"The fluorescent light hums to life above the shelf, illuminating the top shelf where a lone jar of pickles sits, a relic from a long-forgotten picnic. A faded recipe on a crumpled piece of paper, tucked between a container of mayonnaise and a nearly empty jar of jam, catches the faint glow."
selector_alpha_0_c8_tok100_seed08_i_am_opening_the_fridge.json,selector_alpha_0,experiments/frontier_sweep_mundane_hub_ablation_smoke/selector_alpha_0_c8_tok100_seed08_i_am_opening_the_fridge.json,1,8,0,0.3899871757179476,0.0,0.38927818872451014,0.0,0.0,0.0,0.0,0.6487969812075169,0.19999999999999998,0.9100000000000001,0.0,0.0,0.0,,0.0,0.0,,0.0,0.0,,0.0,,1.0,0.0,the; fridge,the; fridge,0.3,0.0,0.0,0,0,"My fingers brush against the worn, flannel-lined glove that my grandmother left behind, as I reach for the jar of mayonnaise, the faint scent of her perfume lingering on its surface, the condiment's creamy texture a stark contrast to the cold, stainless steel that lines the fridge's interior."
selector_alpha_0_c8_tok100_seed08_i_am_opening_the_fridge.json,selector_alpha_0,experiments/frontier_sweep_mundane_hub_ablation_smoke/selector_alpha_0_c8_tok100_seed08_i_am_opening_the_fridge.json,2,1,1,-1.047055962968742,0.0,0.3505576923076923,0.0,0.0,0.0,0.0,0.7011153846153846,0.0,0.8680948275862069,0.0,0.0,0.0,,0.0,0.0,,0.0,0.0,,0.0,,0.5,0.5,the; fridge; mother's; old; photograph; slipped; out; hand; and; fell; kitchen; counter,the; photograph,0.0,0.0,0.0,0,0,"The jam's sticky residue began to seep onto the cutting board, pooling around the photograph as"
selector_alpha_0_c8_tok100_seed08_i_am_opening_the_fridge.json,selector_alpha_0,experiments/frontier_sweep_mundane_hub_ablation_smoke/selector_alpha_0_c8_tok100_seed08_i_am_opening_the_fridge.json,2,2,0,0.9293084262826008,0.0154445641025641,0.3948894230769231,0.044444444444444446,0.0,0.0,0.2222222222222222,0.6581490384615385,0.19999999999999998,0.9100000000000001,0.0,0.0,0.0,,0.0,0.0,,0.0,0.0,,0.0,,1.0,0.0,the; fridge; mother's; old; photograph; slipped; out; hand; and; fell; kitchen; counter,the; photograph; hand; counter,0.3333333333333333,0.0,0.0,0,0,"The jam jar, its lid slightly ajar, sat next to the photograph, as if it too had been waiting for the photograph to free itself from my hand, which now rested on the edge of the counter, the worn wooden cutting board creaking beneath the pressure of my grip."
selector_alpha_0_c8_tok100_seed08_i_am_opening_the_fridge.json,selector_alpha_0,experiments/frontier_sweep_mundane_hub_ablation_smoke/selector_alpha_0_c8_tok100_seed08_i_am_opening_the_fridge.json,2,3,0,1.1373939895778131,0.006081814005787529,0.42651463963963965,0.015985798617120746,0.0,0.0,0.07992899308560372,0.7108577327327328,0.19999999999999998,0.9100000000000001,0.0,0.0,0.0,,0.0,0.0,,0.0,0.0,,0.0,,1.0,0.0,the; fridge; mother's; old; photograph; slipped; out; hand; and; fell; kitchen; counter,the; old; photograph; slipped; and,0.4,0.0,0.0,0,0,"The worn wooden cutting board, once a trusted companion in countless meals, now bore a new kind of cut, a jagged tear that seemed to mirror the cracks in the photograph, as the jam jar, its label peeling like a decaying map, slipped from my fingers and crashed onto the floor, releasing a burst of sugary sweetness that mingled with the scent of old wood and dust."
selector_alpha_0_c8_tok100_seed08_i_am_opening_the_fridge.json,selector_alpha_0,experiments/frontier_sweep_mundane_hub_ablation_smoke/selector_alpha_0_c8_tok100_seed08_i_am_opening_the_fridge.json,2,4,0,1.2590228983155047,0.008549853123145518,0.40913129801405684,0.02374724747911812,0.0,0.0,0.1187362373955906,0.6818854966900948,0.19999999999999998,0.9100000000000001,0.0,0.6666666666666666,3.508771929824561,delicate; ornate,0.3333333333333333,1.7543859649122806,ornate,0.3333333333333333,1.7543859649122806,delicate,0.325,ornate,1.0,0.0,the; fridge; mother's; old; photograph; slipped; out; hand; and; fell; kitchen; counter,the; photograph; hand; and,0.3333333333333333,0.0,0.0,0,0,"The worn wooden cutting board, with the photograph still clinging to its edge, suddenly came alive as it began to subtly shift and ripple, like the surface of a pond, and the jam jar, which had been sitting next to it, was replaced by a small, ornate wooden box with intricate carvings of leaves and vines, the lid of which slowly creaked open to reveal a delicate, hand-carved wooden spoon."
selector_alpha_0_c8_tok100_seed08_i_am_opening_the_fridge.json,selector_alpha_0,experiments/frontier_sweep_mundane_hub_ablation_smoke/selector_alpha_0_c8_tok100_seed08_i_am_opening_the_fridge.json,2,5,0,0.6106542437317393,0.0,0.4162620137299771,0.0,0.0,0.0,0.0,0.6937700228832953,0.19999999999999998,0.9100000000000001,0.0,0.0,0.0,,0.0,0.0,,0.0,0.0,,0.0,,0.5,0.5,the; fridge; mother's; old; photograph; slipped; out; hand; and; fell; kitchen; counter,the; photograph,0.0,0.0,0.0,0,0,"The jam, a vibrant purple, seemed to bleed into the cracks of the cutting board, as if it too had been waiting for a long time to spread its sticky tendrils across the surface. The photograph, now slightly askew, reflected the faint hum of the refrigerator, its surface rippling like a still pond disturbed by a thrown stone."
selector_alpha_0_c8_tok100_seed08_i_am_opening_the_fridge.json,selector_alpha_0,experiments/frontier_sweep_mundane_hub_ablation_smoke/selector_alpha_0_c8_tok100_seed08_i_am_opening_the_fridge.json,2,6,0,0.33732046731159326,0.0,0.4156840185676392,0.0,0.0,0.0,0.0,0.6928066976127321,0.19999999999999998,0.9100000000000001,0.0,0.0,0.0,,0.0,0.0,,0.0,0.0,,0.0,,0.75,0.25,the; fridge; mother's; old; photograph; slipped; out; hand; and; fell; kitchen; counter,the; photograph; and,0.0,0.0,0.0,0,0,"As I stood there, frozen in a mixture of frustration and nostalgia, my eyes remained fixed on the photograph, my gaze tracing the cracks in the wood of the cutting board, where a small, rusty metal can opener lay, its metal surface etched with the faint marks of countless other uses."
selector_alpha_0_c8_tok100_seed08_i_am_opening_the_fridge.json,selector_alpha_0,experiments/frontier_sweep_mundane_hub_ablation_smoke/selector_alpha_0_c8_tok100_seed08_i_am_opening_the_fridge.json,2,7,0,0.5605945655053866,0.0,0.4097140748031496,0.0,0.0,0.0,0.0,0.6828567913385827,0.19999999999999998,0.9100000000000001,0.0,0.0,0.0,,0.0,0.0,,0.0,0.0,,0.0,,0.5,0.5,the; fridge; mother's; old; photograph; slipped; out; hand; and; fell; kitchen; counter,the; and,0.3333333333333333,0.0,0.0,0,0,"As I attempted to pry the jar open with a nearby spoon, the wooden cutting board, once a sturdy companion for countless family meals, now worn smooth by the passage of time, creaked and groaned under the pressure, its surface etched with the gentle scratches of countless other cooks, their own stories and meals leaving their mark. The jam, a vibrant purple that seemed to mock my struggles, remained stubbornly sealed, refusing to yield to my clumsy efforts."
selector_alpha_0_c8_tok100_seed08_i_am_opening_the_fridge.json,selector_alpha_0,experiments/frontier_sweep_mundane_hub_ablation_smoke/selector_alpha_0_c8_tok100_seed08_i_am_opening_the_fridge.json,2,8,0,0.7389312957664109,0.0,0.14574040733556692,0.0,0.0,0.0,0.0,0.40483446482101926,0.19999999999999998,0.9100000000000001,0.0,0.3333333333333333,2.5,faded photograph,0.3333333333333333,2.5,faded photograph,0.0,0.0,,0.0,,1.0,0.0,the; fridge; mother's; old; photograph; slipped; out; hand; and; fell; kitchen; counter,the; mother's; photograph; and,0.5,0.4,0.0,0,0,"The jam, a vibrant purple, seemed to seep into the tiny cracks of the cutting board, like a dark, sticky stain spreading across the worn surface, as the jar's label caught my mother's name, and suddenly the faded photograph felt a little less forgotten, and I"
selector_alpha_0_c8_tok100_seed08_i_am_opening_the_fridge.json,selector_alpha_0,experiments/frontier_sweep_mundane_hub_ablation_smoke/selector_alpha_0_c8_tok100_seed08_i_am_opening_the_fridge.json,3,1,1,-0.5067475508608809,0.0,0.46781165244014045,0.0,0.0,0.0,0.0,0.9356233048802809,0.0,0.8509490968801314,0.0,0.0,0.0,,0.0,0.0,,0.0,0.0,,0.0,,0.75,0.25,the; fridge; mother's; old; photograph; slipped; out; hand; and; fell; kitchen; counter,the; photograph; and,0.0,0.0,0.0,0,0,"The jam's sticky residue formed a small, syrupy lake around the photograph, and as"
selector_alpha_0_c8_tok100_seed08_i_am_opening_the_fridge.json,selector_alpha_0,experiments/frontier_sweep_mundane_hub_ablation_smoke/selector_alpha_0_c8_tok100_seed08_i_am_opening_the_fridge.json,3,2,0,0.2521421385302396,0.0,0.3928778889751747,0.0,0.0,0.0,0.0,0.6547964816252912,0.19999999999999998,0.9100000000000001,0.0,0.0,0.0,,0.0,0.0,,0.0,0.0,,0.0,,0.75,0.25,the; fridge; mother's; old; photograph; slipped; out; hand; and; fell; kitchen; counter,the; photograph; kitchen,0.5,0.0,0.0,0,0,"The jam's sticky fingers spread, slowly creeping up the edge of the cutting board, wrapping around the photograph like a damp, sweet shroud, as the jam's contents spilled onto the countertop, forming a small, syrupy puddle that reflected the faded smile, now almost completely submerged, like a small, sugary mirror. A spoon lay nearby, its metal surface dulled by years of kitchen use, its worn bowl edge curled around a small, almost imperceptible dent."
selector_alpha_0_c8_tok100_seed08_i_am_opening_the_fridge.json,selector_alpha_0,experiments/frontier_sweep_mundane_hub_ablation_smoke/selector_alpha_0_c8_tok100_seed08_i_am_opening_the_fridge.json,3,3,0,0.8467938400460866,0.004404624969851878,0.36212070453633083,0.014209598770773994,0.0,0.0,0.07104799385386996,0.6035345075605514,0.19999999999999998,0.9100000000000001,0.0,0.0,0.0,,0.0,0.0,,0.0,0.0,,0.0,,1.0,0.0,the; fridge; mother's; old; photograph; slipped; out; hand; and; fell; kitchen; counter,the; photograph; kitchen; counter,0.2,0.0,0.0,0,0,"The jam's sticky residue merged with the photograph, forming a new, messy boundary between the two, as I hesitated, my fingers hovering over the jar's lid, the jam's sweet scent mingling with the dusty, stale air that had accumulated on the kitchen counter, the worn wooden cutting board's surface now a sticky, jam-photograph amalgam."
selector_alpha_0_c8_tok100_seed08_i_am_opening_the_fridge.json,selector_alpha_0,experiments/frontier_sweep_mundane_hub_ablation_smoke/selector_alpha_0_c8_tok100_seed08_i_am_opening_the_fridge.json,3,4,0,0.7112281550894834,0.0,0.3882332459676965,0.0,0.0,0.0,0.0,0.6470554099461608,0.19999999999999998,0.9100000000000001,0.0,0.0,0.0,,0.0,0.0,,0.0,0.0,,0.0,,0.75,0.25,the; fridge; mother's; old; photograph; slipped; out; hand; and; fell; kitchen; counter,the; photograph; and,0.6666666666666666,0.0,0.0,0,0,"The jam's sweet, sticky tendrils crept up the edge of the cutting board, like a slow-moving, translucent ivy, curling around the photograph's edges and binding it to the surface, as the wooden cutting board, once a simple, functional surface, now seemed to be slowly transforming into a makeshift frame, its worn surface reflecting the faded, yet still poignant, image of my mother."
selector_alpha_0_c8_tok100_seed08_i_am_opening_the_fridge.json,selector_alpha_0,experiments/frontier_sweep_mundane_hub_ablation_smoke/selector_alpha_0_c8_tok100_seed08_i_am_opening_the_fridge.json,3,5,0,1.0158439042626892,0.0,0.3846323603909649,0.0,0.0,0.0,0.0,0.6410539339849415,0.19999999999999998,0.9100000000000001,0.0,0.0,0.0,,0.0,0.0,,0.0,0.0,,0.0,,1.0,0.0,the; fridge; mother's; old; photograph; slipped; out; hand; and; fell; kitchen; counter,the; mother's; photograph; and,0.3333333333333333,0.0,0.0,0,0,"The jam's sticky residue spread like a dark, syrupy stain, slowly merging with the moisture from the photograph, causing the image of my mother's face to begin to soften and blur, her smile spreading like a stain across the once-clear surface, as I hesitantly tried to pry the photograph loose from its sticky prison. The worn cutting board, once a sturdy and reliable surface for food preparation, now seemed to be dissolving into a mess of sugary chaos."
selector_alpha_0_c8_tok100_seed08_i_am_opening_the_fridge.json,selector_alpha_0,experiments/frontier_sweep_mundane_hub_ablation_smoke/selector_alpha_0_c8_tok100_seed08_i_am_opening_the_fridge.json,3,6,0,0.9576905079381361,0.003520944508379347,0.3701927637314734,0.011111111111111112,0.0,0.0,0.05555555555555555,0.6169879395524557,0.19999999999999998,0.9100000000000001,0.0,0.0,0.0,,0.0,0.0,,0.0,0.0,,0.0,,1.0,0.0,the; fridge; mother's; old; photograph; slipped; out; hand; and; fell; kitchen; counter,the; photograph; and; counter,0.2,0.0,0.0,0,0,"The jam continued to spread, merging with the faint scratches and crumbs on the cutting board, as the photograph remained stuck, a tiny, tarnished anchor in a sea of sticky, golden syrup, the wooden board's worn surface now a mosaic of sweet and sticky chaos, the jam's sticky tendrils snaking across the edge of the counter, threatening to engulf the photograph, which seemed to be slowly, imperceptibly, being pulled towards the rim of the jar."
selector_alpha_0_c8_tok100_seed08_i_am_opening_the_fridge.json,selector_alpha_0,experiments/frontier_sweep_mundane_hub_ablation_smoke/selector_alpha_0_c8_tok100_seed08_i_am_opening_the_fridge.json,3,7,0,0.7268879727610236,0.0,0.37528338953232665,0.0,0.0,0.0,0.0,0.6254723158872111,0.19999999999999998,0.9100000000000001,0.0,0.0,0.0,,0.0,0.0,,0.0,0.0,,0.0,,1.0,0.0,the; fridge; mother's; old; photograph; slipped; out; hand; and; fell; kitchen; counter,the; photograph; and; kitchen,0.0,0.0,0.0,0,0,"the jam's sticky residue began to seep onto the cutting board, pooling around the photograph as I stood there, frozen in a mix of annoyance and a hint of nostalgia, the jam's sweetness momentarily captivating my attention, drawing me in with its vibrant color, as the morning sunlight streaming through the kitchen window highlighted the dust particles dancing in the air, settling on the photograph like a faint dusting of snow."
steer_alpha_0p66_c8_tok100_seed08_i_am_opening_the_fridge.json,steer_alpha_0p66,experiments/frontier_sweep_mundane_hub_ablation_smoke/steer_alpha_0p66_c8_tok100_seed08_i_am_opening_the_fridge.json,1,1,1,-0.7439804788022142,0.21635998817290947,0.45955817368927243,0.55,1.0,0.0,0.0,0.9191163473785449,0.0,1.0,0.0,1.0,11.764705882352942,antique; melancholic; miniature; ornate,1.0,8.823529411764707,antique; miniature; ornate,0.3333333333333333,2.9411764705882355,melancholic,1.0,antique; miniature; ornate,1.0,0.0,the; fridge,the; fridge,0.2,0.0,0.0,1,0,"As I push aside a crisper, a tiny, antique music maker, a miniature metronome, slowly begins to play a soft, lilac-colored piano tune, while the fridge's shelves, now a miniature, ornate, Victorian-era wooden cabinet, quietly hums a soft, melancholic melody."
steer_alpha_0p66_c8_tok100_seed08_i_am_opening_the_fridge.json,steer_alpha_0p66,experiments/frontier_sweep_mundane_hub_ablation_smoke/steer_alpha_0p66_c8_tok100_seed08_i_am_opening_the_fridge.json,1,2,0,0.18963084332270658,0.07378294454818457,0.15333886503325758,0.5621212121212121,1.0,0.0,0.06060606060606061,0.4259412917590488,0.19999999999999998,0.9100000000000001,0.0,1.0,8.108108108108109,antique; delicate; music box,0.6666666666666666,5.405405405405405,antique; music box,0.3333333333333333,2.7027027027027026,delicate,1.0,antique; music box,1.0,0.0,the; fridge,the; fridge,0.2,0.4,0.0,1,0,"As I push the fridge open, a faint hum, like a gentle whisper, reverberates through the kitchen, and a tiny, antique music box, once a treasured heirloom, now a makeshift bird, takes flight, its delicate wings beating in sync with the fridge's creaky hinges, a"
steer_alpha_0p66_c8_tok100_seed08_i_am_opening_the_fridge.json,steer_alpha_0p66,experiments/frontier_sweep_mundane_hub_ablation_smoke/steer_alpha_0p66_c8_tok100_seed08_i_am_opening_the_fridge.json,1,3,0,-1.0803749999999999,0.006828491864197532,0.5273720833333334,0.014814814814814815,0.0,0.0,0.07407407407407407,0.9950416666666667,0.05999999999999997,0.9730000000000001,0.0,0.6666666666666666,9.090909090909092,antique; music box,0.6666666666666666,9.090909090909092,antique; music box,0.0,0.0,,1.0,antique; music box,0.5,0.5,the; fridge,the,0.3,0.0,0.0,0,0,"As I pull out a worn, wooden spoon, a small, antique music box, now silenced, lies on the bottom shelf, its lid slightly ajar, revealing a dusty, 19."
steer_alpha_0p66_c8_tok100_seed08_i_am_opening_the_fridge.json,steer_alpha_0p66,experiments/frontier_sweep_mundane_hub_ablation_smoke/steer_alpha_0p66_c8_tok100_seed08_i_am_opening_the_fridge.json,1,4,0,0.5550306839744692,0.012010594511592558,0.4297093108504399,0.032652465283787416,0.0,0.0,0.16326232641893706,0.7161821847507331,0.19999999999999998,0.9100000000000001,0.0,1.0,9.090909090909092,ethereal; fog; miniature; mournful,0.3333333333333333,2.272727272727273,miniature,1.0,6.818181818181818,ethereal; fog; mournful,0.4,miniature,1.0,0.0,the; fridge,the; fridge,0.2,0.0,0.0,0,0,"As I pull the fridge out into the rain, the humming motor and hissing pipes transform into a harmonium, its metal skin glistening with dew and vines twine around its handle, while a small, intricately carved wooden door at the bottom now serves as a miniature organ, emitting a mournful, ethereal fog."
steer_alpha_0p66_c8_tok100_seed08_i_am_opening_the_fridge.json,steer_alpha_0p66,experiments/frontier_sweep_mundane_hub_ablation_smoke/steer_alpha_0p66_c8_tok100_seed08_i_am_opening_the_fridge.json,1,5,0,0.22056125243292413,0.00567954101010101,0.43863732057416266,0.014814814814814815,0.0,0.0,0.07407407407407407,0.7310622009569377,0.19999999999999998,0.9100000000000001,0.0,0.6666666666666666,5.714285714285714,antique; delicate,0.3333333333333333,2.857142857142857,antique,0.3333333333333333,2.857142857142857,delicate,0.375,antique,1.0,0.0,the; fridge,the; fridge,0.3,0.0,0.0,0,0,"As I swing the fridge door open, a faint hum resonates, and a wispy tendril of steam spirals out, twirling a tiny, antique globe on a delicate, silver stand, where a small, antique globe spins slowly, its surface etched with the names of forgotten cities."
steer_alpha_0p66_c8_tok100_seed08_i_am_opening_the_fridge.json,steer_alpha_0p66,experiments/frontier_sweep_mundane_hub_ablation_smoke/steer_alpha_0p66_c8_tok100_seed08_i_am_opening_the_fridge.json,1,6,0,-0.23094832713169855,0.0,0.44266524533710744,0.0,0.0,0.0,0.0,0.7377754088951791,0.19999999999999998,0.9100000000000001,0.0,0.6666666666666666,7.6923076923076925,antique; velvet,0.6666666666666666,7.6923076923076925,antique; velvet,0.0,0.0,,0.75,antique; velvet,1.0,0.0,the; fridge,the; fridge,0.4,0.0,0.0,0,0,"As I lift the fridge out of its hook, a small, antique music sits on a velvet-lined shelf in a dusty, old antique shop, where a bespectacled taxidermied owl regards a faded, 19th-century top hat."
steer_alpha_0p66_c8_tok100_seed08_i_am_opening_the_fridge.json,steer_alpha_0p66,experiments/frontier_sweep_mundane_hub_ablation_smoke/steer_alpha_0p66_c8_tok100_seed08_i_am_opening_the_fridge.json,1,7,0,-0.23438467110982342,0.0,0.4414655172413793,0.0,0.0,0.0,0.0,0.7357758620689655,0.19999999999999998,0.9100000000000001,0.0,0.6666666666666666,3.4482758620689653,antique; delicate,0.3333333333333333,1.7241379310344827,antique,0.3333333333333333,1.7241379310344827,delicate,0.375,antique,1.0,0.0,the; fridge,the; fridge,0.3,0.0,0.0,0,0,"As I pull out a dusty old suitcase that had been tucked between the jars of jam and the carton of expired milk, a small, antique music maker emerges, its brass bell tolling softly, and a nearby, vintage typewriter, once used by a writer who had scribbled a poem about the fridge, begins to spit out fresh, blue ink onto a sheet of paper, where it takes the shape of a delicate, filigework of frost."
steer_alpha_0p66_c8_tok100_seed08_i_am_opening_the_fridge.json,steer_alpha_0p66,experiments/frontier_sweep_mundane_hub_ablation_smoke/steer_alpha_0p66_c8_tok100_seed08_i_am_opening_the_fridge.json,1,8,0,-1.7994098988910632,0.0,0.3662685502283105,0.0,0.0,0.0,0.0,0.732537100456621,0.0,1.0,0.0,0.6666666666666666,6.25,antique; miniature,0.6666666666666666,6.25,antique; miniature,0.0,0.0,,0.775,antique; miniature,0.5,0.5,the; fridge,the,0.3,0.0,0.0,0,0,"As I pull out a dusty, old harmonica, a small, antique music is suddenly, unexpectedly, and magically, a miniature, perfectly formed, intricately carved wooden pigeon perches, its beak singing a melancholy tune that harmonizes with the hum of the refrigerator."
steer_alpha_0p66_c8_tok100_seed08_i_am_opening_the_fridge.json,steer_alpha_0p66,experiments/frontier_sweep_mundane_hub_ablation_smoke/steer_alpha_0p66_c8_tok100_seed08_i_am_opening_the_fridge.json,2,1,1,0.7055718532452471,0.17736935053374875,0.38645463301868616,0.5215517241379312,0.9482758620689656,0.0,0.0,0.6440910550311436,0.19999999999999998,0.9100000000000001,0.0,1.0,10.344827586206897,antique; crystal; delicate; fog; miniature; mist,1.0,5.172413793103448,antique; crystal; miniature,1.0,5.172413793103448,delicate; fog; mist,1.0,antique; crystal; miniature,1.0,0.0,the; fridge; push; aside; crisper; music; maker; metronome; slowly; begins; play; lilac-colored,the; crisper; metronome; begins; lilac-colored,0.3333333333333333,0.0,0.0,1,0,"The miniature metronome, now free from the crisper, begins to slide across the countertops, its delicate, mother-of-pearl surface reflecting the soft, lilac-colored piano tune, as a small, delicate, antique harmonium, hidden behind a shelf, stirs to life, its bellows puffing out a faint, wispy mist of fog that condenses into a tiny, delicate, crystal, which levitates above the harmonium, reflecting the lilac piano tune."
steer_alpha_0p66_c8_tok100_seed08_i_am_opening_the_fridge.json,steer_alpha_0p66,experiments/frontier_sweep_mundane_hub_ablation_smoke/steer_alpha_0p66_c8_tok100_seed08_i_am_opening_the_fridge.json,2,2,0,-0.034695024196705615,0.08987840161813726,0.17672112698823225,0.5588888888888889,1.0,0.0,0.04444444444444444,0.5890704232941075,0.0,1.0,0.0,1.0,7.894736842105263,antique; delicate; porcelain,0.6666666666666666,5.2631578947368425,antique; porcelain,0.3333333333333333,2.6315789473684212,delicate,0.875,antique; porcelain,0.5,0.5,the; fridge; push; aside; crisper; music; maker; metronome; slowly; begins; play; lilac-colored,the; begins,0.5,0.4,0.0,1,0,"The cabinet's doors, now a delicate, lace-like mesh, gently sways to the rhythm, as a small, silver-plated, antique tea set, adorned with intricate, silver filigework, begins to whisper a delicate, lace-like pattern, and a tiny, porcelain-free, ceramic cat, wi"
steer_alpha_0p66_c8_tok100_seed08_i_am_opening_the_fridge.json,steer_alpha_0p66,experiments/frontier_sweep_mundane_hub_ablation_smoke/steer_alpha_0p66_c8_tok100_seed08_i_am_opening_the_fridge.json,2,3,0,0.04417184731176832,0.07853992592134335,0.15191475033141846,0.55,1.0,0.0,0.0,0.4219854175872736,0.19999999999999998,0.9100000000000001,0.0,0.6666666666666666,5.714285714285714,antique; iridescent,0.3333333333333333,2.857142857142857,antique,0.3333333333333333,2.857142857142857,iridescent,0.375,antique,1.0,0.0,the; fridge; push; aside; crisper; music; maker; metronome; slowly; begins; play; lilac-colored,the; fridge; slowly; begins,0.6666666666666666,0.4,0.0,1,0,"As the melody wafts out of the fridge, a small, antique gramophone, now perched on a nearby, dusty, Victorian-era side table, begins to vibrate with a soft, iridescent glow, slowly producing a warm, honey-colored, tango, while the gramophone's lid, now a delic"
steer_alpha_0p66_c8_tok100_seed08_i_am_opening_the_fridge.json,steer_alpha_0p66,experiments/frontier_sweep_mundane_hub_ablation_smoke/steer_alpha_0p66_c8_tok100_seed08_i_am_opening_the_fridge.json,2,4,0,-1.3389523013305975,0.06465773986486487,0.12918629343629343,0.55,1.0,0.0,0.0,0.4306209781209781,0.0,1.0,0.0,1.0,11.11111111111111,antique; delicate; miniature; porcelain,1.0,8.333333333333334,antique; miniature; porcelain,0.3333333333333333,2.7777777777777777,delicate,1.0,antique; miniature; porcelain,0.75,0.25,the; fridge; push; aside; crisper; music; maker; metronome; slowly; begins; play; lilac-colored,the; metronome; begins,0.5,0.4,0.0,1,0,"The metronome, now a small, delicate, antique tea set, begins to quietly pour tea for a tiny, top hat-wearing, top-hatted, bespectaced, miniature, tinny, tinny, porcelain-less, yet eerily lifelike, gentleman, who sits serenely on a diminutive, intricately carv"
steer_alpha_0p66_c8_tok100_seed08_i_am_opening_the_fridge.json,steer_alpha_0p66,experiments/frontier_sweep_mundane_hub_ablation_smoke/steer_alpha_0p66_c8_tok100_seed08_i_am_opening_the_fridge.json,2,5,0,0.9002249158712188,0.003088501658449689,0.4123231296010957,0.00913474206692614,0.0,0.0,0.0456737103346307,0.6872052160018262,0.19999999999999998,0.9100000000000001,0.0,0.3333333333333333,1.8518518518518519,delicate,0.0,0.0,,0.3333333333333333,1.8518518518518519,delicate,0.0,,1.0,0.0,the; fridge; push; aside; crisper; music; maker; metronome; slowly; begins; play; lilac-colored,the; fridge; metronome; play; lilac-colored,0.0,0.0,0.0,0,0,"The metronome, now free from the fridge's confines, continues to play its lilac-colored piano tune as it glides across the kitchen counter, its delicate, silver fingers tapping out a staccato rhythm on a dusty, old, Victorian-era umbrella, now perched on a nearby stool, its handle worn and worn, its ribs and ribs-like, curved, old-fashioned, tin can."
steer_alpha_0p66_c8_tok100_seed08_i_am_opening_the_fridge.json,steer_alpha_0p66,experiments/frontier_sweep_mundane_hub_ablation_smoke/steer_alpha_0p66_c8_tok100_seed08_i_am_opening_the_fridge.json,2,6,0,0.84347892112947,0.0,0.4223363488611105,0.0,0.0,0.0,0.0,0.7038939147685175,0.19999999999999998,0.9100000000000001,0.0,1.0,9.30232558139535,antique; delicate; mist; mournful,0.3333333333333333,2.3255813953488373,antique,1.0,6.976744186046512,delicate; mist; mournful,0.375,antique,0.75,0.25,the; fridge; push; aside; crisper; music; maker; metronome; slowly; begins; play; lilac-colored,the; slowly; begins,0.2857142857142857,0.0,0.0,0,0,"A small, antique, brass telescope, nestled between two old, peeling, floral-patterned wallpaper, slowly rises, its brass lens glinting in the dim, morning light as it begins to hum a gentle, mournful serenade, its delicate, etched metalwork vibrating with a soft, silver-tinged mist that wafts, like a forgotten, forgotten sigh."
steer_alpha_0p66_c8_tok100_seed08_i_am_opening_the_fridge.json,steer_alpha_0p66,experiments/frontier_sweep_mundane_hub_ablation_smoke/steer_alpha_0p66_c8_tok100_seed08_i_am_opening_the_fridge.json,2,7,0,-0.6984089606297861,0.0016397493587965628,0.14570366397673737,0.012788638893696597,0.0,0.0,0.06394319446848298,0.45818762256835655,0.05999999999999997,0.9730000000000001,0.0,1.0,13.513513513513514,antique; delicate; mist; ornate; silver mist,0.6666666666666666,5.405405405405405,antique; ornate,1.0,8.108108108108109,delicate; mist; silver mist,0.7,antique; ornate,0.75,0.25,the; fridge; push; aside; crisper; music; maker; metronome; slowly; begins; play; lilac-colored,the; fridge; lilac-colored,0.3333333333333333,0.4,0.0,0,0,"A delicate, antique harmonium, once a fixture on the kitchen counter, now sits atop a small, ornate, Victorian-era wooden sideboard, its lid slightly ajar, releasing a wispy, silver mist that drifts into the fridge, where it merges with the lilac-colored piano"
steer_alpha_0p66_c8_tok100_seed08_i_am_opening_the_fridge.json,steer_alpha_0p66,experiments/frontier_sweep_mundane_hub_ablation_smoke/steer_alpha_0p66_c8_tok100_seed08_i_am_opening_the_fridge.json,2,8,0,0.6510494823936179,0.0,0.16068154416098343,0.0,0.0,0.0,0.0,0.44633762266939847,0.19999999999999998,0.9100000000000001,0.0,1.0,8.108108108108109,antique; delicate; miniature,0.6666666666666666,5.405405405405405,antique; miniature,0.3333333333333333,2.7027027027027026,delicate,0.775,antique; miniature,0.75,0.25,the; fridge; push; aside; crisper; music; maker; metronome; slowly; begins; play; lilac-colored,the; fridge; metronome,0.5,0.4,0.0,0,0,"As the metronome's gentle rhythm harmonizes with the hum of the fridge, a small, antique harmonium, tucked away behind a shelf, stirs to life, its brass bell, shaped like a miniature lion's head, emits a low, throaty growl, while a nearby, delicate, china tea"
steer_alpha_0p66_c8_tok100_seed08_i_am_opening_the_fridge.json,steer_alpha_0p66,experiments/frontier_sweep_mundane_hub_ablation_smoke/steer_alpha_0p66_c8_tok100_seed08_i_am_opening_the_fridge.json,3,1,1,-0.4578302330062997,0.09397166221644915,0.18476939679462617,0.5588888888888889,1.0,0.0,0.04444444444444444,0.6158979893154206,0.0,1.0,0.0,1.0,18.91891891891892,ethereal; fog; iridescent; miniature; mist; ornate; silver mist,0.6666666666666666,5.405405405405405,miniature; ornate,1.0,13.513513513513514,ethereal; fog; iridescent; mist; silver mist,0.7250000000000001,miniature; ornate,0.25,0.75,the; fridge; push; aside; crisper; music; maker; metronome; slowly; begins; play; lilac-colored,the,0.5,0.4,0.0,1,0,"As the fog, now a soft, ethereal veil, shrouds the countertops, the miniature, ornate, Victorian-era wooden cabinet, now a giant, its shelves and doors ajar, exhales a gentle, silver mist that drips, like a slow, glistening, iridescent spider, onto the counter"
steer_alpha_0p66_c8_tok100_seed08_i_am_opening_the_fridge.json,steer_alpha_0p66,experiments/frontier_sweep_mundane_hub_ablation_smoke/steer_alpha_0p66_c8_tok100_seed08_i_am_opening_the_fridge.json,3,2,0,-0.5028862490572548,0.0849932124736884,0.17870913261050878,0.5595238095238095,1.0,0.0,0.047619047619047616,0.5956971087016959,0.0,1.0,0.0,1.0,11.11111111111111,crystal; delicate; miniature; mournful,0.6666666666666666,5.555555555555555,crystal; miniature,0.6666666666666666,5.555555555555555,delicate; mournful,0.75,crystal; miniature,0.75,0.25,the; fridge; push; aside; crisper; music; maker; metronome; slowly; begins; play; lilac-colored,the; slowly; begins,0.16666666666666666,0.4,0.0,2,0,"As the bellows of the harmonium, now a tiny, brass kettle, begins to whistle a soft, mournful sigh, the crystal, now a tiny, delicate, stained-glass window, shimmers and ripples, casting a miniature, crystal-clear lake, which slowly fills with a soft, lilac-co"
steer_alpha_0p66_c8_tok100_seed08_i_am_opening_the_fridge.json,steer_alpha_0p66,experiments/frontier_sweep_mundane_hub_ablation_smoke/steer_alpha_0p66_c8_tok100_seed08_i_am_opening_the_fridge.json,3,3,0,-0.5641980288732724,0.0657818969865706,0.13143236161152966,0.55,1.0,0.0,0.0,0.41330931324380393,0.05999999999999997,0.9730000000000001,0.0,1.0,16.666666666666668,crystal; delicate; fog; melancholic; miniature; ornate,1.0,8.333333333333334,crystal; miniature; ornate,1.0,8.333333333333334,delicate; fog; melancholic,1.0,crystal; miniature; ornate,0.5,0.5,the; fridge; push; aside; crisper; music; maker; metronome; slowly; begins; play; lilac-colored,the; begins,0.5,0.4,0.0,2,0,"As the fog, now a tiny, delicate, crystal, begins to take on a life of its own, it starts to sway gently to the lilac piano tune, its facets catching the faint, soft, melancholic melody from the miniature, ornate, Victorian-era wooden cabinet, now a petite, de"
steer_alpha_0p66_c8_tok100_seed08_i_am_opening_the_fridge.json,steer_alpha_0p66,experiments/frontier_sweep_mundane_hub_ablation_smoke/steer_alpha_0p66_c8_tok100_seed08_i_am_opening_the_fridge.json,3,4,0,-0.22809461369907597,0.06012068608108111,0.12860039803439807,0.55,1.0,0.0,0.0,0.4044037674037675,0.05999999999999997,0.9730000000000001,0.0,1.0,12.121212121212121,crystal; delicate; ethereal; iridescent,0.3333333333333333,3.0303030303030303,crystal,1.0,9.090909090909092,delicate; ethereal; iridescent,0.35,crystal,0.5,0.5,the; fridge; push; aside; crisper; music; maker; metronome; slowly; begins; play; lilac-colored,the; begins,0.16666666666666666,0.4,0.0,1,0,"As the misty crystal suspended above the harmonium, it begins to vibrate, its delicate, crystal form undulating like a small, iridescent jellyfish, while the harmonium's bellows, now a tiny, mechanical, steam-powered organ, puffs out a faint, eerie, ethereal f"
steer_alpha_0p66_c8_tok100_seed08_i_am_opening_the_fridge.json,steer_alpha_0p66,experiments/frontier_sweep_mundane_hub_ablation_smoke/steer_alpha_0p66_c8_tok100_seed08_i_am_opening_the_fridge.json,3,5,0,0.077254506132799,0.06593273103492436,0.14174727188097988,0.55,1.0,0.0,0.0,0.3937424218916108,0.19999999999999998,0.9100000000000001,0.0,1.0,13.157894736842104,crystal; delicate; fog; miniature; ornate,1.0,7.894736842105263,crystal; miniature; ornate,0.6666666666666666,5.2631578947368425,delicate; fog,1.0,crystal; miniature; ornate,0.75,0.25,the; fridge; push; aside; crisper; music; maker; metronome; slowly; begins; play; lilac-colored,the; begins; lilac-colored,0.14285714285714285,0.4,0.0,3,0,"As the fog, now a tiny, delicate, crystal, suspended in the air, begins to take on a life of its own, it gently wraps itself around the miniature, ornate, Victorian-era wooden cabinet, now a large, old, stone, and the lilac-colored piano tune, now a tiny, deli"
steer_alpha_0p66_c8_tok100_seed08_i_am_opening_the_fridge.json,steer_alpha_0p66,experiments/frontier_sweep_mundane_hub_ablation_smoke/steer_alpha_0p66_c8_tok100_seed08_i_am_opening_the_fridge.json,3,6,0,-0.11961199464886402,0.05638290560288335,0.11763944537114263,0.55,1.0,0.0,0.0,0.3699353628023353,0.05999999999999997,0.9730000000000001,0.0,1.0,18.181818181818183,crystal; delicate; ethereal; ghostly; miniature; mist,0.6666666666666666,6.0606060606060606,crystal; miniature,1.0,12.121212121212121,delicate; ethereal; ghostly; mist,0.75,crystal; miniature,0.5,0.5,the; fridge; push; aside; crisper; music; maker; metronome; slowly; begins; play; lilac-colored,the; begins,0.2857142857142857,0.4,0.0,1,0,"As the mist from the harmonium's bellows condenses into a tiny, delicate, crystal, it begins to slide off the harmonium and onto the countertop, where it leaves a faint, ethereal impression, like a ghostly, delicate footprint, as the miniature, Victorian-era w"
steer_alpha_0p66_c8_tok100_seed08_i_am_opening_the_fridge.json,steer_alpha_0p66,experiments/frontier_sweep_mundane_hub_ablation_smoke/steer_alpha_0p66_c8_tok100_seed08_i_am_opening_the_fridge.json,3,7,0,-0.9090250169033127,0.05417702400000001,0.11193600000000004,0.55,1.0,0.0,0.0,0.3520000000000001,0.05999999999999997,0.9730000000000001,0.0,1.0,9.090909090909092,crystal; delicate; mist,0.3333333333333333,3.0303030303030303,crystal,0.6666666666666666,6.0606060606060606,delicate; mist,0.35,crystal,0.75,0.25,the; fridge; push; aside; crisper; music; maker; metronome; slowly; begins; play; lilac-colored,the; slowly; begins,0.3333333333333333,0.4,0.0,1,0,"As the bellows of the harmonium continue to puff out a faint, wispy mist, the tiny, delicate, crystal, now a tiny, delicate, crystal chandelier, suspended above the harmonium, begins to slowly, almost imperceptibly, sway, its crystals refracting and reflecting"
steer_alpha_0p66_c8_tok100_seed08_i_am_opening_the_fridge.json,steer_alpha_0p66,experiments/frontier_sweep_mundane_hub_ablation_smoke/steer_alpha_0p66_c8_tok100_seed08_i_am_opening_the_fridge.json,3,8,0,-1.5859416219669074,0.0,0.11892043637265233,0.0,0.0,0.0,0.0,0.3964014545755078,0.0,1.0,0.0,1.0,14.285714285714286,antique; delicate; fog; ornate; porcelain,1.0,8.571428571428571,antique; ornate; porcelain,0.6666666666666666,5.714285714285714,delicate; fog,1.0,antique; ornate; porcelain,0.5,0.5,the; fridge; push; aside; crisper; music; maker; metronome; slowly; begins; play; lilac-colored,the; begins,0.2857142857142857,0.4,0.0,0,0,"As the bellows of the harmonium continue to puff out a misty, silver-gray fog that cools the countertops, a small, ornate, Victorian-era, ceramic urn begins to stir, its lid opening to reveal a tiny, delicate, porcelain-free, porcelain-free, antique automaton"
steer_alpha_0p77_c8_tok100_seed08_i_am_opening_the_fridge.json,steer_alpha_0p77,experiments/frontier_sweep_mundane_hub_ablation_smoke/steer_alpha_0p77_c8_tok100_seed08_i_am_opening_the_fridge.json,1,1,1,-1.1960420855598828,0.2488977842251457,0.5022657334782478,0.55,1.0,0.0,0.0,0.9476711952419768,0.05999999999999997,0.9730000000000001,0.0,1.0,10.0,antique; delicate; faded photograph,0.6666666666666666,6.666666666666667,antique; faded photograph,0.3333333333333333,3.3333333333333335,delicate,0.375,antique,0.0,1.0,the; fridge,,0.45,0.0,0.0,1,0,"As I pull out a dusty old typewriter, a faint hum, long-forgotten memories begin to stir, and a faded photograph slips out, revealing a faded couple, their eyes locked on a small, antique music, now a tiny, delicate bird."
steer_alpha_0p77_c8_tok100_seed08_i_am_opening_the_fridge.json,steer_alpha_0p77,experiments/frontier_sweep_mundane_hub_ablation_smoke/steer_alpha_0p77_c8_tok100_seed08_i_am_opening_the_fridge.json,1,2,0,-1.0986817044703108,0.08589227810714882,0.38516716639977056,0.25,0.0,1.0,0.0,0.7267305026410765,0.05999999999999997,0.9730000000000001,0.0,0.0,0.0,,0.0,0.0,,0.0,0.0,,0.0,,0.5,0.5,the; fridge,the,0.4,0.0,0.0,0,1,"I slowly lift out a dusty, old harmonica, and a forgotten photograph, which falls, revealing a faded, forgotten portrait of a woman with a kind, inanimate garden, in the background, begins to stir, its petals unfolding like a small, moss-covered, metal planter, where a tiny, old, brass teapot suddenly pours a fragrant, morning dew."
steer_alpha_0p77_c8_tok100_seed08_i_am_opening_the_fridge.json,steer_alpha_0p77,experiments/frontier_sweep_mundane_hub_ablation_smoke/steer_alpha_0p77_c8_tok100_seed08_i_am_opening_the_fridge.json,1,3,0,-1.965938073098282,0.0,0.3999730595376469,0.0,0.0,0.0,0.0,0.7546661500710319,0.05999999999999997,0.8630948275862069,0.0,0.3333333333333333,6.666666666666667,antique,0.3333333333333333,6.666666666666667,antique,0.0,0.0,,0.375,antique,0.0,1.0,the; fridge,,0.2,0.0,0.0,0,0,"A small, antique music maker sits beside a half-eaten sandwich and a forgotten bouquet of wilted flowers."
steer_alpha_0p77_c8_tok100_seed08_i_am_opening_the_fridge.json,steer_alpha_0p77,experiments/frontier_sweep_mundane_hub_ablation_smoke/steer_alpha_0p77_c8_tok100_seed08_i_am_opening_the_fridge.json,1,4,0,-0.9671004852484467,0.00287813109773982,0.43124050854037266,0.007407407407407408,0.0,0.0,0.037037037037037035,0.7187341809006211,0.19999999999999998,0.9100000000000001,0.0,0.6666666666666666,3.5714285714285716,antique; delicate,0.3333333333333333,1.7857142857142858,antique,0.3333333333333333,1.7857142857142858,delicate,0.375,antique,0.5,0.5,the; fridge,the,0.45,0.0,0.0,0,0,"The creaking, old wooden door slowly swings open, revealing a dimly lit interior where a small, dusty, stone statue of a satyr stands, its eyes gleed with dew, a faint, forgotten melody drifts out, and a forgotten umbrella, once a vibrant red, now faded and worn, leans against the shelf, beside a withered, antique globe, its surface etched with a delicate, cracked, hand-painted map."
steer_alpha_0p77_c8_tok100_seed08_i_am_opening_the_fridge.json,steer_alpha_0p77,experiments/frontier_sweep_mundane_hub_ablation_smoke/steer_alpha_0p77_c8_tok100_seed08_i_am_opening_the_fridge.json,1,5,0,0.6700334860481407,0.005947500852542542,0.3989753312421976,0.01741464815135329,0.0,0.0,0.08707324075676644,0.6649588854036627,0.19999999999999998,0.9100000000000001,0.0,0.6666666666666666,3.508771929824561,antique; melancholic,0.3333333333333333,1.7543859649122806,antique,0.3333333333333333,1.7543859649122806,melancholic,0.375,antique,1.0,0.0,the; fridge,the; fridge,0.2,0.0,0.0,0,0,"As the fridge's doors creak open, a forgotten umbrella, left behind by a sudden rainstorm, lies forgotten on the kitchen counter, its metal ribs slowly rusting, while a small, antique globe, adorned with intricate, fading maps, begins to slowly roll off and onto the floor, where it rolls toward the umbrella, coming to rest beside it, as a small, antique music stands up and begins to play a slow, melancholic melody."
steer_alpha_0p77_c8_tok100_seed08_i_am_opening_the_fridge.json,steer_alpha_0p77,experiments/frontier_sweep_mundane_hub_ablation_smoke/steer_alpha_0p77_c8_tok100_seed08_i_am_opening_the_fridge.json,1,6,0,-0.06749697989590309,0.0,0.41114892157376814,0.0,0.0,0.0,0.0,0.685248202622947,0.19999999999999998,0.9100000000000001,0.0,0.0,0.0,,0.0,0.0,,0.0,0.0,,0.0,,1.0,0.0,the; fridge,the; fridge,0.3,0.0,0.0,0,0,"A faint, forgotten photograph, once a family portrait, now clings to the fridge's interior, its subjects' eyes seeming to follow me as I push aside a half-eaten Tupper container, a half-eaten sandwich, and a carton of expired milk, a faded Polaroid of a summer afternoon and a faded, forgotten garden, where a tiny, forlaid gnome, clutching a tiny, tiny harmonica, plays a melancholy tune."
steer_alpha_0p77_c8_tok100_seed08_i_am_opening_the_fridge.json,steer_alpha_0p77,experiments/frontier_sweep_mundane_hub_ablation_smoke/steer_alpha_0p77_c8_tok100_seed08_i_am_opening_the_fridge.json,1,7,0,-1.4414859649122809,0.0,0.16703219814241485,0.0,0.0,0.0,0.0,0.4639783281733746,0.19999999999999998,0.9100000000000001,0.0,0.6666666666666666,5.882352941176471,faded photograph; ornate,0.6666666666666666,5.882352941176471,faded photograph; ornate,0.0,0.0,,0.325,ornate,0.0,1.0,the; fridge,,0.4,0.4,0.0,0,0,"As I slip inside, a faint hum, a soft, blue glow, and a tangle of green and silver ferns, a vintage radio, a dusty typewriter, a faded photograph of a woman with a kind smile, and a small, ornate wooden box, slightly ajar, emitting a wispy tendril of smoke, wh"
steer_alpha_0p77_c8_tok100_seed08_i_am_opening_the_fridge.json,steer_alpha_0p77,experiments/frontier_sweep_mundane_hub_ablation_smoke/steer_alpha_0p77_c8_tok100_seed08_i_am_opening_the_fridge.json,1,8,0,-1.7487165304839722,0.0,0.15611260842237584,0.0,0.0,0.0,0.0,0.4336461345065996,0.19999999999999998,0.9100000000000001,0.0,0.6666666666666666,5.405405405405405,antique; delicate,0.3333333333333333,2.7027027027027026,antique,0.3333333333333333,2.7027027027027026,delicate,0.375,antique,1.0,0.0,the; fridge,the; fridge,0.45,0.4,0.0,0,0,"As I pull out a dusty old typewriter, its keys creaking softly, a small, antique music stand emerges from the back of the fridge, its delicate, filigework glinting in the dim fridge light, beside a tattered, vintage suitcase, its worn, brass handle opening ont"
steer_alpha_0p77_c8_tok100_seed08_i_am_opening_the_fridge.json,steer_alpha_0p77,experiments/frontier_sweep_mundane_hub_ablation_smoke/steer_alpha_0p77_c8_tok100_seed08_i_am_opening_the_fridge.json,2,1,1,0.2647964316161253,0.24388368623188408,0.4942634057971015,0.55,1.0,0.0,0.0,0.932572463768116,0.05999999999999997,0.9730000000000001,0.0,1.0,14.285714285714286,antique; delicate; porcelain,0.6666666666666666,9.523809523809524,antique; porcelain,0.3333333333333333,4.761904761904762,delicate,0.875,antique; porcelain,0.5,0.5,the; fridge; pull; out; old; typewriter; hum; long-forgotten; memories; begin; stir; and,the; old,0.42857142857142855,0.0,0.0,1,0,"The bird, perched on a cracked, old porcelain, no longer holding, but instead, a small, antique harmonium, once a tiny, forgotten musician, now a tiny, delicate bird."
steer_alpha_0p77_c8_tok100_seed08_i_am_opening_the_fridge.json,steer_alpha_0p77,experiments/frontier_sweep_mundane_hub_ablation_smoke/steer_alpha_0p77_c8_tok100_seed08_i_am_opening_the_fridge.json,2,2,0,1.2761136191050295,0.10625874841234771,0.22170230667255858,0.55,1.0,0.0,0.0,0.6158397407571072,0.19999999999999998,0.9100000000000001,0.0,0.6666666666666666,5.0,delicate; miniature,0.3333333333333333,2.5,miniature,0.3333333333333333,2.5,delicate,0.4,miniature,1.0,0.0,the; fridge; pull; out; old; typewriter; hum; long-forgotten; memories; begin; stir; and,the; out; old; typewriter; and,0.2857142857142857,0.4,0.0,1,0,"The bird, now perched on the edge of a small, dusty, old, worn-out, wooden desk, its tiny, delicate wings beats steadily, as the typewriter, now a makeshift, makeshift, miniature, terrarium, holds a tiny, withered, dry, and wilted, long-fed, and, from its dept"
steer_alpha_0p77_c8_tok100_seed08_i_am_opening_the_fridge.json,steer_alpha_0p77,experiments/frontier_sweep_mundane_hub_ablation_smoke/steer_alpha_0p77_c8_tok100_seed08_i_am_opening_the_fridge.json,2,3,0,0.3089566286517625,0.06908108693855992,0.14202850541337278,0.5722222222222223,1.0,0.0,0.1111111111111111,0.39452362614825776,0.19999999999999998,0.9100000000000001,0.0,0.6666666666666666,5.405405405405405,antique; ethereal,0.3333333333333333,2.7027027027027026,antique,0.3333333333333333,2.7027027027027026,ethereal,0.375,antique,0.75,0.25,the; fridge; pull; out; old; typewriter; hum; long-forgotten; memories; begin; stir; and,the; out; typewriter,0.16666666666666666,0.4,0.0,1,0,"The typewriter, now free from my hands, rolls off the counter, onto the floor, where it becomes a makeshift bed for a small, antique, brass incubator, emitting a gentle, ethereal glow, as the bird, now perched on the typewriter's keys, begins to tap out a rhyt"
steer_alpha_0p77_c8_tok100_seed08_i_am_opening_the_fridge.json,steer_alpha_0p77,experiments/frontier_sweep_mundane_hub_ablation_smoke/steer_alpha_0p77_c8_tok100_seed08_i_am_opening_the_fridge.json,2,4,0,-0.029115700018325308,0.0,0.391992581775701,0.0,0.0,0.0,0.0,0.7396086448598131,0.05999999999999997,0.9730000000000001,0.0,1.0,12.5,antique; delicate; ivory; miniature,1.0,9.375,antique; ivory; miniature,0.3333333333333333,3.125,delicate,1.0,antique; ivory; miniature,0.5,0.5,the; fridge; pull; out; old; typewriter; hum; long-forgotten; memories; begin; stir; and,the; old,0.6666666666666666,0.0,0.0,0,0,"As the bird takes flight, a small, antique gramophone materializes, its delicate, ivory lid opening to reveal a miniature, dusty, old record, where a faint, silver needle, with a delicate, golden finial, begins to rotate, slowly, in a spiral of morning dew."
steer_alpha_0p77_c8_tok100_seed08_i_am_opening_the_fridge.json,steer_alpha_0p77,experiments/frontier_sweep_mundane_hub_ablation_smoke/steer_alpha_0p77_c8_tok100_seed08_i_am_opening_the_fridge.json,2,5,0,0.7600675307077007,0.0,0.14463899254845608,0.0,0.0,0.0,0.0,0.40177497930126693,0.19999999999999998,0.9100000000000001,0.0,0.6666666666666666,5.2631578947368425,melancholic; miniature,0.3333333333333333,2.6315789473684212,miniature,0.3333333333333333,2.6315789473684212,melancholic,0.4,miniature,0.75,0.25,the; fridge; pull; out; old; typewriter; hum; long-forgotten; memories; begin; stir; and,the; typewriter; hum,0.14285714285714285,0.4,0.0,0,0,"The bird, now perched on the edge of a miniature, vintage-style postal scale, it begins to sing a soft, melancholic melody that harmonizes with the hum of the typewriter, as the faded couple's eyes, now open, seem to watch the bird, their lips, once a gentle"
steer_alpha_0p77_c8_tok100_seed08_i_am_opening_the_fridge.json,steer_alpha_0p77,experiments/frontier_sweep_mundane_hub_ablation_smoke/steer_alpha_0p77_c8_tok100_seed08_i_am_opening_the_fridge.json,2,6,0,0.6793589474887702,0.001281053744913811,0.13078736842105265,0.011626035357905996,0.0,0.0,0.05813017678952998,0.3632982456140351,0.19999999999999998,0.9100000000000001,0.0,0.0,0.0,,0.0,0.0,,0.0,0.0,,0.0,,1.0,0.0,the; fridge; pull; out; old; typewriter; hum; long-forgotten; memories; begin; stir; and,the; old; typewriter; hum; and,0.125,0.4,0.0,0,0,"The bird, now perched on the edge of a small, worn, and cracked plate, it begins to sing a melody that harmonizes with the hum of the typewriter, as the couple from the photograph, now standing in the doorway, their eyes never leaving the bird, a old, worn, an"
steer_alpha_0p77_c8_tok100_seed08_i_am_opening_the_fridge.json,steer_alpha_0p77,experiments/frontier_sweep_mundane_hub_ablation_smoke/steer_alpha_0p77_c8_tok100_seed08_i_am_opening_the_fridge.json,2,7,0,-1.062715880796763,9.406498888888899e-05,0.008398659722222231,0.013333333333333334,0.0,0.0,0.06666666666666667,0.10564351851851861,0.05999999999999997,0.9730000000000001,0.0,0.6666666666666666,5.714285714285714,iridescent; melancholic,0.0,0.0,,0.6666666666666666,5.714285714285714,iridescent; melancholic,0.0,,0.25,0.75,the; fridge; pull; out; old; typewriter; hum; long-forgotten; memories; begin; stir; and,the,0.1111111111111111,0.85,0.0,0,0,"As I gently blow off the dust, the bird takes flight, its iridescent feathers shimmering in the dim refrigerator light, where a small, forgotten umbrella, its ribs creaking with a soft, melancholic sigh, slowly opens, casting a tiny, intricate shadow on the sh"
steer_alpha_0p77_c8_tok100_seed08_i_am_opening_the_fridge.json,steer_alpha_0p77,experiments/frontier_sweep_mundane_hub_ablation_smoke/steer_alpha_0p77_c8_tok100_seed08_i_am_opening_the_fridge.json,2,8,0,-0.9572278894384232,4.292206746741657e-06,0.0012695259391771099,0.0038095238095238095,0.0,0.0,0.019047619047619046,0.014105843768634552,0.19999999999999998,0.9100000000000001,0.0,0.3333333333333333,2.5,ivory,0.3333333333333333,2.5,ivory,0.0,0.0,,0.3,ivory,0.75,0.25,the; fridge; pull; out; old; typewriter; hum; long-forgotten; memories; begin; stir; and,the; old; and,0.375,0.85,0.0,0,0,"The bird, now perched on the edge of a small, old, worn, and wooden, hand-carved wooden table, a faded, worn, and cracked, old, ivory, inlaid with mother of pearl, beside a, where a, a small, forgotten, brass, metal, with intricate, etched, a, a, a small, forgotten, terrarium, teems with, a, a, a, and, a, a, a, a, a"
steer_alpha_0p77_c8_tok100_seed08_i_am_opening_the_fridge.json,steer_alpha_0p77,experiments/frontier_sweep_mundane_hub_ablation_smoke/steer_alpha_0p77_c8_tok100_seed08_i_am_opening_the_fridge.json,3,1,1,0.2631278609441772,0.10072110200107158,0.21171014608738112,0.55,1.0,0.0,0.0,0.5880837391316143,0.19999999999999998,0.9100000000000001,0.0,0.6666666666666666,5.128205128205129,melancholic; ornate,0.3333333333333333,2.5641025641025643,ornate,0.3333333333333333,2.5641025641025643,melancholic,0.325,ornate,0.75,0.25,the; fridge; pull; out; old; typewriter; hum; long-forgotten; memories; begin; stir; and,the; old; and,0.25,0.4,0.0,2,0,"As the bird, now perched on the harmonium, begins to sing a soft, melancholic melody, the couple's eyes, now a pair of old, dusty, ornate frames, slide open, and two old, withered lips, once a woman's, now a old, withered hand, begins to delicately paint a min"
steer_alpha_0p77_c8_tok100_seed08_i_am_opening_the_fridge.json,steer_alpha_0p77,experiments/frontier_sweep_mundane_hub_ablation_smoke/steer_alpha_0p77_c8_tok100_seed08_i_am_opening_the_fridge.json,3,2,0,-0.9469708072933374,0.060585413304149224,0.12734716406547392,0.55,1.0,0.0,0.0,0.42449054688491306,0.0,1.0,0.0,0.3333333333333333,2.7027027027027026,delicate,0.0,0.0,,0.3333333333333333,2.7027027027027026,delicate,0.0,,1.0,0.0,the; fridge; pull; out; old; typewriter; hum; long-forgotten; memories; begin; stir; and,the; out; typewriter; begin; and,0.25,0.4,0.0,1,0,"As I gently lift the bird into the air, it begins to sing a soft, melancholy melody, and the typewriter, once a dusty, forgotten machine, now suddenly springs to life, its keys clacking out a staccato rhythm, and the harmonium, now a tiny, delicate bird, begin"
steer_alpha_0p77_c8_tok100_seed08_i_am_opening_the_fridge.json,steer_alpha_0p77,experiments/frontier_sweep_mundane_hub_ablation_smoke/steer_alpha_0p77_c8_tok100_seed08_i_am_opening_the_fridge.json,3,3,0,-1.295454813143599,0.059618899792921544,0.12935322150774906,0.55,1.0,0.0,0.0,0.406771136816821,0.05999999999999997,0.9730000000000001,0.0,1.0,7.894736842105263,delicate; ethereal; melancholic,0.0,0.0,,1.0,7.894736842105263,delicate; ethereal; melancholic,0.0,,0.75,0.25,the; fridge; pull; out; old; typewriter; hum; long-forgotten; memories; begin; stir; and,the; old; and,0.1,0.4,0.0,1,0,"As I gently blow away the dust, the harmonium's lid creaks open, and the bird, now a tiny, delicate robin, begins to sing a soft, melancholic melody, its trills and warbles weaving a gentle, ethereal harmony that fills the kitchen, where a small, old, rusty st"
steer_alpha_0p77_c8_tok100_seed08_i_am_opening_the_fridge.json,steer_alpha_0p77,experiments/frontier_sweep_mundane_hub_ablation_smoke/steer_alpha_0p77_c8_tok100_seed08_i_am_opening_the_fridge.json,3,4,0,-0.8201406627013132,0.05895063652437483,0.11909219499873704,0.55,1.0,0.0,0.0,0.3969739833291235,0.0,1.0,0.0,1.0,8.108108108108109,antique; melancholic; ornate,0.6666666666666666,5.405405405405405,antique; ornate,0.3333333333333333,2.7027027027027026,melancholic,0.7,antique; ornate,1.0,0.0,the; fridge; pull; out; old; typewriter; hum; long-forgotten; memories; begin; stir; and,the; fridge; old; typewriter; and,0.4444444444444444,0.4,0.0,1,0,"As the bird, now perched on the typewriter, begins to sing a soft, melancholic melody, the dusty old typewriter creaks and groans, and the fridge, now a small, old, wooden cabinet, emits a faint, misty rain, and a small, ornate, antique, copper kett, no longer"
steer_alpha_0p77_c8_tok100_seed08_i_am_opening_the_fridge.json,steer_alpha_0p77,experiments/frontier_sweep_mundane_hub_ablation_smoke/steer_alpha_0p77_c8_tok100_seed08_i_am_opening_the_fridge.json,3,5,0,-1.087042133307191,0.055623027777777785,0.11492361111111113,0.55,1.0,0.0,0.0,0.3830787037037038,0.0,1.0,0.0,1.0,11.11111111111111,delicate; faded photograph; mist; silver mist,0.3333333333333333,2.7777777777777777,faded photograph,1.0,8.333333333333334,delicate; mist; silver mist,0.0,,0.75,0.25,the; fridge; pull; out; old; typewriter; hum; long-forgotten; memories; begin; stir; and,the; old; typewriter,0.3333333333333333,0.4,0.0,3,0,"As the bird, now a delicate, mechanical creature, begins to sing, the harmonium, now a tiny, delicate violin, begins to weep, releasing a soft, silver mist that gently, slowly, slowly settles over the dusty old typewriter, where the faded photograph, now a tin"
steer_alpha_0p77_c8_tok100_seed08_i_am_opening_the_fridge.json,steer_alpha_0p77,experiments/frontier_sweep_mundane_hub_ablation_smoke/steer_alpha_0p77_c8_tok100_seed08_i_am_opening_the_fridge.json,3,6,0,-0.6978323991249031,0.0,0.1726627358490566,0.0,0.0,0.0,0.0,0.5755424528301887,0.0,1.0,0.0,0.3333333333333333,2.7777777777777777,velvet,0.3333333333333333,2.7777777777777777,velvet,0.0,0.0,,0.375,velvet,0.75,0.25,the; fridge; pull; out; old; typewriter; hum; long-forgotten; memories; begin; stir; and,the; old; and,0.2222222222222222,0.4,0.0,0,0,"As the bird takes flight, it carries with it a small, worn, and weathered, old, wooden suitcase, adorned with intricate, faded, golden filigework, and a faded, old, velvet, that once belonged to a young girl, who, with the bird, it gently, and with an air of r"
steer_alpha_0p77_c8_tok100_seed08_i_am_opening_the_fridge.json,steer_alpha_0p77,experiments/frontier_sweep_mundane_hub_ablation_smoke/steer_alpha_0p77_c8_tok100_seed08_i_am_opening_the_fridge.json,3,7,0,-1.0198948813983715,0.00992552849264706,0.020051572712418305,0.55,1.0,0.0,0.0,0.26735430283224404,0.0,1.0,0.0,1.0,8.823529411764707,delicate; faded photograph; melancholic,0.3333333333333333,2.9411764705882355,faded photograph,0.6666666666666666,5.882352941176471,delicate; melancholic,0.0,,0.75,0.25,the; fridge; pull; out; old; typewriter; hum; long-forgotten; memories; begin; stir; and,the; old; typewriter,0.4444444444444444,0.85,0.0,3,0,"The harmonium, once a tiny, forgotten musician, now a tiny, delicate bird, begins to sing a soft, melancholic melody, as the dusty old typewriter, now a makeshift perch, cradles a worn, faded photograph, once a forgotten couple, now a tiny, delicate bird, with"
steer_alpha_0p77_c8_tok100_seed08_i_am_opening_the_fridge.json,steer_alpha_0p77,experiments/frontier_sweep_mundane_hub_ablation_smoke/steer_alpha_0p77_c8_tok100_seed08_i_am_opening_the_fridge.json,3,8,0,-2.3974264463958868,0.0019228845747406187,0.004149737415140262,0.55,1.0,0.0,0.0,0.055329832201870155,0.0,1.0,0.0,0.0,0.0,,0.0,0.0,,0.0,0.0,,0.0,,0.5,0.5,the; fridge; pull; out; old; typewriter; hum; long-forgotten; memories; begin; stir; and,the; and,0.125,0.85,0.0,1,0,"As I blow off dust and a puff of forgotten dust, the harmonium creaks back to life, its metal lips, once a gentle, forgotten singer, now a beak, begins to trill an eerie, forgotten melody, a melancholy, forgotten song, that echoes, off the walls, and onto the"
steer_alpha_0p82_c8_tok100_seed08_i_am_opening_the_fridge.json,steer_alpha_0p82,experiments/frontier_sweep_mundane_hub_ablation_smoke/steer_alpha_0p82_c8_tok100_seed08_i_am_opening_the_fridge.json,1,1,1,-1.5810122955207562,0.046510665327138614,0.20648464074201384,0.25,0.0,1.0,0.0,0.6493227696289743,0.05999999999999997,0.9730000000000001,0.0,1.0,12.121212121212121,antique; delicate; miniature; porcelain,1.0,9.090909090909092,antique; miniature; porcelain,0.3333333333333333,3.0303030303030303,delicate,1.0,antique; miniature; porcelain,0.0,1.0,the; fridge,,0.45,0.4,0.0,0,2,"As I pull out a dusty old harmonica, a faint, forgotten melody stirs, and a small, delicate, antique music cabinet, tucked between shelves, stirs to life, its doors creaking open, revealing a miniature, intricate, Victorian-style organ, where a porcelain-free"
steer_alpha_0p82_c8_tok100_seed08_i_am_opening_the_fridge.json,steer_alpha_0p82,experiments/frontier_sweep_mundane_hub_ablation_smoke/steer_alpha_0p82_c8_tok100_seed08_i_am_opening_the_fridge.json,1,2,0,-0.8056495497791372,0.08215888411314982,0.16746613149847092,0.55,1.0,0.0,0.0,0.4651836986068637,0.19999999999999998,0.9100000000000001,0.0,1.0,8.333333333333334,antique; delicate; miniature,0.6666666666666666,5.555555555555555,antique; miniature,0.3333333333333333,2.7777777777777777,delicate,0.775,antique; miniature,0.5,0.5,the; fridge,the,0.4,0.4,0.0,1,0,"A small, antique wooden door, previously tucked between the shelves, now swings open, revealing a miniature, dusty, moss-covered, stone statue of a woman, her eyes gleed with dew, as a forgotten key, now a small, delicate bird, takes flight, and a faint, flick"
steer_alpha_0p82_c8_tok100_seed08_i_am_opening_the_fridge.json,steer_alpha_0p82,experiments/frontier_sweep_mundane_hub_ablation_smoke/steer_alpha_0p82_c8_tok100_seed08_i_am_opening_the_fridge.json,1,3,0,-2.713817251461988,0.0,0.48047880116959063,0.0,0.0,0.0,0.0,0.9609576023391813,0.0,1.0,0.0,0.3333333333333333,3.7037037037037037,antique,0.3333333333333333,3.7037037037037037,antique,0.0,0.0,,0.375,antique,0.5,0.5,the; fridge,the,0.1,0.0,0.0,0,0,"The refrigerator hums softly, a gentle purr, its metal exterior glews with dew, and a small, antique globe, a family heirloom, slowly rotates, its pale face tracing a slow, silky path."
steer_alpha_0p82_c8_tok100_seed08_i_am_opening_the_fridge.json,steer_alpha_0p82,experiments/frontier_sweep_mundane_hub_ablation_smoke/steer_alpha_0p82_c8_tok100_seed08_i_am_opening_the_fridge.json,1,4,0,-1.711740362265283,0.0,0.43465681416497953,0.0,0.0,0.0,0.0,0.7244280236082993,0.19999999999999998,0.9100000000000001,0.0,0.3333333333333333,3.0303030303030303,faded photograph,0.3333333333333333,3.0303030303030303,faded photograph,0.0,0.0,,0.0,,0.0,1.0,the; fridge,,0.2,0.0,0.0,0,0,"A faded photograph of a woman, once a perfect, golden-brown, now slightly ajar, revealing a tangle of forgotten vegetables, a withered, wilted flower, and a faded, almost illegible, handwritten note that reads, 'For a friend in a far-off shore'."
steer_alpha_0p82_c8_tok100_seed08_i_am_opening_the_fridge.json,steer_alpha_0p82,experiments/frontier_sweep_mundane_hub_ablation_smoke/steer_alpha_0p82_c8_tok100_seed08_i_am_opening_the_fridge.json,1,5,0,-1.5503010923753664,0.0,0.4644825268817204,0.0,0.0,0.0,0.0,0.9289650537634409,0.0,0.9454583333333334,0.0,0.3333333333333333,6.25,antique,0.3333333333333333,6.25,antique,0.0,0.0,,0.375,antique,0.0,1.0,the; fridge,,0.3,0.0,0.0,0,0,"As I pull out a dusty old violin, a small, antique music stands up, its legs, now holding a tiny, antique harmonium."
steer_alpha_0p82_c8_tok100_seed08_i_am_opening_the_fridge.json,steer_alpha_0p82,experiments/frontier_sweep_mundane_hub_ablation_smoke/steer_alpha_0p82_c8_tok100_seed08_i_am_opening_the_fridge.json,1,6,0,-0.39232687254403625,0.0,0.15706047299552406,0.0,0.0,0.0,0.0,0.4362790916542335,0.19999999999999998,0.9100000000000001,0.0,0.3333333333333333,2.7027027027027026,miniature,0.3333333333333333,2.7027027027027026,miniature,0.0,0.0,,0.4,miniature,1.0,0.0,the; fridge,the; fridge,0.3,0.4,0.0,0,0,"A faint, forgotten recipe, once a menu, now clings to the inside of the fridge, its ink still wet from where a child, with a smudge of lipstick, had scribbled a crude, child's drawing of a miniature, topless, topless, woman with one leg, and a tiny, withered f"
steer_alpha_0p82_c8_tok100_seed08_i_am_opening_the_fridge.json,steer_alpha_0p82,experiments/frontier_sweep_mundane_hub_ablation_smoke/steer_alpha_0p82_c8_tok100_seed08_i_am_opening_the_fridge.json,1,7,0,-2.090049833887043,0.0,0.15398790697674417,0.0,0.0,0.0,0.0,0.42774418604651165,0.19999999999999998,0.9100000000000001,0.0,0.3333333333333333,2.857142857142857,antique,0.3333333333333333,2.857142857142857,antique,0.0,0.0,,0.375,antique,0.0,1.0,the; fridge,,0.4,0.4,0.0,0,0,"My hand, ajar, slowly, creaks open a small, rusty gate, which swings open, revealing a tiny, antique harmonium, surrounded by a tangle of overgrown, ferns and a forgotten, old, metal tub, where a tea set steeps, and a small, antique, wooden door, slightly ajar"
steer_alpha_0p82_c8_tok100_seed08_i_am_opening_the_fridge.json,steer_alpha_0p82,experiments/frontier_sweep_mundane_hub_ablation_smoke/steer_alpha_0p82_c8_tok100_seed08_i_am_opening_the_fridge.json,1,8,0,-1.6062099845628448,0.0,0.14074270625426144,0.0,0.0,0.0,0.0,0.3909519618173929,0.19999999999999998,0.9100000000000001,0.0,1.0,11.428571428571429,antique; iridescent; miniature; ornate,1.0,8.571428571428571,antique; miniature; ornate,0.3333333333333333,2.857142857142857,iridescent,1.0,antique; miniature; ornate,0.5,0.5,the; fridge,the,0.3,0.4,0.0,0,0,"As the door creaks open, a faint hum, a lone humming bee flies out, its iridescent wings reflecting the faint, fluorescent glow of a single, forgotten fluorescent light, above the miniature, antique safe, inside which, a miniature, ornate, Victorian-style safe"
steer_alpha_0p82_c8_tok100_seed08_i_am_opening_the_fridge.json,steer_alpha_0p82,experiments/frontier_sweep_mundane_hub_ablation_smoke/steer_alpha_0p82_c8_tok100_seed08_i_am_opening_the_fridge.json,2,1,1,-0.7311825104507998,0.03916380033825964,0.1852341907890659,0.25,0.0,1.0,0.0,0.6174473026302196,0.0,1.0,0.0,1.0,11.428571428571429,antique; delicate; fog; ornate,0.6666666666666666,5.714285714285714,antique; ornate,0.6666666666666666,5.714285714285714,delicate; fog,0.7,antique; ornate,0.75,0.25,the; fridge; pull; out; old; harmonica; melody; stirs; and; music; cabinet; tucked,the; harmonica; and,0.14285714285714285,0.4,0.0,0,1,"As the harmonica's melancholy tune weeps, the Victorian-style organ, its brass pipes humming with a soft, golden light, and a small, antique, ornate, copper kettle, already boiling, its steam hissing, misty morning fog, a small, antique, delicate, filigework"
steer_alpha_0p82_c8_tok100_seed08_i_am_opening_the_fridge.json,steer_alpha_0p82,experiments/frontier_sweep_mundane_hub_ablation_smoke/steer_alpha_0p82_c8_tok100_seed08_i_am_opening_the_fridge.json,2,2,0,-0.1291794305712281,0.06425074332433893,0.14246284550851201,0.55,1.0,0.0,0.0,0.44799636952362265,0.05999999999999997,0.9730000000000001,0.0,0.3333333333333333,2.9411764705882355,iridescent,0.0,0.0,,0.3333333333333333,2.9411764705882355,iridescent,0.0,,0.5,0.5,the; fridge; pull; out; old; harmonica; melody; stirs; and; music; cabinet; tucked,the; harmonica,0.0,0.4,0.0,1,0,"A small, bespectaced, top-hatted, elderly man, with a paint-splattered apron, emerges from the organ, its pipes vibrating with an otherworldly, iridescent glow, as the harmonica player, now a diminutive, mischievous imp, perches on the edge of a nearby, worn"
steer_alpha_0p82_c8_tok100_seed08_i_am_opening_the_fridge.json,steer_alpha_0p82,experiments/frontier_sweep_mundane_hub_ablation_smoke/steer_alpha_0p82_c8_tok100_seed08_i_am_opening_the_fridge.json,2,3,0,-0.530277162268298,0.12814214758005896,0.19533863960374842,0.8,1.0,1.0,0.0,0.6511287986791614,0.0,1.0,0.0,1.0,9.090909090909092,ethereal; haunting; miniature,0.3333333333333333,3.0303030303030303,miniature,0.6666666666666666,6.0606060606060606,ethereal; haunting,0.4,miniature,0.75,0.25,the; fridge; pull; out; old; harmonica; melody; stirs; and; music; cabinet; tucked,the; harmonica; and,0.0,0.4,0.0,1,1,"A slender, bespectaced, elderly woman, with a mischievous grin, winds the miniature, Victorian-style organ, and a wispy, ethereal voice, like a sigh, sings a haunting, wordless aria, as the harmonica, now a tiny, functioning, brass, and playing a staccato, dis"
steer_alpha_0p82_c8_tok100_seed08_i_am_opening_the_fridge.json,steer_alpha_0p82,experiments/frontier_sweep_mundane_hub_ablation_smoke/steer_alpha_0p82_c8_tok100_seed08_i_am_opening_the_fridge.json,2,4,0,0.6441294649292573,0.030160920690951963,0.1344214767977709,0.26212121212121214,0.0,1.0,0.06060606060606061,0.3733929911049192,0.19999999999999998,0.9100000000000001,0.0,0.3333333333333333,2.7777777777777777,miniature,0.3333333333333333,2.7777777777777777,miniature,0.0,0.0,,0.4,miniature,1.0,0.0,the; fridge; pull; out; old; harmonica; melody; stirs; and; music; cabinet; tucked,the; harmonica; melody; and; music; cabinet,0.2,0.4,0.0,0,2,"A small, forgotten key, once belonging to the miniature organ, now lies on the floor, as the harmonica's forgotten melody weeps, and the music cabinet's doors, now slightly ajar, seem to whisper a forgotten sonata, while a thin, forgotten sheet of paper, with"
steer_alpha_0p82_c8_tok100_seed08_i_am_opening_the_fridge.json,steer_alpha_0p82,experiments/frontier_sweep_mundane_hub_ablation_smoke/steer_alpha_0p82_c8_tok100_seed08_i_am_opening_the_fridge.json,2,5,0,0.08703127573474073,0.0,0.1937581354986673,0.0,0.0,0.0,0.0,0.6458604516622244,0.0,1.0,0.0,0.6666666666666666,5.555555555555555,delicate; iridescent,0.0,0.0,,0.6666666666666666,5.555555555555555,delicate; iridescent,0.0,,0.5,0.5,the; fridge; pull; out; old; harmonica; melody; stirs; and; music; cabinet; tucked,the; old,0.42857142857142855,0.4,0.0,0,0,"A small, forgotten key, half-buried in the damp, dew-kissed grass, slowly, a tiny, iridescent dragon, with delicate, gilded wings, unfurls, its scales shimmering, as a small, dusty, old pianist, with eyes closed, begins to play a nocturnal, silver-gray, old, V"
steer_alpha_0p82_c8_tok100_seed08_i_am_opening_the_fridge.json,steer_alpha_0p82,experiments/frontier_sweep_mundane_hub_ablation_smoke/steer_alpha_0p82_c8_tok100_seed08_i_am_opening_the_fridge.json,2,6,0,0.19441519452881267,0.001323397649892412,0.18777939626851795,0.008333333333333333,0.0,0.0,0.041666666666666664,0.6259313208950599,0.0,1.0,0.0,1.0,19.444444444444443,delicate; ethereal; mist; music box; ornate; silver mist; velvet,1.0,8.333333333333334,music box; ornate; velvet,1.0,11.11111111111111,delicate; ethereal; mist; silver mist,1.0,music box; ornate; velvet,1.0,0.0,the; fridge; pull; out; old; harmonica; melody; stirs; and; music; cabinet; tucked,the; harmonica; and; music; tucked,0.14285714285714285,0.4,0.0,0,0,"A small, dusty, Victorian-style organ, with delicate, etched copper pipes, exhales a wispy, silver mist, as the harmonica, now humming a soft, ethereal tune, seems to levitate, and a small, velvet-covered, ornate, silver music box, that had been tucked between"
steer_alpha_0p82_c8_tok100_seed08_i_am_opening_the_fridge.json,steer_alpha_0p82,experiments/frontier_sweep_mundane_hub_ablation_smoke/steer_alpha_0p82_c8_tok100_seed08_i_am_opening_the_fridge.json,2,7,0,0.12842041091473938,0.0,0.2080124927459773,0.0,0.0,0.0,0.0,0.577812479849937,0.19999999999999998,0.9100000000000001,0.0,1.0,11.764705882352942,antique; delicate; miniature; ornate,1.0,8.823529411764707,antique; miniature; ornate,0.3333333333333333,2.9411764705882355,delicate,1.0,antique; miniature; ornate,0.25,0.75,the; fridge; pull; out; old; harmonica; melody; stirs; and; music; cabinet; tucked,and,0.16666666666666666,0.4,0.0,0,0,"A small, grimy, Victorian-style organ, where a small, mechanical, brass-encrusted, ornate, antique organ, with a tiny, delicate, hand-carved, wooden door, creaks open, to reveal a miniature, Victorian-era, ornate, mother, made of copper and brass, gently rocks"
steer_alpha_0p82_c8_tok100_seed08_i_am_opening_the_fridge.json,steer_alpha_0p82,experiments/frontier_sweep_mundane_hub_ablation_smoke/steer_alpha_0p82_c8_tok100_seed08_i_am_opening_the_fridge.json,2,8,0,-0.49885521655077975,0.0,0.13331592486982397,0.0,0.0,0.0,0.0,0.44438641623274655,0.0,1.0,0.0,1.0,8.108108108108109,antique; delicate; ornate,0.6666666666666666,5.405405405405405,antique; ornate,0.3333333333333333,2.7027027027027026,delicate,0.7,antique; ornate,0.5,0.5,the; fridge; pull; out; old; harmonica; melody; stirs; and; music; cabinet; tucked,the; and,0.16666666666666666,0.4,0.0,0,0,"A small, ornate, golden snail slowly emerges from a crack in the wall, its shell glistening with dew, as a faded, vintage, floral-patterned tablecloth, once a centerpiece for a long-dead tea party, falls, and a delicate, antique tea set, once a trellis, begins"
steer_alpha_0p82_c8_tok100_seed08_i_am_opening_the_fridge.json,steer_alpha_0p82,experiments/frontier_sweep_mundane_hub_ablation_smoke/steer_alpha_0p82_c8_tok100_seed08_i_am_opening_the_fridge.json,3,1,1,-0.6529096382897142,0.08286322730830312,0.17882541636536955,0.55,1.0,0.0,0.0,0.562344076620659,0.05999999999999997,0.9730000000000001,0.0,0.6666666666666666,5.2631578947368425,delicate; fog,0.0,0.0,,0.6666666666666666,5.2631578947368425,delicate; fog,0.0,,1.0,0.0,the; fridge; pull; out; old; harmonica; melody; stirs; and; music; cabinet; tucked,the; harmonica; melody; and,0.125,0.4,0.0,4,0,"As the Victorian-style organ's melody, now a gentle, lilting walt, the fog, now a misty, silver-gray, and the kettle, now a tiny, delicate, filigework, begins to change, its copper, now a warm, golden, and the harmonica, now a small, delicate, brass, where a s"
steer_alpha_0p82_c8_tok100_seed08_i_am_opening_the_fridge.json,steer_alpha_0p82,experiments/frontier_sweep_mundane_hub_ablation_smoke/steer_alpha_0p82_c8_tok100_seed08_i_am_opening_the_fridge.json,3,2,0,-1.2086807660010908,0.0736732463467688,0.15838842887818846,0.55,1.0,0.0,0.0,0.5279614295939615,0.0,1.0,0.0,1.0,11.764705882352942,antique; delicate; iridescent; miniature,0.6666666666666666,5.882352941176471,antique; miniature,0.6666666666666666,5.882352941176471,delicate; iridescent,0.775,antique; miniature,0.5,0.5,the; fridge; pull; out; old; harmonica; melody; stirs; and; music; cabinet; tucked,the; out,0.14285714285714285,0.4,0.0,1,0,"As the Victorian-style organ's gentle, golden light illuminates a small, antique, delicate, filigework kettle, its steam, now a tiny, iridescent, miniature, steam engine, puffing out a miniature, delicate, Victorian-style, copper kettle, its steam hissing, mis"
steer_alpha_0p82_c8_tok100_seed08_i_am_opening_the_fridge.json,steer_alpha_0p82,experiments/frontier_sweep_mundane_hub_ablation_smoke/steer_alpha_0p82_c8_tok100_seed08_i_am_opening_the_fridge.json,3,3,0,-1.7171947230505102,0.07395583870967742,0.15635483870967742,0.55,1.0,0.0,0.0,0.5211827956989248,0.0,1.0,0.0,1.0,8.333333333333334,antique; delicate; fog,0.3333333333333333,2.7777777777777777,antique,0.6666666666666666,5.555555555555555,delicate; fog,0.375,antique,0.5,0.5,the; fridge; pull; out; old; harmonica; melody; stirs; and; music; cabinet; tucked,the; and,0.2222222222222222,0.4,0.0,1,0,"As the fog, now a damp, gray, and misty veil, shrouds the kitchen, the kettle, now a tiny, delicate, and delicate, filigework, a small, antique, copper kettle, still hisses, steam curling, misty, morning fog, a small, antique, delicate, filigework, where a tin"
steer_alpha_0p82_c8_tok100_seed08_i_am_opening_the_fridge.json,steer_alpha_0p82,experiments/frontier_sweep_mundane_hub_ablation_smoke/steer_alpha_0p82_c8_tok100_seed08_i_am_opening_the_fridge.json,3,4,0,-0.17288147299723094,0.07094894441375141,0.1525315144030282,0.55,1.0,0.0,0.0,0.47965885032398803,0.05999999999999997,0.9730000000000001,0.0,1.0,10.256410256410257,delicate; ethereal; fog; ornate,0.3333333333333333,2.5641025641025643,ornate,1.0,7.6923076923076925,delicate; ethereal; fog,0.325,ornate,0.5,0.5,the; fridge; pull; out; old; harmonica; melody; stirs; and; music; cabinet; tucked,the; and,0.14285714285714285,0.4,0.0,1,0,"As the fog thicker, the kettle, now a tiny, tiny, tin kettle, now on a tiny, ornate, delicate, filigework, where tiny, delicate, twisted, copper tendrils, like tiny, ethereal, silver vines, unfurl, and, from the kettle's spout, a tiny, delicate, gargo-like fac"
steer_alpha_0p82_c8_tok100_seed08_i_am_opening_the_fridge.json,steer_alpha_0p82,experiments/frontier_sweep_mundane_hub_ablation_smoke/steer_alpha_0p82_c8_tok100_seed08_i_am_opening_the_fridge.json,3,5,0,-0.13289146002381264,0.0,0.1494553562653563,0.0,0.0,0.0,0.0,0.4151537674037675,0.19999999999999998,0.9100000000000001,0.0,1.0,11.428571428571429,antique; delicate; fog; ornate,0.6666666666666666,5.714285714285714,antique; ornate,0.6666666666666666,5.714285714285714,delicate; fog,0.7,antique; ornate,0.25,0.75,the; fridge; pull; out; old; harmonica; melody; stirs; and; music; cabinet; tucked,the,0.42857142857142855,0.4,0.0,0,0,"As the organ's melancholy hymn fills the kitchen, a small, antique, ornate, copper kettle, already boiling, its steam hises, misty morning fog, a small, antique, delicate, filigework, suspended in mid-air, amidst a tangle of forgotten umbrellas, a tiny, antiqu"
steer_alpha_0p82_c8_tok100_seed08_i_am_opening_the_fridge.json,steer_alpha_0p82,experiments/frontier_sweep_mundane_hub_ablation_smoke/steer_alpha_0p82_c8_tok100_seed08_i_am_opening_the_fridge.json,3,6,0,-0.2042950262317182,0.0,0.1272162639584982,0.0,0.0,0.0,0.0,0.40005114452357926,0.05999999999999997,0.9730000000000001,0.0,1.0,8.823529411764707,delicate; miniature; porcelain,0.6666666666666666,5.882352941176471,miniature; porcelain,0.3333333333333333,2.9411764705882355,delicate,0.9,miniature; porcelain,0.5,0.5,the; fridge; pull; out; old; harmonica; melody; stirs; and; music; cabinet; tucked,the; and,0.14285714285714285,0.4,0.0,0,0,"As the Victorian-style organ's hum grows louder, a tiny, dusty, porcelain-free, delicate, filigework kettle, adorned with intricate, miniature, Victorian-style, copper-colored, floral pattern, slowly begins to slide from the organ, and, as it moves, a small, a"
steer_alpha_0p82_c8_tok100_seed08_i_am_opening_the_fridge.json,steer_alpha_0p82,experiments/frontier_sweep_mundane_hub_ablation_smoke/steer_alpha_0p82_c8_tok100_seed08_i_am_opening_the_fridge.json,3,7,0,-1.3937301392301387,0.0,0.08638516404104639,0.0,0.0,0.0,0.0,0.287950546803488,0.0,1.0,0.0,1.0,11.764705882352942,antique; delicate; fog; ornate,0.6666666666666666,5.882352941176471,antique; ornate,0.6666666666666666,5.882352941176471,delicate; fog,0.7,antique; ornate,0.25,0.75,the; fridge; pull; out; old; harmonica; melody; stirs; and; music; cabinet; tucked,the,0.2857142857142857,0.4,0.0,0,0,"As the steam from the copper kettle condenses on the windowsill, a delicate, filigework-encrusted, small, antique, ornate, copper kettle, already boiling, its steam hiss, a small, antique, delicate, copper kettle, its steam hissing, misty morning fog, a small"
steer_alpha_0p82_c8_tok100_seed08_i_am_opening_the_fridge.json,steer_alpha_0p82,experiments/frontier_sweep_mundane_hub_ablation_smoke/steer_alpha_0p82_c8_tok100_seed08_i_am_opening_the_fridge.json,3,8,0,1.0312584842387653,0.0,0.030518873239436625,0.0,0.0,0.0,0.0,0.3390985915492958,0.19999999999999998,0.9100000000000001,0.0,1.0,11.428571428571429,antique; delicate; fog; ornate,0.6666666666666666,5.714285714285714,antique; ornate,0.6666666666666666,5.714285714285714,delicate; fog,0.7,antique; ornate,0.25,0.75,the; fridge; pull; out; old; harmonica; melody; stirs; and; music; cabinet; tucked,the,0.2857142857142857,0.85,0.0,0,0,"The kettle, now free from the organ, it begins to rise, as if drawn by an unseen hand, it floats upwards, its steam trailing a trail of tiny, delicate, silver tendrils, into the morning fog, where a small, antique, ornate, copper teapot, already filled with st"
